date_start,date_stop,spend,impressions,reach,frequency,cpm,clicks,cpc,ctr,inline_link_clicks,inline_link_click_ctr,publisher_platform,platform_position,purchases,purchase_value,checkouts_initiated,purchase_roas,cpa,cvr
2025-11-20,2025-11-20,4.218978,80,69,1.15942,52.737231,7,0.602711,8.75,6,7.5,facebook,facebook_reels,,,,,,
2025-11-20,2025-11-20,0.15032,2,2,1.0,75.159949,0,,0.0,0,,facebook,facebook_stories,,,,,,
2025-11-20,2025-11-20,40.085306,399,315,1.266667,100.464426,35,1.145294,8.77193,33,8.270677,facebook,feed,1.0,3.99,,0.099538,40.085306,0.030303030303030304
2025-11-20,2025-11-20,0.30064,17,17,1.0,17.684694,0,,0.0,0,,facebook,instream_video,,,,,,
2025-11-20,2025-11-20,0.591258,16,9,1.777778,36.953642,1,0.591258,6.25,1,6.25,facebook,marketplace,,,,,,
2025-11-20,2025-11-20,0.120256,24,16,1.5,5.010663,1,0.120256,4.166667,1,4.166667,facebook,right_hand_column,,,,,,
2025-11-20,2025-11-20,0.020043,3,3,1.0,6.680884,0,,0.0,0,,facebook,search,,,,,,
2025-11-20,2025-11-20,0.741578,19,13,1.461538,39.03043,1,0.741578,5.263158,2,10.526316,instagram,feed,,,,,,
2025-11-20,2025-11-20,0.741578,4,4,1.0,185.39454,0,,0.0,0,,instagram,instagram_reels,,,,,,
2025-11-20,2025-11-20,0.020043,1,1,1.0,20.042653,0,,0.0,0,,instagram,instagram_stories,,,,,,
2025-11-21,2025-11-21,0.040195,1,1,1.0,40.194719,0,,0.0,0,,facebook,facebook_notification,,,,,,
2025-11-21,2025-11-21,0.180876,10,10,1.0,18.087624,1,0.180876,10.0,0,,facebook,facebook_profile_feed,,,,,,
2025-11-21,2025-11-21,32.145727,491,391,1.255754,65.469912,40,0.803643,8.14664,37,7.535642,facebook,facebook_reels,,,,,,
2025-11-21,2025-11-21,2.160466,19,17,1.117647,113.708745,3,0.720155,15.789474,2,10.526316,facebook,facebook_stories,,,,,,
2025-11-21,2025-11-21,202.078951,2263,1588,1.425063,89.296929,221,0.914384,9.765798,197,8.705259,facebook,feed,11.0,265.5,,1.313843,18.370813727272726,0.05583756345177665
2025-11-21,2025-11-21,1.457059,63,47,1.340426,23.127914,0,,0.0,0,,facebook,instream_video,1.0,19.95,,13.691968,1.457059,
2025-11-21,2025-11-21,3.657719,148,106,1.396226,24.714321,0,,0.0,1,0.675676,facebook,marketplace,,,,,,
2025-11-21,2025-11-21,1.035014,278,120,2.316667,3.723072,1,1.035014,0.359712,1,0.359712,facebook,right_hand_column,,,,,,
2025-11-21,2025-11-21,0.562726,39,37,1.054054,14.428874,1,0.562726,2.564103,1,2.564103,facebook,search,,,,,,
2025-11-21,2025-11-21,8.390648,95,84,1.130952,88.322607,3,2.796883,3.157895,2,2.105263,instagram,feed,,,,,,
2025-11-21,2025-11-21,3.064847,24,21,1.142857,127.701973,1,3.064847,4.166667,0,,instagram,instagram_reels,,,,,,
2025-11-21,2025-11-21,3.255772,25,20,1.25,130.23089,2,1.627886,8.0,2,8.0,instagram,instagram_stories,,,,,,
2025-11-22,2025-11-22,0.180016,4,4,1.0,45.003966,1,0.180016,25.0,1,25.0,facebook,facebook_notification,,,,,,
2025-11-22,2025-11-22,0.430038,26,26,1.0,16.539919,2,0.215019,7.692308,2,7.692308,facebook,facebook_profile_feed,,,,,,
2025-11-22,2025-11-22,37.553309,716,604,1.18543,52.448756,47,0.799007,6.564246,39,5.446927,facebook,facebook_reels,1.0,64.92,,1.728742,37.553309,0.02564102564102564
2025-11-22,2025-11-22,2.550225,31,30,1.033333,82.265314,3,0.850075,9.677419,4,12.903226,facebook,facebook_stories,,,,,,
2025-11-22,2025-11-22,272.684031,3587,2607,1.375911,76.020081,235,1.160358,6.551436,197,5.492055,facebook,feed,7.0,149.65,,0.548804,38.95486157142857,0.03553299492385787
2025-11-22,2025-11-22,1.730152,91,64,1.421875,19.012665,0,,0.0,0,,facebook,instream_video,,,,,,
2025-11-22,2025-11-22,2.440215,170,134,1.268657,14.354206,6,0.406703,3.529412,6,3.529412,facebook,marketplace,,,,,,
2025-11-22,2025-11-22,1.900167,447,205,2.180488,4.250934,0,,0.0,0,,facebook,right_hand_column,,,,,,
2025-11-22,2025-11-22,1.400123,88,86,1.023256,15.910493,7,0.200018,7.954545,7,7.954545,facebook,search,,,,,,
2025-11-22,2025-11-22,11.180985,226,201,1.124378,49.473386,6,1.863498,2.654867,6,2.654867,instagram,feed,,,,,,
2025-11-22,2025-11-22,0.020002,2,2,1.0,10.000881,0,,0.0,0,,instagram,instagram_explore_grid_home,,,,,,
2025-11-22,2025-11-22,3.74033,68,60,1.133333,55.004847,8,0.467541,11.764706,8,11.764706,instagram,instagram_reels,,,,,,
2025-11-22,2025-11-22,0.030003,2,2,1.0,15.001322,0,,0.0,0,,instagram,instagram_search,,,,,,
2025-11-22,2025-11-22,4.580404,75,66,1.136364,61.072049,2,2.290202,2.666667,2,2.666667,instagram,instagram_stories,,,,,,
2025-11-23,2025-11-23,0.180057,4,4,1.0,45.014142,0,,0.0,0,,facebook,facebook_notification,,,,,,
2025-11-23,2025-11-23,1.010317,39,39,1.0,25.905575,0,,0.0,0,,facebook,facebook_profile_feed,,,,,,
2025-11-23,2025-11-23,90.218344,1460,1238,1.179321,61.793386,97,0.930086,6.643836,91,6.232877,facebook,facebook_reels,7.0,68.85,,0.763149,12.888334857142857,0.07692307692307693
2025-11-23,2025-11-23,6.942181,77,76,1.013158,90.158195,4,1.735545,5.194805,4,5.194805,facebook,facebook_stories,,,,,,
2025-11-23,2025-11-23,600.158554,8297,6315,1.313856,72.334404,422,1.422177,5.086176,337,4.061709,facebook,feed,22.0,663.99,,1.106358,27.27993427272727,0.06528189910979229
2025-11-23,2025-11-23,2.540798,90,69,1.304348,28.231092,1,2.540798,1.111111,1,1.111111,facebook,instream_video,,,,,,
2025-11-23,2025-11-23,9.012832,521,426,1.223005,17.299101,7,1.287547,1.34357,8,1.535509,facebook,marketplace,,,,,,
2025-11-23,2025-11-23,2.010632,574,299,1.919732,3.502843,0,,0.0,0,,facebook,right_hand_column,,,,,,
2025-11-23,2025-11-23,3.981251,246,230,1.069565,16.183946,1,3.981251,0.406504,1,0.406504,facebook,search,,,,,,
2025-11-23,2025-11-23,48.365195,693,665,1.042105,69.791046,38,1.272768,5.483405,38,5.483405,instagram,feed,4.0,205.64,,4.251818,12.09129875,0.10526315789473684
2025-11-23,2025-11-23,13.904368,213,196,1.086735,65.278725,14,0.993169,6.57277,13,6.103286,instagram,instagram_reels,,,,,,
2025-11-23,2025-11-23,0.020006,5,5,1.0,4.001257,0,,0.0,0,,instagram,instagram_search,,,,,,
2025-11-23,2025-11-23,17.395465,216,192,1.125,80.534561,9,1.932829,4.166667,9,4.166667,instagram,instagram_stories,,,,,,
2025-11-24,2025-11-24,1.820063,29,29,1.0,62.760809,2,0.910032,6.896552,2,6.896552,facebook,facebook_notification,,,,,,
2025-11-24,2025-11-24,0.730025,37,36,1.027778,19.730418,0,,0.0,0,,facebook,facebook_profile_feed,,,,,,
2025-11-24,2025-11-24,77.642707,1548,1333,1.16129,50.156788,71,1.093559,4.586563,70,4.521964,facebook,facebook_reels,5.0,87.78,,1.130563,15.5285414,0.07142857142857142
2025-11-24,2025-11-24,7.880275,84,82,1.02439,93.812795,1,7.880275,1.190476,1,1.190476,facebook,facebook_stories,,,,,,
2025-11-24,2025-11-24,688.454006,13908,10496,1.325076,49.500576,633,1.087605,4.551337,513,3.688525,facebook,feed,14.0,183.61,,0.266699,49.175286142857146,0.02729044834307992
2025-11-24,2025-11-24,4.350152,352,271,1.298893,12.358385,5,0.87003,1.420455,5,1.420455,facebook,instream_video,,,,,,
2025-11-24,2025-11-24,8.130283,578,417,1.386091,14.066234,7,1.161469,1.211073,7,1.211073,facebook,marketplace,,,,,,
2025-11-24,2025-11-24,4.240148,1201,551,2.179673,3.530514,2,2.120074,0.166528,2,0.166528,facebook,right_hand_column,3.0,135.79,,32.024827,1.4133826666666665,1.5
2025-11-24,2025-11-24,3.010105,192,181,1.060773,15.67763,4,0.752526,2.083333,4,2.083333,facebook,search,,,,,,
2025-11-24,2025-11-24,37.631312,463,428,1.081776,81.277132,16,2.351957,3.455724,16,3.455724,instagram,feed,,,,,,
2025-11-24,2025-11-24,0.030001,2,2,1.0,15.000523,0,,0.0,0,,instagram,instagram_explore,,,,,,
2025-11-24,2025-11-24,0.01,1,1,1.0,10.000349,0,,0.0,0,,instagram,instagram_explore_grid_home,,,,,,
2025-11-24,2025-11-24,13.920485,232,204,1.137255,60.002092,12,1.16004,5.172414,12,5.172414,instagram,instagram_reels,1.0,16.99,,1.220503,13.920485,0.08333333333333333
2025-11-24,2025-11-24,0.020001,2,2,1.0,10.000349,0,,0.0,0,,instagram,instagram_search,,,,,,
2025-11-24,2025-11-24,12.500436,168,154,1.090909,74.407356,9,1.388937,5.357143,9,5.357143,instagram,instagram_stories,,,,,,
2025-11-25,2025-11-25,0.660384,23,23,1.0,28.712355,0,,0.0,0,,facebook,facebook_notification,,,,,,
2025-11-25,2025-11-25,0.740431,26,26,1.0,28.478105,0,,0.0,0,,facebook,facebook_profile_feed,,,,,,
2025-11-25,2025-11-25,60.955459,1365,1133,1.204766,44.656014,51,1.195205,3.736264,47,3.443223,facebook,facebook_reels,1.0,51.94,,0.852098,60.955459,0.02127659574468085
2025-11-25,2025-11-25,4.522631,69,64,1.078125,65.545375,1,4.522631,1.449275,1,1.449275,facebook,facebook_stories,,,,,,
2025-11-25,2025-11-25,679.695392,17052,13046,1.307067,39.860157,630,1.078882,3.694581,489,2.867699,facebook,feed,18.0,330.31,,0.485968,37.76085511111111,0.03680981595092025
2025-11-25,2025-11-25,1.420827,159,119,1.336134,8.936016,1,1.420827,0.628931,1,0.628931,facebook,instream_video,,,,,,
2025-11-25,2025-11-25,3.742177,266,215,1.237209,14.068334,3,1.247392,1.12782,3,1.12782,facebook,marketplace,,,,,,
2025-11-25,2025-11-25,2.431414,663,249,2.662651,3.667292,2,1.215707,0.301659,2,0.301659,facebook,right_hand_column,,,,,,
2025-11-25,2025-11-25,2.041187,119,111,1.072072,17.152835,1,2.041187,0.840336,2,1.680672,facebook,search,,,,,,
2025-11-25,2025-11-25,27.475983,421,378,1.113757,65.263618,19,1.446104,4.513064,18,4.275534,instagram,feed,2.0,50.92,,1.853255,13.7379915,0.1111111111111111
2025-11-25,2025-11-25,15.819202,261,245,1.065306,60.609971,17,0.930541,6.51341,15,5.747126,instagram,instagram_reels,,,,,,
2025-11-25,2025-11-25,8.444913,148,137,1.080292,57.06022,3,2.814971,2.027027,3,2.027027,instagram,instagram_stories,1.0,51.94,,6.150449,8.444913,0.3333333333333333
2025-11-26,2025-11-26,1.470058,40,40,1.0,36.751462,4,0.367515,10.0,4,10.0,facebook,facebook_notification,,,,,,
2025-11-26,2025-11-26,0.330013,29,28,1.035714,11.379763,0,,0.0,0,,facebook,facebook_profile_feed,,,,,,
2025-11-26,2025-11-26,70.042787,1920,1582,1.213654,36.480618,85,0.824033,4.427083,74,3.854167,facebook,facebook_reels,3.0,79.8,,1.139304,23.347595666666667,0.04054054054054054
2025-11-26,2025-11-26,6.53026,70,68,1.029412,93.289426,4,1.632565,5.714286,4,5.714286,facebook,facebook_stories,,,,,,
2025-11-26,2025-11-26,846.35367,20860,15756,1.32394,40.573043,754,1.122485,3.614573,638,3.058485,facebook,feed,23.0,423.13,,0.499945,36.797985652173914,0.03605015673981191
2025-11-26,2025-11-26,2.370094,282,236,1.194915,8.40459,3,0.790031,1.06383,3,1.06383,facebook,instream_video,,,,,,
2025-11-26,2025-11-26,7.240288,471,360,1.308333,15.372161,9,0.804476,1.910828,10,2.123142,facebook,marketplace,,,,,,
2025-11-26,2025-11-26,2.530101,685,254,2.69685,3.693578,4,0.632525,0.583942,4,0.583942,facebook,right_hand_column,2.0,39.9,,15.770124,1.2650505,0.5
2025-11-26,2025-11-26,2.910116,176,165,1.066667,16.534749,4,0.727529,2.272727,4,2.272727,facebook,search,,,,,,
2025-11-26,2025-11-26,40.941629,582,512,1.136719,70.346441,34,1.204166,5.841924,34,5.841924,instagram,feed,1.0,15.96,,0.389823,40.941629,0.029411764705882353
2025-11-26,2025-11-26,0.040002,3,1,3.0,13.333864,0,,0.0,0,,instagram,instagram_explore,,,,,,
2025-11-26,2025-11-26,13.960555,322,299,1.076923,43.355762,19,0.734766,5.900621,18,5.590062,instagram,instagram_reels,,,,,,
2025-11-26,2025-11-26,10.740427,192,159,1.207547,55.939725,10,1.074043,5.208333,10,5.208333,instagram,instagram_stories,,,,,,
2025-11-26,2025-11-26,0.0,0,0,0.0,,0,,,0,,unknown,unknown,,,,,,
2025-11-27,2025-11-27,1.060265,36,36,1.0,29.451806,0,,0.0,0,,facebook,facebook_notification,,,,,,
2025-11-27,2025-11-27,1.010253,64,62,1.032258,15.785195,1,1.010253,1.5625,1,1.5625,facebook,facebook_profile_feed,,,,,,
2025-11-27,2025-11-27,118.18954,3530,2849,1.239031,33.481456,121,0.976773,3.427762,108,3.05949,facebook,facebook_reels,,,,,,
2025-11-27,2025-11-27,8.022005,2048,1349,1.518162,3.916995,8,1.002751,0.390625,8,0.390625,facebook,facebook_reels_overlay,1.0,,,,8.022005,0.125
2025-11-27,2025-11-27,12.623155,185,172,1.075581,68.23327,14,0.901654,7.567568,12,6.486486,facebook,facebook_stories,,,,,,
2025-11-27,2025-11-27,1398.03942,35381,25464,1.389452,39.513847,1377,1.015279,3.891919,1099,3.106187,facebook,feed,36.0,1139.15,,0.81482,38.834428333333335,0.03275705186533212
2025-11-27,2025-11-27,3.530882,298,243,1.226337,11.848599,2,1.765441,0.671141,2,0.671141,facebook,instream_video,,,,,,
2025-11-27,2025-11-27,9.852462,616,475,1.296842,15.994257,9,1.094718,1.461039,9,1.461039,facebook,marketplace,,,,,,
2025-11-27,2025-11-27,2.490623,723,264,2.738636,3.444844,2,1.245311,0.276625,2,0.276625,facebook,right_hand_column,2.0,16.99,,6.821588,1.2453115,1.0
2025-11-27,2025-11-27,4.621155,215,207,1.038647,21.493744,13,0.355473,6.046512,13,6.046512,facebook,search,,,,,,
2025-11-27,2025-11-27,67.026752,1081,969,1.115583,62.004396,47,1.426101,4.347826,48,4.440333,instagram,feed,1.0,22.23,,0.331659,67.026752,0.020833333333333332
2025-11-27,2025-11-27,0.04001,4,3,1.333333,10.0025,0,,0.0,0,,instagram,instagram_explore,,,,,,
2025-11-27,2025-11-27,0.0,1,1,1.0,0.0,0,,0.0,0,,instagram,instagram_explore_grid_home,,,,,,
2025-11-27,2025-11-27,26.68667,515,469,1.098081,51.818777,25,1.067467,4.854369,25,4.854369,instagram,instagram_reels,,,,,,
2025-11-27,2025-11-27,0.020005,1,1,1.0,20.005,0,,0.0,0,,instagram,instagram_search,,,,,,
2025-11-27,2025-11-27,27.216802,420,343,1.22449,64.801911,18,1.512045,4.285714,18,4.285714,instagram,instagram_stories,,,,,,
2025-11-27,2025-11-27,0.0,0,0,0.0,,0,,,0,,unknown,unknown,,,,,,
2025-11-28,2025-11-28,2.480571,41,41,1.0,60.501726,3,0.826857,7.317073,3,7.317073,facebook,facebook_notification,,,,,,
2025-11-28,2025-11-28,1.52035,60,58,1.034483,25.339164,0,,0.0,0,,facebook,facebook_profile_feed,1.0,31.92,,20.995168,1.52035,
2025-11-28,2025-11-28,148.904263,3215,2566,1.252923,46.315478,168,0.886335,5.225505,151,4.696734,facebook,facebook_reels,9.0,181.58,,1.219441,16.54491811111111,0.059602649006622516
2025-11-28,2025-11-28,8.321915,1797,1173,1.531969,4.631004,2,4.160957,0.111297,2,0.111297,facebook,facebook_reels_overlay,3.0,79.8,,9.589139,2.7739716666666667,1.5
2025-11-28,2025-11-28,23.745464,238,215,1.106977,99.770857,16,1.484091,6.722689,16,6.722689,facebook,facebook_stories,3.0,195.51,,8.233573,7.915154666666666,0.1875
2025-11-28,2025-11-28,2227.372524,33292,23994,1.387514,66.904137,1869,1.191746,5.613961,1505,4.520606,facebook,feed,64.0,2249.61,,1.009984,34.8026956875,0.0425249169435216
2025-11-28,2025-11-28,4.441022,316,264,1.19697,14.053867,0,,0.0,0,,facebook,instream_video,,,,,,
2025-11-28,2025-11-28,14.443323,637,479,1.329854,22.673977,5,2.888665,0.784929,5,0.784929,facebook,marketplace,1.0,24.99,,1.730211,14.443323,0.2
2025-11-28,2025-11-28,5.131181,612,221,2.769231,8.384282,3,1.710394,0.490196,3,0.490196,facebook,right_hand_column,,,,,,
2025-11-28,2025-11-28,8.111867,237,222,1.067568,34.227285,13,0.62399,5.485232,13,5.485232,facebook,search,1.0,15.96,,1.967488,8.111867,0.07692307692307693
2025-11-28,2025-11-28,121.07786,1155,990,1.166667,104.829316,67,1.807132,5.800866,74,6.406926,instagram,feed,3.0,233.73,,1.930411,40.35928666666667,0.04054054054054054
2025-11-28,2025-11-28,0.0,1,1,1.0,0.0,0,,0.0,0,,instagram,instagram_explore,,,,,,
2025-11-28,2025-11-28,0.050012,5,5,1.0,10.002302,0,,0.0,0,,instagram,instagram_explore_grid_home,,,,,,
2025-11-28,2025-11-28,47.490928,560,508,1.102362,84.805228,38,1.249761,6.785714,39,6.964286,instagram,instagram_reels,,,,,,
2025-11-28,2025-11-28,0.040009,2,2,1.0,20.004603,0,,0.0,0,,instagram,instagram_search,,,,,,
2025-11-28,2025-11-28,37.858711,470,387,1.21447,80.55045,23,1.646031,4.893617,23,4.893617,instagram,instagram_stories,,,,,,
2025-11-28,2025-11-28,0.0,0,0,0.0,,0,,,0,,unknown,unknown,,,,,,
2025-11-29,2025-11-29,0.710101,12,12,1.0,59.175059,0,,0.0,0,,facebook,facebook_notification,1.0,21.99,,30.967438,0.710101,
2025-11-29,2025-11-29,0.580082,18,18,1.0,32.226793,0,,0.0,0,,facebook,facebook_profile_feed,,,,,,
2025-11-29,2025-11-29,59.57845,1312,1058,1.240076,45.410404,86,0.692773,6.554878,77,5.868902,facebook,facebook_reels,2.0,99.75,,1.674263,29.789225,0.025974025974025976
2025-11-29,2025-11-29,5.210739,1199,740,1.62027,4.345904,5,1.042148,0.417014,5,0.417014,facebook,facebook_reels_overlay,1.0,41.97,,8.05452,5.210739,0.2
2025-11-29,2025-11-29,7.601078,72,68,1.058824,105.570528,3,2.533693,4.166667,3,4.166667,facebook,facebook_stories,,,,,,
2025-11-29,2025-11-29,881.645038,12901,8435,1.529461,68.339279,919,0.959353,7.123479,746,5.782497,facebook,feed,49.0,1372.15,,1.556352,17.99275587755102,0.06568364611260054
2025-11-29,2025-11-29,2.96042,227,161,1.409938,13.041497,4,0.740105,1.762115,4,1.762115,facebook,instream_video,,,,,,
2025-11-29,2025-11-29,5.600794,235,160,1.46875,23.833167,8,0.700099,3.404255,8,3.404255,facebook,marketplace,,,,,,
2025-11-29,2025-11-29,1.520216,277,109,2.541284,5.488143,2,0.760108,0.722022,2,0.722022,facebook,right_hand_column,1.0,15.96,,10.498511,1.520216,0.5
2025-11-29,2025-11-29,4.790679,106,100,1.06,45.195089,18,0.266149,16.981132,18,16.981132,facebook,search,,,,,,
2025-11-29,2025-11-29,52.647467,617,516,1.195736,85.328147,49,1.074438,7.941653,47,7.617504,instagram,feed,3.0,71.82,,1.364168,17.549155666666667,0.06382978723404255
2025-11-29,2025-11-29,0.760108,2,2,1.0,380.053901,1,0.760108,50.0,1,50.0,instagram,instagram_explore,,,,,,
2025-11-29,2025-11-29,0.030004,2,2,1.0,15.002128,0,,0.0,0,,instagram,instagram_explore_grid_home,,,,,,
2025-11-29,2025-11-29,14.142006,187,165,1.133333,75.625699,18,0.785667,9.625668,20,10.695187,instagram,instagram_reels,,,,,,
2025-11-29,2025-11-29,0.0,1,1,1.0,0.0,0,,0.0,0,,instagram,instagram_search,,,,,,
2025-11-29,2025-11-29,19.872818,218,173,1.260116,91.159718,13,1.528678,5.963303,13,5.963303,instagram,instagram_stories,1.0,31.92,,1.606214,19.872818,0.07692307692307693
2025-11-30,2025-11-30,2.030364,31,31,1.0,65.49562,2,1.015182,6.451613,2,6.451613,facebook,facebook_notification,,,,,,
2025-11-30,2025-11-30,0.580104,35,33,1.060606,16.574402,0,,0.0,0,,facebook,facebook_profile_feed,,,,,,
2025-11-30,2025-11-30,86.665547,1833,1541,1.189487,47.280713,100,0.866655,5.455537,90,4.909984,facebook,facebook_reels,3.0,51.87,,0.598508,28.888515666666667,0.03333333333333333
2025-11-30,2025-11-30,8.3615,1832,1122,1.632799,4.564138,3,2.787167,0.163755,3,0.163755,facebook,facebook_reels_overlay,5.0,404.51,,48.377684,1.6723,1.6666666666666667
2025-11-30,2025-11-30,12.422228,116,105,1.104762,107.088176,7,1.774604,6.034483,7,6.034483,facebook,facebook_stories,,,,,,
2025-11-30,2025-11-30,1428.386239,23783,16738,1.420899,60.059128,1312,1.088709,5.516545,1071,4.503217,facebook,feed,45.0,1716.31,,1.201573,31.74191642222222,0.04201680672268908
2025-11-30,2025-11-30,4.110737,333,246,1.353659,12.344557,5,0.822147,1.501502,5,1.501502,facebook,instream_video,1.0,27.93,,6.794401,4.110737,0.2
2025-11-30,2025-11-30,8.271484,431,310,1.390323,19.191378,10,0.827148,2.320186,11,2.552204,facebook,marketplace,1.0,4.99,,0.603277,8.271484,0.09090909090909091
2025-11-30,2025-11-30,4.470802,714,234,3.051282,6.261627,0,,0.0,0,,facebook,right_hand_column,,,,,,
2025-11-30,2025-11-30,4.780858,161,152,1.059211,29.694768,12,0.398405,7.453416,12,7.453416,facebook,search,,,,,,
2025-11-30,2025-11-30,73.933263,919,764,1.20288,80.449688,49,1.508842,5.331882,50,5.440696,instagram,feed,3.0,56.93,,0.770019,24.644420999999998,0.06
2025-11-30,2025-11-30,0.090016,3,3,1.0,30.005383,0,,0.0,0,,instagram,instagram_explore,,,,,,
2025-11-30,2025-11-30,0.130023,3,3,1.0,43.341108,0,,0.0,0,,instagram,instagram_explore_grid_home,,,,,,
2025-11-30,2025-11-30,20.223628,256,228,1.122807,78.998547,14,1.444545,5.46875,14,5.46875,instagram,instagram_reels,1.0,39.9,,1.97294,20.223628,0.07142857142857142
2025-11-30,2025-11-30,0.040007,1,1,1.0,40.007177,0,,0.0,0,,instagram,instagram_search,,,,,,
2025-11-30,2025-11-30,17.833199,269,212,1.268868,66.29442,11,1.6212,4.089219,11,4.089219,instagram,instagram_stories,1.0,19.95,,1.1187,17.833199,0.09090909090909091
2025-12-01,2025-12-01,1.549764,30,29,1.034483,51.658804,0,,0.0,0,,facebook,facebook_notification,,,,,,
2025-12-01,2025-12-01,0.969852,40,40,1.0,24.246309,0,,0.0,0,,facebook,facebook_profile_feed,,,,,,
2025-12-01,2025-12-01,111.692999,2252,1813,1.24214,49.597246,108,1.034194,4.795737,97,4.307282,facebook,facebook_reels,8.0,294.76,,2.639019,13.961624875,0.08247422680412371
2025-12-01,2025-12-01,8.488708,1555,974,1.596509,5.458976,1,8.488708,0.064309,1,0.064309,facebook,facebook_reels_overlay,2.0,86.88,,10.234773,4.244354,2.0
2025-12-01,2025-12-01,15.697611,105,96,1.09375,149.501054,5,3.139522,4.761905,5,4.761905,facebook,facebook_stories,,,,,,
2025-12-01,2025-12-01,1871.535129,26086,18167,1.4359,71.744811,1522,1.229655,5.834547,1205,4.619336,facebook,feed,49.0,1565.88,,0.836682,38.19459446938776,0.04066390041493776
2025-12-01,2025-12-01,4.349338,279,213,1.309859,15.589025,2,2.174669,0.716846,2,0.716846,facebook,instream_video,2.0,107.73,,24.769287,2.174669,1.0
2025-12-01,2025-12-01,10.558393,449,301,1.491694,23.515352,6,1.759732,1.336303,6,1.336303,facebook,marketplace,,,,,,
2025-12-01,2025-12-01,5.129219,975,365,2.671233,5.260738,1,5.129219,0.102564,1,0.102564,facebook,right_hand_column,,,,,,
2025-12-01,2025-12-01,10.298432,143,132,1.083333,72.01701,7,1.471205,4.895105,7,4.895105,facebook,search,,,,,,
2025-12-01,2025-12-01,74.43867,804,687,1.170306,92.58541,46,1.618232,5.721393,47,5.845771,instagram,feed,1.0,51.87,,0.696815,74.43867,0.02127659574468085
2025-12-01,2025-12-01,0.039994,2,2,1.0,19.996956,0,,0.0,0,,instagram,instagram_explore,,,,,,
2025-12-01,2025-12-01,0.019997,4,4,1.0,4.999239,0,,0.0,0,,instagram,instagram_explore_grid_home,,,,,,
2025-12-01,2025-12-01,26.60595,293,258,1.135659,90.805291,27,0.985406,9.215017,26,8.87372,instagram,instagram_reels,,,,,,
2025-12-01,2025-12-01,0.039994,1,1,1.0,39.993912,0,,0.0,0,,instagram,instagram_search,,,,,,
2025-12-01,2025-12-01,26.60595,239,198,1.207071,111.321968,13,2.046612,5.439331,13,5.439331,instagram,instagram_stories,1.0,59.85,,2.249497,26.60595,0.07692307692307693
2025-12-02,2025-12-02,3.840047,48,48,1.0,80.000973,6,0.640008,12.5,6,12.5,facebook,facebook_notification,,,,,,
2025-12-02,2025-12-02,0.970012,37,37,1.0,26.216535,0,,0.0,0,,facebook,facebook_profile_feed,,,,,,
2025-12-02,2025-12-02,73.14089,2481,1969,1.26003,29.480407,100,0.731409,4.030633,89,3.587263,facebook,facebook_reels,6.0,128.05,,1.750731,12.190148333333333,0.06741573033707865
2025-12-02,2025-12-02,9.420115,2111,1314,1.606545,4.462394,2,4.710057,0.094742,2,0.094742,facebook,facebook_reels_overlay,3.0,111.72,,11.859728,3.140038333333333,1.5
2025-12-02,2025-12-02,16.600202,115,106,1.084906,144.349583,9,1.844467,7.826087,10,8.695652,facebook,facebook_stories,1.0,39.9,,2.403585,16.600202,0.1
2025-12-02,2025-12-02,1369.856669,27837,21743,1.280274,49.209925,1329,1.030742,4.774221,1044,3.750404,facebook,feed,47.0,1458.47,,1.064688,29.145886574468086,0.045019157088122604
2025-12-02,2025-12-02,4.980061,311,246,1.264228,16.013057,6,0.83001,1.92926,6,1.92926,facebook,instream_video,,,,,,
2025-12-02,2025-12-02,9.400114,515,352,1.463068,18.252649,5,1.880023,0.970874,6,1.165049,facebook,marketplace,,,,,,
2025-12-02,2025-12-02,4.96006,1130,436,2.591743,4.389434,4,1.240015,0.353982,4,0.353982,facebook,right_hand_column,,,,,,
2025-12-02,2025-12-02,8.620105,248,236,1.050847,34.758487,15,0.574674,6.048387,15,6.048387,facebook,search,1.0,31.92,,3.702971,8.620105,0.06666666666666667
2025-12-02,2025-12-02,82.381002,1025,873,1.174112,80.37171,43,1.915837,4.195122,42,4.097561,instagram,feed,4.0,85.85,,1.042109,20.5952505,0.09523809523809523
2025-12-02,2025-12-02,0.200002,5,4,1.25,40.000487,0,,0.0,0,,instagram,instagram_explore,,,,,,
2025-12-02,2025-12-02,0.080001,10,10,1.0,8.000097,0,,0.0,0,,instagram,instagram_explore_grid_home,,,,,,
2025-12-02,2025-12-02,33.820412,424,373,1.136729,79.765122,30,1.127347,7.075472,30,7.075472,instagram,instagram_reels,1.0,15.96,,0.471904,33.820412,0.03333333333333333
2025-12-02,2025-12-02,0.130002,4,4,1.0,32.500395,1,0.130002,25.0,1,25.0,instagram,instagram_search,,,,,,
2025-12-02,2025-12-02,25.200307,298,247,1.206478,84.564787,15,1.68002,5.033557,14,4.697987,instagram,instagram_stories,1.0,11.97,,0.474994,25.200307,0.07142857142857142
2025-12-02,2025-12-02,0.04,2,2,1.0,20.000243,0,,0.0,0,,messenger,messenger_stories,,,,,,
2025-12-02,2025-12-02,0.0,0,0,0.0,,0,,,0,,unknown,unknown,,,,,,
2025-12-03,2025-12-03,2.830467,43,43,1.0,65.824816,3,0.943489,6.976744,3,6.976744,facebook,facebook_notification,,,,,,
2025-12-03,2025-12-03,1.250206,66,63,1.047619,18.94252,0,,0.0,0,,facebook,facebook_profile_feed,,,,,,
2025-12-03,2025-12-03,62.170259,1801,1510,1.192715,34.519855,84,0.740122,4.664076,73,4.053304,facebook,facebook_reels,5.0,199.08,,3.202174,12.4340518,0.0684931506849315
2025-12-03,2025-12-03,8.961479,2266,1565,1.447923,3.954757,8,1.120185,0.353045,8,0.353045,facebook,facebook_reels_overlay,1.0,71.82,,8.014302,8.961479,0.125
2025-12-03,2025-12-03,13.012147,117,110,1.063636,111.214933,8,1.626518,6.837607,8,6.837607,facebook,facebook_stories,,,,,,
2025-12-03,2025-12-03,1400.951179,37791,28777,1.313236,37.071027,1361,1.029354,3.601387,1062,2.810193,facebook,feed,33.0,1421.29,,1.014518,42.45306603030303,0.031073446327683617
2025-12-03,2025-12-03,3.680607,363,260,1.396154,10.139414,3,1.226869,0.826446,2,0.550964,facebook,instream_video,,,,,,
2025-12-03,2025-12-03,7.011157,438,321,1.364486,16.007208,5,1.402231,1.141553,5,1.141553,facebook,marketplace,,,,,,
2025-12-03,2025-12-03,7.871299,1532,612,2.503268,5.137924,6,1.311883,0.391645,6,0.391645,facebook,right_hand_column,1.0,3.99,,0.506905,7.871299,0.16666666666666666
2025-12-03,2025-12-03,9.991649,196,183,1.071038,50.9778,12,0.832637,6.122449,12,6.122449,facebook,search,,,,,,
2025-12-03,2025-12-03,62.310282,935,807,1.158612,66.642013,47,1.325751,5.026738,46,4.919786,instagram,feed,4.0,55.86,,0.896481,15.5775705,0.08695652173913043
2025-12-03,2025-12-03,0.24004,4,3,1.333333,60.009903,0,,0.0,0,,instagram,instagram_explore,,,,,,
2025-12-03,2025-12-03,0.030005,3,3,1.0,10.00165,0,,0.0,0,,instagram,instagram_explore_grid_home,,,,,,
2025-12-03,2025-12-03,33.125466,448,397,1.128463,73.940773,34,0.974278,7.589286,31,6.919643,instagram,instagram_reels,1.0,15.96,,0.481805,33.125466,0.03225806451612903
2025-12-03,2025-12-03,22.773758,325,254,1.279528,70.073102,16,1.42336,4.923077,16,4.923077,instagram,instagram_stories,1.0,39.9,,1.752017,22.773758,0.0625
2025-12-03,2025-12-03,0.0,0,0,0.0,,0,,,0,,unknown,unknown,,,,,,
2025-12-04,2025-12-04,0.870107,17,17,1.0,51.182783,2,0.435054,11.764706,2,11.764706,facebook,facebook_notification,,,,,,
2025-12-04,2025-12-04,1.790221,68,65,1.046154,26.326777,3,0.59674,4.411765,2,2.941176,facebook,facebook_profile_feed,,,,,,
2025-12-04,2025-12-04,69.088521,1284,1063,1.207902,53.80726,69,1.001283,5.373832,60,4.672897,facebook,facebook_reels,,,,,,
2025-12-04,2025-12-04,5.200641,1472,1085,1.356682,3.533044,1,5.200641,0.067935,1,0.067935,facebook,facebook_reels_overlay,1.0,41.93,,8.062467,5.200641,1.0
2025-12-04,2025-12-04,17.722186,176,170,1.035294,100.694238,18,0.984566,10.227273,18,10.227273,facebook,facebook_stories,,,,,,
2025-12-04,2025-12-04,1368.948844,37619,27997,1.34368,36.389825,1302,1.05142,3.461017,1020,2.711396,facebook,feed,30.0,1015.14,,0.741547,45.63162813333334,0.029411764705882353
2025-12-04,2025-12-04,3.040375,279,215,1.297674,10.897401,2,1.520188,0.716846,2,0.716846,facebook,instream_video,1.0,107.82,,35.462731,3.040375,0.5
2025-12-04,2025-12-04,10.961352,552,413,1.336562,19.857522,7,1.565907,1.268116,8,1.449275,facebook,marketplace,,,,,,
2025-12-04,2025-12-04,4.930608,1271,520,2.444231,3.879314,5,0.986122,0.393391,5,0.393391,facebook,right_hand_column,1.0,17.97,,3.644581,4.930608,0.2
2025-12-04,2025-12-04,5.830719,164,148,1.108108,35.553166,8,0.72884,4.878049,7,4.268293,facebook,search,,,,,,
2025-12-04,2025-12-04,75.949368,991,817,1.212974,76.63912,55,1.380898,5.54995,57,5.751766,instagram,feed,2.0,71.88,,0.94642,37.974684,0.03508771929824561
2025-12-04,2025-12-04,0.57007,4,3,1.333333,142.517578,0,,0.0,0,,instagram,instagram_explore,,,,,,
2025-12-04,2025-12-04,0.020002,4,4,1.0,5.000617,0,,0.0,0,,instagram,instagram_explore_grid_home,,,,,,
2025-12-04,2025-12-04,28.553522,462,406,1.137931,61.80416,38,0.751408,8.225108,37,8.008658,instagram,instagram_reels,1.0,23.96,,0.839126,28.553522,0.02702702702702703
2025-12-04,2025-12-04,0.030004,1,1,1.0,30.003701,0,,0.0,0,,instagram,instagram_search,,,,,,
2025-12-04,2025-12-04,28.043459,455,361,1.260388,61.633975,24,1.168477,5.274725,24,5.274725,instagram,instagram_stories,1.0,23.96,,0.854388,28.043459,0.041666666666666664
2025-12-04,2025-12-04,0.0,0,0,0.0,,0,,,0,,unknown,unknown,,,,,,
2025-12-05,2025-12-05,1.670784,29,29,1.0,57.613239,0,,0.0,0,,facebook,facebook_notification,,,,,,
2025-12-05,2025-12-05,1.760826,94,92,1.021739,18.732193,0,,0.0,0,,facebook,facebook_profile_feed,,,,,,
2025-12-05,2025-12-05,116.404616,2464,1993,1.236327,47.242133,111,1.04869,4.50487,103,4.180195,facebook,facebook_reels,4.0,94.56,,0.812339,29.101154,0.038834951456310676
2025-12-05,2025-12-05,5.88276,1433,958,1.495825,4.105206,3,1.96092,0.209351,3,0.209351,facebook,facebook_reels_overlay,1.0,107.82,,18.328131,5.88276,0.3333333333333333
2025-12-05,2025-12-05,23.571059,250,237,1.054852,94.284237,20,1.178553,8.0,19,7.6,facebook,facebook_stories,,,,,,
2025-12-05,2025-12-05,1465.107416,35730,26458,1.350442,41.004965,1237,1.184404,3.462077,1006,2.815561,facebook,feed,48.0,1834.9,,1.2524,30.523071166666668,0.04771371769383698
2025-12-05,2025-12-05,4.362047,383,296,1.293919,11.389156,4,1.090512,1.044386,2,0.522193,facebook,instream_video,,,,,,
2025-12-05,2025-12-05,12.235741,680,509,1.335953,17.993737,7,1.747963,1.029412,7,1.029412,facebook,marketplace,1.0,23.96,,1.958198,12.235741,0.14285714285714285
2025-12-05,2025-12-05,7.383464,1572,569,2.762742,4.69686,7,1.054781,0.445293,7,0.445293,facebook,right_hand_column,,,,,,
2025-12-05,2025-12-05,7.963737,226,214,1.056075,35.237772,8,0.995467,3.539823,8,3.539823,facebook,search,,,,,,
2025-12-05,2025-12-05,105.669579,1165,1024,1.137695,90.703502,59,1.79101,5.064378,61,5.236052,instagram,feed,3.0,127.88,,1.210187,35.223193,0.04918032786885246
2025-12-05,2025-12-05,0.17008,3,3,1.0,56.693267,0,,0.0,0,,instagram,instagram_explore,,,,,,
2025-12-05,2025-12-05,0.010005,2,2,1.0,5.002347,0,,0.0,0,,instagram,instagram_explore_grid_home,,,,,,
2025-12-05,2025-12-05,45.071147,535,475,1.126316,84.245135,35,1.287747,6.542056,34,6.35514,instagram,instagram_reels,5.0,240.35,,5.33268,9.014229400000001,0.14705882352941177
2025-12-05,2025-12-05,0.030014,1,1,1.0,30.014082,1,0.030014,100.0,1,100.0,instagram,instagram_search,,,,,,
2025-12-05,2025-12-05,35.646725,550,451,1.219512,64.812228,23,1.549858,4.181818,22,4.0,instagram,instagram_stories,,,,,,
2025-12-05,2025-12-05,0.0,1,1,1.0,0.0,0,,0.0,0,,messenger,messenger_stories,,,,,,
2025-12-06,2025-12-06,1.090118,14,14,1.0,77.865561,0,,0.0,0,,facebook,facebook_notification,1.0,55.95,,51.324726,1.090118,
2025-12-06,2025-12-06,0.760082,52,51,1.019608,14.616965,0,,0.0,0,,facebook,facebook_profile_feed,,,,,,
2025-12-06,2025-12-06,82.108877,1727,1432,1.206006,47.544225,83,0.989264,4.806022,78,4.516503,facebook,facebook_reels,,,,,,
2025-12-06,2025-12-06,3.620391,1082,762,1.419948,3.346018,2,1.810196,0.184843,2,0.184843,facebook,facebook_reels_overlay,1.0,41.99,,11.598194,3.620391,0.5
2025-12-06,2025-12-06,19.602119,241,229,1.052402,81.336594,13,1.507855,5.394191,13,5.394191,facebook,facebook_stories,,,,,,
2025-12-06,2025-12-06,1176.917233,27138,19714,1.376585,43.367869,1127,1.044292,4.152848,921,3.393765,facebook,feed,44.0,1386.06,,1.177704,26.74811893181818,0.04777415852334419
2025-12-06,2025-12-06,4.670505,308,258,1.193798,15.163977,6,0.778417,1.948052,5,1.623377,facebook,instream_video,,,,,,
2025-12-06,2025-12-06,7.12077,414,340,1.217647,17.199927,3,2.37359,0.724638,3,0.724638,facebook,marketplace,,,,,,
2025-12-06,2025-12-06,3.000324,882,280,3.15,3.401728,1,3.000324,0.113379,1,0.113379,facebook,right_hand_column,,,,,,
2025-12-06,2025-12-06,7.140772,168,159,1.056604,42.504595,8,0.892597,4.761905,8,4.761905,facebook,search,,,,,,
2025-12-06,2025-12-06,93.290085,1061,959,1.106361,87.926565,83,1.123977,7.822809,82,7.728558,instagram,feed,7.0,309.0,,3.312249,13.327155000000001,0.08536585365853659
2025-12-06,2025-12-06,0.010001,1,1,1.0,10.001081,0,,0.0,0,,instagram,instagram_explore,,,,,,
2025-12-06,2025-12-06,0.0,1,1,1.0,0.0,0,,0.0,0,,instagram,instagram_explore_grid_home,,,,,,
2025-12-06,2025-12-06,37.704076,439,368,1.192935,85.886278,44,0.856911,10.022779,45,10.250569,instagram,instagram_reels,,,,,,
2025-12-06,2025-12-06,42.984647,603,508,1.187008,71.284655,21,2.046888,3.482587,21,3.482587,instagram,instagram_stories,,,,,,
2025-12-06,2025-12-06,0.0,0,0,0.0,,0,,,0,,unknown,unknown,,,,,,
2025-12-07,2025-12-07,1.346273,15,15,1.0,89.751526,1,1.346273,6.666667,1,6.666667,facebook,facebook_notification,,,,,,
2025-12-07,2025-12-07,1.175477,91,90,1.011111,12.91733,0,,0.0,0,,facebook,facebook_profile_feed,,,,,,
2025-12-07,2025-12-07,101.965101,2864,2328,1.230241,35.60234,140,0.728322,4.888268,128,4.469274,facebook,facebook_reels,2.0,174.66,,1.712939,50.9825505,0.015625
2025-12-07,2025-12-07,5.324811,1839,1175,1.565106,2.895492,1,5.324811,0.054377,1,0.054377,facebook,facebook_reels_overlay,,,,,,
2025-12-07,2025-12-07,23.881273,398,372,1.069892,60.0032,16,1.49258,4.020101,15,3.768844,facebook,facebook_stories,,,,,,
2025-12-07,2025-12-07,1617.566963,42782,29428,1.453786,37.809522,1836,0.881028,4.291524,1489,3.480436,facebook,feed,61.0,2594.85,,1.604169,26.517491196721313,0.0409670920080591
2025-12-07,2025-12-07,4.269895,509,385,1.322078,8.388792,4,1.067474,0.785855,3,0.589391,facebook,instream_video,1.0,,,,4.269895,0.3333333333333333
2025-12-07,2025-12-07,8.720633,629,468,1.344017,13.864282,9,0.968959,1.430843,8,1.27186,facebook,marketplace,,,,,,
2025-12-07,2025-12-07,4.249802,1059,360,2.941667,4.013033,9,0.4722,0.849858,9,0.849858,facebook,right_hand_column,,,,,,
2025-12-07,2025-12-07,6.39982,238,222,1.072072,26.889998,8,0.799977,3.361345,8,3.361345,facebook,search,,,,,,
2025-12-07,2025-12-07,125.615297,1862,1623,1.147258,67.462566,107,1.173975,5.746509,109,5.853921,instagram,feed,2.0,43.95,,0.349878,62.8076485,0.01834862385321101
2025-12-07,2025-12-07,0.020094,2,2,1.0,10.046813,0,,0.0,0,,instagram,instagram_explore,,,,,,
2025-12-07,2025-12-07,0.040187,6,6,1.0,6.697875,0,,0.0,0,,instagram,instagram_explore_grid_home,,,,,,
2025-12-07,2025-12-07,42.307128,717,625,1.1472,59.005757,41,1.031881,5.718271,40,5.578801,instagram,instagram_reels,1.0,55.95,,1.322472,42.307128,0.025
2025-12-07,2025-12-07,50.917246,955,762,1.253281,53.316488,43,1.184122,4.502618,42,4.397906,instagram,instagram_stories,1.0,34.95,,0.686408,50.917246,0.023809523809523808
2025-12-07,2025-12-07,0.0,0,0,0.0,,0,,,0,,unknown,unknown,,,,,,
2025-12-08,2025-12-08,0.010002,2,2,1.0,5.001141,0,,0.0,0,,facebook,biz_disco_feed,,,,,,
2025-12-08,2025-12-08,1.310299,23,23,1.0,56.969519,1,1.310299,4.347826,1,4.347826,facebook,facebook_notification,,,,,,
2025-12-08,2025-12-08,1.640374,77,73,1.054795,21.303562,0,,0.0,0,,facebook,facebook_profile_feed,,,,,,
2025-12-08,2025-12-08,90.200579,2401,1989,1.207139,37.567921,143,0.630773,5.955852,125,5.206164,facebook,facebook_reels,2.0,83.93,,0.930482,45.1002895,0.016
2025-12-08,2025-12-08,5.361223,1676,1069,1.56782,3.198821,7,0.765889,0.417661,7,0.417661,facebook,facebook_reels_overlay,2.0,51.96,,9.691818,2.6806115,0.2857142857142857
2025-12-08,2025-12-08,20.794744,316,296,1.067568,65.806153,20,1.039737,6.329114,20,6.329114,facebook,facebook_stories,,,,,,
2025-12-08,2025-12-08,1516.525998,43658,29764,1.466806,34.736497,1836,0.825995,4.205415,1433,3.282331,facebook,feed,64.0,1719.99,,1.134165,23.69571871875,0.044661549197487785
2025-12-08,2025-12-08,3.750856,436,334,1.305389,8.60288,3,1.250285,0.688073,3,0.688073,facebook,instream_video,1.0,17.11,,4.561626,3.750856,0.3333333333333333
2025-12-08,2025-12-08,7.681753,567,436,1.300459,13.548065,10,0.768175,1.763668,10,1.763668,facebook,marketplace,1.0,11.98,,1.55954,7.681753,0.1
2025-12-08,2025-12-08,5.371225,1943,702,2.767806,2.764398,1,5.371225,0.051467,1,0.051467,facebook,right_hand_column,,,,,,
2025-12-08,2025-12-08,8.85202,179,169,1.059172,49.452623,9,0.983558,5.027933,14,7.821229,facebook,search,1.0,23.96,,2.706727,8.85202,0.07142857142857142
2025-12-08,2025-12-08,106.404276,1688,1485,1.1367,63.035709,97,1.096951,5.746446,94,5.56872,instagram,feed,1.0,79.96,,0.751474,106.404276,0.010638297872340425
2025-12-08,2025-12-08,0.13003,5,5,1.0,26.005933,0,,0.0,0,,instagram,instagram_explore,,,,,,
2025-12-08,2025-12-08,0.010002,3,3,1.0,3.334094,0,,0.0,0,,instagram,instagram_explore_grid_home,,,,,,
2025-12-08,2025-12-08,38.868868,626,524,1.194656,62.090843,52,0.747478,8.306709,50,7.98722,instagram,instagram_reels,3.0,59.9,,1.541079,12.956289333333332,0.06
2025-12-08,2025-12-08,0.060014,2,2,1.0,30.006846,0,,0.0,0,,instagram,instagram_search,,,,,,
2025-12-08,2025-12-08,33.907736,676,557,1.213645,50.159373,36,0.941882,5.325444,33,4.881657,instagram,instagram_stories,,,,,,
2025-12-08,2025-12-08,0.0,0,0,0.0,,0,,,0,,unknown,unknown,,,,,,
2025-12-09,2025-12-09,0.820162,17,17,1.0,48.244818,1,0.820162,5.882353,1,5.882353,facebook,facebook_notification,,,,,,
2025-12-09,2025-12-09,1.490294,70,69,1.014493,21.289917,4,0.372574,5.714286,2,2.857143,facebook,facebook_profile_feed,,,,,,
2025-12-09,2025-12-09,95.918936,2341,1837,1.27436,40.973488,116,0.826887,4.955147,99,4.228962,facebook,facebook_reels,5.0,137.77,,1.436317,19.1837872,0.050505050505050504
2025-12-09,2025-12-09,4.580904,1300,858,1.515152,3.523773,9,0.508989,0.692308,9,0.692308,facebook,facebook_reels_overlay,3.0,41.93,,9.153214,1.526968,0.3333333333333333
2025-12-09,2025-12-09,21.944332,307,291,1.054983,71.479909,15,1.462955,4.885993,15,4.885993,facebook,facebook_stories,1.0,19.25,,0.87722,21.944332,0.06666666666666667
2025-12-09,2025-12-09,1849.865194,51048,34304,1.488106,36.23776,1915,0.965987,3.751371,1534,3.005015,facebook,feed,50.0,1593.08,,0.861187,36.99730388,0.03259452411994785
2025-12-09,2025-12-09,3.670725,403,294,1.370748,9.108498,3,1.223575,0.744417,3,0.744417,facebook,instream_video,,,,,,
2025-12-09,2025-12-09,7.281437,605,450,1.344444,12.035434,5,1.456288,0.826446,5,0.826446,facebook,marketplace,4.0,113.81,,15.630156,1.82035925,0.8
2025-12-09,2025-12-09,5.351056,1642,573,2.86562,3.258865,5,1.070211,0.304507,5,0.304507,facebook,right_hand_column,,,,,,
2025-12-09,2025-12-09,7.491479,221,195,1.133333,33.898095,12,0.62429,5.429864,12,5.429864,facebook,search,,,,,,
2025-12-09,2025-12-09,136.506949,2141,1828,1.171225,63.7585,105,1.300066,4.90425,102,4.764129,instagram,feed,4.0,138.86,,1.017238,34.12673725,0.0392156862745098
2025-12-09,2025-12-09,0.030006,3,3,1.0,10.001975,0,,0.0,0,,instagram,instagram_explore,,,,,,
2025-12-09,2025-12-09,0.010002,1,1,1.0,10.001975,0,,0.0,0,,instagram,instagram_explore_grid_home,,,,,,
2025-12-09,2025-12-09,39.037707,699,623,1.12199,55.847935,48,0.813286,6.866953,46,6.58083,instagram,instagram_reels,,,,,,
2025-12-09,2025-12-09,0.020004,2,2,1.0,10.001975,0,,0.0,0,,instagram,instagram_search,,,,,,
2025-12-09,2025-12-09,54.770813,869,709,1.22567,63.027402,50,1.095416,5.75374,50,5.75374,instagram,instagram_stories,4.0,163.84,,2.991374,13.69270325,0.08
2025-12-09,2025-12-09,0.0,0,0,0.0,,0,,,0,,unknown,unknown,,,,,,
2025-12-10,2025-12-10,1.980485,30,30,1.0,66.016175,2,0.990243,6.666667,2,6.666667,facebook,facebook_notification,,,,,,
2025-12-10,2025-12-10,3.600882,150,148,1.013514,24.005882,1,3.600882,0.666667,1,0.666667,facebook,facebook_profile_feed,1.0,147.11,,40.853877,3.600882,1.0
2025-12-10,2025-12-10,176.403221,4586,3826,1.198641,38.465595,173,1.019672,3.772351,156,3.401657,facebook,facebook_reels,5.0,119.84,,0.679353,35.2806442,0.03205128205128205
2025-12-10,2025-12-10,5.131257,1367,953,1.434418,3.753663,5,1.026251,0.365764,5,0.365764,facebook,facebook_reels_overlay,3.0,134.92,,26.293751,1.710419,0.6
2025-12-10,2025-12-10,45.211077,551,494,1.115385,82.052772,22,2.055049,3.99274,22,3.99274,facebook,facebook_stories,,,,,,
2025-12-10,2025-12-10,2582.702788,71007,49616,1.431131,36.37251,2199,1.17449,3.096878,1754,2.470179,facebook,feed,66.0,2038.98,,0.789475,39.131860424242426,0.037628278221208664
2025-12-10,2025-12-10,4.541113,510,385,1.324675,8.904142,2,2.270556,0.392157,2,0.392157,facebook,instream_video,,,,,,
2025-12-10,2025-12-10,10.452561,773,596,1.29698,13.522071,3,3.484187,0.388098,4,0.517464,facebook,marketplace,,,,,,
2025-12-10,2025-12-10,7.10174,1989,689,2.886792,3.570508,3,2.367247,0.15083,3,0.15083,facebook,right_hand_column,,,,,,
2025-12-10,2025-12-10,13.233242,239,211,1.132701,55.369215,7,1.890463,2.92887,6,2.51046,facebook,search,,,,,,
2025-12-10,2025-12-10,204.380075,2827,2514,1.124503,72.295746,125,1.635041,4.421648,120,4.244782,instagram,feed,2.0,47.92,,0.234465,102.1900375,0.016666666666666666
2025-12-10,2025-12-10,0.010002,3,2,1.5,3.33415,0,,0.0,0,,instagram,instagram_explore,,,,,,
2025-12-10,2025-12-10,0.0,2,2,1.0,0.0,0,,0.0,0,,instagram,instagram_explore_grid_home,,,,,,
2025-12-10,2025-12-10,80.139635,1378,1236,1.114887,58.156484,63,1.272058,4.571843,60,4.354136,instagram,instagram_reels,2.0,73.92,,0.92239,40.0698175,0.03333333333333333
2025-12-10,2025-12-10,0.08002,4,4,1.0,20.004901,0,,0.0,0,,instagram,instagram_search,,,,,,
2025-12-10,2025-12-10,89.34189,1505,1218,1.235632,59.363382,42,2.127188,2.790698,42,2.790698,instagram,instagram_stories,1.0,119.94,,1.342483,89.34189,0.023809523809523808
2025-12-10,2025-12-10,0.050012,2,2,1.0,25.006127,0,,0.0,0,,messenger,messenger_stories,,,,,,
2025-12-11,2025-12-11,1.860101,46,46,1.0,40.436968,0,,0.0,0,,facebook,facebook_notification,,,,,,
2025-12-11,2025-12-11,1.740094,115,115,1.0,15.131253,2,0.870047,1.73913,1,0.869565,facebook,facebook_profile_feed,,,,,,
2025-12-11,2025-12-11,103.765609,2760,2183,1.264315,37.596235,127,0.817052,4.601449,113,4.094203,facebook,facebook_reels,8.0,309.88,,2.986346,12.970701125,0.07079646017699115
2025-12-11,2025-12-11,4.270231,1196,854,1.400468,3.570427,1,4.270231,0.083612,1,0.083612,facebook,facebook_reels_overlay,1.0,24.99,,5.852143,4.270231,1.0
2025-12-11,2025-12-11,25.801395,329,309,1.064725,78.423692,11,2.345581,3.343465,11,3.343465,facebook,facebook_stories,,,,,,
2025-12-11,2025-12-11,2117.944478,61062,45900,1.330327,34.685148,1950,1.086125,3.193475,1539,2.520389,facebook,feed,57.0,1863.06,,0.879655,37.156920666666664,0.037037037037037035
2025-12-11,2025-12-11,2.870155,425,309,1.375405,6.753306,3,0.956718,0.705882,3,0.705882,facebook,instream_video,,,,,,
2025-12-11,2025-12-11,9.750527,609,461,1.321041,16.010718,17,0.57356,2.791461,17,2.791461,facebook,marketplace,,,,,,
2025-12-11,2025-12-11,4.940267,1485,538,2.760223,3.326779,1,4.940267,0.06734,1,0.06734,facebook,right_hand_column,,,,,,
2025-12-11,2025-12-11,6.640359,208,193,1.07772,31.924803,13,0.510797,6.25,14,6.730769,facebook,search,,,,,,
2025-12-11,2025-12-11,179.929725,2702,2488,1.086013,66.591312,122,1.474834,4.515174,115,4.256107,instagram,feed,4.0,71.88,,0.399489,44.98243125,0.034782608695652174
2025-12-11,2025-12-11,0.070004,7,7,1.0,10.000541,0,,0.0,0,,instagram,instagram_explore,,,,,,
2025-12-11,2025-12-11,0.0,4,4,1.0,0.0,0,,0.0,0,,instagram,instagram_explore_grid_home,,,,,,
2025-12-11,2025-12-11,64.923509,1032,915,1.127869,62.910377,68,0.954757,6.589147,63,6.104651,instagram,instagram_reels,2.0,54.07,,0.832826,32.4617545,0.031746031746031744
2025-12-11,2025-12-11,0.010001,1,1,1.0,10.000541,0,,0.0,0,,instagram,instagram_search,,,,,,
2025-12-11,2025-12-11,65.603546,1014,869,1.166858,64.697777,45,1.457857,4.43787,43,4.240631,instagram,instagram_stories,,,,,,
2025-12-12,2025-12-12,2.3505,42,41,1.02439,55.964276,4,0.587625,9.52381,4,9.52381,facebook,facebook_notification,,,,,,
2025-12-12,2025-12-12,2.910619,152,151,1.006623,19.148807,6,0.485103,3.947368,7,4.605263,facebook,facebook_profile_feed,,,,,,
2025-12-12,2025-12-12,129.677562,3473,2824,1.229816,37.338774,158,0.820744,4.549381,134,3.858336,facebook,facebook_reels,2.0,137.85,,1.063021,64.838781,0.014925373134328358
2025-12-12,2025-12-12,3.500744,1058,738,1.433604,3.308832,4,0.875186,0.378072,4,0.378072,facebook,facebook_reels_overlay,1.0,113.81,,32.510232,3.500744,0.25
2025-12-12,2025-12-12,26.875712,386,361,1.069252,69.626197,28,0.959847,7.253886,27,6.994819,facebook,facebook_stories,1.0,23.96,,0.891511,26.875712,0.037037037037037035
2025-12-12,2025-12-12,2334.216117,66865,48730,1.372153,34.909386,2342,0.996676,3.50258,1775,2.654603,facebook,feed,72.0,2168.68,,0.929083,32.41966829166667,0.04056338028169014
2025-12-12,2025-12-12,2.840604,479,356,1.345506,5.930279,2,1.420302,0.417537,2,0.417537,facebook,instream_video,,,,,,
2025-12-12,2025-12-12,9.812085,695,525,1.32381,14.118109,9,1.090232,1.294964,9,1.294964,facebook,marketplace,,,,,,
2025-12-12,2025-12-12,3.960842,839,360,2.330556,4.720908,2,1.980421,0.238379,2,0.238379,facebook,right_hand_column,,,,,,
2025-12-12,2025-12-12,13.052774,268,249,1.076305,48.704382,10,1.305277,3.731343,10,3.731343,facebook,search,,,,,,
2025-12-12,2025-12-12,175.207239,2734,2363,1.157004,64.084579,135,1.297831,4.93782,135,4.93782,instagram,feed,9.0,323.68,,1.847412,19.467471,0.06666666666666667
2025-12-12,2025-12-12,0.070015,2,1,2.0,35.007441,0,,0.0,0,,instagram,instagram_explore,,,,,,
2025-12-12,2025-12-12,0.020004,1,1,1.0,20.004252,0,,0.0,0,,instagram,instagram_explore_grid_home,,,,,,
2025-12-12,2025-12-12,54.611607,1066,958,1.112735,51.230401,43,1.270037,4.033771,43,4.033771,instagram,instagram_reels,1.0,26.18,,0.479385,54.611607,0.023255813953488372
2025-12-12,2025-12-12,0.050011,1,1,1.0,50.010629,0,,0.0,0,,instagram,instagram_search,,,,,,
2025-12-12,2025-12-12,63.813563,912,775,1.176774,69.971012,37,1.724691,4.057018,37,4.057018,instagram,instagram_stories,,,,,,
2025-12-12,2025-12-12,0.010002,2,2,1.0,5.001063,0,,0.0,0,,threads,threads_feed,,,,,,
2025-12-12,2025-12-12,0.0,0,0,0.0,,0,,,0,,unknown,unknown,,,,,,
2025-12-13,2025-12-13,3.701344,221,61,3.622951,16.748163,35,0.105753,15.837104,40,18.099548,audience_network,an_classic,,,,,,
2025-12-13,2025-12-13,1.24045,41,41,1.0,30.254888,7,0.177207,17.073171,7,17.073171,facebook,facebook_notification,,,,,,
2025-12-13,2025-12-13,5.211893,202,193,1.046632,25.801448,1,5.211893,0.49505,0,,facebook,facebook_profile_feed,,,,,,
2025-12-13,2025-12-13,130.637436,3659,3069,1.192245,35.703043,173,0.75513,4.728068,162,4.427439,facebook,facebook_reels,4.0,263.56,,2.017492,32.659359,0.024691358024691357
2025-12-13,2025-12-13,3.381228,887,627,1.414673,3.811982,1,3.381228,0.11274,1,0.11274,facebook,facebook_reels_overlay,2.0,71.88,,21.25855,1.690614,2.0
2025-12-13,2025-12-13,27.990164,389,347,1.121037,71.954148,34,0.82324,8.74036,32,8.226221,facebook,facebook_stories,,,,,,
2025-12-13,2025-12-13,2092.879948,59088,42825,1.379755,35.419712,2245,0.932241,3.799418,1812,3.066613,facebook,feed,63.0,2266.48,,1.082948,33.22031663492063,0.0347682119205298
2025-12-13,2025-12-13,3.321206,403,342,1.178363,8.241206,4,0.830301,0.992556,4,0.992556,facebook,instream_video,,,,,,
2025-12-13,2025-12-13,7.342666,537,402,1.335821,13.673494,7,1.048952,1.303538,7,1.303538,facebook,marketplace,2.0,185.69,,25.289179,3.671333,0.2857142857142857
2025-12-13,2025-12-13,2.761003,683,245,2.787755,4.042463,2,1.380501,0.292826,2,0.292826,facebook,right_hand_column,,,,,,
2025-12-13,2025-12-13,15.935786,290,269,1.078067,54.950988,22,0.724354,7.586207,22,7.586207,facebook,search,,,,,,
2025-12-13,2025-12-13,161.338584,1921,1686,1.139383,83.986769,126,1.280465,6.559084,125,6.507028,instagram,feed,5.0,347.22,,2.15212,32.2677168,0.04
2025-12-13,2025-12-13,0.400145,9,6,1.5,44.460589,0,,0.0,0,,instagram,instagram_explore,,,,,,
2025-12-13,2025-12-13,0.0,1,1,1.0,0.0,0,,0.0,0,,instagram,instagram_explore_grid_home,,,,,,
2025-12-13,2025-12-13,55.240058,785,671,1.169896,70.369501,57,0.969124,7.261147,55,7.006369,instagram,instagram_reels,4.0,189.87,,3.43718,13.8100145,0.07272727272727272
2025-12-13,2025-12-13,0.200073,4,4,1.0,50.018162,0,,0.0,0,,instagram,instagram_search,,,,,,
2025-12-13,2025-12-13,49.547991,659,563,1.170515,75.186633,35,1.415657,5.311077,33,5.007587,instagram,instagram_stories,1.0,39.81,,0.803463,49.547991,0.030303030303030304
2025-12-13,2025-12-13,0.070025,2,2,1.0,35.012714,0,,0.0,0,,threads,threads_feed,,,,,,
2025-12-13,2025-12-13,0.0,0,0,0.0,,0,,,0,,unknown,unknown,,,,,,
2025-12-14,2025-12-14,2.52027,203,56,3.625,12.415121,18,0.140015,8.866995,25,12.315271,audience_network,an_classic,1.0,35.94,,14.260379,2.52027,0.04
2025-12-14,2025-12-14,1.630174,35,35,1.0,46.576412,2,0.815087,5.714286,2,5.714286,facebook,facebook_notification,,,,,,
2025-12-14,2025-12-14,6.750722,309,301,1.026578,21.846998,5,1.350144,1.618123,4,1.294498,facebook,facebook_profile_feed,,,,,,
2025-12-14,2025-12-14,170.168207,5174,4150,1.246747,32.889101,254,0.669954,4.909161,223,4.310012,facebook,facebook_reels,1.0,17.97,,0.105601,170.168207,0.004484304932735426
2025-12-14,2025-12-14,3.960424,1068,714,1.495798,3.708262,3,1.320141,0.280899,3,0.280899,facebook,facebook_reels_overlay,2.0,65.89,,16.637109,1.980212,0.6666666666666666
2025-12-14,2025-12-14,37.323993,574,547,1.04936,65.024379,37,1.008757,6.445993,36,6.271777,facebook,facebook_stories,3.0,131.78,,3.530705,12.441331,0.08333333333333333
2025-12-14,2025-12-14,2453.312483,77396,55240,1.401086,31.698182,2786,0.880586,3.599669,2202,2.845108,facebook,feed,83.0,3219.93,,1.312483,29.55798172289157,0.037693006357856496
2025-12-14,2025-12-14,4.630495,474,387,1.224806,9.768978,5,0.926099,1.054852,5,1.054852,facebook,instream_video,1.0,29.95,,6.46799,4.630495,0.2
2025-12-14,2025-12-14,10.93117,648,503,1.28827,16.869089,16,0.683198,2.469136,16,2.469136,facebook,marketplace,,,,,,
2025-12-14,2025-12-14,4.380469,821,287,2.860627,5.335528,1,4.380469,0.121803,1,0.121803,facebook,right_hand_column,,,,,,
2025-12-14,2025-12-14,14.031501,331,308,1.074675,42.391242,34,0.412691,10.271903,39,11.782477,facebook,search,2.0,43.07,,3.069522,7.0157505,0.05128205128205128
2025-12-14,2025-12-14,152.656333,2055,1777,1.156443,74.28532,131,1.165316,6.374696,126,6.131387,instagram,feed,5.0,90.39,,0.592114,30.5312666,0.03968253968253968
2025-12-14,2025-12-14,0.160017,5,5,1.0,32.003424,0,,0.0,0,,instagram,instagram_explore,,,,,,
2025-12-14,2025-12-14,0.020002,1,1,1.0,20.00214,0,,0.0,0,,instagram,instagram_explore_grid_home,,,,,,
2025-12-14,2025-12-14,76.428177,959,846,1.13357,79.695701,69,1.107655,7.194995,68,7.09072,instagram,instagram_reels,1.0,23.96,,0.313497,76.428177,0.014705882352941176
2025-12-14,2025-12-14,51.975561,835,686,1.217201,62.246181,45,1.155012,5.389222,44,5.269461,instagram,instagram_stories,2.0,41.93,,0.806725,25.9877805,0.045454545454545456
2025-12-14,2025-12-14,0.020002,2,2,1.0,10.00107,0,,0.0,0,,threads,threads_feed,,,,,,
2025-12-15,2025-12-15,4.910285,316,89,3.550562,15.538878,40,0.122757,12.658228,41,12.974684,audience_network,an_classic,,,,,,
2025-12-15,2025-12-15,3.900227,63,62,1.016129,61.908361,3,1.300076,4.761905,3,4.761905,facebook,facebook_notification,,,,,,
2025-12-15,2025-12-15,5.240305,307,292,1.05137,17.069396,5,1.048061,1.628665,3,0.977199,facebook,facebook_profile_feed,,,,,,
2025-12-15,2025-12-15,154.819,4601,3556,1.29387,33.648989,175,0.88468,3.803521,157,3.412302,facebook,facebook_reels,4.0,261.6,,1.689715,38.70475,0.025477707006369428
2025-12-15,2025-12-15,4.840281,1304,873,1.4937,3.711872,1,4.840281,0.076687,1,0.076687,facebook,facebook_reels_overlay,3.0,269.55,,55.688911,1.613427,3.0
2025-12-15,2025-12-15,46.552706,541,486,1.113169,86.049365,35,1.330077,6.469501,34,6.284658,facebook,facebook_stories,,,,,,
2025-12-15,2025-12-15,2547.238085,85405,65205,1.309792,29.825398,2660,0.957608,3.114572,2080,2.435455,facebook,feed,59.0,1717.96,,0.67444,43.17352686440678,0.028365384615384615
2025-12-15,2025-12-15,5.140299,417,323,1.291022,12.326856,9,0.571144,2.158273,10,2.398082,facebook,instream_video,,,,,,
2025-12-15,2025-12-15,12.810745,773,612,1.263072,16.572762,6,2.135124,0.776197,7,0.905563,facebook,marketplace,1.0,23.96,,1.870305,12.810745,0.14285714285714285
2025-12-15,2025-12-15,4.960288,1547,548,2.822993,3.206392,4,1.240072,0.258565,4,0.258565,facebook,right_hand_column,1.0,23.96,,4.830364,4.960288,0.25
2025-12-15,2025-12-15,18.591081,401,348,1.152299,46.361798,20,0.929554,4.987531,21,5.236908,facebook,search,,,,,,
2025-12-15,2025-12-15,166.949706,2171,1887,1.150503,76.899911,122,1.36844,5.61953,120,5.527407,instagram,feed,3.0,176.15,,1.055108,55.649902,0.025
2025-12-15,2025-12-15,0.17001,7,7,1.0,24.287126,0,,0.0,0,,instagram,instagram_explore,,,,,,
2025-12-15,2025-12-15,0.030002,2,2,1.0,15.000872,0,,0.0,0,,instagram,instagram_explore_grid_home,,,,,,
2025-12-15,2025-12-15,61.153555,997,854,1.167447,61.337568,66,0.926569,6.61986,63,6.318957,instagram,instagram_reels,,,,,,
2025-12-15,2025-12-15,58.893424,823,693,1.18759,71.559446,50,1.177868,6.075334,50,6.075334,instagram,instagram_stories,,,,,,
2025-12-15,2025-12-15,0.010001,3,3,1.0,3.333527,0,,0.0,0,,threads,threads_feed,,,,,,
2025-12-16,2025-12-16,5.812031,382,85,4.494118,15.214741,50,0.116241,13.089005,53,13.874346,audience_network,an_classic,1.0,5.99,,1.030621,5.812031,0.018867924528301886
2025-12-16,2025-12-16,2.861,63,62,1.016129,45.412694,5,0.5722,7.936508,5,7.936508,facebook,facebook_notification,,,,,,
2025-12-16,2025-12-16,5.822034,276,269,1.026022,21.094327,4,1.455509,1.449275,4,1.449275,facebook,facebook_profile_feed,,,,,,
2025-12-16,2025-12-16,123.693222,4269,3317,1.287006,28.974753,165,0.749656,3.865074,150,3.513703,facebook,facebook_reels,2.0,22.11,,0.178749,61.846611,0.013333333333333334
2025-12-16,2025-12-16,5.12179,1390,956,1.453975,3.684741,9,0.569088,0.647482,9,0.647482,facebook,facebook_reels_overlay,,,,,,
2025-12-16,2025-12-16,26.029095,394,377,1.045093,66.063694,27,0.964041,6.852792,27,6.852792,facebook,facebook_stories,1.0,29.95,,1.150635,26.029095,0.037037037037037035
2025-12-16,2025-12-16,2390.515315,91375,69645,1.312011,26.16159,2513,0.95126,2.750205,1931,2.113269,facebook,feed,77.0,2856.94,,1.195115,31.045653441558443,0.0398757120662869
2025-12-16,2025-12-16,4.201468,383,287,1.334495,10.969891,6,0.700245,1.56658,6,1.56658,facebook,instream_video,,,,,,
2025-12-16,2025-12-16,11.884153,930,699,1.330472,12.778659,18,0.660231,1.935484,18,1.935484,facebook,marketplace,,,,,,
2025-12-16,2025-12-16,5.922069,1743,638,2.731975,3.39763,4,1.480517,0.229489,4,0.229489,facebook,right_hand_column,1.0,23.96,,4.045883,5.922069,0.25
2025-12-16,2025-12-16,25.92906,438,418,1.047847,59.198768,12,2.160755,2.739726,13,2.968037,facebook,search,2.0,91.94,,3.545828,12.96453,0.15384615384615385
2025-12-16,2025-12-16,187.33546,2695,2343,1.150235,69.51223,144,1.300941,5.343228,136,5.046382,instagram,feed,,,,,,
2025-12-16,2025-12-16,0.130045,7,6,1.166667,18.57792,0,,0.0,0,,instagram,instagram_explore,,,,,,
2025-12-16,2025-12-16,0.0,2,2,1.0,0.0,0,,0.0,0,,instagram,instagram_explore_grid_home,,,,,,
2025-12-16,2025-12-16,61.731571,1026,901,1.138735,60.167223,54,1.143177,5.263158,53,5.165692,instagram,instagram_reels,1.0,115.84,,1.876511,61.731571,0.018867924528301886
2025-12-16,2025-12-16,61.891627,989,835,1.184431,62.580007,47,1.316843,4.752275,48,4.853387,instagram,instagram_stories,2.0,51.92,,0.838886,30.9458135,0.041666666666666664
2025-12-16,2025-12-16,0.010004,1,1,1.0,10.003496,0,,0.0,0,,messenger,messenger_stories,,,,,,
2025-12-16,2025-12-16,0.160056,7,7,1.0,22.865133,1,0.160056,14.285714,1,14.285714,threads,threads_feed,,,,,,
2025-12-16,2025-12-16,0.0,0,0,0.0,,0,,,0,,unknown,unknown,,,,,,
2025-12-17,2025-12-17,7.491144,552,124,4.451613,13.570913,51,0.146885,9.23913,54,9.782609,audience_network,an_classic,,,,,,
2025-12-17,2025-12-17,1.880287,49,49,1.0,38.373207,3,0.626762,6.122449,3,6.122449,facebook,facebook_notification,,,,,,
2025-12-17,2025-12-17,5.090777,296,286,1.034965,17.198573,3,1.696926,1.013514,3,1.013514,facebook,facebook_profile_feed,2.0,59.41,,11.670123,2.5453885,0.6666666666666666
2025-12-17,2025-12-17,143.681943,4589,3590,1.278273,31.310077,147,0.977428,3.203312,129,2.81107,facebook,facebook_reels,4.0,101.83,,0.708718,35.92048575,0.031007751937984496
2025-12-17,2025-12-17,4.290655,1164,864,1.347222,3.68613,7,0.612951,0.601375,7,0.601375,facebook,facebook_reels_overlay,,,,,,
2025-12-17,2025-12-17,28.904414,425,398,1.067839,68.010387,25,1.156177,5.882353,25,5.882353,facebook,facebook_stories,1.0,41.97,,1.452027,28.904414,0.04
2025-12-17,2025-12-17,2935.608332,112829,90144,1.251653,26.018207,2857,1.027514,2.53215,2239,1.984419,facebook,feed,69.0,2066.76,,0.704031,42.54504828985507,0.030817329164805715
2025-12-17,2025-12-17,5.580852,396,314,1.261147,14.093061,6,0.930142,1.515152,5,1.262626,facebook,instream_video,,,,,,
2025-12-17,2025-12-17,11.941824,873,651,1.341014,13.679065,10,1.194182,1.145475,10,1.145475,facebook,marketplace,1.0,,,,11.941824,0.1
2025-12-17,2025-12-17,6.010918,2098,731,2.870041,2.865071,6,1.00182,0.285987,6,0.285987,facebook,right_hand_column,,,,,,
2025-12-17,2025-12-17,33.605132,442,409,1.080685,76.029711,31,1.084037,7.013575,33,7.466063,facebook,search,1.0,23.96,,0.712986,33.605132,0.030303030303030304
2025-12-17,2025-12-17,167.515583,2382,2058,1.157434,70.325602,113,1.482439,4.743913,105,4.40806,instagram,feed,7.0,116.41,,0.69492,23.93079757142857,0.06666666666666667
2025-12-17,2025-12-17,0.310047,9,6,1.5,34.449706,0,,0.0,0,,instagram,instagram_explore,,,,,,
2025-12-17,2025-12-17,0.020003,4,4,1.0,5.000764,0,,0.0,0,,instagram,instagram_explore_grid_home,,,,,,
2025-12-17,2025-12-17,57.478778,1000,883,1.132503,57.478778,54,1.064422,5.4,47,4.7,instagram,instagram_reels,,,,,,
2025-12-17,2025-12-17,0.040006,4,4,1.0,10.001527,0,,0.0,0,,instagram,instagram_search,,,,,,
2025-12-17,2025-12-17,60.789284,1005,847,1.186541,60.48685,44,1.381575,4.378109,43,4.278607,instagram,instagram_stories,3.0,47.92,,0.788297,20.263094666666667,0.06976744186046512
2025-12-17,2025-12-17,0.100015,3,3,1.0,33.338425,0,,0.0,0,,messenger,messenger_stories,,,,,,
2025-12-17,2025-12-17,0.020003,4,4,1.0,5.000764,0,,0.0,0,,threads,threads_feed,,,,,,
2025-12-17,2025-12-17,0.0,0,0,0.0,,0,,,0,,unknown,unknown,,,,,,
2025-12-18,2025-12-18,5.600623,306,106,2.886792,18.302688,46,0.121753,15.03268,46,15.03268,audience_network,an_classic,,,,,,
2025-12-18,2025-12-18,3.400378,53,53,1.0,64.158075,1,3.400378,1.886792,1,1.886792,facebook,facebook_notification,,,,,,
2025-12-18,2025-12-18,3.050339,207,201,1.029851,14.735938,3,1.01678,1.449275,2,0.966184,facebook,facebook_profile_feed,,,,,,
2025-12-18,2025-12-18,126.66408,3721,2964,1.255398,34.040333,128,0.989563,3.439936,108,2.902446,facebook,facebook_reels,2.0,53.91,,0.425614,63.33204,0.018518518518518517
2025-12-18,2025-12-18,5.140571,1225,870,1.408046,4.196385,4,1.285143,0.326531,4,0.326531,facebook,facebook_reels_overlay,,,,,,
2025-12-18,2025-12-18,28.413158,369,353,1.045326,77.000429,26,1.092814,7.04607,24,6.504065,facebook,facebook_stories,,,,,,
2025-12-18,2025-12-18,2989.662326,97638,75911,1.286217,30.619864,2523,1.184963,2.584035,1822,1.866077,facebook,feed,54.0,2348.61,,0.785577,55.36411714814815,0.029637760702524697
2025-12-18,2025-12-18,3.720414,323,250,1.292,11.518308,0,,0.0,0,,facebook,instream_video,,,,,,
2025-12-18,2025-12-18,9.861096,667,521,1.28023,14.784252,6,1.643516,0.89955,6,0.89955,facebook,marketplace,,,,,,
2025-12-18,2025-12-18,5.630626,1776,675,2.631111,3.170397,6,0.938438,0.337838,6,0.337838,facebook,right_hand_column,1.0,17.97,,3.191475,5.630626,0.16666666666666666
2025-12-18,2025-12-18,28.923215,447,404,1.106436,64.705179,32,0.90385,7.158837,30,6.711409,facebook,search,,,,,,
2025-12-18,2025-12-18,163.288151,2161,1898,1.138567,75.561384,76,2.148528,3.51689,71,3.285516,instagram,feed,3.0,71.88,,0.440203,54.429383666666666,0.04225352112676056
2025-12-18,2025-12-18,0.210023,4,4,1.0,52.505836,0,,0.0,0,,instagram,instagram_explore,,,,,,
2025-12-18,2025-12-18,0.0,3,3,1.0,0.0,0,,0.0,0,,instagram,instagram_explore_grid_home,,,,,,
2025-12-18,2025-12-18,71.957999,1126,982,1.14664,63.90586,70,1.027971,6.216696,65,5.772647,instagram,instagram_reels,2.0,29.95,,0.416215,35.9789995,0.03076923076923077
2025-12-18,2025-12-18,0.040004,3,3,1.0,13.334816,0,,0.0,0,,instagram,instagram_search,,,,,,
2025-12-18,2025-12-18,62.946997,951,798,1.191729,66.190323,43,1.463884,4.521556,38,3.995794,instagram,instagram_stories,1.0,23.96,,0.380638,62.946997,0.02631578947368421
2025-12-18,2025-12-18,0.0,0,0,0.0,,0,,,0,,unknown,unknown,,,,,,
2025-12-19,2025-12-19,5.099912,324,91,3.56044,15.740469,50,0.101998,15.432099,56,17.283951,audience_network,an_classic,,,,,,
2025-12-19,2025-12-19,3.389941,72,70,1.028571,47.08252,2,1.694971,2.777778,2,2.777778,facebook,facebook_notification,,,,,,
2025-12-19,2025-12-19,2.769952,197,195,1.010256,14.060671,3,0.923317,1.522843,2,1.015228,facebook,facebook_profile_feed,,,,,,
2025-12-19,2025-12-19,104.078202,3326,2657,1.251788,31.292304,102,1.020375,3.066747,84,2.525556,facebook,facebook_reels,2.0,51.92,,0.498856,52.039101,0.023809523809523808
2025-12-19,2025-12-19,3.879933,1099,781,1.40717,3.530421,1,3.879933,0.090992,1,0.090992,facebook,facebook_reels_overlay,1.0,50.72,,13.072391,3.879933,1.0
2025-12-19,2025-12-19,23.929587,396,375,1.056,60.428249,20,1.196479,5.050505,19,4.79798,facebook,facebook_stories,,,,,,
2025-12-19,2025-12-19,2431.117994,91557,71670,1.27748,26.553054,2012,1.208309,2.197538,1555,1.698396,facebook,feed,41.0,1524.26,,0.626979,59.2955608292683,0.026366559485530548
2025-12-19,2025-12-19,3.349942,365,293,1.245734,9.177924,5,0.669988,1.369863,5,1.369863,facebook,instream_video,,,,,,
2025-12-19,2025-12-19,11.729797,752,592,1.27027,15.598135,9,1.303311,1.196809,9,1.196809,facebook,marketplace,,,,,,
2025-12-19,2025-12-19,7.629868,2420,782,3.094629,3.152838,3,2.543289,0.123967,3,0.123967,facebook,right_hand_column,,,,,,
2025-12-19,2025-12-19,25.959551,635,603,1.053068,40.881183,21,1.236169,3.307087,20,3.149606,facebook,search,,,,,,
2025-12-19,2025-12-19,158.407263,2307,2088,1.104885,68.663746,84,1.885801,3.641092,82,3.5544,instagram,feed,5.0,167.72,,1.05879,31.6814526,0.06097560975609756
2025-12-19,2025-12-19,0.02,4,4,1.0,4.999914,0,,0.0,0,,instagram,instagram_explore,,,,,,
2025-12-19,2025-12-19,55.479041,986,854,1.154567,56.266776,37,1.499434,3.752536,32,3.245436,instagram,instagram_reels,,,,,,
2025-12-19,2025-12-19,0.469992,3,3,1.0,156.66396,1,0.469992,33.333333,1,33.333333,instagram,instagram_search,,,,,,
2025-12-19,2025-12-19,56.419025,1064,850,1.251765,53.0254,36,1.567195,3.383459,34,3.195489,instagram,instagram_stories,,,,,,
2025-12-19,2025-12-19,0.01,1,1,1.0,9.999827,0,,0.0,0,,threads,threads_feed,,,,,,
2025-12-19,2025-12-19,0.0,0,0,0.0,,0,,,0,,unknown,unknown,,,,,,
2025-12-20,2025-12-20,2.460133,239,54,4.425926,10.293441,22,0.111824,9.205021,22,9.205021,audience_network,an_classic,2.0,53.91,,21.913454,1.2300665,0.09090909090909091
2025-12-20,2025-12-20,1.550083,42,42,1.0,36.90675,4,0.387521,9.52381,4,9.52381,facebook,facebook_notification,,,,,,
2025-12-20,2025-12-20,1.820098,117,111,1.054054,15.556393,3,0.606699,2.564103,3,2.564103,facebook,facebook_profile_feed,,,,,,
2025-12-20,2025-12-20,63.513421,2181,1739,1.254169,29.121238,82,0.774554,3.759743,75,3.43879,facebook,facebook_reels,2.0,47.92,,0.754486,31.7567105,0.02666666666666667
2025-12-20,2025-12-20,2.690145,833,613,1.358891,3.229466,4,0.672536,0.480192,4,0.480192,facebook,facebook_reels_overlay,,,,,,
2025-12-20,2025-12-20,13.530729,231,211,1.094787,58.574584,9,1.503414,3.896104,9,3.896104,facebook,facebook_stories,,,,,,
2025-12-20,2025-12-20,1404.985678,50520,37690,1.340409,27.810485,1588,0.884752,3.14331,1280,2.53365,facebook,feed,45.0,1709.48,,1.216724,31.221903955555554,0.03515625
2025-12-20,2025-12-20,3.16017,261,203,1.285714,12.107932,1,3.16017,0.383142,1,0.383142,facebook,instream_video,,,,,,
2025-12-20,2025-12-20,6.12033,468,356,1.314607,13.077627,9,0.680037,1.923077,9,1.923077,facebook,marketplace,,,,,,
2025-12-20,2025-12-20,2.41013,1026,310,3.309677,2.349054,2,1.205065,0.194932,2,0.194932,facebook,right_hand_column,1.0,23.96,,9.941373,2.41013,0.5
2025-12-20,2025-12-20,20.411099,451,422,1.06872,45.257427,35,0.583174,7.760532,35,7.760532,facebook,search,,,,,,
2025-12-20,2025-12-20,91.274916,1466,1254,1.169059,62.261198,96,0.95078,6.548431,89,6.070941,instagram,feed,2.0,65.89,,0.721885,45.637458,0.02247191011235955
2025-12-20,2025-12-20,0.290016,4,4,1.0,72.503905,0,,0.0,0,,instagram,instagram_explore,,,,,,
2025-12-20,2025-12-20,0.0,2,2,1.0,0.0,0,,0.0,0,,instagram,instagram_explore_grid_home,,,,,,
2025-12-20,2025-12-20,31.171679,576,507,1.136095,54.117498,34,0.916814,5.902778,32,5.555556,instagram,instagram_reels,1.0,11.98,,0.384323,31.171679,0.03125
2025-12-20,2025-12-20,0.010001,1,1,1.0,10.000539,0,,0.0,0,,instagram,instagram_search,,,,,,
2025-12-20,2025-12-20,25.471372,506,428,1.182243,50.33868,24,1.061307,4.743083,23,4.545455,instagram,instagram_stories,,,,,,
2025-12-20,2025-12-20,0.0,0,0,0.0,,0,,,0,,unknown,unknown,,,,,,
2025-12-21,2025-12-21,5.100894,265,81,3.271605,19.248657,39,0.130792,14.716981,44,16.603774,audience_network,an_classic,,,,,,
2025-12-21,2025-12-21,1.900333,40,40,1.0,47.508328,1,1.900333,2.5,1,2.5,facebook,facebook_notification,,,,,,
2025-12-21,2025-12-21,3.590629,208,199,1.045226,17.262641,2,1.795315,0.961538,2,0.961538,facebook,facebook_profile_feed,,,,,,
2025-12-21,2025-12-21,79.273896,2748,2111,1.301753,28.847852,98,0.808917,3.56623,89,3.238719,facebook,facebook_reels,,,,,,
2025-12-21,2025-12-21,6.531145,2035,1378,1.476778,3.209408,6,1.088524,0.29484,6,0.29484,facebook,facebook_reels_overlay,1.0,101.83,,15.591447,6.531145,0.16666666666666666
2025-12-21,2025-12-21,21.533775,379,360,1.052778,56.817348,14,1.538127,3.693931,14,3.693931,facebook,facebook_stories,,,,,,
2025-12-21,2025-12-21,1688.716021,63163,47742,1.323007,26.735843,1773,0.952463,2.807023,1403,2.221237,facebook,feed,50.0,2016.42,,1.194055,33.77432042,0.03563791874554526
2025-12-21,2025-12-21,3.610633,489,357,1.369748,7.383707,1,3.610633,0.204499,1,0.204499,facebook,instream_video,1.0,5.99,,1.658989,3.610633,1.0
2025-12-21,2025-12-21,7.391296,532,398,1.336683,13.893413,4,1.847824,0.75188,4,0.75188,facebook,marketplace,,,,,,
2025-12-21,2025-12-21,4.010703,1913,559,3.422182,2.096552,3,1.336901,0.156822,3,0.156822,facebook,right_hand_column,,,,,,
2025-12-21,2025-12-21,16.462886,414,392,1.056122,39.765425,26,0.633188,6.280193,26,6.280193,facebook,search,,,,,,
2025-12-21,2025-12-21,126.562186,2329,2071,1.124578,54.341857,75,1.687496,3.220266,74,3.177329,instagram,feed,2.0,287.88,,2.274613,63.281093,0.02702702702702703
2025-12-21,2025-12-21,0.140025,5,5,1.0,28.004909,0,,0.0,0,,instagram,instagram_explore,,,,,,
2025-12-21,2025-12-21,0.010002,3,3,1.0,3.333918,0,,0.0,0,,instagram,instagram_explore_grid_home,,,,,,
2025-12-21,2025-12-21,47.538333,886,794,1.115869,53.655004,54,0.88034,6.094808,54,6.094808,instagram,instagram_reels,,,,,,
2025-12-21,2025-12-21,0.040007,3,3,1.0,13.335671,0,,0.0,0,,instagram,instagram_search,,,,,,
2025-12-21,2025-12-21,41.197222,808,664,1.216867,50.98666,24,1.716551,2.970297,23,2.846535,instagram,instagram_stories,,,,,,
2025-12-21,2025-12-21,0.080014,1,1,1.0,80.014026,0,,0.0,0,,messenger,messenger_stories,,,,,,
2025-12-21,2025-12-21,0.010002,1,1,1.0,10.001753,0,,0.0,0,,threads,threads_feed,,,,,,
2025-12-22,2025-12-22,5.140322,320,110,2.909091,16.063505,46,0.111746,14.375,51,15.9375,audience_network,an_classic,,,,,,
2025-12-22,2025-12-22,2.590162,30,30,1.0,86.338737,3,0.863387,10.0,3,10.0,facebook,facebook_notification,,,,,,
2025-12-22,2025-12-22,1.350085,116,115,1.008696,11.63866,3,0.450028,2.586207,1,0.862069,facebook,facebook_profile_feed,,,,,,
2025-12-22,2025-12-22,45.012817,1743,1384,1.259393,25.82491,57,0.789699,3.270224,53,3.040734,facebook,facebook_reels,1.0,11.98,,0.266146,45.012817,0.018867924528301886
2025-12-22,2025-12-22,3.930246,1277,870,1.467816,3.077718,4,0.982562,0.313234,4,0.313234,facebook,facebook_reels_overlay,,,,,,
2025-12-22,2025-12-22,12.740797,240,221,1.085973,53.086656,17,0.749459,7.083333,17,7.083333,facebook,facebook_stories,,,,,,
2025-12-22,2025-12-22,1059.976345,38844,29018,1.338617,27.288033,1087,0.975139,2.798373,873,2.247451,facebook,feed,25.0,871.7,,0.822377,42.399053800000004,0.0286368843069874
2025-12-22,2025-12-22,2.340146,435,320,1.359375,5.379647,1,2.340146,0.229885,2,0.45977,facebook,instream_video,1.0,71.88,,30.716026,2.340146,0.5
2025-12-22,2025-12-22,4.080255,401,280,1.432143,10.1752,4,1.020064,0.997506,4,0.997506,facebook,marketplace,1.0,35.94,,8.808272,4.080255,0.25
2025-12-22,2025-12-22,4.760298,2099,660,3.180303,2.267889,4,1.190074,0.190567,4,0.190567,facebook,right_hand_column,,,,,,
2025-12-22,2025-12-22,8.250516,249,241,1.033195,33.134604,12,0.687543,4.819277,13,5.220884,facebook,search,,,,,,
2025-12-22,2025-12-22,78.424909,1144,926,1.235421,68.553242,63,1.24484,5.506993,61,5.332168,instagram,feed,3.0,95.84,,1.222061,26.141636333333334,0.04918032786885246
2025-12-22,2025-12-22,0.090006,2,2,1.0,45.002817,0,,0.0,0,,instagram,instagram_explore,,,,,,
2025-12-22,2025-12-22,0.010001,1,1,1.0,10.000626,0,,0.0,0,,instagram,instagram_explore_grid_home,,,,,,
2025-12-22,2025-12-22,28.061756,472,400,1.18,59.452874,33,0.850356,6.991525,32,6.779661,instagram,instagram_reels,,,,,,
2025-12-22,2025-12-22,0.0,1,1,1.0,0.0,0,,0.0,0,,instagram,instagram_search,,,,,,
2025-12-22,2025-12-22,21.331335,465,375,1.24,45.873839,11,1.939212,2.365591,10,2.150538,instagram,instagram_stories,,,,,,
2025-12-22,2025-12-22,0.040003,3,3,1.0,13.334168,0,,0.0,0,,threads,threads_feed,,,,,,
2025-12-22,2025-12-22,0.0,0,0,0.0,,0,,,0,,unknown,unknown,,,,,,
2025-12-23,2025-12-23,4.781148,395,85,4.647059,12.104171,35,0.136604,8.860759,42,10.632911,audience_network,an_classic,,,,,,
2025-12-23,2025-12-23,1.610387,24,24,1.0,67.099441,2,0.805193,8.333333,2,8.333333,facebook,facebook_notification,,,,,,
2025-12-23,2025-12-23,1.220293,77,76,1.013158,15.84796,1,1.220293,1.298701,1,1.298701,facebook,facebook_profile_feed,,,,,,
2025-12-23,2025-12-23,38.65928,1743,1353,1.288248,22.179736,59,0.655242,3.384968,51,2.92599,facebook,facebook_reels,,,,,,
2025-12-23,2025-12-23,2.970713,1082,710,1.523944,2.745576,3,0.990238,0.277264,3,0.277264,facebook,facebook_reels_overlay,,,,,,
2025-12-23,2025-12-23,7.681844,159,147,1.081633,48.313485,9,0.853538,5.660377,9,5.660377,facebook,facebook_stories,,,,,,
2025-12-23,2025-12-23,988.917394,43071,31484,1.368028,22.960168,1001,0.987929,2.32407,796,1.848111,facebook,feed,23.0,753.84,,0.762288,42.99640843478261,0.028894472361809045
2025-12-23,2025-12-23,1.780427,449,319,1.407524,3.965317,1,1.780427,0.222717,1,0.222717,facebook,instream_video,,,,,,
2025-12-23,2025-12-23,3.360807,324,244,1.327869,10.37286,4,0.840202,1.234568,4,1.234568,facebook,marketplace,,,,,,
2025-12-23,2025-12-23,2.890694,1753,486,3.606996,1.648998,1,2.890694,0.057045,1,0.057045,facebook,right_hand_column,,,,,,
2025-12-23,2025-12-23,13.783309,258,233,1.107296,53.423677,20,0.689165,7.751938,20,7.751938,facebook,search,,,,,,
2025-12-23,2025-12-23,60.394498,1118,982,1.138493,54.020123,32,1.887328,2.862254,32,2.862254,instagram,feed,2.0,38.4,,0.63582,30.197249,0.0625
2025-12-23,2025-12-23,0.030007,2,2,1.0,15.003602,0,,0.0,0,,instagram,instagram_explore,,,,,,
2025-12-23,2025-12-23,0.010002,1,1,1.0,10.002401,0,,0.0,0,,instagram,instagram_explore_grid_home,,,,,,
2025-12-23,2025-12-23,22.125311,464,374,1.240642,47.683861,28,0.79019,6.034483,27,5.818966,instagram,instagram_reels,,,,,,
2025-12-23,2025-12-23,16.183885,398,323,1.232198,40.663028,17,0.951993,4.271357,17,4.271357,instagram,instagram_stories,,,,,,
2025-12-23,2025-12-23,0.0,0,0,0.0,,0,,,0,,unknown,unknown,,,,,,
2025-12-24,2025-12-24,2.1002,231,49,4.714286,9.091775,16,0.131263,6.926407,17,7.359307,audience_network,an_classic,,,,,,
2025-12-24,2025-12-24,1.16011,20,20,1.0,58.005522,1,1.16011,5.0,1,5.0,facebook,facebook_notification,,,,,,
2025-12-24,2025-12-24,0.410039,58,58,1.0,7.069639,2,0.20502,3.448276,2,3.448276,facebook,facebook_profile_feed,,,,,,
2025-12-24,2025-12-24,27.302599,1460,1138,1.282953,18.70041,53,0.515143,3.630137,45,3.082192,facebook,facebook_reels,,,,,,
2025-12-24,2025-12-24,2.410229,894,599,1.492487,2.696006,3,0.80341,0.33557,3,0.33557,facebook,facebook_reels_overlay,2.0,62.7,,26.014121,1.2051145,0.6666666666666666
2025-12-24,2025-12-24,5.950567,126,110,1.145455,47.226718,7,0.850081,5.555556,5,3.968254,facebook,facebook_stories,,,,,,
2025-12-24,2025-12-24,718.528405,37082,28666,1.293588,19.376744,753,0.954221,2.030635,579,1.561404,facebook,feed,15.0,1089.37,,1.516113,47.901893666666666,0.025906735751295335
2025-12-24,2025-12-24,1.570149,417,298,1.399329,3.765346,3,0.523383,0.719424,3,0.719424,facebook,instream_video,,,,,,
2025-12-24,2025-12-24,4.300409,292,232,1.258621,14.727429,3,1.43347,1.027397,3,1.027397,facebook,marketplace,,,,,,
2025-12-24,2025-12-24,1.940185,1106,359,3.08078,1.754236,2,0.970092,0.180832,2,0.180832,facebook,right_hand_column,,,,,,
2025-12-24,2025-12-24,7.190685,226,213,1.061033,31.817188,8,0.898836,3.539823,7,3.097345,facebook,search,,,,,,
2025-12-24,2025-12-24,42.924086,958,823,1.164034,44.805936,22,1.951095,2.296451,21,2.192067,instagram,feed,1.0,23.96,,0.558195,42.924086,0.047619047619047616
2025-12-24,2025-12-24,0.030003,3,3,1.0,10.000952,0,,0.0,0,,instagram,instagram_explore,,,,,,
2025-12-24,2025-12-24,10.40099,318,285,1.115789,32.707516,12,0.866749,3.773585,11,3.45912,instagram,instagram_reels,,,,,,
2025-12-24,2025-12-24,14.081341,325,272,1.194853,43.327202,2,7.04067,0.615385,2,0.615385,instagram,instagram_stories,,,,,,
2025-12-24,2025-12-24,0.020002,1,1,1.0,20.001904,0,,0.0,0,,threads,threads_feed,,,,,,
2025-12-24,2025-12-24,0.0,0,0,0.0,,0,,,0,,unknown,unknown,,,,,,
2025-12-25,2025-12-25,1.460018,118,35,3.371429,12.373038,21,0.069525,17.79661,21,17.79661,audience_network,an_classic,,,,,,
2025-12-25,2025-12-25,0.560007,18,18,1.0,31.111504,1,0.560007,5.555556,1,5.555556,facebook,facebook_notification,1.0,,,,0.560007,1.0
2025-12-25,2025-12-25,0.650008,81,79,1.025316,8.024793,1,0.650008,1.234568,1,1.234568,facebook,facebook_profile_feed,,,,,,
2025-12-25,2025-12-25,30.150381,1654,1297,1.275251,18.228767,51,0.591184,3.083434,38,2.297461,facebook,facebook_reels,,,,,,
2025-12-25,2025-12-25,2.940037,1233,807,1.527881,2.384458,4,0.735009,0.324412,4,0.324412,facebook,facebook_reels_overlay,1.0,65.89,,22.411282,2.940037,0.25
2025-12-25,2025-12-25,5.190066,166,151,1.099338,31.265455,6,0.865011,3.614458,6,3.614458,facebook,facebook_stories,,,,,,
2025-12-25,2025-12-25,678.158559,39757,30140,1.319078,17.057589,823,0.824008,2.070076,645,1.622356,facebook,feed,15.0,611.62,,0.901883,45.2105706,0.023255813953488372
2025-12-25,2025-12-25,1.430018,633,454,1.394273,2.259112,2,0.715009,0.315956,2,0.315956,facebook,instream_video,,,,,,
2025-12-25,2025-12-25,3.340042,305,221,1.380091,10.950958,6,0.556674,1.967213,6,1.967213,facebook,marketplace,,,,,,
2025-12-25,2025-12-25,1.200015,813,225,3.613333,1.476033,0,,0.0,0,,facebook,right_hand_column,,,,,,
2025-12-25,2025-12-25,8.900112,280,262,1.068702,31.786115,11,0.809101,3.928571,11,3.928571,facebook,search,,,,,,
2025-12-25,2025-12-25,35.450447,1059,923,1.147346,33.475399,24,1.477102,2.266289,22,2.077432,instagram,feed,1.0,11.98,,0.337937,35.450447,0.045454545454545456
2025-12-25,2025-12-25,0.0,1,1,1.0,0.0,0,,0.0,0,,instagram,instagram_explore,,,,,,
2025-12-25,2025-12-25,0.0,1,1,1.0,0.0,0,,0.0,0,,instagram,instagram_explore_grid_home,,,,,,
2025-12-25,2025-12-25,11.520145,325,277,1.173285,35.446601,16,0.720009,4.923077,15,4.615385,instagram,instagram_reels,,,,,,
2025-12-25,2025-12-25,0.0,1,1,1.0,0.0,0,,0.0,0,,instagram,instagram_search,,,,,,
2025-12-25,2025-12-25,11.340143,369,296,1.246622,30.732095,7,1.62002,1.897019,7,1.897019,instagram,instagram_stories,,,,,,
2025-12-25,2025-12-25,0.0,2,2,1.0,0.0,0,,0.0,0,,threads,threads_feed,,,,,,
2025-12-26,2025-12-26,3.860135,350,81,4.320988,11.028957,43,0.089771,12.285714,54,15.428571,audience_network,an_classic,,,,,,
2025-12-26,2025-12-26,1.960069,32,31,1.032258,61.252142,2,0.980034,6.25,2,6.25,facebook,facebook_notification,,,,,,
2025-12-26,2025-12-26,0.86003,110,101,1.089109,7.818455,0,,0.0,0,,facebook,facebook_profile_feed,,,,,,
2025-12-26,2025-12-26,29.761041,1738,1382,1.257598,17.123729,55,0.54111,3.164557,49,2.819333,facebook,facebook_reels,,,,,,
2025-12-26,2025-12-26,3.670128,1548,998,1.551102,2.370884,3,1.223376,0.193798,3,0.193798,facebook,facebook_reels_overlay,1.0,35.94,,9.792573,3.670128,0.3333333333333333
2025-12-26,2025-12-26,5.640197,168,159,1.056604,33.572603,7,0.805742,4.166667,7,4.166667,facebook,facebook_stories,,,,,,
2025-12-26,2025-12-26,727.525447,36269,26419,1.372838,20.059154,774,0.939955,2.134054,603,1.662577,facebook,feed,12.0,357.03,,0.490746,60.62712058333333,0.01990049751243781
2025-12-26,2025-12-26,1.880066,850,580,1.465517,2.211842,3,0.626689,0.352941,3,0.352941,facebook,instream_video,,,,,,
2025-12-26,2025-12-26,3.14011,430,320,1.34375,7.302581,3,1.046703,0.697674,3,0.697674,facebook,marketplace,,,,,,
2025-12-26,2025-12-26,2.01007,1539,449,3.427617,1.306089,0,,0.0,0,,facebook,right_hand_column,,,,,,
2025-12-26,2025-12-26,8.090283,370,356,1.039326,21.86563,10,0.809028,2.702703,10,2.702703,facebook,search,,,,,,
2025-12-26,2025-12-26,46.141614,1214,1039,1.168431,38.007919,24,1.922567,1.976936,23,1.894563,instagram,feed,2.0,59.9,,1.298177,23.070807,0.08695652173913043
2025-12-26,2025-12-26,0.050002,2,2,1.0,25.000874,0,,0.0,0,,instagram,instagram_explore,,,,,,
2025-12-26,2025-12-26,10.560369,365,321,1.137072,28.932519,12,0.880031,3.287671,11,3.013699,instagram,instagram_reels,,,,,,
2025-12-26,2025-12-26,0.0,1,1,1.0,0.0,0,,0.0,0,,instagram,instagram_search,,,,,,
2025-12-26,2025-12-26,12.510438,406,329,1.234043,30.813886,8,1.563805,1.970443,7,1.724138,instagram,instagram_stories,,,,,,
2025-12-26,2025-12-26,0.030001,2,2,1.0,15.000525,0,,0.0,0,,threads,threads_feed,,,,,,
2025-12-27,2025-12-27,2.300119,161,61,2.639344,14.286451,20,0.115006,12.42236,20,12.42236,audience_network,an_classic,,,,,,
2025-12-27,2025-12-27,1.220063,41,41,1.0,29.757633,5,0.244013,12.195122,5,12.195122,facebook,facebook_notification,,,,,,
2025-12-27,2025-12-27,1.100057,92,87,1.057471,11.957139,1,1.100057,1.086957,1,1.086957,facebook,facebook_profile_feed,,,,,,
2025-12-27,2025-12-27,31.281614,1628,1292,1.260062,19.21475,35,0.89376,2.149877,30,1.842752,facebook,facebook_reels,,,,,,
2025-12-27,2025-12-27,3.080159,1199,781,1.535211,2.56894,0,,0.0,0,,facebook,facebook_reels_overlay,,,,,,
2025-12-27,2025-12-27,5.860302,145,132,1.098485,40.415878,7,0.837186,4.827586,7,4.827586,facebook,facebook_stories,1.0,35.94,,6.132789,5.860302,0.14285714285714285
2025-12-27,2025-12-27,652.003633,33129,25417,1.303419,19.680752,764,0.853408,2.306137,611,1.844306,facebook,feed,41.0,1593.85,,2.444542,15.902527634146342,0.06710310965630115
2025-12-27,2025-12-27,1.9401,665,495,1.343434,2.917444,0,,0.0,0,,facebook,instream_video,1.0,41.93,,21.612287,1.9401,
2025-12-27,2025-12-27,5.360277,574,443,1.295711,9.338461,5,1.072055,0.87108,5,0.87108,facebook,marketplace,,,,,,
2025-12-27,2025-12-27,1.890098,1356,367,3.694823,1.393877,0,,0.0,0,,facebook,right_hand_column,,,,,,
2025-12-27,2025-12-27,7.400382,459,444,1.033784,16.122836,12,0.616698,2.614379,12,2.614379,facebook,search,,,,,,
2025-12-27,2025-12-27,40.332081,1095,936,1.169872,36.83295,31,1.301035,2.83105,31,2.83105,instagram,feed,,,,,,
2025-12-27,2025-12-27,0.010001,1,1,1.0,10.000516,0,,0.0,0,,instagram,instagram_explore,,,,,,
2025-12-27,2025-12-27,0.0,2,2,1.0,0.0,0,,0.0,0,,instagram,instagram_explore_grid_home,,,,,,
2025-12-27,2025-12-27,8.960462,345,316,1.091772,25.972354,10,0.896046,2.898551,10,2.898551,instagram,instagram_reels,,,,,,
2025-12-27,2025-12-27,0.230012,1,1,1.0,230.011865,0,,0.0,0,,instagram,instagram_search,,,,,,
2025-12-27,2025-12-27,12.460643,390,317,1.230284,31.950366,6,2.076774,1.538462,6,1.538462,instagram,instagram_stories,,,,,,
2025-12-28,2025-12-28,1.810151,136,56,2.428571,13.309935,13,0.139242,9.558824,17,12.5,audience_network,an_classic,,,,,,
2025-12-28,2025-12-28,2.000167,32,32,1.0,62.505221,4,0.500042,12.5,4,12.5,facebook,facebook_notification,1.0,35.94,,17.968499,2.000167,0.25
2025-12-28,2025-12-28,1.56013,134,128,1.046875,11.642764,3,0.520043,2.238806,2,1.492537,facebook,facebook_profile_feed,,,,,,
2025-12-28,2025-12-28,52.244364,2011,1608,1.250622,25.979296,62,0.842651,3.083043,50,2.486325,facebook,facebook_reels,2.0,263.84,,5.050114,26.122182,0.04
2025-12-28,2025-12-28,3.23027,1188,804,1.477612,2.719082,8,0.403784,0.673401,8,0.673401,facebook,facebook_reels_overlay,1.0,35.94,,11.126006,3.23027,0.125
2025-12-28,2025-12-28,7.870657,184,168,1.095238,42.775312,9,0.874517,4.891304,9,4.891304,facebook,facebook_stories,1.0,50.67,,6.437836,7.870657,0.1111111111111111
2025-12-28,2025-12-28,909.115934,39415,29416,1.339917,23.065227,1023,0.888676,2.595459,805,2.04237,facebook,feed,32.0,1177.76,,1.2955,28.4098729375,0.03975155279503106
2025-12-28,2025-12-28,2.880241,635,478,1.328452,4.535812,3,0.96008,0.472441,3,0.472441,facebook,instream_video,,,,,,
2025-12-28,2025-12-28,6.020503,611,466,1.311159,9.853524,11,0.547318,1.800327,10,1.636661,facebook,marketplace,1.0,23.96,,3.979734,6.020503,0.1
2025-12-28,2025-12-28,2.27019,1354,343,3.947522,1.676654,1,2.27019,0.073855,1,0.073855,facebook,right_hand_column,,,,,,
2025-12-28,2025-12-28,6.46054,420,389,1.079692,15.382237,8,0.807567,1.904762,8,1.904762,facebook,search,,,,,,
2025-12-28,2025-12-28,50.424212,1130,1008,1.121032,44.623196,38,1.326953,3.362832,37,3.274336,instagram,feed,,,,,,
2025-12-28,2025-12-28,0.010001,1,1,1.0,10.000835,0,,0.0,0,,instagram,instagram_explore,,,,,,
2025-12-28,2025-12-28,0.010001,1,1,1.0,10.000835,0,,0.0,0,,instagram,instagram_explore_grid_home,,,,,,
2025-12-28,2025-12-28,13.77115,399,353,1.130312,34.514161,19,0.724797,4.761905,17,4.260652,instagram,instagram_reels,2.0,79.91,,5.802711,6.885575,0.11764705882352941
2025-12-28,2025-12-28,17.831489,367,287,1.278746,48.587165,17,1.048911,4.632153,18,4.904632,instagram,instagram_stories,,,,,,
2025-12-28,2025-12-28,0.010001,1,1,1.0,10.000835,0,,0.0,0,,threads,threads_feed,,,,,,
2025-12-28,2025-12-28,0.0,0,0,0.0,,0,,,0,,unknown,unknown,,,,,,
2025-12-29,2025-12-29,5.69004,382,96,3.979167,14.895392,42,0.135477,10.994764,46,12.041885,audience_network,an_classic,,,,,,
2025-12-29,2025-12-29,1.900013,45,45,1.0,42.222517,4,0.475003,8.888889,4,8.888889,facebook,facebook_notification,,,,,,
2025-12-29,2025-12-29,1.43001,104,102,1.019608,13.750096,1,1.43001,0.961538,1,0.961538,facebook,facebook_profile_feed,,,,,,
2025-12-29,2025-12-29,47.100329,2233,1725,1.294493,21.092848,56,0.841077,2.507837,47,2.104792,facebook,facebook_reels,4.0,59.9,,1.271753,11.77508225,0.0851063829787234
2025-12-29,2025-12-29,3.400024,1177,807,1.458488,2.88872,0,,0.0,0,,facebook,facebook_reels_overlay,,,,,,
2025-12-29,2025-12-29,11.43008,168,147,1.142857,68.03619,6,1.905013,3.571429,5,2.97619,facebook,facebook_stories,,,,,,
2025-12-29,2025-12-29,1262.088819,62142,49605,1.252737,20.309755,1243,1.015357,2.000257,933,1.5014,facebook,feed,20.0,797.0,,0.631493,63.104440950000004,0.021436227224008574
2025-12-29,2025-12-29,2.770019,729,508,1.435039,3.799752,2,1.38501,0.274348,2,0.274348,facebook,instream_video,,,,,,
2025-12-29,2025-12-29,7.380052,760,548,1.386861,9.710594,6,1.230009,0.789474,6,0.789474,facebook,marketplace,,,,,,
2025-12-29,2025-12-29,4.34003,2203,535,4.117757,1.970055,3,1.446677,0.136178,3,0.136178,facebook,right_hand_column,2.0,113.81,,26.223319,2.170015,0.6666666666666666
2025-12-29,2025-12-29,7.430052,508,449,1.131403,14.626086,10,0.743005,1.968504,10,1.968504,facebook,search,1.0,23.96,,3.224742,7.430052,0.1
2025-12-29,2025-12-29,48.070336,1173,1016,1.154528,40.980679,20,2.403517,1.70503,22,1.875533,instagram,feed,,,,,,
2025-12-29,2025-12-29,0.340002,3,3,1.0,113.334125,0,,0.0,0,,instagram,instagram_explore,,,,,,
2025-12-29,2025-12-29,0.0,1,1,1.0,0.0,0,,0.0,0,,instagram,instagram_explore_grid_home,,,,,,
2025-12-29,2025-12-29,11.45008,371,350,1.06,30.862749,13,0.880775,3.504043,13,3.504043,instagram,instagram_reels,,,,,,
2025-12-29,2025-12-29,0.0,1,1,1.0,0.0,0,,0.0,0,,instagram,instagram_search,,,,,,
2025-12-29,2025-12-29,16.240113,405,346,1.17052,40.099046,20,0.812006,4.938272,20,4.938272,instagram,instagram_stories,,,,,,
2025-12-29,2025-12-29,0.0,1,1,1.0,0.0,0,,0.0,0,,threads,threads_feed,,,,,,
2025-12-30,2025-12-30,3.61048,424,82,5.170732,8.515283,30,0.120349,7.075472,34,8.018868,audience_network,an_classic,3.0,199.71,,55.313977,1.2034933333333333,0.08823529411764706
2025-12-30,2025-12-30,1.320175,27,27,1.0,48.895388,0,,0.0,0,,facebook,facebook_notification,,,,,,
2025-12-30,2025-12-30,0.780104,91,89,1.022472,8.572568,2,0.390052,2.197802,2,2.197802,facebook,facebook_profile_feed,,,,,,
2025-12-30,2025-12-30,47.976377,2330,1902,1.225026,20.59072,55,0.872298,2.360515,44,1.888412,facebook,facebook_reels,,,,,,
2025-12-30,2025-12-30,2.720362,1040,674,1.543027,2.615732,2,1.360181,0.192308,2,0.192308,facebook,facebook_reels_overlay,2.0,77.87,,28.624871,1.360181,1.0
2025-12-30,2025-12-30,10.691421,170,157,1.082803,62.890712,5,2.138284,2.941176,4,2.352941,facebook,facebook_stories,,,,,,
2025-12-30,2025-12-30,1159.19407,54619,43833,1.24607,21.223275,1095,1.058625,2.004797,841,1.539757,facebook,feed,15.0,508.25,,0.438451,77.27960466666667,0.0178359096313912
2025-12-30,2025-12-30,2.390318,666,475,1.402105,3.589066,4,0.597579,0.600601,4,0.600601,facebook,instream_video,,,,,,
2025-12-30,2025-12-30,6.680888,647,456,1.41886,10.325947,3,2.226963,0.463679,3,0.463679,facebook,marketplace,,,,,,
2025-12-30,2025-12-30,3.350445,1856,439,4.22779,1.805197,2,1.675223,0.107759,3,0.161638,facebook,right_hand_column,,,,,,
2025-12-30,2025-12-30,7.37098,556,509,1.092338,13.257158,11,0.670089,1.978417,11,1.978417,facebook,search,,,,,,
2025-12-30,2025-12-30,65.618721,1533,1360,1.127206,42.804124,31,2.116733,2.022179,29,1.891716,instagram,feed,,,,,,
2025-12-30,2025-12-30,0.020003,2,2,1.0,10.001329,0,,0.0,0,,instagram,instagram_explore,,,,,,
2025-12-30,2025-12-30,0.020003,5,4,1.25,4.000532,0,,0.0,0,,instagram,instagram_explore_grid_home,,,,,,
2025-12-30,2025-12-30,19.202552,514,465,1.105376,37.359051,13,1.477119,2.529183,13,2.529183,instagram,instagram_reels,,,,,,
2025-12-30,2025-12-30,0.040005,2,2,1.0,20.002659,0,,0.0,0,,instagram,instagram_search,,,,,,
2025-12-30,2025-12-30,23.243089,505,426,1.185446,46.025919,27,0.860855,5.346535,26,5.148515,instagram,instagram_stories,,,,,,
2025-12-30,2025-12-30,0.060008,4,4,1.0,15.001994,0,,0.0,0,,threads,threads_feed,,,,,,
2025-12-31,2025-12-31,2.2704,275,82,3.353659,8.256,25,0.090816,9.090909,25,9.090909,audience_network,an_classic,,,,,,
2025-12-31,2025-12-31,0.790139,25,25,1.0,31.605567,1,0.790139,4.0,1,4.0,facebook,facebook_notification,,,,,,
2025-12-31,2025-12-31,0.320056,53,52,1.019231,6.038799,1,0.320056,1.886792,2,3.773585,facebook,facebook_profile_feed,,,,,,
2025-12-31,2025-12-31,39.416943,2000,1619,1.23533,19.708471,37,1.065323,1.85,31,1.55,facebook,facebook_reels,,,,,,
2025-12-31,2025-12-31,2.430428,1057,678,1.558997,2.299364,6,0.405071,0.567644,6,0.567644,facebook,facebook_reels_overlay,1.0,71.88,,29.575037,2.430428,0.16666666666666666
2025-12-31,2025-12-31,5.300934,123,110,1.118182,43.097022,1,5.300934,0.813008,1,0.813008,facebook,facebook_stories,,,,,,
2025-12-31,2025-12-31,895.137664,46796,37060,1.262709,19.128508,1006,0.889799,2.149756,766,1.636892,facebook,feed,14.0,417.98,,0.466945,63.93840457142857,0.018276762402088774
2025-12-31,2025-12-31,1.940342,707,521,1.357006,2.744472,3,0.646781,0.424328,3,0.424328,facebook,instream_video,1.0,104.97,,54.098717,1.940342,0.3333333333333333
2025-12-31,2025-12-31,4.420779,457,353,1.294618,9.673476,6,0.736796,1.31291,6,1.31291,facebook,marketplace,,,,,,
2025-12-31,2025-12-31,2.580455,1721,439,3.920273,1.499393,2,1.290227,0.116212,2,0.116212,facebook,right_hand_column,,,,,,
2025-12-31,2025-12-31,6.041064,539,508,1.061024,11.207911,10,0.604106,1.855288,10,1.855288,facebook,search,1.0,17.97,,2.974642,6.041064,0.1
2025-12-31,2025-12-31,37.686638,1013,914,1.108315,37.202999,26,1.449486,2.566634,26,2.566634,instagram,feed,,,,,,
2025-12-31,2025-12-31,0.0,2,2,1.0,0.0,0,,0.0,0,,instagram,instagram_explore,,,,,,
2025-12-31,2025-12-31,0.0,1,1,1.0,0.0,0,,0.0,0,,instagram,instagram_explore_grid_home,,,,,,
2025-12-31,2025-12-31,9.551682,303,269,1.126394,31.523704,5,1.910336,1.650165,5,1.650165,instagram,instagram_reels,,,,,,
2025-12-31,2025-12-31,0.0,1,1,1.0,0.0,0,,0.0,0,,instagram,instagram_search,,,,,,
2025-12-31,2025-12-31,14.02247,380,300,1.266667,36.901236,10,1.402247,2.631579,10,2.631579,instagram,instagram_stories,,,,,,
2025-12-31,2025-12-31,0.040007,5,5,1.0,8.001409,0,,0.0,0,,messenger,messenger_stories,,,,,,
2026-01-01,2026-01-01,2.740229,352,92,3.826087,7.78474,33,0.083037,9.375,36,10.227273,audience_network,an_classic,,,,,,
2026-01-01,2026-01-01,0.710059,21,21,1.0,33.812345,1,0.710059,4.761905,1,4.761905,facebook,facebook_notification,,,,,,
2026-01-01,2026-01-01,0.940078,60,59,1.016949,15.667974,0,,0.0,0,,facebook,facebook_profile_feed,,,,,,
2026-01-01,2026-01-01,43.913664,2372,1903,1.246453,18.513349,81,0.542144,3.41484,69,2.908938,facebook,facebook_reels,3.0,83.86,,1.909656,14.637887999999998,0.043478260869565216
2026-01-01,2026-01-01,2.700225,1415,837,1.690562,1.908286,5,0.540045,0.353357,5,0.353357,facebook,facebook_reels_overlay,,,,,,
2026-01-01,2026-01-01,5.230436,127,117,1.08547,41.184539,8,0.653805,6.299213,8,6.299213,facebook,facebook_stories,,,,,,
2026-01-01,2026-01-01,834.069596,49744,41425,1.200821,16.76724,1264,0.659865,2.54101,997,2.004262,facebook,feed,19.0,578.11,,0.69312,43.898399789473686,0.01905717151454363
2026-01-01,2026-01-01,2.140179,1039,707,1.46959,2.059845,2,1.070089,0.192493,2,0.192493,facebook,instream_video,,,,,,
2026-01-01,2026-01-01,3.23027,459,356,1.289326,7.037624,4,0.807567,0.87146,4,0.87146,facebook,marketplace,,,,,,
2026-01-01,2026-01-01,1.540129,1355,368,3.682065,1.136626,0,,0.0,0,,facebook,right_hand_column,,,,,,
2026-01-01,2026-01-01,6.630553,593,569,1.042179,11.181371,14,0.473611,2.360877,14,2.360877,facebook,search,,,,,,
2026-01-01,2026-01-01,32.95275,940,854,1.100703,35.056117,36,0.915354,3.829787,36,3.829787,instagram,feed,,,,,,
2026-01-01,2026-01-01,0.040003,3,3,1.0,13.334446,0,,0.0,0,,instagram,instagram_explore,,,,,,
2026-01-01,2026-01-01,0.0,1,1,1.0,0.0,0,,0.0,0,,instagram,instagram_explore_grid_home,,,,,,
2026-01-01,2026-01-01,11.780983,335,298,1.124161,35.167114,9,1.308998,2.686567,8,2.38806,instagram,instagram_reels,,,,,,
2026-01-01,2026-01-01,0.0,3,3,1.0,0.0,0,,0.0,0,,instagram,instagram_search,,,,,,
2026-01-01,2026-01-01,10.120845,318,260,1.223077,31.826555,13,0.778527,4.08805,10,3.144654,instagram,instagram_stories,2.0,11.98,,1.183696,5.0604225,0.2
2026-01-01,2026-01-01,0.010001,2,2,1.0,5.000417,0,,0.0,0,,threads,threads_feed,,,,,,
2026-01-02,2026-01-02,4.600328,464,97,4.783505,9.9145,20,0.230016,4.310345,26,5.603448,audience_network,an_classic,,,,,,
2026-01-02,2026-01-02,1.430102,32,32,1.0,44.690686,5,0.28602,15.625,5,15.625,facebook,facebook_notification,,,,,,
2026-01-02,2026-01-02,0.930066,72,69,1.043478,12.917587,3,0.310022,4.166667,3,4.166667,facebook,facebook_profile_feed,,,,,,
2026-01-02,2026-01-02,34.802481,2156,1770,1.218079,16.142152,74,0.470304,3.432282,64,2.96846,facebook,facebook_reels,,,,,,
2026-01-02,2026-01-02,2.750196,1327,823,1.612394,2.072491,3,0.916732,0.226074,3,0.226074,facebook,facebook_reels_overlay,,,,,,
2026-01-02,2026-01-02,5.630401,154,139,1.107914,36.561048,9,0.6256,5.844156,9,5.844156,facebook,facebook_stories,,,,,,
2026-01-02,2026-01-02,845.750285,56924,47631,1.195104,14.857534,1244,0.679864,2.18537,972,1.70754,facebook,feed,26.0,1013.36,,1.198179,32.52885711538461,0.026748971193415638
2026-01-02,2026-01-02,2.560182,1017,685,1.484672,2.517387,2,1.280091,0.196657,2,0.196657,facebook,instream_video,,,,,,
2026-01-02,2026-01-02,3.820272,574,413,1.389831,6.655527,8,0.477534,1.393728,8,1.393728,facebook,marketplace,,,,,,
2026-01-02,2026-01-02,2.67019,1805,435,4.149425,1.47933,3,0.890063,0.166205,3,0.166205,facebook,right_hand_column,,,,,,
2026-01-02,2026-01-02,6.120436,563,520,1.082692,10.871112,13,0.470803,2.309059,13,2.309059,facebook,search,,,,,,
2026-01-02,2026-01-02,48.383449,1217,1059,1.149197,39.756326,41,1.180084,3.36894,40,3.286771,instagram,feed,1.0,29.95,,0.619013,48.383449,0.025
2026-01-02,2026-01-02,0.030002,3,3,1.0,10.000713,0,,0.0,0,,instagram,instagram_explore,,,,,,
2026-01-02,2026-01-02,11.160796,334,275,1.214545,33.415556,13,0.858523,3.892216,12,3.592814,instagram,instagram_reels,,,,,,
2026-01-02,2026-01-02,0.010001,2,2,1.0,5.000356,0,,0.0,0,,instagram,instagram_search,,,,,,
2026-01-02,2026-01-02,11.400813,350,279,1.25448,32.57375,7,1.628688,2.0,7,2.0,instagram,instagram_stories,,,,,,
2026-01-02,2026-01-02,0.0,1,1,1.0,0.0,0,,0.0,0,,messenger,messenger_stories,,,,,,
2026-01-02,2026-01-02,0.0,1,1,1.0,0.0,0,,0.0,0,,threads,threads_feed,,,,,,
2026-01-02,2026-01-02,0.0,0,0,0.0,,0,,,0,,unknown,unknown,,,,,,
2026-01-03,2026-01-03,2.660161,226,59,3.830508,11.770623,18,0.147787,7.964602,20,8.849558,audience_network,an_classic,1.0,35.94,,13.510462,2.660161,0.05
2026-01-03,2026-01-03,1.710103,46,46,1.0,37.17616,2,0.855052,4.347826,2,4.347826,facebook,facebook_notification,,,,,,
2026-01-03,2026-01-03,0.690042,61,59,1.033898,11.312159,1,0.690042,1.639344,1,1.639344,facebook,facebook_profile_feed,,,,,,
2026-01-03,2026-01-03,33.092,1895,1495,1.267559,17.462797,47,0.704085,2.480211,41,2.163588,facebook,facebook_reels,,,,,,
2026-01-03,2026-01-03,2.470149,1196,731,1.636115,2.065342,1,2.470149,0.083612,1,0.083612,facebook,facebook_reels_overlay,1.0,155.74,,63.048821,2.470149,1.0
2026-01-03,2026-01-03,3.990241,111,102,1.088235,35.948119,6,0.66504,5.405405,6,5.405405,facebook,facebook_stories,1.0,29.95,,7.505812,3.990241,0.16666666666666666
2026-01-03,2026-01-03,708.942849,41403,32290,1.282224,17.122983,969,0.731623,2.34041,776,1.87426,facebook,feed,31.0,1334.13,,1.881858,22.869124161290323,0.03994845360824742
2026-01-03,2026-01-03,2.920177,851,597,1.425461,3.431465,6,0.486696,0.705053,6,0.705053,facebook,instream_video,,,,,,
2026-01-03,2026-01-03,3.64022,493,366,1.346995,7.383813,2,1.82011,0.40568,2,0.40568,facebook,marketplace,,,,,,
2026-01-03,2026-01-03,1.630099,1234,278,4.438849,1.320987,1,1.630099,0.081037,1,0.081037,facebook,right_hand_column,,,,,,
2026-01-03,2026-01-03,7.160433,524,481,1.089397,13.664948,12,0.596703,2.290076,12,2.290076,facebook,search,,,,,,
2026-01-03,2026-01-03,39.762403,998,898,1.111359,39.842087,40,0.99406,4.008016,38,3.807615,instagram,feed,1.0,23.96,,0.602579,39.762403,0.02631578947368421
2026-01-03,2026-01-03,0.090005,2,2,1.0,45.00272,0,,0.0,0,,instagram,instagram_explore,,,,,,
2026-01-03,2026-01-03,8.700526,265,238,1.113445,32.832173,7,1.242932,2.641509,7,2.641509,instagram,instagram_reels,,,,,,
2026-01-03,2026-01-03,9.780591,298,252,1.18254,32.820776,7,1.397227,2.348993,7,2.348993,instagram,instagram_stories,,,,,,
2026-01-03,2026-01-03,0.010001,1,1,1.0,10.000604,0,,0.0,0,,messenger,messenger_stories,,,,,,
2026-01-03,2026-01-03,0.0,0,0,0.0,,0,,,0,,unknown,unknown,,,,,,
2026-01-04,2026-01-04,2.660163,297,75,3.96,8.956776,18,0.147787,6.060606,21,7.070707,audience_network,an_classic,,,,,,
2026-01-04,2026-01-04,1.390085,32,31,1.032258,43.440154,1,1.390085,3.125,1,3.125,facebook,facebook_notification,,,,,,
2026-01-04,2026-01-04,1.120068,102,97,1.051546,10.981063,0,,0.0,0,,facebook,facebook_profile_feed,,,,,,
2026-01-04,2026-01-04,50.683097,2641,2109,1.252252,19.190873,84,0.60337,3.180613,71,2.688376,facebook,facebook_reels,3.0,202.31,,3.991666,16.894365666666666,0.04225352112676056
2026-01-04,2026-01-04,2.970181,1387,849,1.633687,2.141443,4,0.742545,0.288392,4,0.288392,facebook,facebook_reels_overlay,,,,,,
2026-01-04,2026-01-04,8.660529,166,152,1.092105,52.171862,6,1.443422,3.614458,6,3.614458,facebook,facebook_stories,2.0,47.92,,5.533149,4.3302645,0.3333333333333333
2026-01-04,2026-01-04,984.610155,59171,50206,1.178564,16.64008,1389,0.708863,2.347434,1030,1.740718,facebook,feed,19.0,740.75,,0.752328,51.821587105263156,0.018446601941747572
2026-01-04,2026-01-04,2.840174,936,658,1.422492,3.034373,5,0.568035,0.534188,6,0.641026,facebook,instream_video,,,,,,
2026-01-04,2026-01-04,5.320325,625,469,1.332623,8.51252,6,0.886721,0.96,6,0.96,facebook,marketplace,,,,,,
2026-01-04,2026-01-04,1.530093,1233,324,3.805556,1.240952,1,1.530093,0.081103,1,0.081103,facebook,right_hand_column,1.0,79.96,,52.258245,1.530093,1.0
2026-01-04,2026-01-04,5.07031,563,535,1.052336,9.005879,10,0.507031,1.776199,10,1.776199,facebook,search,,,,,,
2026-01-04,2026-01-04,52.603214,1210,1110,1.09009,43.47373,29,1.813904,2.396694,29,2.396694,instagram,feed,2.0,55.92,,1.063053,26.301607,0.06896551724137931
2026-01-04,2026-01-04,0.040002,1,1,1.0,40.002444,0,,0.0,0,,instagram,instagram_explore,,,,,,
2026-01-04,2026-01-04,0.0,2,2,1.0,0.0,0,,0.0,0,,instagram,instagram_explore_grid_home,,,,,,
2026-01-04,2026-01-04,13.720838,339,307,1.104235,40.474449,12,1.143403,3.539823,11,3.244838,instagram,instagram_reels,,,,,,
2026-01-04,2026-01-04,12.520765,324,276,1.173913,38.644336,6,2.086794,1.851852,6,1.851852,instagram,instagram_stories,,,,,,
2026-01-04,2026-01-04,0.010001,2,2,1.0,5.000306,0,,0.0,0,,threads,threads_feed,,,,,,
2026-01-05,2026-01-05,5.210957,263,66,3.984848,19.813525,32,0.162842,12.1673,36,13.688213,audience_network,an_classic,1.0,35.94,,6.897005,5.210957,0.027777777777777776
2026-01-05,2026-01-05,0.660121,24,24,1.0,27.505052,3,0.22004,12.5,3,12.5,facebook,facebook_notification,,,,,,
2026-01-05,2026-01-05,0.87016,49,48,1.020833,17.758364,1,0.87016,2.040816,1,2.040816,facebook,facebook_profile_feed,,,,,,
2026-01-05,2026-01-05,43.60801,1920,1505,1.275748,22.712505,60,0.7268,3.125,55,2.864583,facebook,facebook_reels,1.0,23.96,,0.54944,43.60801,0.01818181818181818
2026-01-05,2026-01-05,2.350432,1118,695,1.608633,2.102354,1,2.350432,0.089445,1,0.089445,facebook,facebook_reels_overlay,,,,,,
2026-01-05,2026-01-05,4.710865,97,92,1.054348,48.565622,8,0.588858,8.247423,9,9.278351,facebook,facebook_stories,,,,,,
2026-01-05,2026-01-05,747.137239,44993,38110,1.180609,16.605633,976,0.765509,2.169226,735,1.633587,facebook,feed,16.0,920.89,,1.232558,46.6960774375,0.021768707482993196
2026-01-05,2026-01-05,1.74032,887,630,1.407937,1.962029,1,1.74032,0.11274,1,0.11274,facebook,instream_video,1.0,77.87,,44.744653,1.74032,1.0
2026-01-05,2026-01-05,3.59066,450,359,1.253482,7.979243,6,0.598443,1.333333,6,1.333333,facebook,marketplace,,,,,,
2026-01-05,2026-01-05,1.670307,1306,336,3.886905,1.278949,0,,0.0,0,,facebook,right_hand_column,,,,,,
2026-01-05,2026-01-05,5.511012,389,363,1.071625,14.167127,10,0.551101,2.570694,9,2.313625,facebook,search,,,,,,
2026-01-05,2026-01-05,38.627095,768,645,1.190698,50.295697,21,1.839385,2.734375,20,2.604167,instagram,feed,,,,,,
2026-01-05,2026-01-05,0.030006,2,2,1.0,15.002756,0,,0.0,0,,instagram,instagram_explore,,,,,,
2026-01-05,2026-01-05,0.010002,1,1,1.0,10.001837,0,,0.0,0,,instagram,instagram_explore_grid_home,,,,,,
2026-01-05,2026-01-05,8.38154,237,195,1.215385,35.365146,8,1.047692,3.375527,8,3.375527,instagram,instagram_reels,,,,,,
2026-01-05,2026-01-05,0.010002,1,1,1.0,10.001837,0,,0.0,0,,instagram,instagram_search,,,,,,
2026-01-05,2026-01-05,6.921271,186,153,1.215686,37.211136,2,3.460636,1.075269,2,1.075269,instagram,instagram_stories,1.0,35.94,,5.192688,6.921271,0.5
2026-01-05,2026-01-05,0.010002,1,1,1.0,10.001837,0,,0.0,0,,threads,threads_feed,,,,,,
2026-01-05,2026-01-05,0.0,0,0,0.0,,0,,,0,,unknown,unknown,,,,,,
2026-01-06,2026-01-06,2.03,284,69,4.115942,7.147887,7,0.29,2.464789,7,2.464789,audience_network,an_classic,,,,,,
2026-01-06,2026-01-06,1.33,21,21,1.0,63.333333,4,0.3325,19.047619,4,19.047619,facebook,facebook_notification,,,,,,
2026-01-06,2026-01-06,0.31,44,43,1.023256,7.045455,0,,0.0,0,,facebook,facebook_profile_feed,,,,,,
2026-01-06,2026-01-06,35.23,1894,1537,1.232271,18.600845,62,0.568226,3.273495,55,2.903907,facebook,facebook_reels,,,,,,
2026-01-06,2026-01-06,2.75,1159,704,1.646307,2.372735,8,0.34375,0.69025,8,0.69025,facebook,facebook_reels_overlay,,,,,,
2026-01-06,2026-01-06,7.0,87,82,1.060976,80.45977,8,0.875,9.195402,9,10.344828,facebook,facebook_stories,,,,,,
2026-01-06,2026-01-06,667.2,37070,32030,1.157352,17.998381,763,0.874443,2.058268,607,1.637443,facebook,feed,10.0,262.61,,0.3936,66.72,0.016474464579901153
2026-01-06,2026-01-06,1.88,903,649,1.391371,2.081949,1,1.88,0.110742,1,0.110742,facebook,instream_video,,,,,,
2026-01-06,2026-01-06,4.08,426,313,1.361022,9.577465,3,1.36,0.704225,3,0.704225,facebook,marketplace,,,,,,
2026-01-06,2026-01-06,1.26,1102,284,3.880282,1.143376,0,,0.0,0,,facebook,right_hand_column,,,,,,
2026-01-06,2026-01-06,4.59,305,299,1.020067,15.04918,4,1.1475,1.311475,4,1.311475,facebook,search,,,,,,
2026-01-06,2026-01-06,20.42,512,471,1.087049,39.882813,20,1.021,3.90625,19,3.710938,instagram,feed,,,,,,
2026-01-06,2026-01-06,8.46,219,189,1.15873,38.630137,8,1.0575,3.652968,8,3.652968,instagram,instagram_reels,,,,,,
2026-01-06,2026-01-06,0.01,1,1,1.0,10.0,0,,0.0,0,,instagram,instagram_search,,,,,,
2026-01-06,2026-01-06,5.99,144,119,1.210084,41.597222,4,1.4975,2.777778,4,2.777778,instagram,instagram_stories,,,,,,
2026-01-06,2026-01-06,0.01,1,1,1.0,10.0,0,,0.0,0,,threads,threads_feed,,,,,,
2026-01-07,2026-01-07,2.210072,181,59,3.067797,12.21034,22,0.100458,12.154696,23,12.707182,audience_network,an_classic,,,,,,
2026-01-07,2026-01-07,1.170038,30,30,1.0,39.001262,2,0.585019,6.666667,2,6.666667,facebook,facebook_notification,,,,,,
2026-01-07,2026-01-07,0.670022,54,50,1.08,12.407809,1,0.670022,1.851852,1,1.851852,facebook,facebook_profile_feed,,,,,,
2026-01-07,2026-01-07,38.151234,1687,1404,1.201567,22.61484,64,0.596113,3.793717,57,3.378779,facebook,facebook_reels,,,,,,
2026-01-07,2026-01-07,2.890094,1198,760,1.576316,2.412432,2,1.445047,0.166945,2,0.166945,facebook,facebook_reels_overlay,,,,,,
2026-01-07,2026-01-07,6.400207,98,93,1.053763,65.308236,2,3.200104,2.040816,2,2.040816,facebook,facebook_stories,1.0,575.04,,89.847093,6.400207,0.5
2026-01-07,2026-01-07,790.715585,40897,34620,1.181311,19.334318,933,0.847498,2.281341,721,1.762966,facebook,feed,7.0,210.65,,0.266404,112.95936928571429,0.009708737864077669
2026-01-07,2026-01-07,1.950063,863,627,1.376396,2.259633,4,0.487516,0.463499,6,0.695249,facebook,instream_video,,,,,,
2026-01-07,2026-01-07,5.080164,578,430,1.344186,8.789212,8,0.635021,1.384083,8,1.384083,facebook,marketplace,,,,,,
2026-01-07,2026-01-07,1.930062,1449,414,3.5,1.331996,5,0.386012,0.345066,5,0.345066,facebook,right_hand_column,,,,,,
2026-01-07,2026-01-07,5.86019,378,363,1.041322,15.503147,10,0.586019,2.645503,10,2.645503,facebook,search,,,,,,
2026-01-07,2026-01-07,44.271432,1016,945,1.075132,43.574245,40,1.106786,3.937008,41,4.035433,instagram,feed,1.0,79.96,,1.806131,44.271432,0.024390243902439025
2026-01-07,2026-01-07,0.01,1,1,1.0,10.000324,0,,0.0,0,,instagram,instagram_explore,,,,,,
2026-01-07,2026-01-07,0.01,3,3,1.0,3.333441,0,,0.0,0,,instagram,instagram_explore_grid_home,,,,,,
2026-01-07,2026-01-07,11.170361,332,294,1.129252,33.645667,12,0.930863,3.614458,12,3.614458,instagram,instagram_reels,,,,,,
2026-01-07,2026-01-07,14.650474,411,355,1.157746,35.645922,14,1.046462,3.406326,13,3.163017,instagram,instagram_stories,,,,,,
2026-01-07,2026-01-07,0.01,1,1,1.0,10.000324,0,,0.0,0,,messenger,messenger_stories,,,,,,
2026-01-07,2026-01-07,0.01,2,2,1.0,5.000162,0,,0.0,0,,threads,threads_feed,,,,,,
2026-01-08,2026-01-08,5.951984,346,84,4.119048,17.202266,38,0.156631,10.982659,41,11.849711,audience_network,an_classic,1.0,29.95,,5.031935,5.951984,0.024390243902439025
2026-01-08,2026-01-08,1.250417,21,21,1.0,59.543658,1,1.250417,4.761905,1,4.761905,facebook,facebook_notification,,,,,,
2026-01-08,2026-01-08,0.75025,60,60,1.0,12.504168,4,0.187563,6.666667,4,6.666667,facebook,facebook_profile_feed,,,,,,
2026-01-08,2026-01-08,41.383795,1708,1410,1.211348,24.229388,65,0.636674,3.805621,54,3.161593,facebook,facebook_reels,1.0,114.65,,2.770408,41.383795,0.018518518518518517
2026-01-08,2026-01-08,3.231077,1361,831,1.637786,2.374046,6,0.538513,0.440852,6,0.440852,facebook,facebook_reels_overlay,2.0,55.92,,17.306922,1.6155385,0.3333333333333333
2026-01-08,2026-01-08,6.272091,100,93,1.075269,62.720908,6,1.045348,6.0,6,6.0,facebook,facebook_stories,,,,,,
2026-01-08,2026-01-08,812.260768,44035,36816,1.196083,18.445799,1011,0.803423,2.295901,767,1.741796,facebook,feed,15.0,374.39,,0.460923,54.15071786666667,0.01955671447196871
2026-01-08,2026-01-08,1.970657,904,617,1.465154,2.17993,5,0.394131,0.553097,6,0.663717,facebook,instream_video,,,,,,
2026-01-08,2026-01-08,5.371791,602,484,1.243802,8.92324,9,0.596866,1.495017,9,1.495017,facebook,marketplace,,,,,,
2026-01-08,2026-01-08,2.540847,1845,509,3.624754,1.377153,1,2.540847,0.054201,1,0.054201,facebook,right_hand_column,,,,,,
2026-01-08,2026-01-08,3.221074,477,450,1.06,6.752775,6,0.536846,1.257862,6,1.257862,facebook,search,,,,,,
2026-01-08,2026-01-08,43.444482,982,858,1.144522,44.240817,30,1.448149,3.05499,31,3.156823,instagram,feed,1.0,48.93,,1.126265,43.444482,0.03225806451612903
2026-01-08,2026-01-08,0.040013,3,3,1.0,13.337779,0,,0.0,0,,instagram,instagram_explore,,,,,,
2026-01-08,2026-01-08,0.0,2,2,1.0,0.0,0,,0.0,0,,instagram,instagram_explore_grid_home,,,,,,
2026-01-08,2026-01-08,13.534512,394,355,1.109859,34.351553,17,0.796148,4.314721,17,4.314721,instagram,instagram_reels,,,,,,
2026-01-08,2026-01-08,0.0,1,1,1.0,0.0,0,,0.0,0,,instagram,instagram_search,,,,,,
2026-01-08,2026-01-08,18.496166,419,367,1.141689,44.143594,15,1.233078,3.579952,12,2.863962,instagram,instagram_stories,,,,,,
2026-01-08,2026-01-08,0.230077,22,22,1.0,10.458032,0,,0.0,0,,threads,threads_feed,,,,,,
2026-01-08,2026-01-08,0.0,0,0,0.0,,0,,,0,,unknown,unknown,,,,,,
2026-01-09,2026-01-09,5.040923,472,83,5.686747,10.679922,40,0.126023,8.474576,45,9.533898,audience_network,an_classic,,,,,,
2026-01-09,2026-01-09,0.970178,21,21,1.0,46.198936,5,0.194036,23.809524,5,23.809524,facebook,facebook_notification,,,,,,
2026-01-09,2026-01-09,0.590108,52,51,1.019608,11.348232,0,,0.0,0,,facebook,facebook_profile_feed,,,,,,
2026-01-09,2026-01-09,31.425754,1583,1286,1.230949,19.852024,55,0.571377,3.474416,47,2.969046,facebook,facebook_reels,,,,,,
2026-01-09,2026-01-09,3.750687,1439,964,1.492739,2.606454,6,0.625114,0.416956,6,0.416956,facebook,facebook_reels_overlay,3.0,34.95,,9.318293,1.250229,0.5
2026-01-09,2026-01-09,3.970727,85,78,1.089744,46.714436,6,0.661788,7.058824,6,7.058824,facebook,facebook_stories,1.0,23.96,,6.034159,3.970727,0.16666666666666666
2026-01-09,2026-01-09,749.027151,38709,31655,1.22284,19.350207,1035,0.723698,2.673797,765,1.976285,facebook,feed,15.0,1465.11,,1.956017,49.9351434,0.0196078431372549
2026-01-09,2026-01-09,1.840337,754,533,1.414634,2.440765,2,0.920168,0.265252,1,0.132626,facebook,instream_video,,,,,,
2026-01-09,2026-01-09,5.921084,583,440,1.325,10.156234,4,1.480271,0.686106,5,0.857633,facebook,marketplace,,,,,,
2026-01-09,2026-01-09,2.440447,1613,451,3.576497,1.512986,1,2.440447,0.061996,1,0.061996,facebook,right_hand_column,,,,,,
2026-01-09,2026-01-09,6.031104,347,328,1.057927,17.380704,6,1.005184,1.729107,6,1.729107,facebook,search,,,,,,
2026-01-09,2026-01-09,34.73636,897,809,1.108776,38.72504,35,0.992467,3.901895,35,3.901895,instagram,feed,,,,,,
2026-01-09,2026-01-09,0.010002,1,1,1.0,10.001831,0,,0.0,0,,instagram,instagram_explore,,,,,,
2026-01-09,2026-01-09,0.0,1,1,1.0,0.0,0,,0.0,0,,instagram,instagram_explore_grid_home,,,,,,
2026-01-09,2026-01-09,12.242242,327,296,1.10473,37.438048,15,0.816149,4.587156,15,4.587156,instagram,instagram_reels,,,,,,
2026-01-09,2026-01-09,0.0,1,1,1.0,0.0,0,,0.0,0,,instagram,instagram_search,,,,,,
2026-01-09,2026-01-09,15.382817,435,362,1.201657,35.362797,12,1.281901,2.758621,11,2.528736,instagram,instagram_stories,,,,,,
2026-01-09,2026-01-09,0.430079,21,21,1.0,20.47994,0,,0.0,0,,threads,threads_feed,,,,,,
2026-01-09,2026-01-09,0.0,0,0,0.0,,0,,,0,,unknown,unknown,,,,,,
2026-01-10,2026-01-10,4.170579,270,47,5.744681,15.446588,16,0.260661,5.925926,19,7.037037,audience_network,an_classic,,,,,,
2026-01-10,2026-01-10,0.660092,20,20,1.0,33.00458,1,0.660092,5.0,1,5.0,facebook,facebook_notification,,,,,,
2026-01-10,2026-01-10,0.370051,42,42,1.0,8.810746,0,,0.0,0,,facebook,facebook_profile_feed,,,,,,
2026-01-10,2026-01-10,38.285312,1722,1294,1.330757,22.23305,61,0.627628,3.542393,56,3.252033,facebook,facebook_reels,2.0,67.93,,1.77431,19.142656,0.03571428571428571
2026-01-10,2026-01-10,3.790526,1586,951,1.667718,2.389991,5,0.758105,0.315259,5,0.315259,facebook,facebook_reels_overlay,,,,,,
2026-01-10,2026-01-10,4.160577,92,88,1.045455,45.223666,3,1.386859,3.26087,3,3.26087,facebook,facebook_stories,,,,,,
2026-01-10,2026-01-10,672.743346,36996,28761,1.286325,18.184218,1061,0.634065,2.867878,804,2.173208,facebook,feed,24.0,690.93,,1.027034,28.03097275,0.029850746268656716
2026-01-10,2026-01-10,1.770246,771,552,1.396739,2.296038,4,0.442561,0.518807,4,0.518807,facebook,instream_video,1.0,17.97,,10.151134,1.770246,0.25
2026-01-10,2026-01-10,5.100708,612,441,1.387755,8.33449,9,0.566745,1.470588,9,1.470588,facebook,marketplace,,,,,,
2026-01-10,2026-01-10,1.580219,1179,327,3.605505,1.340305,0,,0.0,0,,facebook,right_hand_column,,,,,,
2026-01-10,2026-01-10,4.050562,540,503,1.073559,7.501041,9,0.450062,1.666667,10,1.851852,facebook,search,,,,,,
2026-01-10,2026-01-10,32.024444,819,719,1.139082,39.101885,28,1.14373,3.418803,27,3.296703,instagram,feed,,,,,,
2026-01-10,2026-01-10,0.090012,1,1,1.0,90.01249,0,,0.0,0,,instagram,instagram_explore,,,,,,
2026-01-10,2026-01-10,0.0,1,1,1.0,0.0,0,,0.0,0,,instagram,instagram_explore_grid_home,,,,,,
2026-01-10,2026-01-10,9.141268,332,302,1.099338,27.533941,19,0.481119,5.722892,18,5.421687,instagram,instagram_reels,1.0,19.99,,2.186786,9.141268,0.05555555555555555
2026-01-10,2026-01-10,0.100014,1,1,1.0,100.013877,0,,0.0,0,,instagram,instagram_search,,,,,,
2026-01-10,2026-01-10,14.472008,404,359,1.125348,35.821802,17,0.851295,4.207921,16,3.960396,instagram,instagram_stories,1.0,71.88,,4.96683,14.472008,0.0625
2026-01-10,2026-01-10,0.040006,3,3,1.0,13.335184,0,,0.0,0,,messenger,messenger_stories,,,,,,
2026-01-10,2026-01-10,0.220031,16,16,1.0,13.751908,0,,0.0,0,,threads,threads_feed,,,,,,
2026-01-11,2026-01-11,3.580656,508,58,8.758621,7.048536,22,0.162757,4.330709,28,5.511811,audience_network,an_classic,1.0,29.95,,8.364389,3.580656,0.03571428571428571
2026-01-11,2026-01-11,1.070196,19,19,1.0,56.326112,1,1.070196,5.263158,1,5.263158,facebook,facebook_notification,1.0,79.96,,74.715277,1.070196,1.0
2026-01-11,2026-01-11,0.570104,56,55,1.018182,10.180437,0,,0.0,0,,facebook,facebook_profile_feed,2.0,,,,0.285052,
2026-01-11,2026-01-11,39.027152,2320,1756,1.321185,16.822048,64,0.609799,2.758621,57,2.456897,facebook,facebook_reels,1.0,23.96,,0.613932,39.027152,0.017543859649122806
2026-01-11,2026-01-11,4.20077,1868,1159,1.611734,2.248806,4,1.050192,0.214133,4,0.214133,facebook,facebook_reels_overlay,,,,,,
2026-01-11,2026-01-11,8.421543,178,161,1.10559,47.312041,8,1.052693,4.494382,8,4.494382,facebook,facebook_stories,3.0,136.78,,16.241679,2.807181,0.375
2026-01-11,2026-01-11,831.162316,51336,41539,1.235851,16.190633,1376,0.604042,2.68038,1029,2.004441,facebook,feed,16.0,542.17,,0.652303,51.94764475,0.015549076773566569
2026-01-11,2026-01-11,2.500458,1071,733,1.461119,2.334695,7,0.357208,0.653595,7,0.653595,facebook,instream_video,,,,,,
2026-01-11,2026-01-11,7.941455,782,572,1.367133,10.155314,10,0.794146,1.278772,10,1.278772,facebook,marketplace,,,,,,
2026-01-11,2026-01-11,2.390438,1567,409,3.831296,1.525487,6,0.398406,0.382897,6,0.382897,facebook,right_hand_column,,,,,,
2026-01-11,2026-01-11,3.210588,679,631,1.07607,4.728407,11,0.291872,1.620029,11,1.620029,facebook,search,,,,,,
2026-01-11,2026-01-11,43.778023,1164,1031,1.129001,37.609985,51,0.858393,4.381443,48,4.123711,instagram,feed,2.0,58.95,,1.346566,21.8890115,0.041666666666666664
2026-01-11,2026-01-11,0.050009,3,3,1.0,16.669722,0,,0.0,0,,instagram,instagram_explore,,,,,,
2026-01-11,2026-01-11,0.0,3,3,1.0,0.0,0,,0.0,0,,instagram,instagram_explore_grid_home,,,,,,
2026-01-11,2026-01-11,14.002566,448,397,1.128463,31.255728,28,0.500092,6.25,28,6.25,instagram,instagram_reels,,,,,,
2026-01-11,2026-01-11,20.153693,561,485,1.156701,35.924587,16,1.259606,2.85205,16,2.85205,instagram,instagram_stories,,,,,,
2026-01-11,2026-01-11,0.170031,25,25,1.0,6.801246,0,,0.0,0,,threads,threads_feed,,,,,,
2026-01-11,2026-01-11,0.0,0,0,0.0,,0,,,0,,unknown,unknown,,,,,,
2026-01-12,2026-01-12,5.069816,346,88,3.931818,14.652646,30,0.168994,8.67052,36,10.404624,audience_network,an_classic,,,,,,
2026-01-12,2026-01-12,1.009963,26,26,1.0,38.844741,2,0.504982,7.692308,2,7.692308,facebook,facebook_notification,,,,,,
2026-01-12,2026-01-12,0.989964,57,56,1.017857,17.36779,1,0.989964,1.754386,1,1.754386,facebook,facebook_profile_feed,,,,,,
2026-01-12,2026-01-12,32.568816,1914,1514,1.264201,17.0161,40,0.81422,2.089864,33,1.724138,facebook,facebook_reels,,,,,,
2026-01-12,2026-01-12,3.219883,1452,861,1.686411,2.21755,3,1.073294,0.206612,3,0.206612,facebook,facebook_reels_overlay,,,,,,
2026-01-12,2026-01-12,5.639795,117,107,1.093458,48.203375,4,1.409949,3.418803,4,3.418803,facebook,facebook_stories,,,,,,
2026-01-12,2026-01-12,988.524056,69791,58575,1.191481,14.164062,1392,0.710147,1.994527,1005,1.440014,facebook,feed,16.0,443.34,,0.448487,61.7827535,0.015920398009950248
2026-01-12,2026-01-12,2.499909,670,471,1.422505,3.731208,1,2.499909,0.149254,1,0.149254,facebook,instream_video,,,,,,
2026-01-12,2026-01-12,5.419803,621,471,1.318471,8.727541,10,0.54198,1.610306,10,1.610306,facebook,marketplace,1.0,23.96,,4.420825,5.419803,0.1
2026-01-12,2026-01-12,3.159885,1821,504,3.613095,1.735247,1,3.159885,0.054915,1,0.054915,facebook,right_hand_column,,,,,,
2026-01-12,2026-01-12,3.179884,307,287,1.069686,10.35793,6,0.529981,1.954397,6,1.954397,facebook,search,,,,,,
2026-01-12,2026-01-12,33.888768,878,760,1.155263,38.597685,32,1.059024,3.644647,30,3.416856,instagram,feed,,,,,,
2026-01-12,2026-01-12,0.01,1,1,1.0,9.999636,0,,0.0,0,,instagram,instagram_explore,,,,,,
2026-01-12,2026-01-12,7.649722,222,186,1.193548,34.458207,9,0.849969,4.054054,9,4.054054,instagram,instagram_reels,,,,,,
2026-01-12,2026-01-12,0.0,1,1,1.0,0.0,0,,0.0,0,,instagram,instagram_search,,,,,,
2026-01-12,2026-01-12,7.249736,215,173,1.242775,33.719704,10,0.724974,4.651163,10,4.651163,instagram,instagram_stories,,,,,,
2026-01-12,2026-01-12,0.0,1,1,1.0,0.0,0,,0.0,0,,messenger,messenger_stories,,,,,,
2026-01-12,2026-01-12,0.0,3,3,1.0,0.0,0,,0.0,0,,threads,threads_feed,,,,,,
2026-01-13,2026-01-13,9.264086,510,92,5.543478,18.164875,50,0.185282,9.803922,63,12.352941,audience_network,an_classic,,,,,,
2026-01-13,2026-01-13,2.230984,36,34,1.058824,61.971781,2,1.115492,5.555556,2,5.555556,facebook,facebook_notification,,,,,,
2026-01-13,2026-01-13,0.820362,55,54,1.018519,14.91567,0,,0.0,0,,facebook,facebook_profile_feed,,,,,,
2026-01-13,2026-01-13,18.298071,1336,1093,1.222324,13.696161,32,0.571815,2.39521,31,2.320359,facebook,facebook_reels,,,,,,
2026-01-13,2026-01-13,3.291452,1252,783,1.598978,2.628955,6,0.548575,0.479233,6,0.479233,facebook,facebook_reels_overlay,,,,,,
2026-01-13,2026-01-13,4.752096,87,77,1.12987,54.621795,3,1.584032,3.448276,3,3.448276,facebook,facebook_stories,,,,,,
2026-01-13,2026-01-13,767.938743,45870,37628,1.219039,16.741634,1068,0.719044,2.328319,785,1.711358,facebook,feed,12.0,513.36,,0.668491,63.994895250000006,0.015286624203821656
2026-01-13,2026-01-13,2.030896,534,380,1.405263,3.803176,2,1.015448,0.374532,2,0.374532,facebook,instream_video,,,,,,
2026-01-13,2026-01-13,5.242312,569,417,1.364508,9.213203,3,1.747437,0.527241,2,0.351494,facebook,marketplace,,,,,,
2026-01-13,2026-01-13,2.481094,1637,415,3.944578,1.515635,1,2.481094,0.061087,1,0.061087,facebook,right_hand_column,,,,,,
2026-01-13,2026-01-13,3.001324,286,264,1.083333,10.49414,12,0.25011,4.195804,12,4.195804,facebook,search,,,,,,
2026-01-13,2026-01-13,30.163305,762,661,1.152799,39.58439,15,2.010887,1.968504,15,1.968504,instagram,feed,,,,,,
2026-01-13,2026-01-13,0.020009,1,1,1.0,20.008826,0,,0.0,0,,instagram,instagram_explore,,,,,,
2026-01-13,2026-01-13,5.942621,170,149,1.14094,34.956596,8,0.742828,4.705882,6,3.529412,instagram,instagram_reels,,,,,,
2026-01-13,2026-01-13,5.982639,165,135,1.222222,36.258418,4,1.49566,2.424242,4,2.424242,instagram,instagram_stories,,,,,,
2026-01-13,2026-01-13,0.010004,1,1,1.0,10.004413,0,,0.0,0,,threads,threads_feed,,,,,,
2026-01-13,2026-01-13,0.0,0,0,0.0,,0,,,0,,unknown,unknown,,,,,,
2026-01-14,2026-01-14,4.160418,272,78,3.487179,15.295655,25,0.166417,9.191176,29,10.661765,audience_network,an_classic,,,,,,
2026-01-14,2026-01-14,1.750176,34,34,1.0,51.475763,3,0.583392,8.823529,3,8.823529,facebook,facebook_notification,,,,,,
2026-01-14,2026-01-14,0.280028,31,31,1.0,9.033166,1,0.280028,3.225806,0,,facebook,facebook_profile_feed,,,,,,
2026-01-14,2026-01-14,17.671776,990,795,1.245283,17.850279,31,0.570057,3.131313,26,2.626263,facebook,facebook_reels,3.0,65.89,,3.728544,5.890592000000001,0.11538461538461539
2026-01-14,2026-01-14,2.050206,855,529,1.616257,2.397902,2,1.025103,0.233918,2,0.233918,facebook,facebook_reels_overlay,,,,,,
2026-01-14,2026-01-14,4.140416,89,79,1.126582,46.52153,7,0.591488,7.865169,8,8.988764,facebook,facebook_stories,,,,,,
2026-01-14,2026-01-14,717.302103,43303,35011,1.23684,16.564721,985,0.728225,2.274669,745,1.720435,facebook,feed,11.0,599.43,,0.835673,65.20928209090908,0.01476510067114094
2026-01-14,2026-01-14,1.120113,359,244,1.471311,3.120091,3,0.373371,0.835655,3,0.835655,facebook,instream_video,,,,,,
2026-01-14,2026-01-14,4.160418,434,314,1.382166,9.586217,2,2.080209,0.460829,2,0.460829,facebook,marketplace,,,,,,
2026-01-14,2026-01-14,1.760177,1423,316,4.503165,1.236948,2,0.880088,0.140548,2,0.140548,facebook,right_hand_column,,,,,,
2026-01-14,2026-01-14,3.200322,269,255,1.054902,11.897107,13,0.246179,4.832714,13,4.832714,facebook,search,,,,,,
2026-01-14,2026-01-14,26.082622,638,550,1.16,40.881852,26,1.003178,4.075235,25,3.918495,instagram,feed,,,,,,
2026-01-14,2026-01-14,0.020002,1,1,1.0,20.002011,0,,0.0,0,,instagram,instagram_explore,,,,,,
2026-01-14,2026-01-14,7.290733,174,147,1.183673,41.900764,8,0.911342,4.597701,8,4.597701,instagram,instagram_reels,,,,,,
2026-01-14,2026-01-14,4.87049,148,124,1.193548,32.908713,3,1.623497,2.027027,3,2.027027,instagram,instagram_stories,,,,,,
2026-01-15,2026-01-15,7.636477,387,62,6.241935,19.732499,41,0.186256,10.594315,43,11.111111,audience_network,an_classic,,,,,,
2026-01-15,2026-01-15,0.800679,14,14,1.0,57.191366,1,0.800679,7.142857,1,7.142857,facebook,facebook_notification,,,,,,
2026-01-15,2026-01-15,0.350297,39,39,1.0,8.981977,0,,0.0,0,,facebook,facebook_profile_feed,,,,,,
2026-01-15,2026-01-15,17.504847,815,703,1.159317,21.47834,21,0.833564,2.576687,19,2.331288,facebook,facebook_reels,,,,,,
2026-01-15,2026-01-15,2.041732,838,511,1.639922,2.436434,2,1.020866,0.238663,2,0.238663,facebook,facebook_reels_overlay,,,,,,
2026-01-15,2026-01-15,3.072606,67,63,1.063492,45.859793,1,3.072606,1.492537,1,1.492537,facebook,facebook_stories,,,,,,
2026-01-15,2026-01-15,715.34674,38464,31052,1.238696,18.597825,925,0.773348,2.404846,715,1.858881,facebook,feed,16.0,407.42,,0.569542,44.70917125,0.022377622377622378
2026-01-15,2026-01-15,1.201019,282,198,1.424242,4.258931,2,0.600509,0.70922,2,0.70922,facebook,instream_video,,,,,,
2026-01-15,2026-01-15,3.092623,357,249,1.433735,8.66281,4,0.773156,1.120448,4,1.120448,facebook,marketplace,,,,,,
2026-01-15,2026-01-15,1.931638,1306,291,4.487973,1.479049,1,1.931638,0.07657,1,0.07657,facebook,right_hand_column,,,,,,
2026-01-15,2026-01-15,4.233591,307,287,1.069686,13.790198,11,0.384872,3.583062,11,3.583062,facebook,search,1.0,23.96,,5.659498,4.233591,0.09090909090909091
2026-01-15,2026-01-15,23.890263,588,520,1.130769,40.629699,32,0.746571,5.442177,32,5.442177,instagram,feed,,,,,,
2026-01-15,2026-01-15,3.693132,121,110,1.1,30.521756,5,0.738626,4.132231,4,3.305785,instagram,instagram_reels,,,,,,
2026-01-15,2026-01-15,5.114338,135,109,1.238532,37.883984,13,0.393411,9.62963,15,11.111111,instagram,instagram_stories,,,,,,
2026-01-15,2026-01-15,0.020017,1,1,1.0,20.016978,0,,0.0,0,,messenger,messenger_stories,,,,,,
2026-01-16,2026-01-16,6.911857,467,80,5.8375,14.800551,38,0.181891,8.137045,44,9.421842,audience_network,an_classic,1.0,17.97,,2.59988,6.911857,0.022727272727272728
2026-01-16,2026-01-16,1.45039,22,21,1.047619,65.926808,2,0.725195,9.090909,2,9.090909,facebook,facebook_notification,,,,,,
2026-01-16,2026-01-16,0.230062,31,31,1.0,7.421349,0,,0.0,0,,facebook,facebook_profile_feed,,,,,,
2026-01-16,2026-01-16,17.604731,879,710,1.238028,20.028135,46,0.382712,5.23322,40,4.550626,facebook,facebook_reels,1.0,23.96,,1.360998,17.604731,0.025
2026-01-16,2026-01-16,2.020543,853,555,1.536937,2.368749,2,1.010271,0.234467,2,0.234467,facebook,facebook_reels_overlay,1.0,29.95,,14.822748,2.020543,0.5
2026-01-16,2026-01-16,4.24114,79,72,1.097222,53.685313,3,1.413713,3.797468,3,3.797468,facebook,facebook_stories,,,,,,
2026-01-16,2026-01-16,707.250063,41609,35852,1.160577,16.997526,902,0.784091,2.1678,668,1.605422,facebook,feed,25.0,805.0,,1.138211,28.290002519999998,0.0374251497005988
2026-01-16,2026-01-16,0.67018,160,135,1.185185,4.188626,0,,0.0,0,,facebook,instream_video,,,,,,
2026-01-16,2026-01-16,4.341167,480,344,1.395349,9.044097,6,0.723528,1.25,6,1.25,facebook,marketplace,,,,,,
2026-01-16,2026-01-16,1.660446,1244,315,3.949206,1.334764,0,,0.0,0,,facebook,right_hand_column,,,,,,
2026-01-16,2026-01-16,7.061898,440,404,1.089109,16.049768,9,0.784655,2.045455,9,2.045455,facebook,search,1.0,47.92,,6.785711,7.061898,0.1111111111111111
2026-01-16,2026-01-16,18.895078,544,471,1.154989,34.733599,22,0.858867,4.044118,20,3.676471,instagram,feed,1.0,11.98,,0.634028,18.895078,0.05
2026-01-16,2026-01-16,0.020005,1,1,1.0,20.005376,0,,0.0,0,,instagram,instagram_explore,,,,,,
2026-01-16,2026-01-16,5.421457,157,130,1.207692,34.531573,9,0.602384,5.732484,7,4.458599,instagram,instagram_reels,,,,,,
2026-01-16,2026-01-16,3.660984,117,99,1.181818,31.29046,3,1.220328,2.564103,3,2.564103,instagram,instagram_stories,,,,,,
2026-01-17,2026-01-17,1.800068,162,58,2.793103,11.111533,9,0.200008,5.555556,9,5.555556,audience_network,an_classic,,,,,,
2026-01-17,2026-01-17,0.440017,15,15,1.0,29.334447,0,,0.0,0,,facebook,facebook_notification,,,,,,
2026-01-17,2026-01-17,0.350013,39,39,1.0,8.9747,0,,0.0,0,,facebook,facebook_profile_feed,,,,,,
2026-01-17,2026-01-17,20.150765,1013,814,1.244472,19.892167,47,0.42874,4.639684,42,4.146101,facebook,facebook_reels,1.0,23.96,,1.189037,20.150765,0.023809523809523808
2026-01-17,2026-01-17,2.910111,909,576,1.578125,3.201442,4,0.727528,0.440044,4,0.440044,facebook,facebook_reels_overlay,,,,,,
2026-01-17,2026-01-17,2.790106,69,62,1.112903,40.436318,4,0.697526,5.797101,4,5.797101,facebook,facebook_stories,,,,,,
2026-01-17,2026-01-17,717.197234,42842,35369,1.211287,16.740517,1124,0.638076,2.623594,868,2.026049,facebook,feed,11.0,375.41,,0.52344,65.19974854545454,0.012672811059907835
2026-01-17,2026-01-17,0.570022,129,97,1.329897,4.418772,2,0.285011,1.550388,2,1.550388,facebook,instream_video,,,,,,
2026-01-17,2026-01-17,3.930149,433,327,1.324159,9.076557,2,1.965075,0.461894,2,0.461894,facebook,marketplace,,,,,,
2026-01-17,2026-01-17,1.280049,1063,250,4.252,1.204185,0,,0.0,0,,facebook,right_hand_column,,,,,,
2026-01-17,2026-01-17,5.060192,483,456,1.059211,10.476588,10,0.506019,2.070393,11,2.277433,facebook,search,,,,,,
2026-01-17,2026-01-17,23.400889,671,600,1.118333,34.874648,22,1.063677,3.278689,21,3.129657,instagram,feed,,,,,,
2026-01-17,2026-01-17,4.500171,160,142,1.126761,28.126068,5,0.900034,3.125,4,2.5,instagram,instagram_reels,1.0,47.92,,10.648485,4.500171,0.25
2026-01-17,2026-01-17,5.670215,152,126,1.206349,37.304048,4,1.417554,2.631579,4,2.631579,instagram,instagram_stories,,,,,,
2026-01-17,2026-01-17,0.0,1,1,1.0,0.0,0,,0.0,0,,threads,threads_feed,,,,,,
2026-01-17,2026-01-17,0.0,0,0,0.0,,0,,,0,,unknown,unknown,,,,,,
2026-01-18,2026-01-18,2.440333,198,59,3.355932,12.324914,13,0.187718,6.565657,14,7.070707,audience_network,an_classic,,,,,,
2026-01-18,2026-01-18,1.350184,16,16,1.0,84.386511,1,1.350184,6.25,1,6.25,facebook,facebook_notification,,,,,,
2026-01-18,2026-01-18,0.600082,49,49,1.0,12.246569,0,,0.0,0,,facebook,facebook_profile_feed,,,,,,
2026-01-18,2026-01-18,29.10397,1316,1088,1.209559,22.115479,61,0.477114,4.635258,57,4.331307,facebook,facebook_reels,1.0,59.9,,2.058138,29.10397,0.017543859649122806
2026-01-18,2026-01-18,1.940265,807,530,1.522642,2.404293,6,0.323377,0.743494,6,0.743494,facebook,facebook_reels_overlay,,,,,,
2026-01-18,2026-01-18,5.710779,123,113,1.088496,46.429098,5,1.142156,4.065041,5,4.065041,facebook,facebook_stories,,,,,,
2026-01-18,2026-01-18,778.456192,44463,36843,1.206824,17.507955,1393,0.558834,3.132942,1073,2.413242,facebook,feed,21.0,776.48,,0.997461,37.06934247619048,0.0195712954333644
2026-01-18,2026-01-18,0.650089,151,119,1.268908,4.305223,1,0.650089,0.662252,1,0.662252,facebook,instream_video,,,,,,
2026-01-18,2026-01-18,3.640497,389,317,1.227129,9.358603,4,0.910124,1.028278,4,1.028278,facebook,marketplace,,,,,,
2026-01-18,2026-01-18,1.850252,984,210,4.685714,1.880338,0,,0.0,0,,facebook,right_hand_column,,,,,,
2026-01-18,2026-01-18,5.730782,473,451,1.04878,12.115818,13,0.440829,2.748414,13,2.748414,facebook,search,,,,,,
2026-01-18,2026-01-18,35.274812,900,811,1.109741,39.194236,43,0.820344,4.777778,43,4.777778,instagram,feed,2.0,47.92,,1.358476,17.637406,0.046511627906976744
2026-01-18,2026-01-18,0.040005,1,1,1.0,40.005457,0,,0.0,0,,instagram,instagram_explore,,,,,,
2026-01-18,2026-01-18,5.330727,173,149,1.161074,30.813452,11,0.484612,6.358382,10,5.780347,instagram,instagram_reels,,,,,,
2026-01-18,2026-01-18,0.0,1,1,1.0,0.0,0,,0.0,0,,instagram,instagram_search,,,,,,
2026-01-18,2026-01-18,7.561031,222,187,1.187166,34.0587,11,0.687366,4.954955,11,4.954955,instagram,instagram_stories,,,,,,
2026-01-18,2026-01-18,0.0,0,0,0.0,,0,,,0,,unknown,unknown,,,,,,
2026-01-19,2026-01-19,4.670512,285,74,3.851351,16.38776,36,0.129736,12.631579,39,13.684211,audience_network,an_classic,,,,,,
2026-01-19,2026-01-19,2.790306,27,27,1.0,103.344655,5,0.558061,18.518519,5,18.518519,facebook,facebook_notification,,,,,,
2026-01-19,2026-01-19,0.530058,43,43,1.0,12.326932,4,0.132515,9.302326,3,6.976744,facebook,facebook_profile_feed,,,,,,
2026-01-19,2026-01-19,29.773262,1323,1038,1.274566,22.504355,52,0.572563,3.930461,46,3.476946,facebook,facebook_reels,1.0,71.88,,2.414247,29.773262,0.021739130434782608
2026-01-19,2026-01-19,2.670293,1108,693,1.598846,2.410011,2,1.335146,0.180505,2,0.180505,facebook,facebook_reels_overlay,1.0,23.96,,8.9728,2.670293,0.5
2026-01-19,2026-01-19,5.090558,96,91,1.054945,53.026642,6,0.848426,6.25,6,6.25,facebook,facebook_stories,,,,,,
2026-01-19,2026-01-19,625.138483,35908,29981,1.197692,17.409449,1156,0.540777,3.219338,873,2.431213,facebook,feed,24.0,1092.8,,1.748093,26.047436791666666,0.027491408934707903
2026-01-19,2026-01-19,0.980107,230,179,1.284916,4.261336,0,,0.0,0,,facebook,instream_video,,,,,,
2026-01-19,2026-01-19,3.620397,334,242,1.380165,10.839511,2,1.810198,0.598802,1,0.299401,facebook,marketplace,,,,,,
2026-01-19,2026-01-19,1.670183,1148,271,4.236162,1.454863,1,1.670183,0.087108,1,0.087108,facebook,right_hand_column,,,,,,
2026-01-19,2026-01-19,9.22101,320,298,1.073826,28.815657,12,0.768418,3.75,12,3.75,facebook,search,,,,,,
2026-01-19,2026-01-19,27.693034,732,649,1.127889,37.832013,37,0.74846,5.054645,37,5.054645,instagram,feed,1.0,97.98,,3.538074,27.693034,0.02702702702702703
2026-01-19,2026-01-19,0.020002,2,2,1.0,10.001096,0,,0.0,0,,instagram,instagram_explore,,,,,,
2026-01-19,2026-01-19,8.780962,210,181,1.160221,41.814104,15,0.585397,7.142857,15,7.142857,instagram,instagram_reels,,,,,,
2026-01-19,2026-01-19,7.620835,217,187,1.160428,35.119055,7,1.088691,3.225806,7,3.225806,instagram,instagram_stories,,,,,,
2026-01-19,2026-01-19,0.0,0,0,0.0,,0,,,0,,unknown,unknown,,,,,,
2026-01-20,2026-01-20,2.44,315,63,5.0,7.746032,20,0.122,6.349206,20,6.349206,audience_network,an_classic,,,,,,
2026-01-20,2026-01-20,2.61,32,32,1.0,81.5625,0,,0.0,0,,facebook,facebook_notification,,,,,,
2026-01-20,2026-01-20,0.31,32,32,1.0,9.6875,0,,0.0,0,,facebook,facebook_profile_feed,,,,,,
2026-01-20,2026-01-20,23.06,1090,900,1.211111,21.155963,59,0.390847,5.412844,49,4.495413,facebook,facebook_reels,2.0,53.91,,2.337814,11.53,0.04081632653061224
2026-01-20,2026-01-20,2.88,1193,763,1.563565,2.414082,3,0.96,0.251467,3,0.251467,facebook,facebook_reels_overlay,,,,,,
2026-01-20,2026-01-20,4.61,56,49,1.142857,82.321429,3,1.536667,5.357143,3,5.357143,facebook,facebook_stories,,,,,,
2026-01-20,2026-01-20,630.44,36859,31102,1.185101,17.104099,921,0.684517,2.498711,693,1.880138,facebook,feed,18.0,675.28,,1.071125,35.02444444444445,0.025974025974025976
2026-01-20,2026-01-20,1.04,216,168,1.285714,4.814815,0,,0.0,0,,facebook,instream_video,,,,,,
2026-01-20,2026-01-20,3.26,344,255,1.34902,9.476744,1,3.26,0.290698,1,0.290698,facebook,marketplace,,,,,,
2026-01-20,2026-01-20,2.22,1458,341,4.27566,1.522634,1,2.22,0.068587,1,0.068587,facebook,right_hand_column,,,,,,
2026-01-20,2026-01-20,7.47,257,242,1.061983,29.066148,13,0.574615,5.058366,14,5.447471,facebook,search,,,,,,
2026-01-20,2026-01-20,20.64,589,529,1.113422,35.042445,20,1.032,3.395586,22,3.735144,instagram,feed,1.0,23.96,,1.160853,20.64,0.045454545454545456
2026-01-20,2026-01-20,0.01,2,1,2.0,5.0,0,,0.0,0,,instagram,instagram_explore,,,,,,
2026-01-20,2026-01-20,6.95,203,178,1.140449,34.236453,10,0.695,4.926108,8,3.940887,instagram,instagram_reels,,,,,,
2026-01-20,2026-01-20,3.32,129,109,1.183486,25.736434,4,0.83,3.100775,4,3.100775,instagram,instagram_stories,,,,,,
2026-01-21,2026-01-21,3.278544,219,72,3.041667,14.970521,36,0.091071,16.438356,39,17.808219,audience_network,an_classic,,,,,,
2026-01-21,2026-01-21,1.039538,17,17,1.0,61.149315,1,1.039538,5.882353,1,5.882353,facebook,facebook_notification,,,,,,
2026-01-21,2026-01-21,0.469791,42,39,1.076923,11.185509,0,,0.0,0,,facebook,facebook_profile_feed,,,,,,
2026-01-21,2026-01-21,19.941144,974,809,1.203956,20.473454,51,0.391003,5.23614,37,3.798768,facebook,facebook_reels,1.0,19.99,,1.00245,19.941144,0.02702702702702703
2026-01-21,2026-01-21,2.378944,1075,697,1.542324,2.212971,2,1.189472,0.186047,2,0.186047,facebook,facebook_reels_overlay,,,,,,
2026-01-21,2026-01-21,5.277656,66,57,1.157895,79.964488,5,1.055531,7.575758,5,7.575758,facebook,facebook_stories,,,,,,
2026-01-21,2026-01-21,668.303212,34945,28662,1.21921,19.12443,1027,0.650733,2.938904,770,2.203463,facebook,feed,17.0,459.41,,0.687427,39.31195364705883,0.02207792207792208
2026-01-21,2026-01-21,0.799645,162,131,1.236641,4.93608,0,,0.0,0,,facebook,instream_video,,,,,,
2026-01-21,2026-01-21,2.468904,220,168,1.309524,11.222289,1,2.468904,0.454545,1,0.454545,facebook,marketplace,,,,,,
2026-01-21,2026-01-21,1.059529,1074,269,3.992565,0.986527,1,1.059529,0.09311,1,0.09311,facebook,right_hand_column,,,,,,
2026-01-21,2026-01-21,3.908264,290,283,1.024735,13.476774,3,1.302755,1.034483,3,1.034483,facebook,search,,,,,,
2026-01-21,2026-01-21,23.159715,640,572,1.118881,36.187055,12,1.929976,1.875,10,1.5625,instagram,feed,,,,,,
2026-01-21,2026-01-21,0.0,1,1,1.0,0.0,0,,0.0,0,,instagram,instagram_explore,,,,,,
2026-01-21,2026-01-21,6.816973,194,161,1.204969,35.139034,6,1.136162,3.092784,6,3.092784,instagram,instagram_reels,,,,,,
2026-01-21,2026-01-21,4.18814,133,111,1.198198,31.489775,7,0.598306,5.263158,7,5.263158,instagram,instagram_stories,,,,,,
2026-01-21,2026-01-21,0.0,0,0,0.0,,0,,,0,,unknown,unknown,,,,,,
2026-01-22,2026-01-22,4.289082,187,80,2.3375,22.936268,21,0.204242,11.229947,22,11.764706,audience_network,an_classic,1.0,107.82,,25.138246,4.289082,0.045454545454545456
2026-01-22,2026-01-22,0.499893,18,18,1.0,27.771834,3,0.166631,16.666667,3,16.666667,facebook,facebook_notification,,,,,,
2026-01-22,2026-01-22,0.83982,35,34,1.029412,23.994865,1,0.83982,2.857143,1,2.857143,facebook,facebook_profile_feed,,,,,,
2026-01-22,2026-01-22,22.995079,1245,1010,1.232673,18.469943,45,0.511002,3.614458,40,3.212851,facebook,facebook_reels,1.0,313.78,,13.645528,22.995079,0.025
2026-01-22,2026-01-22,2.829394,1187,751,1.580559,2.383652,1,2.829394,0.084246,1,0.084246,facebook,facebook_reels_overlay,1.0,,,,2.829394,1.0
2026-01-22,2026-01-22,5.078913,70,64,1.09375,72.555901,7,0.725559,10.0,7,10.0,facebook,facebook_stories,,,,,,
2026-01-22,2026-01-22,715.8668,39394,32974,1.194699,18.171975,967,0.740297,2.454689,733,1.860689,facebook,feed,24.0,844.17,,1.179228,29.827783333333333,0.03274215552523874
2026-01-22,2026-01-22,0.669857,105,90,1.166667,6.379587,3,0.223286,2.857143,4,3.809524,facebook,instream_video,,,,,,
2026-01-22,2026-01-22,2.379491,279,215,1.297674,8.528641,3,0.793164,1.075269,3,1.075269,facebook,marketplace,,,,,,
2026-01-22,2026-01-22,1.319718,965,291,3.316151,1.367583,1,1.319718,0.103627,1,0.103627,facebook,right_hand_column,,,,,,
2026-01-22,2026-01-22,4.569022,383,369,1.03794,11.929562,12,0.380752,3.133159,13,3.394256,facebook,search,,,,,,
2026-01-22,2026-01-22,19.825757,529,470,1.125532,37.477802,15,1.321717,2.835539,15,2.835539,instagram,feed,2.0,38.47,,1.940405,9.9128785,0.13333333333333333
2026-01-22,2026-01-22,0.009998,1,1,1.0,9.99786,0,,0.0,0,,instagram,instagram_explore,,,,,,
2026-01-22,2026-01-22,7.668359,173,142,1.21831,44.325774,10,0.766836,5.780347,10,5.780347,instagram,instagram_reels,,,,,,
2026-01-22,2026-01-22,0.069985,1,1,1.0,69.985023,0,,0.0,0,,instagram,instagram_search,,,,,,
2026-01-22,2026-01-22,5.458832,169,132,1.280303,32.30078,8,0.682354,4.733728,8,4.733728,instagram,instagram_stories,,,,,,
2026-01-22,2026-01-22,0.0,1,1,1.0,0.0,0,,0.0,0,,messenger,messenger_stories,,,,,,
2026-01-22,2026-01-22,0.0,0,0,0.0,,0,,,0,,unknown,unknown,,,,,,
2026-01-23,2026-01-23,4.570209,332,100,3.32,13.765691,35,0.130577,10.542169,41,12.349398,audience_network,an_classic,,,,,,
2026-01-23,2026-01-23,1.210055,27,27,1.0,44.816868,0,,0.0,0,,facebook,facebook_notification,,,,,,
2026-01-23,2026-01-23,0.510023,52,50,1.04,9.808142,1,0.510023,1.923077,1,1.923077,facebook,facebook_profile_feed,,,,,,
2026-01-23,2026-01-23,31.971465,1631,1368,1.192251,19.60237,53,0.603235,3.24954,55,3.372164,facebook,facebook_reels,,,,,,
2026-01-23,2026-01-23,3.120143,1301,858,1.516317,2.398265,3,1.040048,0.230592,3,0.230592,facebook,facebook_reels_overlay,,,,,,
2026-01-23,2026-01-23,9.840451,159,143,1.111888,61.889628,7,1.405779,4.402516,8,5.031447,facebook,facebook_stories,,,,,,
2026-01-23,2026-01-23,1195.494777,64188,52809,1.215475,18.624895,1496,0.799128,2.330654,1148,1.788496,facebook,feed,15.0,657.67,,0.550124,79.69965180000001,0.013066202090592335
2026-01-23,2026-01-23,0.87004,139,112,1.241071,6.25928,1,0.87004,0.719424,1,0.719424,facebook,instream_video,,,,,,
2026-01-23,2026-01-23,3.530162,467,333,1.402402,7.559233,4,0.88254,0.856531,4,0.856531,facebook,marketplace,,,,,,
2026-01-23,2026-01-23,1.890087,1238,367,3.373297,1.526726,0,,0.0,0,,facebook,right_hand_column,,,,,,
2026-01-23,2026-01-23,7.690352,588,542,1.084871,13.078831,9,0.854484,1.530612,10,1.70068,facebook,search,,,,,,
2026-01-23,2026-01-23,34.611586,801,675,1.186667,43.210469,24,1.442149,2.996255,25,3.121099,instagram,feed,3.0,75.3,,2.175572,11.537195333333335,0.12
2026-01-23,2026-01-23,0.100005,2,2,1.0,50.002291,0,,0.0,0,,instagram,instagram_explore,,,,,,
2026-01-23,2026-01-23,6.820313,260,215,1.209302,26.231971,9,0.757813,3.461538,9,3.461538,instagram,instagram_reels,,,,,,
2026-01-23,2026-01-23,7.260333,191,169,1.130178,38.012213,1,7.260333,0.52356,1,0.52356,instagram,instagram_stories,,,,,,
2026-01-24,2026-01-24,2.340149,123,50,2.46,19.025599,12,0.195012,9.756098,14,11.382114,audience_network,an_classic,,,,,,
2026-01-24,2026-01-24,0.660042,27,27,1.0,24.445998,0,,0.0,0,,facebook,facebook_notification,,,,,,
2026-01-24,2026-01-24,0.550035,52,49,1.061224,10.577595,0,,0.0,0,,facebook,facebook_profile_feed,,,,,,
2026-01-24,2026-01-24,33.542132,1800,1410,1.276596,18.634518,62,0.541002,3.444444,57,3.166667,facebook,facebook_reels,,,,,,
2026-01-24,2026-01-24,2.610166,1232,801,1.538077,2.118641,3,0.870055,0.243506,3,0.243506,facebook,facebook_reels_overlay,1.0,179.91,,68.926653,2.610166,0.3333333333333333
2026-01-24,2026-01-24,8.270526,128,119,1.07563,64.613482,6,1.378421,4.6875,6,4.6875,facebook,facebook_stories,,,,,,
2026-01-24,2026-01-24,1005.283895,50747,41793,1.214246,19.809721,1382,0.727412,2.723314,1081,2.130175,facebook,feed,25.0,822.73,,0.818406,40.2113558,0.02312673450508788
2026-01-24,2026-01-24,0.810051,128,101,1.267327,6.328527,1,0.810051,0.78125,1,0.78125,facebook,instream_video,,,,,,
2026-01-24,2026-01-24,2.780177,358,263,1.361217,7.765857,6,0.463363,1.675978,6,1.675978,facebook,marketplace,,,,,,
2026-01-24,2026-01-24,0.830053,888,228,3.894737,0.934744,1,0.830053,0.112613,1,0.112613,facebook,right_hand_column,,,,,,
2026-01-24,2026-01-24,7.070449,425,395,1.075949,16.636352,16,0.441903,3.764706,14,3.294118,facebook,search,1.0,23.96,,3.388752,7.070449,0.07142857142857142
2026-01-24,2026-01-24,23.561498,656,568,1.15493,35.916917,29,0.812465,4.420732,30,4.573171,instagram,feed,1.0,35.94,,1.52537,23.561498,0.03333333333333333
2026-01-24,2026-01-24,7.030447,262,227,1.154185,26.833767,9,0.781161,3.435115,9,3.435115,instagram,instagram_reels,,,,,,
2026-01-24,2026-01-24,6.000381,184,155,1.187097,32.610768,10,0.600038,5.434783,10,5.434783,instagram,instagram_stories,,,,,,
2026-01-24,2026-01-24,0.0,0,0,0.0,,0,,,0,,unknown,unknown,,,,,,
2026-01-25,2026-01-25,4.710294,275,105,2.619048,17.12834,38,0.123955,13.818182,46,16.727273,audience_network,an_classic,1.0,11.98,,2.543366,4.710294,0.021739130434782608
2026-01-25,2026-01-25,1.230077,59,59,1.0,20.848757,2,0.615038,3.389831,2,3.389831,facebook,facebook_notification,,,,,,
2026-01-25,2026-01-25,0.870054,80,77,1.038961,10.875678,2,0.435027,2.5,1,1.25,facebook,facebook_profile_feed,,,,,,
2026-01-25,2026-01-25,47.212942,2964,2427,1.221261,15.928793,94,0.502265,3.17139,83,2.80027,facebook,facebook_reels,4.0,123.22,,2.609878,11.8032355,0.04819277108433735
2026-01-25,2026-01-25,4.390274,2095,1266,1.654818,2.095596,6,0.731712,0.286396,6,0.286396,facebook,facebook_reels_overlay,,,,,,
2026-01-25,2026-01-25,8.66054,212,192,1.104167,40.851602,8,1.082567,3.773585,8,3.773585,facebook,facebook_stories,1.0,17.97,,2.074928,8.66054,0.125
2026-01-25,2026-01-25,1755.709412,138247,115978,1.192011,12.699801,3047,0.576209,2.204026,2305,1.667306,facebook,feed,41.0,1424.71,2.0,0.811473,42.822180780487805,0.017787418655097614
2026-01-25,2026-01-25,1.110069,159,136,1.169118,6.981567,1,1.110069,0.628931,1,0.628931,facebook,instream_video,,,,,,
2026-01-25,2026-01-25,5.320332,568,434,1.308756,9.366781,8,0.665041,1.408451,8,1.408451,facebook,marketplace,1.0,27.96,,5.255312,5.320332,0.125
2026-01-25,2026-01-25,1.570098,1350,354,3.813559,1.163035,2,0.785049,0.148148,2,0.148148,facebook,right_hand_column,,,,,,
2026-01-25,2026-01-25,8.960558,647,589,1.098472,13.849395,14,0.64004,2.163833,15,2.318393,facebook,search,,,,,,
2026-01-25,2026-01-25,55.493458,1657,1406,1.178521,33.490319,66,0.84081,3.983102,63,3.802052,instagram,feed,2.0,47.92,,0.863525,27.746729,0.031746031746031744
2026-01-25,2026-01-25,13.830862,473,406,1.165025,29.240723,20,0.691543,4.22833,19,4.016913,instagram,instagram_reels,1.0,27.96,,2.021566,13.830862,0.05263157894736842
2026-01-25,2026-01-25,16.551031,496,428,1.158879,33.369015,17,0.97359,3.427419,16,3.225806,instagram,instagram_stories,1.0,17.97,,1.085733,16.551031,0.0625
2026-01-26,2026-01-26,8.2303,463,144,3.215278,17.776027,55,0.149642,11.87905,62,13.390929,audience_network,an_classic,1.0,50.67,,6.156519,8.2303,0.016129032258064516
2026-01-26,2026-01-26,1.120041,52,52,1.0,21.539248,4,0.28001,7.692308,4,7.692308,facebook,facebook_notification,,,,,,
2026-01-26,2026-01-26,0.690025,74,70,1.057143,9.324665,0,,0.0,0,,facebook,facebook_profile_feed,,,,,,
2026-01-26,2026-01-26,30.921128,2571,2137,1.203088,12.026888,39,0.792849,1.516919,38,1.478024,facebook,facebook_reels,,,,,,
2026-01-26,2026-01-26,4.730173,2184,1428,1.529412,2.16583,6,0.788362,0.274725,6,0.274725,facebook,facebook_reels_overlay,,,,,,
2026-01-26,2026-01-26,8.020293,155,139,1.115108,51.743824,6,1.336715,3.870968,5,3.225806,facebook,facebook_stories,,,,,,
2026-01-26,2026-01-26,1252.975725,85677,73150,1.171251,14.624412,1885,0.664709,2.200124,1424,1.662056,facebook,feed,36.0,1270.03,6.0,1.013611,34.80488125,0.025280898876404494
2026-01-26,2026-01-26,1.230045,300,229,1.310044,4.10015,2,0.615022,0.666667,2,0.666667,facebook,instream_video,,,,,,
2026-01-26,2026-01-26,5.260192,520,361,1.440443,10.115754,2,2.630096,0.384615,2,0.384615,facebook,marketplace,,,,,,
2026-01-26,2026-01-26,2.19008,1556,401,3.880299,1.407506,0,,0.0,0,,facebook,right_hand_column,,,,,,
2026-01-26,2026-01-26,5.010183,442,413,1.070218,11.335255,7,0.71574,1.58371,7,1.58371,facebook,search,,,,,,
2026-01-26,2026-01-26,33.561225,1017,875,1.162286,33.000221,41,0.818566,4.031465,40,3.933137,instagram,feed,1.0,23.96,,0.713919,33.561225,0.025
2026-01-26,2026-01-26,9.070331,274,230,1.191304,33.103398,13,0.697718,4.744526,13,4.744526,instagram,instagram_reels,,,,,,
2026-01-26,2026-01-26,7.110259,224,182,1.230769,31.74223,8,0.888782,3.571429,8,3.571429,instagram,instagram_stories,1.0,23.96,,3.369779,7.110259,0.125
2026-01-26,2026-01-26,0.0,0,0,0.0,,0,,,0,,unknown,unknown,,,,,,
2026-01-27,2026-01-27,14.43211,750,216,3.472222,19.242814,147,0.098178,19.6,172,22.933333,audience_network,an_classic,1.0,,,,14.43211,0.005813953488372093
2026-01-27,2026-01-27,1.950285,39,39,1.0,50.007312,3,0.650095,7.692308,3,7.692308,facebook,facebook_notification,,,,,,
2026-01-27,2026-01-27,1.120164,78,73,1.068493,14.361074,1,1.120164,1.282051,1,1.282051,facebook,facebook_profile_feed,,,,,,
2026-01-27,2026-01-27,41.746104,3147,2615,1.203442,13.265365,47,0.888215,1.493486,37,1.175723,facebook,facebook_reels,2.0,29.95,,0.717432,20.873052,0.05405405405405406
2026-01-27,2026-01-27,6.130896,2539,1606,1.580946,2.414689,4,1.532724,0.157542,4,0.157542,facebook,facebook_reels_overlay,,,,,,
2026-01-27,2026-01-27,11.791724,230,200,1.15,51.268366,10,1.179172,4.347826,11,4.782609,facebook,facebook_stories,,,,,,
2026-01-27,2026-01-27,2111.048665,148441,125951,1.178562,14.221466,2507,0.842062,1.688886,1817,1.224055,facebook,feed,31.0,833.72,3.0,0.394932,68.09834403225805,0.0170610897083104
2026-01-27,2026-01-27,5.980874,421,329,1.279635,14.206353,6,0.996812,1.425178,5,1.187648,facebook,instream_video,,,,,,
2026-01-27,2026-01-27,6.250914,750,522,1.436782,8.334552,4,1.562728,0.533333,3,0.4,facebook,marketplace,,,,,,
2026-01-27,2026-01-27,3.28048,2574,686,3.752187,1.274468,3,1.093493,0.11655,3,0.11655,facebook,right_hand_column,1.0,23.96,,7.30381,3.28048,0.3333333333333333
2026-01-27,2026-01-27,11.311654,654,611,1.070376,17.296107,13,0.870127,1.987768,14,2.140673,facebook,search,,,,,,
2026-01-27,2026-01-27,79.511626,1982,1691,1.172088,40.116865,41,1.939308,2.068618,39,1.967709,instagram,feed,1.0,5.99,,0.075335,79.511626,0.02564102564102564
2026-01-27,2026-01-27,0.020003,2,2,1.0,10.001462,0,,0.0,0,,instagram,instagram_explore,,,,,,
2026-01-27,2026-01-27,17.392543,493,411,1.199513,35.278992,17,1.023091,3.448276,15,3.042596,instagram,instagram_reels,1.0,47.92,,2.755204,17.392543,0.06666666666666667
2026-01-27,2026-01-27,13.391958,397,322,1.232919,33.732892,5,2.678392,1.259446,5,1.259446,instagram,instagram_stories,,,,,,
2026-01-27,2026-01-27,0.0,1,1,1.0,0.0,0,,0.0,0,,messenger,messenger_stories,,,,,,
2026-01-27,2026-01-27,0.0,1,1,1.0,0.0,0,,0.0,0,,threads,threads_feed,,,,,,
2026-01-27,2026-01-27,0.0,0,0,0.0,,0,,,0,,unknown,unknown,,,,,,
2026-01-28,2026-01-28,13.220061,593,162,3.660494,22.293526,105,0.125905,17.706577,121,20.404722,audience_network,an_classic,,,,,,
2026-01-28,2026-01-28,0.520002,19,9,2.111111,27.368547,4,0.130001,21.052632,4,21.052632,audience_network,rewarded_video,,,,,,
2026-01-28,2026-01-28,2.300011,52,52,1.0,44.230973,5,0.460002,9.615385,5,9.615385,facebook,facebook_notification,,,,,,
2026-01-28,2026-01-28,0.910004,70,68,1.029412,13.00006,0,,0.0,0,,facebook,facebook_profile_feed,,,,,,
2026-01-28,2026-01-28,48.050221,2204,1751,1.258709,21.801371,63,0.762702,2.858439,57,2.586207,facebook,facebook_reels,1.0,34.95,,0.727364,48.050221,0.017543859649122806
2026-01-28,2026-01-28,4.720022,1883,1286,1.46423,2.50665,3,1.573341,0.15932,3,0.15932,facebook,facebook_reels_overlay,2.0,,,,2.360011,0.6666666666666666
2026-01-28,2026-01-28,12.800059,232,206,1.126214,55.172668,9,1.422229,3.87931,9,3.87931,facebook,facebook_stories,1.0,23.96,,1.871866,12.800059,0.1111111111111111
2026-01-28,2026-01-28,1972.619091,109986,93814,1.172384,17.935183,2059,0.958047,1.872056,1485,1.350172,facebook,feed,32.0,968.08,1.0,0.490759,61.64434659375,0.02154882154882155
2026-01-28,2026-01-28,4.33002,387,316,1.224684,11.188682,4,1.082505,1.033592,3,0.775194,facebook,instream_video,,,,,,
2026-01-28,2026-01-28,7.290034,678,512,1.324219,10.752262,6,1.215006,0.884956,6,0.884956,facebook,marketplace,,,,,,
2026-01-28,2026-01-28,3.470016,2211,623,3.548957,1.569433,2,1.735008,0.090457,2,0.090457,facebook,right_hand_column,,,,,,
2026-01-28,2026-01-28,7.350034,595,542,1.097786,12.352998,8,0.918754,1.344538,9,1.512605,facebook,search,,,,,,
2026-01-28,2026-01-28,68.310315,1496,1309,1.142857,45.661975,51,1.339418,3.409091,47,3.141711,instagram,feed,1.0,23.96,,0.350752,68.310315,0.02127659574468085
2026-01-28,2026-01-28,0.05,2,2,1.0,25.000115,0,,0.0,0,,instagram,instagram_explore,,,,,,
2026-01-28,2026-01-28,12.330057,421,362,1.162983,29.287546,16,0.770629,3.800475,16,3.800475,instagram,instagram_reels,,,,,,
2026-01-28,2026-01-28,11.590053,288,238,1.210084,40.243241,10,1.159005,3.472222,10,3.472222,instagram,instagram_stories,1.0,55.95,,4.827415,11.590053,0.1
2026-01-28,2026-01-28,0.05,5,5,1.0,10.000046,0,,0.0,0,,threads,threads_feed,,,,,,
2026-01-28,2026-01-28,0.0,0,0,0.0,,0,,,0,,unknown,unknown,,,,,,
2026-01-29,2026-01-29,4.900233,313,128,2.445313,15.655698,35,0.140007,11.182109,38,12.140575,audience_network,an_classic,1.0,29.95,,6.111954,4.900233,0.02631578947368421
2026-01-29,2026-01-29,0.050002,5,4,1.25,10.000477,0,,0.0,0,,audience_network,rewarded_video,,,,,,
2026-01-29,2026-01-29,1.220058,45,45,1.0,27.112403,3,0.406686,6.666667,3,6.666667,facebook,facebook_notification,,,,,,
2026-01-29,2026-01-29,1.090052,83,80,1.0375,13.133156,1,1.090052,1.204819,0,,facebook,facebook_profile_feed,,,,,,
2026-01-29,2026-01-29,65.343114,2232,1849,1.207139,29.275589,50,1.306862,2.240143,44,1.971326,facebook,facebook_reels,1.0,47.92,,0.73336,65.343114,0.022727272727272728
2026-01-29,2026-01-29,2.820134,1174,816,1.438725,2.402159,2,1.410067,0.170358,2,0.170358,facebook,facebook_reels_overlay,1.0,69.98,,24.81442,2.820134,0.5
2026-01-29,2026-01-29,11.610553,174,164,1.060976,66.727317,7,1.65865,4.022989,7,4.022989,facebook,facebook_stories,,,,,,
2026-01-29,2026-01-29,1884.349787,90905,77525,1.172589,20.72878,1881,1.001781,2.069193,1385,1.523569,facebook,feed,40.0,1155.36,,0.613135,47.108744675000004,0.02888086642599278
2026-01-29,2026-01-29,5.010239,286,240,1.191667,17.518317,5,1.002048,1.748252,4,1.398601,facebook,instream_video,,,,,,
2026-01-29,2026-01-29,7.050336,591,434,1.361751,11.929502,3,2.350112,0.507614,3,0.507614,facebook,marketplace,,,,,,
2026-01-29,2026-01-29,2.810134,1559,429,3.634033,1.802523,0,,0.0,0,,facebook,right_hand_column,,,,,,
2026-01-29,2026-01-29,5.810277,518,486,1.065844,11.216751,8,0.726285,1.544402,8,1.544402,facebook,search,,,,,,
2026-01-29,2026-01-29,71.403402,1494,1305,1.144828,47.793442,40,1.785085,2.677376,42,2.811245,instagram,feed,1.0,23.96,,0.335558,71.403402,0.023809523809523808
2026-01-29,2026-01-29,0.0,1,1,1.0,0.0,0,,0.0,0,,instagram,instagram_explore_grid_home,,,,,,
2026-01-29,2026-01-29,19.460927,570,524,1.087786,34.141978,17,1.14476,2.982456,19,3.333333,instagram,instagram_reels,,,,,,
2026-01-29,2026-01-29,15.750751,306,265,1.154717,51.473041,5,3.15015,1.633987,5,1.633987,instagram,instagram_stories,1.0,23.96,,1.521197,15.750751,0.2
2026-01-29,2026-01-29,0.0,1,1,1.0,0.0,0,,0.0,0,,messenger,messenger_stories,,,,,,
2026-01-29,2026-01-29,0.0,3,3,1.0,0.0,0,,0.0,0,,threads,threads_feed,,,,,,
2026-01-29,2026-01-29,0.0,0,0,0.0,,0,,,0,,unknown,unknown,,,,,,
2026-01-30,2026-01-30,4.060235,330,116,2.844828,12.303743,30,0.135341,9.090909,31,9.393939,audience_network,an_classic,,,,,,
2026-01-30,2026-01-30,0.890052,27,14,1.928571,32.964872,10,0.089005,37.037037,10,37.037037,audience_network,rewarded_video,,,,,,
2026-01-30,2026-01-30,0.0,1,1,1.0,0.0,0,,0.0,0,,facebook,biz_disco_feed,,,,,,
2026-01-30,2026-01-30,0.550032,27,27,1.0,20.37155,5,0.110006,18.518519,5,18.518519,facebook,facebook_notification,,,,,,
2026-01-30,2026-01-30,1.930112,73,65,1.123077,26.439888,1,1.930112,1.369863,0,,facebook,facebook_profile_feed,,,,,,
2026-01-30,2026-01-30,62.543623,2480,2069,1.198647,25.219203,73,0.856762,2.943548,54,2.177419,facebook,facebook_reels,1.0,23.96,,0.383093,62.543623,0.018518518518518517
2026-01-30,2026-01-30,2.77016,1135,757,1.49934,2.44067,3,0.923387,0.264317,3,0.264317,facebook,facebook_reels_overlay,1.0,,,,2.77016,0.3333333333333333
2026-01-30,2026-01-30,7.410429,145,138,1.050725,51.106408,10,0.741043,6.896552,10,6.896552,facebook,facebook_stories,,,,,,
2026-01-30,2026-01-30,1542.65935,75250,62641,1.20129,20.500456,1670,0.923748,2.219269,1212,1.610631,facebook,feed,32.0,1640.96,,1.063722,48.2081046875,0.026402640264026403
2026-01-30,2026-01-30,8.580497,279,239,1.167364,30.754469,6,1.430083,2.150538,4,1.433692,facebook,instream_video,,,,,,
2026-01-30,2026-01-30,5.470317,556,418,1.330144,9.838699,5,1.094063,0.899281,6,1.079137,facebook,marketplace,,,,,,
2026-01-30,2026-01-30,2.200127,1410,385,3.662338,1.560374,1,2.200127,0.070922,1,0.070922,facebook,right_hand_column,1.0,23.96,,10.890278,2.200127,1.0
2026-01-30,2026-01-30,2.880167,431,400,1.0775,6.682522,6,0.480028,1.392111,5,1.160093,facebook,search,,,,,,
2026-01-30,2026-01-30,55.653223,1065,909,1.171617,52.256548,43,1.294261,4.037559,41,3.849765,instagram,feed,2.0,107.83,,1.937534,27.8266115,0.04878048780487805
2026-01-30,2026-01-30,0.0,2,2,1.0,0.0,0,,0.0,0,,instagram,instagram_explore_grid_home,,,,,,
2026-01-30,2026-01-30,18.721084,513,459,1.117647,36.493342,16,1.170068,3.118908,17,3.31384,instagram,instagram_reels,,,,,,
2026-01-30,2026-01-30,10.19059,228,186,1.225806,44.695571,4,2.547648,1.754386,4,1.754386,instagram,instagram_stories,1.0,6.99,,0.685927,10.19059,0.25
2026-01-30,2026-01-30,0.020001,6,6,1.0,3.333526,0,,0.0,0,,threads,threads_feed,,,,,,
2026-01-30,2026-01-30,0.0,0,0,0.0,,0,,,0,,unknown,unknown,,,,,,
2026-01-31,2026-01-31,3.220059,242,80,3.025,13.306031,41,0.078538,16.942149,45,18.595041,audience_network,an_classic,,,,,,
2026-01-31,2026-01-31,1.040019,29,13,2.230769,35.862731,10,0.104002,34.482759,12,41.37931,audience_network,rewarded_video,,,,,,
2026-01-31,2026-01-31,3.570066,42,42,1.0,85.001569,4,0.892516,9.52381,4,9.52381,facebook,facebook_notification,,,,,,
2026-01-31,2026-01-31,1.280024,71,70,1.014286,18.028502,0,,0.0,0,,facebook,facebook_profile_feed,,,,,,
2026-01-31,2026-01-31,74.031367,2697,2143,1.258516,27.449524,77,0.961446,2.855024,54,2.002225,facebook,facebook_reels,,,,,,
2026-01-31,2026-01-31,3.430063,1408,985,1.429442,2.436125,1,3.430063,0.071023,1,0.071023,facebook,facebook_reels_overlay,1.0,69.98,,20.401956,3.430063,1.0
2026-01-31,2026-01-31,7.390136,163,149,1.09396,45.33826,15,0.492676,9.202454,15,9.202454,facebook,facebook_stories,,,,,,
2026-01-31,2026-01-31,1418.136177,68466,57962,1.181222,20.712999,1719,0.824977,2.510735,1319,1.926504,facebook,feed,22.0,988.45,,0.697006,64.46073531818182,0.016679302501895376
2026-01-31,2026-01-31,4.150077,137,127,1.07874,30.29253,7,0.592868,5.109489,8,5.839416,facebook,instream_video,,,,,,
2026-01-31,2026-01-31,6.120113,569,420,1.354762,10.75591,3,2.040038,0.527241,3,0.527241,facebook,marketplace,,,,,,
2026-01-31,2026-01-31,1.940036,1075,278,3.866906,1.804684,4,0.485009,0.372093,4,0.372093,facebook,right_hand_column,,,,,,
2026-01-31,2026-01-31,7.830145,630,604,1.043046,12.428801,20,0.391507,3.174603,21,3.333333,facebook,search,,,,,,
2026-01-31,2026-01-31,63.161166,1411,1260,1.119841,44.763406,36,1.754477,2.551382,34,2.409639,instagram,feed,,,,,,
2026-01-31,2026-01-31,0.0,1,1,1.0,0.0,0,,0.0,0,,instagram,instagram_explore_grid_home,,,,,,
2026-01-31,2026-01-31,15.18028,501,455,1.101099,30.299961,20,0.759014,3.992016,18,3.592814,instagram,instagram_reels,,,,,,
2026-01-31,2026-01-31,14.670271,325,265,1.226415,45.139295,7,2.095753,2.153846,7,2.153846,instagram,instagram_stories,,,,,,
2026-01-31,2026-01-31,0.100002,7,7,1.0,14.285978,0,,0.0,0,,threads,threads_feed,,,,,,
2026-01-31,2026-01-31,0.0,0,0,0.0,,0,,,0,,unknown,unknown,,,,,,
2026-02-01,2026-02-01,4.220519,333,103,3.23301,12.67423,59,0.071534,17.717718,67,20.12012,audience_network,an_classic,,,,,,
2026-02-01,2026-02-01,1.010124,46,21,2.190476,21.95922,20,0.050506,43.478261,23,50.0,audience_network,rewarded_video,1.0,17.97,,17.789893,1.010124,0.043478260869565216
2026-02-01,2026-02-01,2.610321,40,40,1.0,65.258018,5,0.522064,12.5,5,12.5,facebook,facebook_notification,,,,,,
2026-02-01,2026-02-01,1.410173,90,86,1.046512,15.668592,1,1.410173,1.111111,1,1.111111,facebook,facebook_profile_feed,,,,,,
2026-02-01,2026-02-01,61.8576,2855,2282,1.251096,21.66641,83,0.745272,2.90718,63,2.206655,facebook,facebook_reels,1.0,55.95,,0.904497,61.8576,0.015873015873015872
2026-02-01,2026-02-01,4.350535,1802,1180,1.527119,2.414281,3,1.450178,0.166482,3,0.166482,facebook,facebook_reels_overlay,1.0,71.88,,16.522108,4.350535,0.3333333333333333
2026-02-01,2026-02-01,15.131859,318,306,1.039216,47.584463,15,1.008791,4.716981,15,4.716981,facebook,facebook_stories,1.0,27.98,,1.849079,15.131859,0.06666666666666667
2026-02-01,2026-02-01,1715.350754,99000,84924,1.165748,17.326775,2035,0.842924,2.055556,1510,1.525253,facebook,feed,49.0,1580.95,,0.921648,35.00715824489796,0.03245033112582781
2026-02-01,2026-02-01,11.381398,286,248,1.153226,39.795099,6,1.8969,2.097902,5,1.748252,facebook,instream_video,,,,,,
2026-02-01,2026-02-01,6.140754,742,525,1.413333,8.275949,5,1.228151,0.673854,5,0.673854,facebook,marketplace,,,,,,
2026-02-01,2026-02-01,2.20027,1512,428,3.53271,1.455205,0,,0.0,0,,facebook,right_hand_column,,,,,,
2026-02-01,2026-02-01,9.581177,922,872,1.057339,10.391732,14,0.68437,1.518438,15,1.626898,facebook,search,,,,,,
2026-02-01,2026-02-01,81.379999,1749,1533,1.1409,46.529445,42,1.937619,2.401372,37,2.115495,instagram,feed,4.0,192.09,,2.360408,20.34499975,0.10810810810810811
2026-02-01,2026-02-01,0.010001,3,3,1.0,3.333743,0,,0.0,0,,instagram,instagram_explore_grid_home,,,,,,
2026-02-01,2026-02-01,19.842438,657,560,1.173214,30.20158,14,1.417317,2.130898,14,2.130898,instagram,instagram_reels,,,,,,
2026-02-01,2026-02-01,0.020002,1,1,1.0,20.002458,0,,0.0,0,,instagram,instagram_search,,,,,,
2026-02-01,2026-02-01,16.732056,441,366,1.204918,37.94117,17,0.984239,3.854875,16,3.628118,instagram,instagram_stories,,,,,,
2026-02-01,2026-02-01,0.16002,12,12,1.0,13.334972,0,,0.0,0,,threads,threads_feed,,,,,,
2026-02-01,2026-02-01,0.0,0,0,0.0,,0,,,0,,unknown,unknown,,,,,,
2026-02-02,2026-02-02,6.963303,378,133,2.842105,18.421437,80,0.087041,21.164021,85,22.486772,audience_network,an_classic,,,,,,
2026-02-02,2026-02-02,0.540256,23,17,1.352941,23.489403,6,0.090043,26.086957,6,26.086957,audience_network,rewarded_video,,,,,,
2026-02-02,2026-02-02,1.360645,37,37,1.0,36.774201,0,,0.0,0,,facebook,facebook_notification,,,,,,
2026-02-02,2026-02-02,0.78037,67,65,1.030769,11.647316,1,0.78037,1.492537,1,1.492537,facebook,facebook_profile_feed,,,,,,
2026-02-02,2026-02-02,51.974655,2515,2057,1.222654,20.665867,57,0.911836,2.266402,33,1.312127,facebook,facebook_reels,,,,,,
2026-02-02,2026-02-02,3.661737,1638,1108,1.478339,2.235493,8,0.457717,0.4884,8,0.4884,facebook,facebook_reels_overlay,,,,,,
2026-02-02,2026-02-02,9.994741,181,169,1.071006,55.219564,7,1.42782,3.867403,7,3.867403,facebook,facebook_stories,,,,,,
2026-02-02,2026-02-02,1406.387137,81680,70163,1.164146,17.218256,1597,0.880643,1.955191,1118,1.368756,facebook,feed,19.0,777.84,,0.553077,74.02037563157894,0.01699463327370304
2026-02-02,2026-02-02,7.283455,277,214,1.294393,26.294061,7,1.040494,2.527076,3,1.083032,facebook,instream_video,,,,,,
2026-02-02,2026-02-02,5.862781,683,495,1.379798,8.583867,8,0.732848,1.171303,9,1.317716,facebook,marketplace,,,,,,
2026-02-02,2026-02-02,3.401614,2172,616,3.525974,1.56612,2,1.700807,0.092081,2,0.092081,facebook,right_hand_column,,,,,,
2026-02-02,2026-02-02,10.124803,814,776,1.048969,12.438333,14,0.7232,1.719902,13,1.597052,facebook,search,,,,,,
2026-02-02,2026-02-02,49.563511,1025,920,1.11413,48.354645,20,2.478176,1.95122,20,1.95122,instagram,feed,1.0,23.96,,0.48342,49.563511,0.05
2026-02-02,2026-02-02,0.0,1,1,1.0,0.0,0,,0.0,0,,instagram,instagram_explore,,,,,,
2026-02-02,2026-02-02,12.916127,360,298,1.208054,35.87813,12,1.076344,3.333333,12,3.333333,instagram,instagram_reels,2.0,47.92,,3.710091,6.4580635,0.16666666666666666
2026-02-02,2026-02-02,0.0,1,1,1.0,0.0,0,,0.0,0,,instagram,instagram_search,,,,,,
2026-02-02,2026-02-02,10.254865,268,218,1.229358,38.26442,6,1.709144,2.238806,5,1.865672,instagram,instagram_stories,,,,,,
2026-02-02,2026-02-02,0.0,3,3,1.0,0.0,0,,0.0,0,,threads,threads_feed,,,,,,
2026-02-02,2026-02-02,0.0,0,0,0.0,,0,,,0,,unknown,unknown,,,,,,
2026-02-03,2026-02-03,7.734578,407,155,2.625806,19.003878,90,0.08594,22.113022,93,22.850123,audience_network,an_classic,1.0,17.97,,2.323333,7.734578,0.010752688172043012
2026-02-03,2026-02-03,1.62096,57,24,2.375,28.437886,30,0.054032,52.631579,32,56.140351,audience_network,rewarded_video,,,,,,
2026-02-03,2026-02-03,2.33138,50,50,1.0,46.627601,5,0.466276,10.0,5,10.0,facebook,facebook_notification,,,,,,
2026-02-03,2026-02-03,1.470871,70,68,1.029412,21.012438,0,,0.0,0,,facebook,facebook_profile_feed,,,,,,
2026-02-03,2026-02-03,60.585864,2830,2312,1.224048,21.408432,77,0.786829,2.720848,60,2.120141,facebook,facebook_reels,1.0,17.97,1.0,0.296604,60.585864,0.016666666666666666
2026-02-03,2026-02-03,4.582713,2005,1294,1.549459,2.285642,4,1.145678,0.199501,4,0.199501,facebook,facebook_reels_overlay,,,,,,
2026-02-03,2026-02-03,13.898227,262,240,1.091667,53.046668,9,1.544247,3.435115,9,3.435115,facebook,facebook_stories,,,,,,
2026-02-03,2026-02-03,1293.125463,69010,58603,1.177585,18.738233,1410,0.91711,2.043182,1061,1.537458,facebook,feed,25.0,1219.14,58.0,0.942786,51.725018520000006,0.0235626767200754
2026-02-03,2026-02-03,7.074188,328,278,1.179856,21.567645,9,0.786021,2.743902,9,2.743902,facebook,instream_video,,,,,,
2026-02-03,2026-02-03,7.404383,689,461,1.494577,10.746565,6,1.234064,0.870827,6,0.870827,facebook,marketplace,,,,,,
2026-02-03,2026-02-03,3.872292,2272,550,4.130909,1.704354,2,1.936146,0.088028,2,0.088028,facebook,right_hand_column,1.0,79.96,,20.649268,3.872292,0.5
2026-02-03,2026-02-03,12.667499,1640,1507,1.088255,7.724084,15,0.8445,0.914634,15,0.914634,facebook,search,,,,,,
2026-02-03,2026-02-03,57.013749,1105,958,1.153445,51.596153,33,1.727689,2.986425,33,2.986425,instagram,feed,,,1.0,,,
2026-02-03,2026-02-03,0.020012,1,1,1.0,20.011846,0,,0.0,0,,instagram,instagram_explore,,,,,,
2026-02-03,2026-02-03,0.0,1,1,1.0,0.0,0,,0.0,0,,instagram,instagram_explore_grid_home,,,,,,
2026-02-03,2026-02-03,15.158973,515,471,1.093418,29.4349,12,1.263248,2.330097,12,2.330097,instagram,instagram_reels,1.0,5.99,,0.395145,15.158973,0.08333333333333333
2026-02-03,2026-02-03,14.928837,347,279,1.243728,43.022585,12,1.24407,3.458213,12,3.458213,instagram,instagram_stories,,,1.0,,,
2026-02-03,2026-02-03,0.020012,2,2,1.0,10.005923,0,,0.0,0,,threads,threads_feed,,,,,,
2026-02-04,2026-02-04,9.123304,484,152,3.184211,18.849802,99,0.092155,20.454545,102,21.07438,audience_network,an_classic,1.0,23.96,,2.626242,9.123304,0.00980392156862745
2026-02-04,2026-02-04,1.16042,58,21,2.761905,20.007246,18,0.064468,31.034483,24,41.37931,audience_network,rewarded_video,,,,,,
2026-02-04,2026-02-04,2.971076,73,73,1.0,40.699671,2,1.485538,2.739726,2,2.739726,facebook,facebook_notification,,,,,,
2026-02-04,2026-02-04,1.200435,104,99,1.050505,11.542642,1,1.200435,0.961538,1,0.961538,facebook,facebook_profile_feed,,,,,,
2026-02-04,2026-02-04,59.031378,2800,2331,1.201201,21.082635,42,1.405509,1.5,31,1.107143,facebook,facebook_reels,1.0,55.96,1.0,0.94797,59.031378,0.03225806451612903
2026-02-04,2026-02-04,5.832112,2339,1518,1.540843,2.493421,9,0.648012,0.38478,9,0.38478,facebook,facebook_reels_overlay,1.0,35.94,,6.162433,5.832112,0.1111111111111111
2026-02-04,2026-02-04,15.015438,315,303,1.039604,47.668056,13,1.155034,4.126984,13,4.126984,facebook,facebook_stories,,,,,,
2026-02-04,2026-02-04,1449.204822,82447,69761,1.181849,17.577411,1567,0.924828,1.900615,1209,1.466397,facebook,feed,42.0,2500.34,86.0,1.725319,34.504876714285714,0.034739454094292806
2026-02-04,2026-02-04,6.79246,277,228,1.214912,24.521516,4,1.698115,1.444043,4,1.444043,facebook,instream_video,,,,,,
2026-02-04,2026-02-04,5.942152,710,494,1.437247,8.369228,4,1.485538,0.56338,4,0.56338,facebook,marketplace,,,,,,
2026-02-04,2026-02-04,5.041826,2520,707,3.564356,2.000725,2,2.520913,0.079365,2,0.079365,facebook,right_hand_column,,,,,,
2026-02-04,2026-02-04,14.185137,1564,1416,1.10452,9.069781,27,0.525375,1.726343,26,1.662404,facebook,search,,,,,,
2026-02-04,2026-02-04,72.446236,1653,1420,1.164085,43.827124,47,1.541409,2.843315,45,2.722323,instagram,feed,3.0,167.88,3.0,2.317305,24.148745333333334,0.06666666666666667
2026-02-04,2026-02-04,0.100036,1,1,1.0,100.036228,0,,0.0,0,,instagram,instagram_explore,,,,,,
2026-02-04,2026-02-04,0.0,2,2,1.0,0.0,0,,0.0,0,,instagram,instagram_explore_grid_home,,,,,,
2026-02-04,2026-02-04,21.557807,603,495,1.218182,35.750924,20,1.07789,3.31675,18,2.985075,instagram,instagram_reels,,,1.0,,,
2026-02-04,2026-02-04,14.665311,421,328,1.283537,34.834468,5,2.933062,1.187648,5,1.187648,instagram,instagram_stories,,,,,,
2026-02-04,2026-02-04,0.010004,1,1,1.0,10.003623,0,,0.0,0,,messenger,messenger_stories,,,,,,
2026-02-04,2026-02-04,0.130047,4,4,1.0,32.511774,0,,0.0,0,,threads,threads_feed,,,,,,
2026-02-05,2026-02-05,8.540269,537,153,3.509804,15.903666,56,0.152505,10.428305,62,11.545624,audience_network,an_classic,1.0,111.92,1.0,13.104974,8.540269,0.016129032258064516
2026-02-05,2026-02-05,1.450046,44,18,2.444444,32.955582,20,0.072502,45.454545,27,61.363636,audience_network,rewarded_video,,,,,,
2026-02-05,2026-02-05,0.0,1,1,1.0,0.0,0,,0.0,0,,facebook,biz_disco_feed,,,,,,
2026-02-05,2026-02-05,4.730149,57,57,1.0,82.985065,6,0.788358,10.526316,6,10.526316,facebook,facebook_notification,,,,,,
2026-02-05,2026-02-05,2.330073,87,86,1.011628,26.782451,2,1.165037,2.298851,0,,facebook,facebook_profile_feed,,,,,,
2026-02-05,2026-02-05,57.371804,2776,2280,1.217544,20.667076,68,0.843703,2.449568,54,1.945245,facebook,facebook_reels,,,6.0,,,
2026-02-05,2026-02-05,5.790182,2287,1462,1.564295,2.531781,3,1.930061,0.131176,3,0.131176,facebook,facebook_reels_overlay,4.0,229.82,,39.691326,1.4475455,1.3333333333333333
2026-02-05,2026-02-05,13.450423,253,234,1.081197,53.163727,9,1.494491,3.557312,10,3.952569,facebook,facebook_stories,,,,,,
2026-02-05,2026-02-05,1392.103766,72797,61599,1.181789,19.123093,1459,0.954149,2.004203,1100,1.511051,facebook,feed,32.0,1747.62,68.0,1.255381,43.5032426875,0.02909090909090909
2026-02-05,2026-02-05,2.080065,98,92,1.065217,21.225157,2,1.040033,2.040816,2,2.040816,facebook,instream_video,,,,,,
2026-02-05,2026-02-05,7.990251,776,542,1.431734,10.296715,10,0.799025,1.28866,10,1.28866,facebook,marketplace,,,,,,
2026-02-05,2026-02-05,3.630114,2098,591,3.549915,1.730274,2,1.815057,0.095329,2,0.095329,facebook,right_hand_column,,,,,,
2026-02-05,2026-02-05,8.930281,739,693,1.066378,12.084277,21,0.425251,2.841678,21,2.841678,facebook,search,,,,,,
2026-02-05,2026-02-05,55.231736,1234,1051,1.17412,44.758295,34,1.624463,2.755267,35,2.836305,instagram,feed,2.0,106.92,6.0,1.935844,27.615868,0.05714285714285714
2026-02-05,2026-02-05,0.070002,2,2,1.0,35.0011,0,,0.0,0,,instagram,instagram_explore,,,,,,
2026-02-05,2026-02-05,14.860467,478,391,1.222506,31.088844,12,1.238372,2.51046,11,2.301255,instagram,instagram_reels,,,1.0,,,
2026-02-05,2026-02-05,11.730369,341,279,1.222222,34.399908,14,0.837883,4.105572,13,3.812317,instagram,instagram_stories,,,1.0,,,
2026-02-05,2026-02-05,0.090003,7,7,1.0,12.857547,0,,0.0,0,,threads,threads_feed,,,,,,
2026-02-06,2026-02-06,5.630651,491,87,5.643678,11.46772,53,0.106239,10.794297,56,11.405295,audience_network,an_classic,,,,,,
2026-02-06,2026-02-06,0.270031,7,6,1.166667,38.575887,4,0.067508,57.142857,4,57.142857,audience_network,rewarded_video,,,,,,
2026-02-06,2026-02-06,1.600185,45,45,1.0,35.559665,2,0.800092,4.444444,2,4.444444,facebook,facebook_notification,1.0,29.95,,18.716587,1.600185,0.5
2026-02-06,2026-02-06,1.230142,66,66,1.0,18.638518,0,,0.0,0,,facebook,facebook_profile_feed,,,,,,
2026-02-06,2026-02-06,54.436291,2643,2260,1.169469,20.596402,71,0.766708,2.686341,54,2.043133,facebook,facebook_reels,,,,,,
2026-02-06,2026-02-06,4.250491,1685,1066,1.580675,2.522547,5,0.850098,0.296736,5,0.296736,facebook,facebook_reels_overlay,,,,,,
2026-02-06,2026-02-06,10.621227,213,201,1.059701,49.864918,9,1.180136,4.225352,9,4.225352,facebook,facebook_stories,,,,,,
2026-02-06,2026-02-06,1458.958603,80677,68049,1.185572,18.083947,1507,0.968121,1.867943,1151,1.426677,facebook,feed,27.0,762.84,3.0,0.522866,54.03550381481482,0.023457862728062554
2026-02-06,2026-02-06,1.540178,72,65,1.107692,21.391361,1,1.540178,1.388889,1,1.388889,facebook,instream_video,,,,,,
2026-02-06,2026-02-06,6.020696,693,522,1.327586,8.687873,3,2.006899,0.4329,3,0.4329,facebook,marketplace,,,,,,
2026-02-06,2026-02-06,3.520407,1428,426,3.352113,2.465271,2,1.760203,0.140056,2,0.140056,facebook,right_hand_column,,,,,,
2026-02-06,2026-02-06,8.620996,452,426,1.061033,19.073001,12,0.718416,2.654867,12,2.654867,facebook,search,,,,,,
2026-02-06,2026-02-06,61.967161,1329,1124,1.182384,46.626908,31,1.998941,2.332581,29,2.182092,instagram,feed,2.0,47.92,,0.773313,30.9835805,0.06896551724137931
2026-02-06,2026-02-06,12.231414,395,322,1.226708,30.965604,6,2.038569,1.518987,6,1.518987,instagram,instagram_reels,,,,,,
2026-02-06,2026-02-06,13.181523,377,317,1.189274,34.964253,11,1.19832,2.917772,12,3.183024,instagram,instagram_stories,,,,,,
2026-02-06,2026-02-06,0.030003,3,3,1.0,10.001156,0,,0.0,0,,threads,threads_feed,,,,,,
2026-02-06,2026-02-06,0.0,0,0,0.0,,0,,,0,,unknown,unknown,,,,,,
2026-02-07,2026-02-07,1.990186,202,46,4.391304,9.852408,32,0.062193,15.841584,39,19.306931,audience_network,an_classic,,,,,,
2026-02-07,2026-02-07,0.150014,11,7,1.571429,13.637641,6,0.025002,54.545455,6,54.545455,audience_network,rewarded_video,,,,,,
2026-02-07,2026-02-07,4.650435,44,44,1.0,105.691716,4,1.162609,9.090909,4,9.090909,facebook,facebook_notification,,,,,,
2026-02-07,2026-02-07,2.170203,85,81,1.049383,25.531803,7,0.310029,8.235294,6,7.058824,facebook,facebook_profile_feed,,,,,,
2026-02-07,2026-02-07,79.547449,3186,2592,1.229167,24.967812,85,0.935852,2.667922,72,2.259887,facebook,facebook_reels,2.0,71.88,,0.903612,39.7737245,0.027777777777777776
2026-02-07,2026-02-07,3.700347,1541,1013,1.521224,2.401263,4,0.925087,0.259572,4,0.259572,facebook,facebook_reels_overlay,1.0,17.97,,4.856302,3.700347,0.25
2026-02-07,2026-02-07,13.511265,188,168,1.119048,71.868432,13,1.039328,6.914894,13,6.914894,facebook,facebook_stories,1.0,79.96,,5.918025,13.511265,0.07692307692307693
2026-02-07,2026-02-07,1489.659497,67997,55045,1.235298,21.907724,1559,0.955522,2.292748,1200,1.764784,facebook,feed,20.0,541.11,7.0,0.363244,74.48297485,0.016666666666666666
2026-02-07,2026-02-07,0.600056,56,47,1.191489,10.715289,0,,0.0,0,,facebook,instream_video,,,,,,
2026-02-07,2026-02-07,4.110385,372,285,1.305263,11.049422,1,4.110385,0.268817,1,0.268817,facebook,marketplace,,,,,,
2026-02-07,2026-02-07,1.640154,848,190,4.463158,1.934143,1,1.640154,0.117925,1,0.117925,facebook,right_hand_column,,,,,,
2026-02-07,2026-02-07,9.950932,484,449,1.077951,20.559777,10,0.995093,2.066116,11,2.272727,facebook,search,1.0,23.96,,2.407815,9.950932,0.09090909090909091
2026-02-07,2026-02-07,61.375747,1458,1312,1.11128,42.095849,40,1.534394,2.743484,42,2.880658,instagram,feed,,,,,,
2026-02-07,2026-02-07,0.020002,1,1,1.0,20.001873,0,,0.0,0,,instagram,instagram_explore,,,,,,
2026-02-07,2026-02-07,18.661748,429,363,1.181818,43.500577,21,0.888655,4.895105,20,4.662005,instagram,instagram_reels,,,,,,
2026-02-07,2026-02-07,16.831576,390,314,1.242038,43.157888,17,0.990093,4.358974,16,4.102564,instagram,instagram_stories,,,,,,
2026-02-07,2026-02-07,0.040004,3,3,1.0,13.334582,1,0.040004,33.333333,1,33.333333,threads,threads_feed,,,,,,
2026-02-07,2026-02-07,0.0,0,0,0.0,,0,,,0,,unknown,unknown,,,,,,
2026-02-08,2026-02-08,2.8907,337,90,3.744444,8.577743,36,0.080297,10.682493,44,13.05638,audience_network,an_classic,,,1.0,,,
2026-02-08,2026-02-08,0.970235,36,13,2.769231,26.950966,16,0.06064,44.444444,20,55.555556,audience_network,rewarded_video,,,,,,
2026-02-08,2026-02-08,3.890942,57,57,1.0,68.262133,8,0.486368,14.035088,8,14.035088,facebook,facebook_notification,,,,,,
2026-02-08,2026-02-08,1.250303,65,64,1.015625,19.235424,0,,0.0,0,,facebook,facebook_profile_feed,,,,,,
2026-02-08,2026-02-08,85.260632,3446,2793,1.233799,24.741913,100,0.852606,2.901915,87,2.524666,facebook,facebook_reels,2.0,106.92,2.0,1.254037,42.630316,0.022988505747126436
2026-02-08,2026-02-08,3.390821,1272,875,1.453714,2.665739,7,0.484403,0.550314,7,0.550314,facebook,facebook_reels_overlay,,,,,,
2026-02-08,2026-02-08,12.52303,232,207,1.120773,53.97858,9,1.391448,3.87931,10,4.310345,facebook,facebook_stories,,,,,,
2026-02-08,2026-02-08,1718.08576,78353,61876,1.266291,21.927505,1642,1.046337,2.095644,1252,1.597897,facebook,feed,27.0,1400.37,69.0,0.815076,63.63280592592592,0.02156549520766773
2026-02-08,2026-02-08,1.070259,58,50,1.16,18.452741,1,1.070259,1.724138,0,,facebook,instream_video,,,,,,
2026-02-08,2026-02-08,5.33129,408,301,1.355482,13.066888,9,0.592366,2.205882,9,2.205882,facebook,marketplace,,,,,,
2026-02-08,2026-02-08,1.650399,981,279,3.516129,1.682364,1,1.650399,0.101937,1,0.101937,facebook,right_hand_column,,,,,,
2026-02-08,2026-02-08,16.624023,548,513,1.068226,30.335808,21,0.79162,3.832117,20,3.649635,facebook,search,1.0,5.99,1.0,0.360322,16.624023,0.05
2026-02-08,2026-02-08,84.640482,1741,1531,1.137165,48.616015,59,1.434584,3.388857,60,3.446295,instagram,feed,3.0,126.76,6.0,1.497629,28.213494,0.05
2026-02-08,2026-02-08,0.030007,1,1,1.0,30.007261,0,,0.0,0,,instagram,instagram_explore,,,,,,
2026-02-08,2026-02-08,25.006051,551,461,1.195228,45.383033,17,1.470944,3.085299,16,2.903811,instagram,instagram_reels,,,1.0,,,
2026-02-08,2026-02-08,0.0,1,1,1.0,0.0,0,,0.0,0,,instagram,instagram_search,,,,,,
2026-02-08,2026-02-08,20.865049,472,395,1.194937,44.205613,16,1.304066,3.389831,17,3.601695,instagram,instagram_stories,,,,,,
2026-02-08,2026-02-08,0.070017,4,4,1.0,17.504236,1,0.070017,25.0,1,25.0,threads,threads_feed,,,,,,
2026-02-09,2026-02-09,12.351487,629,119,5.285714,19.636705,122,0.101242,19.395866,139,22.098569,audience_network,an_classic,1.0,36.97,1.0,2.993162,12.351487,0.007194244604316547
2026-02-09,2026-02-09,1.16014,60,17,3.529412,19.335662,11,0.105467,18.333333,13,21.666667,audience_network,rewarded_video,,,,,,
2026-02-09,2026-02-09,0.0,1,1,1.0,0.0,0,,0.0,0,,facebook,biz_disco_feed,,,,,,
2026-02-09,2026-02-09,2.74033,51,51,1.0,53.731961,3,0.913443,5.882353,3,5.882353,facebook,facebook_notification,,,,,,
2026-02-09,2026-02-09,0.390047,50,50,1.0,7.800939,0,,0.0,0,,facebook,facebook_profile_feed,,,,,,
2026-02-09,2026-02-09,69.938422,2988,2469,1.210207,23.406433,68,1.028506,2.27577,55,1.840696,facebook,facebook_reels,1.0,50.96,3.0,0.728641,69.938422,0.01818181818181818
2026-02-09,2026-02-09,6.300759,1561,1095,1.425571,4.036361,2,3.150379,0.128123,2,0.128123,facebook,facebook_reels_overlay,,,,,,
2026-02-09,2026-02-09,8.521026,144,140,1.028571,59.173793,7,1.217289,4.861111,8,5.555556,facebook,facebook_stories,,,,,,
2026-02-09,2026-02-09,1119.10477,54195,45121,1.201104,20.649594,1102,1.015522,2.033398,791,1.459544,facebook,feed,17.0,1131.53,55.0,1.011103,65.82969235294117,0.021491782553729456
2026-02-09,2026-02-09,1.550187,63,55,1.145455,24.606138,0,,0.0,0,,facebook,instream_video,,,,,,
2026-02-09,2026-02-09,4.350524,380,258,1.472868,11.448747,4,1.087631,1.052632,4,1.052632,facebook,marketplace,,,,,,
2026-02-09,2026-02-09,2.350283,1433,362,3.958564,1.640114,2,1.175142,0.139567,2,0.139567,facebook,right_hand_column,,,,,,
2026-02-09,2026-02-09,10.361248,355,342,1.038012,29.186613,12,0.863437,3.380282,12,3.380282,facebook,search,1.0,17.97,,1.734347,10.361248,0.08333333333333333
2026-02-09,2026-02-09,55.88673,1268,1140,1.112281,44.074708,30,1.862891,2.365931,31,2.444795,instagram,feed,1.0,55.96,2.0,1.001311,55.88673,0.03225806451612903
2026-02-09,2026-02-09,0.0,1,1,1.0,0.0,0,,0.0,0,,instagram,instagram_explore,,,,,,
2026-02-09,2026-02-09,20.752499,438,384,1.140625,47.380135,17,1.220735,3.881279,15,3.424658,instagram,instagram_reels,,,,,,
2026-02-09,2026-02-09,12.851548,291,255,1.141176,44.163394,15,0.85677,5.154639,15,5.154639,instagram,instagram_stories,,,1.0,,,
2026-02-09,2026-02-09,0.0,1,1,1.0,0.0,0,,0.0,0,,messenger,messenger_stories,,,,,,
2026-02-10,2026-02-10,3.851507,367,82,4.47561,10.494568,42,0.091703,11.444142,50,13.623978,audience_network,an_classic,,,,,,
2026-02-10,2026-02-10,1.270497,48,14,3.428571,26.468687,12,0.105875,25.0,17,35.416667,audience_network,rewarded_video,,,,,,
2026-02-10,2026-02-10,0.880344,33,33,1.0,26.677102,1,0.880344,3.030303,1,3.030303,facebook,facebook_notification,,,,,,
2026-02-10,2026-02-10,0.810317,50,49,1.020408,16.206339,0,,0.0,0,,facebook,facebook_profile_feed,,,,,,
2026-02-10,2026-02-10,69.157052,2938,2393,1.227748,23.53882,94,0.735713,3.199455,80,2.722941,facebook,facebook_reels,1.0,37.11,4.0,0.536605,69.157052,0.0125
2026-02-10,2026-02-10,3.601409,1326,967,1.371251,2.715995,3,1.20047,0.226244,3,0.226244,facebook,facebook_reels_overlay,1.0,62.91,,17.468164,3.601409,0.3333333333333333
2026-02-10,2026-02-10,7.983123,118,111,1.063063,67.653583,4,1.995781,3.389831,3,2.542373,facebook,facebook_stories,1.0,71.88,,9.003995,7.983123,0.3333333333333333
2026-02-10,2026-02-10,1213.854823,60593,52079,1.163482,20.032922,1171,1.036597,1.932566,872,1.43911,facebook,feed,41.0,2146.25,73.0,1.768127,29.606215195121948,0.047018348623853214
2026-02-10,2026-02-10,1.780697,85,66,1.287879,20.949371,4,0.445174,4.705882,4,4.705882,facebook,instream_video,,,,,,
2026-02-10,2026-02-10,5.172023,515,371,1.38814,10.042763,7,0.73886,1.359223,7,1.359223,facebook,marketplace,,,,,,
2026-02-10,2026-02-10,1.820712,1260,361,3.490305,1.44501,0,,0.0,0,,facebook,right_hand_column,,,,,,
2026-02-10,2026-02-10,6.662606,488,454,1.07489,13.652882,12,0.555217,2.459016,12,2.459016,facebook,search,,,,,,
2026-02-10,2026-02-10,58.252787,1234,1100,1.121818,47.206472,41,1.4208,3.322528,42,3.403566,instagram,feed,,,2.0,,,
2026-02-10,2026-02-10,0.020008,2,2,1.0,10.003913,0,,0.0,0,,instagram,instagram_explore,,,,,,
2026-02-10,2026-02-10,20.658081,466,418,1.114833,44.330646,14,1.475577,3.004292,14,3.004292,instagram,instagram_reels,,,,,,
2026-02-10,2026-02-10,0.040016,1,1,1.0,40.015653,0,,0.0,0,,instagram,instagram_search,,,,,,
2026-02-10,2026-02-10,10.163976,280,241,1.161826,36.299914,11,0.923998,3.928571,11,3.928571,instagram,instagram_stories,,,2.0,,,
2026-02-10,2026-02-10,0.010004,2,2,1.0,5.001957,0,,0.0,0,,messenger,messenger_stories,,,,,,
2026-02-10,2026-02-10,0.05002,2,2,1.0,25.009783,3,0.016673,150.0,3,150.0,threads,threads_feed,,,,,,
2026-02-11,2026-02-11,4.740472,323,78,4.141026,14.676383,42,0.112868,13.003096,44,13.622291,audience_network,an_classic,1.0,29.95,,6.317937,4.740472,0.022727272727272728
2026-02-11,2026-02-11,1.760175,59,22,2.681818,29.833477,20,0.088009,33.898305,23,38.983051,audience_network,rewarded_video,,,,,,
2026-02-11,2026-02-11,0.490049,17,17,1.0,28.826398,1,0.490049,5.882353,1,5.882353,facebook,facebook_notification,,,,,,
2026-02-11,2026-02-11,0.540054,34,33,1.030303,15.883934,3,0.180018,8.823529,3,8.823529,facebook,facebook_profile_feed,,,,,,
2026-02-11,2026-02-11,94.649419,3624,2915,1.243225,26.117389,99,0.956055,2.731788,72,1.986755,facebook,facebook_reels,2.0,78.94,6.0,0.834025,47.3247095,0.027777777777777776
2026-02-11,2026-02-11,4.650463,1058,775,1.365161,4.395522,6,0.775077,0.567108,6,0.567108,facebook,facebook_reels_overlay,,,,,,
2026-02-11,2026-02-11,7.330729,137,124,1.104839,53.508974,4,1.832682,2.919708,4,2.919708,facebook,facebook_stories,,,,,,
2026-02-11,2026-02-11,1171.366564,56321,44695,1.260119,20.798043,1219,0.960924,2.164379,911,1.617514,facebook,feed,30.0,1638.35,54.0,1.398666,39.04555213333333,0.03293084522502744
2026-02-11,2026-02-11,2.760275,109,89,1.224719,25.323621,1,2.760275,0.917431,0,,facebook,instream_video,,,,,,
2026-02-11,2026-02-11,4.870485,531,380,1.397368,9.172288,9,0.541165,1.694915,9,1.694915,facebook,marketplace,,,,,,
2026-02-11,2026-02-11,1.590158,890,348,2.557471,1.786695,1,1.590158,0.11236,1,0.11236,facebook,right_hand_column,,,,,,
2026-02-11,2026-02-11,7.370733,452,411,1.099757,16.306932,9,0.81897,1.99115,10,2.212389,facebook,search,,,,,,
2026-02-11,2026-02-11,70.507016,1667,1487,1.121049,42.295751,48,1.468896,2.879424,47,2.819436,instagram,feed,1.0,36.97,1.0,0.524345,70.507016,0.02127659574468085
2026-02-11,2026-02-11,0.0,1,1,1.0,0.0,0,,0.0,0,,instagram,instagram_explore_grid_home,,,,,,
2026-02-11,2026-02-11,22.072196,548,480,1.141667,40.277731,16,1.379512,2.919708,14,2.554745,instagram,instagram_reels,,,,,,
2026-02-11,2026-02-11,12.111205,276,233,1.184549,43.881178,7,1.730172,2.536232,6,2.173913,instagram,instagram_stories,,,,,,
2026-02-11,2026-02-11,0.070007,2,2,1.0,35.003483,0,,0.0,0,,threads,threads_feed,,,,,,
2026-02-11,2026-02-11,0.0,0,0,0.0,,0,,,0,,unknown,unknown,,,,,,
2026-02-12,2026-02-12,5.410326,275,85,3.235294,19.673914,41,0.131959,14.909091,47,17.090909,audience_network,an_classic,,,,,,
2026-02-12,2026-02-12,0.960058,75,24,3.125,12.800772,16,0.060004,21.333333,17,22.666667,audience_network,rewarded_video,,,,,,
2026-02-12,2026-02-12,1.710103,31,31,1.0,55.164619,1,1.710103,3.225806,1,3.225806,facebook,facebook_notification,,,,,,
2026-02-12,2026-02-12,1.090066,28,28,1.0,38.930921,0,,0.0,0,,facebook,facebook_profile_feed,,,,,,
2026-02-12,2026-02-12,89.865422,3929,3192,1.23089,22.87234,92,0.976798,2.341563,71,1.807076,facebook,facebook_reels,6.0,189.82,10.0,2.11227,14.977570333333333,0.08450704225352113
2026-02-12,2026-02-12,4.030243,1408,866,1.625866,2.862389,5,0.806049,0.355114,4,0.284091,facebook,facebook_reels_overlay,,,,,,
2026-02-12,2026-02-12,7.730466,133,127,1.047244,58.123808,8,0.966308,6.015038,8,6.015038,facebook,facebook_stories,,,,,,
2026-02-12,2026-02-12,1119.427546,49349,40564,1.216571,22.683895,1150,0.973415,2.330341,854,1.730532,facebook,feed,28.0,1550.94,42.0,1.385476,39.97955521428571,0.03278688524590164
2026-02-12,2026-02-12,3.330201,147,117,1.25641,22.654428,4,0.83255,2.721088,1,0.680272,facebook,instream_video,,,,,,
2026-02-12,2026-02-12,4.440268,480,361,1.32964,9.250558,7,0.634324,1.458333,7,1.458333,facebook,marketplace,,,,,,
2026-02-12,2026-02-12,1.850112,912,267,3.41573,2.028631,1,1.850112,0.109649,1,0.109649,facebook,right_hand_column,,,1.0,,,
2026-02-12,2026-02-12,5.040304,372,349,1.065903,13.549205,6,0.840051,1.612903,5,1.344086,facebook,search,,,,,,
2026-02-12,2026-02-12,53.70324,1243,1066,1.166041,43.204538,45,1.193405,3.620274,45,3.620274,instagram,feed,2.0,95.94,2.0,1.786484,26.85162,0.044444444444444446
2026-02-12,2026-02-12,0.0,3,3,1.0,0.0,0,,0.0,0,,instagram,instagram_explore_grid_home,,,,,,
2026-02-12,2026-02-12,17.431052,474,413,1.1477,36.774371,16,1.089441,3.375527,15,3.164557,instagram,instagram_reels,,,,,,
2026-02-12,2026-02-12,9.750588,237,199,1.190955,41.141723,10,0.975059,4.219409,8,3.375527,instagram,instagram_stories,1.0,55.96,1.0,5.739141,9.750588,0.125
2026-02-12,2026-02-12,0.060004,3,3,1.0,20.001207,0,,0.0,0,,threads,threads_feed,,,,,,
2026-02-13,2026-02-13,10.740686,418,114,3.666667,25.695422,82,0.130984,19.617225,95,22.727273,audience_network,an_classic,,,,,,
2026-02-13,2026-02-13,5.000319,153,47,3.255319,32.681827,53,0.094346,34.640523,73,47.712418,audience_network,rewarded_video,,,,,,
2026-02-13,2026-02-13,1.5701,44,44,1.0,35.684098,2,0.78505,4.545455,2,4.545455,facebook,facebook_notification,,,,,,
2026-02-13,2026-02-13,0.570036,58,55,1.054545,9.828214,1,0.570036,1.724138,1,1.724138,facebook,facebook_profile_feed,,,,,,
2026-02-13,2026-02-13,123.637899,5447,4382,1.24304,22.698348,125,0.989103,2.294841,102,1.87259,facebook,facebook_reels,3.0,115.91,5.0,0.937496,41.212633000000004,0.029411764705882353
2026-02-13,2026-02-13,5.970381,1653,1044,1.583333,3.611846,2,2.985191,0.120992,2,0.120992,facebook,facebook_reels_overlay,,,,,,
2026-02-13,2026-02-13,10.310659,191,171,1.116959,53.982507,13,0.793128,6.806283,14,7.329843,facebook,facebook_stories,,,,,,
2026-02-13,2026-02-13,1371.897652,68947,54735,1.259651,19.897859,1447,0.948098,2.098714,1103,1.59978,facebook,feed,36.0,2155.17,64.0,1.570941,38.108268111111116,0.032638259292837715
2026-02-13,2026-02-13,5.450348,157,134,1.171642,34.715594,6,0.908391,3.821656,5,3.184713,facebook,instream_video,,,,,,
2026-02-13,2026-02-13,8.520544,686,486,1.411523,12.420619,17,0.501208,2.478134,16,2.332362,facebook,marketplace,2.0,70.43,1.0,8.265904,4.260272,0.125
2026-02-13,2026-02-13,1.960125,1366,387,3.529716,1.434938,1,1.960125,0.073206,1,0.073206,facebook,right_hand_column,,,,,,
2026-02-13,2026-02-13,7.840501,555,495,1.121212,14.127029,12,0.653375,2.162162,12,2.162162,facebook,search,,,,,,
2026-02-13,2026-02-13,103.646622,2500,2235,1.118568,41.458649,78,1.328803,3.12,74,2.96,instagram,feed,4.0,290.64,5.0,2.804143,25.9116555,0.05405405405405406
2026-02-13,2026-02-13,0.030002,1,1,1.0,30.001917,0,,0.0,0,,instagram,instagram_explore,,,,,,
2026-02-13,2026-02-13,0.090006,6,5,1.2,15.000958,0,,0.0,0,,instagram,instagram_explore_grid_home,,,,,,
2026-02-13,2026-02-13,36.262317,1037,881,1.177072,34.968483,38,0.954272,3.664417,37,3.567985,instagram,instagram_reels,3.0,135.75,3.0,3.743556,12.087439000000002,0.08108108108108109
2026-02-13,2026-02-13,28.101795,594,478,1.242678,47.30942,24,1.170908,4.040404,24,4.040404,instagram,instagram_stories,,,,,,
2026-02-13,2026-02-13,0.020001,1,1,1.0,20.001278,0,,0.0,0,,messenger,messenger_stories,,,,,,
2026-02-13,2026-02-13,0.070004,8,8,1.0,8.750559,0,,0.0,0,,threads,threads_feed,,,,,,
2026-02-14,2026-02-14,7.980196,292,95,3.073684,27.329437,47,0.169791,16.09589,61,20.890411,audience_network,an_classic,1.0,59.97,1.0,7.514853,7.980196,0.01639344262295082
2026-02-14,2026-02-14,4.170102,117,40,2.925,35.6419,39,0.106926,33.333333,56,47.863248,audience_network,rewarded_video,,,,,,
2026-02-14,2026-02-14,0.0,1,1,1.0,0.0,0,,0.0,0,,facebook,biz_disco_feed,,,,,,
2026-02-14,2026-02-14,1.180029,24,24,1.0,49.167872,0,,0.0,0,,facebook,facebook_notification,,,,,,
2026-02-14,2026-02-14,0.470012,42,41,1.02439,11.190751,0,,0.0,0,,facebook,facebook_profile_feed,,,,,,
2026-02-14,2026-02-14,96.282361,4479,3737,1.198555,21.496397,127,0.758129,2.835454,107,2.388926,facebook,facebook_reels,1.0,36.97,7.0,0.383975,96.282361,0.009345794392523364
2026-02-14,2026-02-14,3.510086,1440,901,1.598224,2.43756,3,1.170029,0.208333,3,0.208333,facebook,facebook_reels_overlay,2.0,47.92,,13.652087,1.755043,0.6666666666666666
2026-02-14,2026-02-14,10.420256,253,234,1.081197,41.186781,17,0.612956,6.719368,17,6.719368,facebook,facebook_stories,,,,,,
2026-02-14,2026-02-14,965.113664,43480,33165,1.311021,22.196726,1079,0.894452,2.481601,829,1.906624,facebook,feed,42.0,2019.31,70.0,2.092303,22.97889676190476,0.05066344993968637
2026-02-14,2026-02-14,5.71014,163,144,1.131944,35.031534,6,0.95169,3.680982,4,2.453988,facebook,instream_video,,,,,,
2026-02-14,2026-02-14,5.70014,656,506,1.296443,8.689237,12,0.475012,1.829268,10,1.52439,facebook,marketplace,2.0,22.98,1.0,4.03148,2.85007,0.2
2026-02-14,2026-02-14,1.390034,1021,239,4.271967,1.361444,1,1.390034,0.097943,1,0.097943,facebook,right_hand_column,,,,,,
2026-02-14,2026-02-14,6.560161,636,599,1.06177,10.314718,13,0.504628,2.044025,14,2.201258,facebook,search,,,,,,
2026-02-14,2026-02-14,72.541779,1981,1684,1.176366,36.618768,68,1.066791,3.43261,67,3.38213,instagram,feed,3.0,167.88,7.0,2.314253,24.180593000000002,0.04477611940298507
2026-02-14,2026-02-14,0.01,3,3,1.0,3.333415,0,,0.0,0,,instagram,instagram_explore_grid_home,,,,,,
2026-02-14,2026-02-14,22.900562,729,645,1.130233,31.413665,26,0.880791,3.566529,24,3.292181,instagram,instagram_reels,1.0,55.96,1.0,2.443608,22.900562,0.041666666666666664
2026-02-14,2026-02-14,0.050001,2,2,1.0,25.000613,0,,0.0,0,,instagram,instagram_search,,,,,,
2026-02-14,2026-02-14,19.420476,587,492,1.193089,33.084287,24,0.809187,4.088586,21,3.577513,instagram,instagram_stories,1.0,22.98,2.0,1.183287,19.420476,0.047619047619047616
2026-02-14,2026-02-14,0.100002,6,6,1.0,16.667075,0,,0.0,0,,threads,threads_feed,,,,,,
2026-02-14,2026-02-14,0.01,1,1,1.0,10.000245,0,,0.0,0,,unknown,unknown,,,,,,
2026-02-15,2026-02-15,2.31019,163,75,2.173333,14.172948,33,0.070006,20.245399,33,20.245399,audience_network,an_classic,,,1.0,,,
2026-02-15,2026-02-15,1.310108,78,23,3.391304,16.796257,27,0.048523,34.615385,31,39.74359,audience_network,rewarded_video,,,,,,
2026-02-15,2026-02-15,1.250103,27,27,1.0,46.300114,2,0.625052,7.407407,2,7.407407,facebook,facebook_notification,,,,,,
2026-02-15,2026-02-15,1.520125,66,64,1.03125,23.032202,2,0.760063,3.030303,2,3.030303,facebook,facebook_profile_feed,,,,,,
2026-02-15,2026-02-15,162.423393,7647,5941,1.287157,21.240145,194,0.837234,2.536943,160,2.092324,facebook,facebook_reels,3.0,190.86,9.0,1.175077,54.141131,0.01875
2026-02-15,2026-02-15,4.080336,1410,852,1.65493,2.893856,3,1.360112,0.212766,3,0.212766,facebook,facebook_reels_overlay,3.0,145.78,,35.727446,1.360112,1.0
2026-02-15,2026-02-15,22.481854,457,398,1.148241,49.194428,23,0.977472,5.032823,24,5.251641,facebook,facebook_stories,,,1.0,,,
2026-02-15,2026-02-15,1356.841878,71303,52597,1.355648,19.02924,1513,0.896789,2.12193,1147,1.608628,facebook,feed,36.0,2211.97,84.0,1.630234,37.69005216666667,0.03138622493461203
2026-02-15,2026-02-15,11.190923,346,290,1.193103,32.343707,13,0.86084,3.757225,9,2.601156,facebook,instream_video,,,,,,
2026-02-15,2026-02-15,8.840729,872,623,1.399679,10.138451,11,0.803703,1.261468,11,1.261468,facebook,marketplace,,,,,,
2026-02-15,2026-02-15,1.640135,1100,260,4.230769,1.491032,3,0.546712,0.272727,3,0.272727,facebook,right_hand_column,,,,,,
2026-02-15,2026-02-15,7.140589,641,597,1.073702,11.139764,13,0.549276,2.028081,13,2.028081,facebook,search,,,,,,
2026-02-15,2026-02-15,142.511751,3866,3428,1.127771,36.862843,99,1.439513,2.560786,97,2.509053,instagram,feed,4.0,430.52,11.0,3.020944,35.62793775,0.041237113402061855
2026-02-15,2026-02-15,0.060005,2,2,1.0,30.002474,0,,0.0,0,,instagram,instagram_explore,,,,,,
2026-02-15,2026-02-15,0.010001,1,1,1.0,10.000825,0,,0.0,0,,instagram,instagram_explore_grid_home,,,,,,
2026-02-15,2026-02-15,59.074871,1827,1565,1.167412,32.334357,57,1.036401,3.119869,54,2.955665,instagram,instagram_reels,2.0,104.94,4.0,1.77639,29.5374355,0.037037037037037035
2026-02-15,2026-02-15,0.050004,2,2,1.0,25.002062,0,,0.0,0,,instagram,instagram_search,,,,,,
2026-02-15,2026-02-15,36.332996,981,864,1.135417,37.036693,21,1.730143,2.140673,21,2.140673,instagram,instagram_stories,1.0,55.96,3.0,1.540198,36.332996,0.047619047619047616
2026-02-15,2026-02-15,0.110009,9,9,1.0,12.22323,0,,0.0,0,,threads,threads_feed,,,,,,
2026-02-16,2026-02-16,5.119969,301,85,3.541176,17.009864,59,0.086779,19.601329,68,22.591362,audience_network,an_classic,,,,,,
2026-02-16,2026-02-16,0.949994,47,28,1.678571,20.212643,23,0.041304,48.93617,25,53.191489,audience_network,rewarded_video,,,,,,
2026-02-16,2026-02-16,1.809989,38,38,1.0,47.63129,4,0.452497,10.526316,4,10.526316,facebook,facebook_notification,,,,,,
2026-02-16,2026-02-16,1.239992,62,61,1.016393,19.999879,0,,0.0,0,,facebook,facebook_profile_feed,,,,,,
2026-02-16,2026-02-16,133.219192,6418,5377,1.193602,20.757119,169,0.788279,2.633219,139,2.165784,facebook,facebook_reels,2.0,120.91,5.0,0.907602,66.609596,0.014388489208633094
2026-02-16,2026-02-16,5.159969,1925,1249,1.541233,2.680503,3,1.71999,0.155844,3,0.155844,facebook,facebook_reels_overlay,2.0,,,,2.5799845,0.6666666666666666
2026-02-16,2026-02-16,20.679875,368,353,1.042493,56.195311,21,0.984756,5.706522,21,5.706522,facebook,facebook_stories,,,,,,
2026-02-16,2026-02-16,1238.332487,60126,47343,1.270008,20.595624,1441,0.859356,2.396634,1091,1.814523,facebook,feed,31.0,1365.08,61.0,1.102353,39.94620925806451,0.02841429880843263
2026-02-16,2026-02-16,8.069951,290,240,1.208333,27.827417,10,0.806995,3.448276,7,2.413793,facebook,instream_video,,,,,,
2026-02-16,2026-02-16,8.499948,1038,738,1.406504,8.188775,13,0.653842,1.252408,13,1.252408,facebook,marketplace,,,,,,
2026-02-16,2026-02-16,2.259986,1706,471,3.622081,1.324728,1,2.259986,0.058617,1,0.058617,facebook,right_hand_column,1.0,55.96,,24.761212,2.259986,1.0
2026-02-16,2026-02-16,8.659947,821,759,1.081686,10.548048,19,0.455787,2.314251,18,2.192448,facebook,search,1.0,47.82,2.0,5.521973,8.659947,0.05555555555555555
2026-02-16,2026-02-16,130.309209,2937,2605,1.127447,44.368134,89,1.464148,3.030303,86,2.928158,instagram,feed,4.0,188.54,6.0,1.446866,32.57730225,0.046511627906976744
2026-02-16,2026-02-16,0.03,1,1,1.0,29.999818,0,,0.0,0,,instagram,instagram_explore,,,,,,
2026-02-16,2026-02-16,0.0,5,5,1.0,0.0,1,0.0,20.0,1,20.0,instagram,instagram_explore_grid_home,,,,,,
2026-02-16,2026-02-16,53.299677,1514,1368,1.106725,35.204542,50,1.065994,3.30251,46,3.038309,instagram,instagram_reels,1.0,55.96,3.0,1.049913,53.299677,0.021739130434782608
2026-02-16,2026-02-16,30.509815,709,617,1.149109,43.032179,24,1.271242,3.385049,23,3.244006,instagram,instagram_stories,1.0,55.96,1.0,1.834164,30.509815,0.043478260869565216
2026-02-16,2026-02-16,0.139999,9,9,1.0,15.555461,0,,0.0,0,,threads,threads_feed,,,,,,
2026-02-17,2026-02-17,4.730765,351,87,4.034483,13.477963,56,0.084478,15.954416,68,19.373219,audience_network,an_classic,,,,,,
2026-02-17,2026-02-17,2.370383,92,32,2.875,25.765036,39,0.060779,42.391304,51,55.434783,audience_network,rewarded_video,,,,,,
2026-02-17,2026-02-17,1.320214,32,32,1.0,41.256672,4,0.330053,12.5,4,12.5,facebook,facebook_notification,1.0,48.29,1.0,36.577417,1.320214,0.25
2026-02-17,2026-02-17,1.020165,62,61,1.016393,16.454274,4,0.255041,6.451613,5,8.064516,facebook,facebook_profile_feed,,,,,,
2026-02-17,2026-02-17,114.568528,5661,4626,1.223735,20.238214,114,1.004987,2.013778,94,1.660484,facebook,facebook_reels,1.0,36.97,1.0,0.322689,114.568528,0.010638297872340425
2026-02-17,2026-02-17,5.240848,2123,1292,1.643189,2.468605,11,0.476441,0.518135,11,0.518135,facebook,facebook_reels_overlay,1.0,34.99,,6.676401,5.240848,0.09090909090909091
2026-02-17,2026-02-17,15.712541,303,278,1.089928,51.856571,23,0.683154,7.590759,23,7.590759,facebook,facebook_stories,,,2.0,,,
2026-02-17,2026-02-17,1259.323663,71387,57258,1.24676,17.640798,1451,0.867901,2.032583,1051,1.472257,facebook,feed,32.0,1878.54,64.0,1.491705,39.35386446875,0.030447193149381543
2026-02-17,2026-02-17,8.621394,279,233,1.197425,30.901055,6,1.436899,2.150538,4,1.433692,facebook,instream_video,,,,,,
2026-02-17,2026-02-17,8.591389,988,690,1.431884,8.695738,10,0.859139,1.012146,9,0.910931,facebook,marketplace,,,,,,
2026-02-17,2026-02-17,1.990322,1545,507,3.047337,1.288234,0,,0.0,0,,facebook,right_hand_column,,,,,,
2026-02-17,2026-02-17,10.191648,1098,1033,1.062924,9.282011,20,0.509582,1.821494,19,1.730419,facebook,search,,,1.0,,,
2026-02-17,2026-02-17,102.996657,2354,2078,1.13282,43.75389,71,1.450657,3.016143,70,2.973662,instagram,feed,1.0,111.92,4.0,1.086637,102.996657,0.014285714285714285
2026-02-17,2026-02-17,0.0,1,1,1.0,0.0,0,,0.0,0,,instagram,instagram_explore,,,,,,
2026-02-17,2026-02-17,0.010002,1,1,1.0,10.001618,0,,0.0,0,,instagram,instagram_explore_grid_home,,,,,,
2026-02-17,2026-02-17,42.526878,1347,1171,1.150299,31.57155,46,0.924497,3.414996,46,3.414996,instagram,instagram_reels,,,1.0,,,
2026-02-17,2026-02-17,0.010002,1,1,1.0,10.001618,0,,0.0,0,,instagram,instagram_search,,,,,,
2026-02-17,2026-02-17,28.404594,593,508,1.167323,47.899821,22,1.291118,3.709949,22,3.709949,instagram,instagram_stories,,,2.0,,,
2026-02-17,2026-02-17,0.050008,6,6,1.0,8.334681,0,,0.0,0,,threads,threads_feed,,,,,,
2026-02-18,2026-02-18,3.770579,222,76,2.921053,16.98459,47,0.080225,21.171171,57,25.675676,audience_network,an_classic,,,,,,
2026-02-18,2026-02-18,1.380212,70,22,3.181818,19.717313,22,0.062737,31.428571,36,51.428571,audience_network,rewarded_video,,,,,,
2026-02-18,2026-02-18,1.730266,34,34,1.0,50.890167,0,,0.0,0,,facebook,facebook_notification,,,,,,
2026-02-18,2026-02-18,1.010155,55,55,1.0,18.366457,1,1.010155,1.818182,1,1.818182,facebook,facebook_profile_feed,,,,,,
2026-02-18,2026-02-18,85.803176,3513,2839,1.237408,24.424474,95,0.903191,2.704241,75,2.134927,facebook,facebook_reels,2.0,78.94,2.0,0.920013,42.901588,0.02666666666666667
2026-02-18,2026-02-18,4.670717,1705,1068,1.596442,2.739424,6,0.778453,0.351906,6,0.351906,facebook,facebook_reels_overlay,,,,,,
2026-02-18,2026-02-18,11.141711,177,171,1.035088,62.947519,6,1.856952,3.389831,6,3.389831,facebook,facebook_stories,,,,,,
2026-02-18,2026-02-18,1195.933642,61159,49899,1.225656,19.5545,1301,0.919242,2.127242,957,1.564774,facebook,feed,32.0,1946.23,57.0,1.627373,37.3729263125,0.03343782654127482
2026-02-18,2026-02-18,6.811046,194,169,1.147929,35.108484,4,1.702761,2.061856,4,2.061856,facebook,instream_video,1.0,55.96,1.0,8.216066,6.811046,0.25
2026-02-18,2026-02-18,9.421447,1021,754,1.354111,9.227666,12,0.785121,1.175318,12,1.175318,facebook,marketplace,,,,,,
2026-02-18,2026-02-18,2.180335,1405,412,3.410194,1.55184,0,,0.0,0,,facebook,right_hand_column,,,,,,
2026-02-18,2026-02-18,8.851359,964,884,1.090498,9.181908,19,0.465861,1.970954,18,1.86722,facebook,search,,,,,,
2026-02-18,2026-02-18,94.984585,2476,2139,1.15755,38.36211,45,2.110769,1.817448,43,1.736672,instagram,feed,4.0,202.81,2.0,2.135189,23.74614625,0.09302325581395349
2026-02-18,2026-02-18,0.0,3,3,1.0,0.0,0,,0.0,0,,instagram,instagram_explore_grid_home,,,,,,
2026-02-18,2026-02-18,43.366659,1349,1205,1.119502,32.147264,29,1.495402,2.149741,28,2.075612,instagram,instagram_reels,1.0,89.98,1.0,2.074866,43.366659,0.03571428571428571
2026-02-18,2026-02-18,26.774111,926,814,1.137592,28.913727,22,1.217005,2.37581,20,2.159827,instagram,instagram_stories,,,,,,
2026-02-19,2026-02-19,4.811916,412,109,3.779817,11.679407,36,0.133664,8.737864,39,9.466019,audience_network,an_classic,1.0,23.96,,4.979306,4.811916,0.02564102564102564
2026-02-19,2026-02-19,2.290912,74,34,2.176471,30.958271,30,0.076364,40.540541,37,50.0,audience_network,rewarded_video,,,1.0,,,
2026-02-19,2026-02-19,0.820327,26,26,1.0,31.551023,2,0.410163,7.692308,2,7.692308,facebook,facebook_notification,,,,,,
2026-02-19,2026-02-19,0.790315,46,45,1.022222,17.180753,2,0.395157,4.347826,1,2.173913,facebook,facebook_profile_feed,,,,,,
2026-02-19,2026-02-19,88.205117,3429,2766,1.239696,25.723277,109,0.809221,3.178769,87,2.537183,facebook,facebook_reels,5.0,197.31,10.0,2.236945,17.6410234,0.05747126436781609
2026-02-19,2026-02-19,4.161657,1445,977,1.479017,2.880039,3,1.387219,0.207612,3,0.207612,facebook,facebook_reels_overlay,,,,,,
2026-02-19,2026-02-19,15.44615,220,209,1.052632,70.20977,8,1.930769,3.636364,8,3.636364,facebook,facebook_stories,,,,,,
2026-02-19,2026-02-19,1229.689571,58625,49813,1.176902,20.975515,1360,0.904184,2.319829,1057,1.802985,facebook,feed,39.0,2217.53,74.0,1.803325,31.530501820512818,0.036896877956480605
2026-02-19,2026-02-19,6.452569,212,173,1.225434,30.436646,6,1.075428,2.830189,4,1.886792,facebook,instream_video,,,,,,
2026-02-19,2026-02-19,9.49378,1115,829,1.344994,8.514601,14,0.678127,1.255605,12,1.076233,facebook,marketplace,,,,,,
2026-02-19,2026-02-19,2.601036,1499,456,3.287281,1.73518,1,2.601036,0.066711,1,0.066711,facebook,right_hand_column,,,,,,
2026-02-19,2026-02-19,7.08282,994,912,1.089912,7.125573,17,0.416636,1.710262,17,1.710262,facebook,search,1.0,179.96,1.0,25.40796,7.08282,0.058823529411764705
2026-02-19,2026-02-19,97.458801,2504,2207,1.134572,38.921246,67,1.454609,2.675719,64,2.555911,instagram,feed,3.0,175.98,3.0,1.805686,32.486267,0.046875
2026-02-19,2026-02-19,0.010004,1,1,1.0,10.003983,0,,0.0,0,,instagram,instagram_explore,,,,,,
2026-02-19,2026-02-19,0.0,3,3,1.0,0.0,0,,0.0,0,,instagram,instagram_explore_grid_home,,,,,,
2026-02-19,2026-02-19,42.576951,1144,983,1.163784,37.217614,39,1.091717,3.409091,36,3.146853,instagram,instagram_reels,,,,,,
2026-02-19,2026-02-19,0.0,1,1,1.0,0.0,0,,0.0,0,,instagram,instagram_search,,,,,,
2026-02-19,2026-02-19,20.278073,515,443,1.162528,39.374899,12,1.689839,2.330097,11,2.135922,instagram,instagram_stories,1.0,22.98,2.0,1.133244,20.278073,0.09090909090909091
2026-02-19,2026-02-19,0.010004,2,2,1.0,5.001991,0,,0.0,0,,threads,threads_feed,,,,,,
2026-02-20,2026-02-20,6.982602,433,109,3.972477,16.126103,74,0.094359,17.090069,81,18.706697,audience_network,an_classic,,,,,,
2026-02-20,2026-02-20,3.161178,98,39,2.512821,32.25692,44,0.071845,44.897959,50,51.020408,audience_network,rewarded_video,,,,,,
2026-02-20,2026-02-20,1.520567,38,38,1.0,40.014914,4,0.380142,10.526316,4,10.526316,facebook,facebook_notification,,,,,,
2026-02-20,2026-02-20,1.400522,66,63,1.047619,21.22003,2,0.700261,3.030303,1,1.515152,facebook,facebook_profile_feed,,,,,,
2026-02-20,2026-02-20,98.89686,4366,3540,1.233333,22.651594,93,1.063407,2.130096,82,1.878149,facebook,facebook_reels,2.0,128.93,9.0,1.303681,49.44843,0.024390243902439025
2026-02-20,2026-02-20,5.31198,1806,1152,1.567708,2.941296,7,0.758854,0.387597,7,0.387597,facebook,facebook_reels_overlay,1.0,21.91,1.0,4.124639,5.31198,0.14285714285714285
2026-02-20,2026-02-20,15.725861,301,279,1.078853,52.245386,22,0.714812,7.30897,20,6.644518,facebook,facebook_stories,,,1.0,,,
2026-02-20,2026-02-20,1583.750278,89283,73272,1.218515,17.738542,1851,0.855619,2.073183,1411,1.580368,facebook,feed,44.0,2483.21,83.0,1.56793,35.9943245,0.03118355776045358
2026-02-20,2026-02-20,7.202685,281,230,1.221739,25.632329,15,0.480179,5.338078,11,3.914591,facebook,instream_video,,,,,,
2026-02-20,2026-02-20,12.384616,1448,1078,1.343228,8.552912,11,1.125874,0.759669,11,0.759669,facebook,marketplace,,,,,,
2026-02-20,2026-02-20,2.87107,1692,527,3.210626,1.69685,2,1.435535,0.118203,2,0.118203,facebook,right_hand_column,,,,,,
2026-02-20,2026-02-20,10.30384,1288,1225,1.051429,7.999876,24,0.429327,1.863354,25,1.940994,facebook,search,1.0,50.96,2.0,4.945729,10.30384,0.04
2026-02-20,2026-02-20,92.48447,2486,2143,1.160056,37.20212,70,1.321207,2.815768,68,2.735318,instagram,feed,1.0,33.83,5.0,0.365791,92.48447,0.014705882352941176
2026-02-20,2026-02-20,0.010004,1,1,1.0,10.003728,0,,0.0,0,,instagram,instagram_explore,,,,,,
2026-02-20,2026-02-20,0.0,1,1,1.0,0.0,0,,0.0,0,,instagram,instagram_explore_grid_home,,,,,,
2026-02-20,2026-02-20,43.346156,1191,1051,1.133206,36.394757,30,1.444872,2.518892,32,2.686818,instagram,instagram_reels,1.0,69.95,2.0,1.613753,43.346156,0.03125
2026-02-20,2026-02-20,0.010004,1,1,1.0,10.003728,0,,0.0,0,,instagram,instagram_search,,,,,,
2026-02-20,2026-02-20,19.497267,559,436,1.28211,34.878832,11,1.772479,1.9678,11,1.9678,instagram,instagram_stories,,,,,,
2026-02-20,2026-02-20,0.090034,1,1,1.0,90.033556,0,,0.0,0,,messenger,messenger_stories,,,,,,
2026-02-20,2026-02-20,0.020007,1,1,1.0,20.007457,0,,0.0,0,,threads,threads_feed,,,,,,
2026-02-21,2026-02-21,3.380057,249,94,2.648936,13.574527,28,0.120716,11.24498,35,14.056225,audience_network,an_classic,1.0,17.97,,5.316478,3.380057,0.02857142857142857
2026-02-21,2026-02-21,1.330023,58,25,2.32,22.931423,12,0.110835,20.689655,17,29.310345,audience_network,rewarded_video,,,,,,
2026-02-21,2026-02-21,1.18002,32,32,1.0,36.875625,3,0.39334,9.375,3,9.375,facebook,facebook_notification,,,,,,
2026-02-21,2026-02-21,0.700012,58,55,1.054545,12.06917,6,0.116669,10.344828,4,6.896552,facebook,facebook_profile_feed,3.0,147.87,,211.239274,0.2333373333333333,0.75
2026-02-21,2026-02-21,92.54157,4549,3674,1.23816,20.343278,129,0.717377,2.835788,108,2.374148,facebook,facebook_reels,2.0,112.42,7.0,1.214805,46.270785,0.018518518518518517
2026-02-21,2026-02-21,4.030068,1578,983,1.60529,2.553909,6,0.671678,0.380228,6,0.380228,facebook,facebook_reels_overlay,1.0,39.1,,9.702069,4.030068,0.16666666666666666
2026-02-21,2026-02-21,14.76025,290,277,1.046931,50.897415,19,0.776855,6.551724,19,6.551724,facebook,facebook_stories,,,4.0,,,
2026-02-21,2026-02-21,1473.464992,82820,67341,1.22986,17.791174,1938,0.760302,2.340014,1464,1.767689,facebook,feed,35.0,1880.99,89.0,1.276576,42.098999771428566,0.02390710382513661
2026-02-21,2026-02-21,7.260123,268,221,1.21267,27.090012,11,0.660011,4.104478,9,3.358209,facebook,instream_video,,,,,,
2026-02-21,2026-02-21,14.310243,1451,1155,1.256277,9.862331,15,0.954016,1.03377,15,1.03377,facebook,marketplace,,,,,,
2026-02-21,2026-02-21,2.440041,1445,422,3.424171,1.68861,4,0.61001,0.276817,4,0.276817,facebook,right_hand_column,2.0,89.92,,36.851834,1.2200205,0.5
2026-02-21,2026-02-21,13.300226,1777,1632,1.088848,7.484651,28,0.475008,1.575689,28,1.575689,facebook,search,,,1.0,,,
2026-02-21,2026-02-21,86.031459,2467,2190,1.126484,34.872906,57,1.509324,2.310499,53,2.148358,instagram,feed,2.0,34.96,4.0,0.406363,43.0157295,0.03773584905660377
2026-02-21,2026-02-21,0.02,2,2,1.0,10.00017,0,,0.0,0,,instagram,instagram_explore,,,,,,
2026-02-21,2026-02-21,0.02,2,2,1.0,10.00017,0,,0.0,0,,instagram,instagram_explore_grid_home,,,,,,
2026-02-21,2026-02-21,36.56062,1114,979,1.137896,32.819228,32,1.142519,2.872531,32,2.872531,instagram,instagram_reels,,,,,,
2026-02-21,2026-02-21,17.380295,496,436,1.137615,35.040917,12,1.448358,2.419355,12,2.419355,instagram,instagram_stories,,,,,,
2026-02-22,2026-02-22,5.030928,231,73,3.164384,21.778909,49,0.102672,21.212121,55,23.809524,audience_network,an_classic,,,,,,
2026-02-22,2026-02-22,2.390441,76,26,2.923077,31.45317,31,0.077111,40.789474,34,44.736842,audience_network,rewarded_video,,,,,,
2026-02-22,2026-02-22,1.420262,39,39,1.0,36.416974,2,0.710131,5.128205,2,5.128205,facebook,facebook_notification,,,,,,
2026-02-22,2026-02-22,0.510094,53,51,1.039216,9.624417,0,,0.0,0,,facebook,facebook_profile_feed,,,,,,
2026-02-22,2026-02-22,109.580212,4485,3760,1.192819,24.4326,140,0.782716,3.121516,123,2.742475,facebook,facebook_reels,1.0,57.93,6.0,0.528654,109.580212,0.008130081300813009
2026-02-22,2026-02-22,3.700683,1143,779,1.467266,3.237693,7,0.528669,0.612423,7,0.612423,facebook,facebook_reels_overlay,,,,,,
2026-02-22,2026-02-22,19.013507,331,309,1.071197,57.44262,20,0.950675,6.042296,20,6.042296,facebook,facebook_stories,,,1.0,,,
2026-02-22,2026-02-22,1645.203462,92922,76447,1.215509,17.705209,1857,0.885947,1.99845,1409,1.516326,facebook,feed,27.0,1766.2,84.0,1.073545,60.93346155555555,0.0191625266146203
2026-02-22,2026-02-22,5.601033,215,183,1.174863,26.051317,4,1.400258,1.860465,3,1.395349,facebook,instream_video,,,,,,
2026-02-22,2026-02-22,10.161874,1115,855,1.304094,9.113789,11,0.923807,0.986547,11,0.986547,facebook,marketplace,,,,,,
2026-02-22,2026-02-22,1.970363,1239,368,3.366848,1.590285,1,1.970363,0.08071,1,0.08071,facebook,right_hand_column,1.0,101.83,,51.680821,1.970363,1.0
2026-02-22,2026-02-22,8.011478,1447,1339,1.080657,5.536612,22,0.364158,1.520387,22,1.520387,facebook,search,,,1.0,,,
2026-02-22,2026-02-22,83.535408,2256,2010,1.122388,37.028107,70,1.193363,3.102837,74,3.280142,instagram,feed,6.0,310.59,8.0,3.718064,13.922568,0.08108108108108109
2026-02-22,2026-02-22,0.010002,1,1,1.0,10.001845,0,,0.0,0,,instagram,instagram_explore,,,,,,
2026-02-22,2026-02-22,0.0,3,3,1.0,0.0,0,,0.0,0,,instagram,instagram_explore_grid_home,,,,,,
2026-02-22,2026-02-22,34.776415,1072,943,1.136797,32.440685,45,0.772809,4.197761,42,3.91791,instagram,instagram_reels,,,1.0,,,
2026-02-22,2026-02-22,0.010002,1,1,1.0,10.001845,0,,0.0,0,,instagram,instagram_search,,,,,,
2026-02-22,2026-02-22,20.793835,596,504,1.18254,34.888986,14,1.485274,2.348993,14,2.348993,instagram,instagram_stories,,,,,,
2026-02-22,2026-02-22,0.0,1,1,1.0,0.0,0,,0.0,0,,messenger,messenger_stories,,,,,,
2026-02-22,2026-02-22,0.0,1,1,1.0,0.0,0,,0.0,0,,threads,threads_feed,,,,,,
2026-02-23,2026-02-23,5.80017,330,71,4.647887,17.576271,58,0.100003,17.575758,62,18.787879,audience_network,an_classic,,,,,,
2026-02-23,2026-02-23,2.080061,66,32,2.0625,31.516073,24,0.086669,36.363636,31,46.969697,audience_network,rewarded_video,,,,,,
2026-02-23,2026-02-23,2.39007,32,31,1.032258,74.689683,3,0.79669,9.375,3,9.375,facebook,facebook_notification,,,,,,
2026-02-23,2026-02-23,0.69002,48,48,1.0,14.37542,0,,0.0,0,,facebook,facebook_profile_feed,,,,,,
2026-02-23,2026-02-23,83.432439,3730,2937,1.270003,22.367946,124,0.672842,3.324397,106,2.841823,facebook,facebook_reels,4.0,211.71,4.0,2.537502,20.85810975,0.03773584905660377
2026-02-23,2026-02-23,3.950115,1237,757,1.634082,3.193303,3,1.316705,0.242522,3,0.242522,facebook,facebook_reels_overlay,,,,,,
2026-02-23,2026-02-23,13.610398,258,224,1.151786,52.75348,12,1.1342,4.651163,13,5.03876,facebook,facebook_stories,,,2.0,,,
2026-02-23,2026-02-23,1112.522516,62012,50027,1.239571,17.940439,1279,0.869838,2.062504,963,1.552925,facebook,feed,17.0,939.65,39.0,0.844612,65.44250094117648,0.017653167185877467
2026-02-23,2026-02-23,3.720109,177,144,1.229167,21.017563,5,0.744022,2.824859,4,2.259887,facebook,instream_video,,,,,,
2026-02-23,2026-02-23,7.410217,933,689,1.354136,7.942354,13,0.570017,1.393355,13,1.393355,facebook,marketplace,,,,,,
2026-02-23,2026-02-23,3.190093,1539,488,3.153689,2.072835,2,1.595047,0.129955,2,0.129955,facebook,right_hand_column,,,,,,
2026-02-23,2026-02-23,14.170414,1339,1245,1.075502,10.582834,7,2.024345,0.522778,7,0.522778,facebook,search,,,,,,
2026-02-23,2026-02-23,67.821982,1854,1655,1.120242,36.581436,54,1.255963,2.912621,53,2.858684,instagram,feed,3.0,206.97,10.0,3.051665,22.607327333333334,0.05660377358490566
2026-02-23,2026-02-23,0.110003,6,5,1.2,18.333869,0,,0.0,0,,instagram,instagram_explore,,,,,,
2026-02-23,2026-02-23,0.01,3,3,1.0,3.333431,0,,0.0,0,,instagram,instagram_explore_grid_home,,,,,,
2026-02-23,2026-02-23,29.790871,913,794,1.149874,32.62965,28,1.06396,3.066813,25,2.738226,instagram,instagram_reels,,,1.0,,,
2026-02-23,2026-02-23,17.870522,479,390,1.228205,37.30798,15,1.191368,3.131524,15,3.131524,instagram,instagram_stories,,,,,,
2026-02-24,2026-02-24,3.910195,297,70,4.242857,13.16564,42,0.0931,14.141414,47,15.824916,audience_network,an_classic,1.0,23.96,,6.127572,3.910195,0.02127659574468085
2026-02-24,2026-02-24,1.590079,60,26,2.307692,26.501321,19,0.083688,31.666667,22,36.666667,audience_network,rewarded_video,,,,,,
2026-02-24,2026-02-24,0.860043,34,32,1.0625,25.295379,2,0.430021,5.882353,2,5.882353,facebook,facebook_notification,,,,,,
2026-02-24,2026-02-24,0.550027,58,57,1.017544,9.483232,1,0.550027,1.724138,1,1.724138,facebook,facebook_profile_feed,,,,,,
2026-02-24,2026-02-24,108.465409,4519,3749,1.205388,24.002082,116,0.935047,2.56694,100,2.212879,facebook,facebook_reels,2.0,45.94,3.0,0.423545,54.2327045,0.02
2026-02-24,2026-02-24,5.070253,1671,1140,1.465789,3.034263,1,5.070253,0.059844,1,0.059844,facebook,facebook_reels_overlay,1.0,263.56,,51.981629,5.070253,1.0
2026-02-24,2026-02-24,12.470622,243,224,1.084821,51.319431,5,2.494124,2.057613,5,2.057613,facebook,facebook_stories,,,,,,
2026-02-24,2026-02-24,1150.187353,64621,53157,1.215663,17.798972,1251,0.919414,1.935903,920,1.423686,facebook,feed,23.0,1217.53,45.0,1.058549,50.0081457826087,0.025
2026-02-24,2026-02-24,7.780388,271,223,1.215247,28.709919,6,1.296731,2.214022,3,1.107011,facebook,instream_video,,,,,,
2026-02-24,2026-02-24,8.980448,1246,953,1.30745,7.207422,9,0.997828,0.722311,9,0.722311,facebook,marketplace,,,1.0,,,
2026-02-24,2026-02-24,2.300115,1537,490,3.136735,1.496496,0,,0.0,0,,facebook,right_hand_column,,,,,,
2026-02-24,2026-02-24,7.01035,1408,1311,1.073989,4.978941,18,0.389464,1.278409,21,1.491477,facebook,search,1.0,24.97,3.0,3.561877,7.01035,0.047619047619047616
2026-02-24,2026-02-24,65.673275,2007,1765,1.13711,32.72211,62,1.059246,3.089188,56,2.790234,instagram,feed,2.0,114.85,3.0,1.748809,32.8366375,0.03571428571428571
2026-02-24,2026-02-24,0.040002,3,3,1.0,13.333998,0,,0.0,0,,instagram,instagram_explore,,,,,,
2026-02-24,2026-02-24,0.0,2,2,1.0,0.0,0,,0.0,0,,instagram,instagram_explore_grid_home,,,,,,
2026-02-24,2026-02-24,18.420919,670,607,1.103789,27.493908,20,0.921046,2.985075,19,2.835821,instagram,instagram_reels,2.0,41.93,,2.276217,9.2104595,0.10526315789473684
2026-02-24,2026-02-24,10.500524,418,344,1.215116,25.12087,8,1.312565,1.913876,8,1.913876,instagram,instagram_stories,,,,,,
2026-02-25,2026-02-25,3.819885,217,69,3.144928,17.603158,24,0.159162,11.059908,25,11.520737,audience_network,an_classic,,,,,,
2026-02-25,2026-02-25,1.949941,77,26,2.961538,25.323915,20,0.097497,25.974026,21,27.272727,audience_network,rewarded_video,,,,,,
2026-02-25,2026-02-25,1.779947,43,41,1.04878,41.394106,1,1.779947,2.325581,1,2.325581,facebook,facebook_notification,,,,,,
2026-02-25,2026-02-25,1.039969,60,52,1.153846,17.332813,0,,0.0,0,,facebook,facebook_profile_feed,,,,,,
2026-02-25,2026-02-25,110.346687,4700,3859,1.217932,23.478018,123,0.897128,2.617021,100,2.12766,facebook,facebook_reels,2.0,109.86,4.0,0.995589,55.1733435,0.02
2026-02-25,2026-02-25,4.489865,1617,1074,1.505587,2.776664,4,1.122466,0.247372,4,0.247372,facebook,facebook_reels_overlay,,,,,,
2026-02-25,2026-02-25,12.569623,222,207,1.072464,56.619922,13,0.966894,5.855856,13,5.855856,facebook,facebook_stories,1.0,39.95,1.0,3.178298,12.569623,0.07692307692307693
2026-02-25,2026-02-25,1069.217895,57572,49076,1.173119,18.571839,1105,0.967618,1.919336,827,1.436462,facebook,feed,20.0,1478.91,38.0,1.38317,53.46089475,0.02418379685610641
2026-02-25,2026-02-25,6.879793,281,230,1.221739,24.483251,7,0.982828,2.491103,5,1.779359,facebook,instream_video,,,,,,
2026-02-25,2026-02-25,8.33975,1040,810,1.283951,8.01899,9,0.926639,0.865385,9,0.865385,facebook,marketplace,,,,,,
2026-02-25,2026-02-25,2.519924,1309,406,3.224138,1.925076,2,1.259962,0.152788,2,0.152788,facebook,right_hand_column,,,,,,
2026-02-25,2026-02-25,11.609651,1379,1277,1.079875,8.418892,18,0.644981,1.305294,18,1.305294,facebook,search,,,,,,
2026-02-25,2026-02-25,66.068016,1786,1567,1.139758,36.99217,48,1.376417,2.68757,49,2.743561,instagram,feed,1.0,89.85,,1.359962,66.068016,0.02040816326530612
2026-02-25,2026-02-25,0.0,1,1,1.0,0.0,0,,0.0,0,,instagram,instagram_explore,,,,,,
2026-02-25,2026-02-25,0.01,5,5,1.0,1.99994,0,,0.0,0,,instagram,instagram_explore_grid_home,,,,,,
2026-02-25,2026-02-25,18.599442,671,585,1.147009,27.718989,25,0.743978,3.725782,23,3.42772,instagram,instagram_reels,,,,,,
2026-02-25,2026-02-25,0.01,1,1,1.0,9.9997,0,,0.0,0,,instagram,instagram_search,,,,,,
2026-02-25,2026-02-25,12.879613,420,335,1.253731,30.665746,5,2.575923,1.190476,5,1.190476,instagram,instagram_stories,,,,,,
2026-02-25,2026-02-25,0.019999,1,1,1.0,19.999399,0,,0.0,0,,threads,threads_feed,,,,,,
2026-02-26,2026-02-26,4.89,373,88,4.238636,13.10992,53,0.092264,14.209115,69,18.49866,audience_network,an_classic,1.0,89.98,1.0,18.400818,4.89,0.014492753623188406
2026-02-26,2026-02-26,3.72,93,30,3.1,40.0,43,0.086512,46.236559,55,59.139785,audience_network,rewarded_video,,,,,,
2026-02-26,2026-02-26,2.07,44,44,1.0,47.045455,4,0.5175,9.090909,4,9.090909,facebook,facebook_notification,1.0,27.98,,13.516908,2.07,0.25
2026-02-26,2026-02-26,0.74,48,44,1.090909,15.416667,1,0.74,2.083333,0,,facebook,facebook_profile_feed,,,,,,
2026-02-26,2026-02-26,100.93,4165,3466,1.201673,24.232893,110,0.917545,2.641056,89,2.136855,facebook,facebook_reels,1.0,17.97,1.0,0.178044,100.93,0.011235955056179775
2026-02-26,2026-02-26,4.67,1718,1126,1.525755,2.718277,4,1.1675,0.232829,4,0.232829,facebook,facebook_reels_overlay,1.0,35.94,,7.695931,4.67,0.25
2026-02-26,2026-02-26,12.22,226,216,1.046296,54.070796,7,1.745714,3.097345,8,3.539823,facebook,facebook_stories,,,,,,
2026-02-26,2026-02-26,1126.97,57937,47294,1.225039,19.451646,1167,0.965698,2.014257,861,1.486097,facebook,feed,24.0,1062.7,44.0,0.942971,46.95708333333334,0.027874564459930314
2026-02-26,2026-02-26,6.25,262,221,1.18552,23.854962,9,0.694444,3.435115,7,2.671756,facebook,instream_video,,,,,,
2026-02-26,2026-02-26,9.55,1261,974,1.294661,7.573354,12,0.795833,0.951626,12,0.951626,facebook,marketplace,,,,,,
2026-02-26,2026-02-26,2.07,1243,368,3.377717,1.665326,2,1.035,0.160901,2,0.160901,facebook,right_hand_column,1.0,54.93,1.0,26.536232,2.07,0.5
2026-02-26,2026-02-26,8.7,1215,1131,1.074271,7.160494,13,0.669231,1.069959,13,1.069959,facebook,search,1.0,59.92,1.0,6.887356,8.7,0.07692307692307693
2026-02-26,2026-02-26,68.49,1964,1751,1.121645,34.872709,49,1.397755,2.494908,48,2.443992,instagram,feed,2.0,149.8,8.0,2.187181,34.245,0.041666666666666664
2026-02-26,2026-02-26,0.0,1,1,1.0,0.0,0,,0.0,0,,instagram,instagram_explore,,,,,,
2026-02-26,2026-02-26,0.03,6,6,1.0,5.0,0,,0.0,0,,instagram,instagram_explore_grid_home,,,,,,
2026-02-26,2026-02-26,22.57,710,616,1.152597,31.788732,29,0.778276,4.084507,27,3.802817,instagram,instagram_reels,,,,,,
2026-02-26,2026-02-26,0.01,2,2,1.0,5.0,0,,0.0,0,,instagram,instagram_search,,,,,,
2026-02-26,2026-02-26,13.58,383,315,1.215873,35.456919,12,1.131667,3.133159,12,3.133159,instagram,instagram_stories,,,,,,
2026-02-26,2026-02-26,0.04,1,1,1.0,40.0,0,,0.0,0,,threads,threads_feed,,,,,,
2026-02-27,2026-02-27,0.0,0,0,0.0,,0,,,0,,audience_network,an_classic,,,,,,
2026-02-27,2026-02-27,0.0,0,0,0.0,,0,,,0,,facebook,facebook_reels,,,,,,
2026-02-27,2026-02-27,0.0,0,0,0.0,,0,,,0,,facebook,feed,2.0,35.94,2.0,,0.0,
2026-02-27,2026-02-27,0.0,0,0,0.0,,0,,,0,,facebook,marketplace,,,,,,
2026-02-27,2026-02-27,0.0,0,0,0.0,,0,,,0,,instagram,feed,1.0,41.93,,,0.0,
2026-02-27,2026-02-27,0.0,0,0,0.0,,0,,,0,,instagram,instagram_reels,1.0,179.96,1.0,,0.0,
2026-02-28,2026-02-28,0.0,0,0,0.0,,0,,,0,,audience_network,an_classic,2.0,,,,0.0,
2026-02-28,2026-02-28,0.0,0,0,0.0,,0,,,0,,facebook,facebook_notification,1.0,23.96,,,0.0,
2026-02-28,2026-02-28,0.0,0,0,0.0,,0,,,0,,facebook,facebook_reels,,,,,,
2026-02-28,2026-02-28,0.0,0,0,0.0,,0,,,0,,facebook,feed,3.0,141.79,1.0,,0.0,
2026-03-01,2026-03-01,0.0,0,0,0.0,,0,,,0,,facebook,facebook_reels,,,,,,
2026-03-01,2026-03-01,0.0,0,0,0.0,,0,,,0,,facebook,feed,,,1.0,,,
2026-03-01,2026-03-01,0.0,0,0,0.0,,0,,,0,,facebook,marketplace,,,,,,
2026-03-02,2026-03-02,0.0,0,0,0.0,,0,,,0,,audience_network,an_classic,,,,,,
2026-03-02,2026-03-02,0.0,0,0,0.0,,0,,,0,,facebook,facebook_reels,1.0,89.98,1.0,,0.0,
2026-03-03,2026-03-03,0.0,0,0,0.0,,0,,,0,,facebook,feed,,,,,,
2026-03-04,2026-03-04,0.0,0,0,0.0,,0,,,0,,audience_network,an_classic,,,,,,
2026-03-13,2026-03-13,11.890417,584,237,2.464135,20.360303,117,0.101627,20.034247,134,22.945205,audience_network,an_classic,,,,,,
2026-03-13,2026-03-13,7.310256,218,102,2.137255,33.533286,78,0.093721,35.779817,93,42.66055,audience_network,rewarded_video,,,,,,
2026-03-13,2026-03-13,0.100004,9,9,1.0,11.111501,0,,0.0,0,,facebook,biz_disco_feed,,,,,,
2026-03-13,2026-03-13,1.630057,11,11,1.0,148.187013,1,1.630057,9.090909,1,9.090909,facebook,facebook_notification,,,,,,
2026-03-13,2026-03-13,1.42005,75,68,1.102941,18.933997,1,1.42005,1.333333,1,1.333333,facebook,facebook_profile_feed,,,,,,
2026-03-13,2026-03-13,272.469552,10431,9187,1.135409,26.121134,179,1.522176,1.716039,132,1.265459,facebook,facebook_reels,2.0,114.85,3.0,0.421515,136.234776,0.015151515151515152
2026-03-13,2026-03-13,3.440121,1228,1023,1.200391,2.801401,1,3.440121,0.081433,1,0.081433,facebook,facebook_reels_overlay,,,,,,
2026-03-13,2026-03-13,18.380644,363,354,1.025424,50.635384,13,1.413896,3.581267,13,3.581267,facebook,facebook_stories,,,,,,
2026-03-13,2026-03-13,1356.957573,61652,49575,1.243611,22.009952,934,1.452845,1.514955,684,1.109453,facebook,feed,7.0,399.48,27.0,0.294394,193.85108185714284,0.01023391812865497
2026-03-13,2026-03-13,22.030772,700,581,1.204819,31.472532,27,0.815955,3.857143,20,2.857143,facebook,instream_video,,,,,,
2026-03-13,2026-03-13,19.750692,2274,1835,1.239237,8.685441,14,1.410764,0.615655,13,0.57168,facebook,marketplace,,,,,,
2026-03-13,2026-03-13,5.590196,2580,1177,2.192014,2.166743,2,2.795098,0.077519,2,0.077519,facebook,right_hand_column,,,,,,
2026-03-13,2026-03-13,8.120285,1292,1194,1.082077,6.28505,12,0.67669,0.928793,13,1.006192,facebook,search,2.0,159.88,3.0,19.688965,4.0601425,0.15384615384615385
2026-03-13,2026-03-13,166.435835,4072,3634,1.120528,40.87324,77,2.161504,1.890963,76,1.866405,instagram,feed,1.0,113.95,2.0,0.684648,166.435835,0.013157894736842105
2026-03-13,2026-03-13,0.01,2,2,1.0,5.000175,0,,0.0,0,,instagram,instagram_explore,,,,,,
2026-03-13,2026-03-13,0.050002,7,7,1.0,7.143108,0,,0.0,0,,instagram,instagram_explore_grid_home,,,,,,
2026-03-13,2026-03-13,71.102493,2054,1825,1.125479,34.616598,42,1.692916,2.044791,41,1.996105,instagram,instagram_reels,1.0,59.92,1.0,0.842727,71.102493,0.024390243902439025
2026-03-13,2026-03-13,0.020001,2,2,1.0,10.000351,0,,0.0,0,,instagram,instagram_search,,,,,,
2026-03-13,2026-03-13,29.95105,740,662,1.117825,40.474392,17,1.761826,2.297297,17,2.297297,instagram,instagram_stories,1.0,54.93,1.0,1.833992,29.95105,0.058823529411764705
2026-03-14,2026-03-14,13.810068,704,225,3.128889,19.616574,120,0.115084,17.045455,142,20.170455,audience_network,an_classic,,,,,,
2026-03-14,2026-03-14,7.360036,230,83,2.771084,32.000158,73,0.100822,31.73913,94,40.869565,audience_network,rewarded_video,,,,,,
2026-03-14,2026-03-14,0.220001,18,18,1.0,12.222283,0,,0.0,0,,facebook,biz_disco_feed,,,,,,
2026-03-14,2026-03-14,2.01001,41,40,1.025,49.024633,4,0.502502,9.756098,4,9.756098,facebook,facebook_notification,,,,,,
2026-03-14,2026-03-14,2.04001,100,96,1.041667,20.400101,1,2.04001,1.0,0,,facebook,facebook_profile_feed,,,,,,
2026-03-14,2026-03-14,127.28063,5510,4503,1.223629,23.099933,140,0.909147,2.540835,120,2.177858,facebook,facebook_reels,,,2.0,,,
2026-03-14,2026-03-14,5.120025,1869,1335,1.4,2.739446,6,0.853338,0.321027,6,0.321027,facebook,facebook_reels_overlay,,,,,,
2026-03-14,2026-03-14,17.230085,320,307,1.042345,53.844017,12,1.43584,3.75,12,3.75,facebook,facebook_stories,,,,,,
2026-03-14,2026-03-14,1549.647675,75395,57526,1.310625,20.553719,1544,1.003658,2.047881,1124,1.490815,facebook,feed,14.0,734.04,44.0,0.473682,110.68911964285714,0.012455516014234875
2026-03-14,2026-03-14,19.820098,653,550,1.187273,30.352371,29,0.683452,4.441041,24,3.675345,facebook,instream_video,,,1.0,,,
2026-03-14,2026-03-14,22.960114,2536,2063,1.229278,9.053673,11,2.087283,0.433754,11,0.433754,facebook,marketplace,,,1.0,,,
2026-03-14,2026-03-14,3.400017,2021,717,2.818689,1.682344,0,,0.0,0,,facebook,right_hand_column,,,,,,
2026-03-14,2026-03-14,12.310061,1676,1556,1.077121,7.344905,12,1.025838,0.71599,12,0.71599,facebook,search,,,,,,
2026-03-14,2026-03-14,152.330754,3617,3178,1.138137,42.115221,79,1.928237,2.18413,79,2.18413,instagram,feed,1.0,39.95,3.0,0.262258,152.330754,0.012658227848101266
2026-03-14,2026-03-14,0.07,3,2,1.5,23.333449,0,,0.0,0,,instagram,instagram_explore,,,,,,
2026-03-14,2026-03-14,0.02,6,6,1.0,3.33335,0,,0.0,0,,instagram,instagram_explore_grid_home,,,,,,
2026-03-14,2026-03-14,51.650256,1485,1288,1.15295,34.781317,31,1.666137,2.087542,26,1.750842,instagram,instagram_reels,,,1.0,,,
2026-03-14,2026-03-14,0.0,1,1,1.0,0.0,0,,0.0,0,,instagram,instagram_search,,,,,,
2026-03-14,2026-03-14,31.740157,707,613,1.153344,44.89414,18,1.763342,2.545969,18,2.545969,instagram,instagram_stories,,,1.0,,,
2026-03-14,2026-03-14,0.02,1,1,1.0,20.000099,0,,0.0,0,,messenger,messenger_stories,,,,,,
2026-03-15,2026-03-15,31.05,2016,390,5.169231,15.401786,262,0.118511,12.996032,300,14.880952,audience_network,an_classic,,,1.0,,,
2026-03-15,2026-03-15,13.45,382,101,3.782178,35.209424,144,0.093403,37.696335,206,53.926702,audience_network,rewarded_video,,,,,,
2026-03-15,2026-03-15,0.09,9,9,1.0,10.0,0,,0.0,0,,facebook,biz_disco_feed,,,,,,
2026-03-15,2026-03-15,1.71,29,29,1.0,58.965517,2,0.855,6.896552,2,6.896552,facebook,facebook_notification,,,,,,
2026-03-15,2026-03-15,1.07,111,108,1.027778,9.63964,0,,0.0,0,,facebook,facebook_profile_feed,,,,,,
2026-03-15,2026-03-15,95.72,3015,2490,1.210843,31.747927,76,1.259474,2.52073,67,2.222222,facebook,facebook_reels,2.0,159.88,6.0,1.670288,47.86,0.029850746268656716
2026-03-15,2026-03-15,7.83,3200,2271,1.409071,2.446875,7,1.118571,0.21875,8,0.25,facebook,facebook_reels_overlay,,,,,,
2026-03-15,2026-03-15,20.11,607,550,1.103636,33.130148,12,1.675833,1.976936,12,1.976936,facebook,facebook_stories,,,,,,
2026-03-15,2026-03-15,731.86,29852,21933,1.361054,24.51628,428,1.709953,1.43374,335,1.122203,facebook,feed,8.0,489.47,34.0,0.668803,91.4825,0.023880597014925373
2026-03-15,2026-03-15,7.97,395,335,1.179104,20.177215,5,1.594,1.265823,3,0.759494,facebook,instream_video,,,,,,
2026-03-15,2026-03-15,13.58,1825,1347,1.354863,7.441096,9,1.508889,0.493151,9,0.493151,facebook,marketplace,,,,,,
2026-03-15,2026-03-15,5.46,2643,1143,2.312336,2.065834,5,1.092,0.189179,5,0.189179,facebook,right_hand_column,,,,,,
2026-03-15,2026-03-15,7.44,1261,1134,1.111993,5.900079,6,1.24,0.475813,6,0.475813,facebook,search,,,,,,
2026-03-15,2026-03-15,95.44,1700,1472,1.154891,56.141176,27,3.534815,1.588235,25,1.470588,instagram,feed,1.0,54.93,2.0,0.575545,95.44,0.04
2026-03-15,2026-03-15,0.02,2,2,1.0,10.0,0,,0.0,0,,instagram,instagram_explore,,,,,,
2026-03-15,2026-03-15,0.05,11,11,1.0,4.545455,0,,0.0,0,,instagram,instagram_explore_grid_home,,,,,,
2026-03-15,2026-03-15,40.36,1085,967,1.122027,37.198157,13,3.104615,1.198157,14,1.290323,instagram,instagram_reels,,,,,,
2026-03-15,2026-03-15,0.0,3,3,1.0,0.0,0,,0.0,0,,instagram,instagram_search,,,,,,
2026-03-15,2026-03-15,18.13,424,333,1.273273,42.759434,5,3.626,1.179245,5,1.179245,instagram,instagram_stories,,,,,,
2026-03-15,2026-03-15,0.01,1,1,1.0,10.0,0,,0.0,0,,messenger,messenger_stories,,,,,,
2026-03-15,2026-03-15,0.02,2,2,1.0,10.0,0,,0.0,0,,threads,threads_feed,,,,,,
2026-03-16,2026-03-16,29.678876,1855,438,4.23516,15.999394,290,0.102341,15.633423,347,18.706199,audience_network,an_classic,1.0,24.97,1.0,0.841339,29.678876,0.002881844380403458
2026-03-16,2026-03-16,0.099996,3,2,1.5,33.332071,0,,0.0,1,33.333333,audience_network,rewarded_video,,,,,,
2026-03-16,2026-03-16,0.059998,5,5,1.0,11.999545,0,,0.0,0,,facebook,biz_disco_feed,,,,,,
2026-03-16,2026-03-16,2.409909,83,83,1.0,29.035045,2,1.204954,2.409639,2,2.409639,facebook,facebook_notification,,,,,,
2026-03-16,2026-03-16,2.679898,153,149,1.026846,17.515676,0,,0.0,0,,facebook,facebook_profile_feed,,,,,,
2026-03-16,2026-03-16,107.515927,4126,3452,1.195249,26.05815,74,1.452918,1.793505,68,1.648085,facebook,facebook_reels,1.0,54.93,2.0,0.510901,107.515927,0.014705882352941176
2026-03-16,2026-03-16,13.669482,4466,3496,1.27746,3.060789,13,1.051499,0.291088,13,0.291088,facebook,facebook_reels_overlay,,,,,,
2026-03-16,2026-03-16,26.249006,817,792,1.031566,32.128526,16,1.640563,1.958384,16,1.958384,facebook,facebook_stories,1.0,39.95,2.0,1.521962,26.249006,0.0625
2026-03-16,2026-03-16,950.054013,51385,42597,1.206306,18.488937,498,1.907739,0.969154,388,0.755084,facebook,feed,7.0,488.44,16.0,0.514118,135.72200185714286,0.01804123711340206
2026-03-16,2026-03-16,3.499867,349,285,1.224561,10.028273,3,1.166622,0.859599,3,0.859599,facebook,instream_video,,,,,,
2026-03-16,2026-03-16,12.859513,1663,1256,1.324045,7.73272,4,3.214878,0.240529,4,0.240529,facebook,marketplace,,,,,,
2026-03-16,2026-03-16,14.619446,7508,3841,1.954699,1.947183,5,2.923889,0.066596,5,0.066596,facebook,right_hand_column,,,,,,
2026-03-16,2026-03-16,3.679861,468,436,1.073395,7.86295,2,1.83993,0.42735,2,0.42735,facebook,search,,,,,,
2026-03-16,2026-03-16,91.466535,2283,1988,1.14839,40.064185,29,3.154018,1.270258,28,1.226456,instagram,feed,1.0,119.84,4.0,1.310206,91.466535,0.03571428571428571
2026-03-16,2026-03-16,0.049998,3,2,1.5,16.666035,0,,0.0,0,,instagram,instagram_explore,,,,,,
2026-03-16,2026-03-16,0.0,1,1,1.0,0.0,0,,0.0,0,,instagram,instagram_explore_grid_home,,,,,,
2026-03-16,2026-03-16,41.568425,1284,1198,1.071786,32.374163,21,1.979449,1.635514,23,1.791277,instagram,instagram_reels,,,4.0,,,
2026-03-16,2026-03-16,0.079997,1,1,1.0,79.99697,0,,0.0,0,,instagram,instagram_search,,,,,,
2026-03-16,2026-03-16,19.559259,436,368,1.184783,44.860686,4,4.889815,0.917431,4,0.917431,instagram,instagram_stories,,,,,,
2026-03-16,2026-03-16,0.179993,2,2,1.0,89.996591,0,,0.0,0,,threads,threads_feed,,,,,,
2026-03-17,2026-03-17,34.160545,1699,473,3.591966,20.106265,323,0.10576,19.011183,356,20.953502,audience_network,an_classic,,,,,,
2026-03-17,2026-03-17,0.03,8,8,1.0,3.75006,0,,0.0,0,,facebook,biz_disco_feed,,,,,,
2026-03-17,2026-03-17,5.760092,111,111,1.0,51.89272,4,1.440023,3.603604,4,3.603604,facebook,facebook_notification,,,,,,
2026-03-17,2026-03-17,3.11005,164,160,1.025,18.963717,0,,0.0,0,,facebook,facebook_profile_feed,,,,,,
2026-03-17,2026-03-17,116.471858,3971,3145,1.262639,29.330611,72,1.617665,1.813145,67,1.687232,facebook,facebook_reels,1.0,15.98,1.0,0.137201,116.471858,0.014925373134328358
2026-03-17,2026-03-17,10.170162,3618,2595,1.39422,2.81099,10,1.017016,0.276396,10,0.276396,facebook,facebook_reels_overlay,,,,,,
2026-03-17,2026-03-17,30.08048,982,942,1.042463,30.631853,20,1.504024,2.03666,20,2.03666,facebook,facebook_stories,,,,,,
2026-03-17,2026-03-17,855.163643,40757,30759,1.325043,20.982007,434,1.970423,1.064848,337,0.826852,facebook,feed,8.0,423.42,20.0,0.495133,106.895455375,0.02373887240356083
2026-03-17,2026-03-17,2.720043,312,241,1.294606,8.718088,2,1.360022,0.641026,2,0.641026,facebook,instream_video,,,,,,
2026-03-17,2026-03-17,11.550184,1672,1185,1.41097,6.908005,5,2.310037,0.299043,5,0.299043,facebook,marketplace,,,,,,
2026-03-17,2026-03-17,11.010176,6820,3070,2.221498,1.614395,3,3.670059,0.043988,3,0.043988,facebook,right_hand_column,,,,,,
2026-03-17,2026-03-17,6.630106,613,592,1.035473,10.815833,2,3.315053,0.326264,2,0.326264,facebook,search,,,,,,
2026-03-17,2026-03-17,104.761671,2411,2107,1.144281,43.451544,40,2.619042,1.659063,36,1.493156,instagram,feed,3.0,219.71,5.0,2.097236,34.920557,0.08333333333333333
2026-03-17,2026-03-17,0.01,1,1,1.0,10.00016,0,,0.0,0,,instagram,instagram_explore_grid_home,,,,,,
2026-03-17,2026-03-17,41.290659,1223,1117,1.094897,33.761781,21,1.966222,1.717089,21,1.717089,instagram,instagram_reels,1.0,59.92,6.0,1.451176,41.290659,0.047619047619047616
2026-03-17,2026-03-17,0.02,2,2,1.0,10.00016,0,,0.0,0,,instagram,instagram_search,,,,,,
2026-03-17,2026-03-17,20.410326,520,417,1.247002,39.250626,4,5.102581,0.769231,4,0.769231,instagram,instagram_stories,,,1.0,,,
2026-03-17,2026-03-17,0.250004,2,2,1.0,125.001994,0,,0.0,0,,threads,threads_feed,,,,,,
2026-03-18,2026-03-18,23.418681,1247,413,3.01937,18.780017,215,0.108924,17.241379,242,19.406576,audience_network,an_classic,,,,,,
2026-03-18,2026-03-18,0.159991,8,8,1.0,19.998874,0,,0.0,0,,facebook,biz_disco_feed,,,,,,
2026-03-18,2026-03-18,5.3297,162,161,1.006211,32.899382,5,1.06594,3.08642,5,3.08642,facebook,facebook_notification,,,,,,
2026-03-18,2026-03-18,2.139879,243,233,1.042918,8.806088,3,0.713293,1.234568,2,0.823045,facebook,facebook_profile_feed,,,1.0,,,
2026-03-18,2026-03-18,104.424119,3254,2749,1.183703,32.091002,63,1.657526,1.936079,59,1.813153,facebook,facebook_reels,1.0,39.95,4.0,0.382574,104.424119,0.01694915254237288
2026-03-18,2026-03-18,10.539406,3476,2493,1.394304,3.03205,10,1.053941,0.287687,10,0.287687,facebook,facebook_reels_overlay,,,,,,
2026-03-18,2026-03-18,30.308293,1201,1126,1.066607,25.235881,18,1.683794,1.498751,18,1.498751,facebook,facebook_stories,,,,,,
2026-03-18,2026-03-18,867.77113,37329,27599,1.352549,23.246568,485,1.789219,1.299258,366,0.980471,facebook,feed,15.0,788.11,31.0,0.9082,57.851408666666664,0.040983606557377046
2026-03-18,2026-03-18,2.779843,296,235,1.259574,9.391363,1,2.779843,0.337838,1,0.337838,facebook,instream_video,,,,,,
2026-03-18,2026-03-18,11.079376,1533,1152,1.330729,7.227251,6,1.846563,0.391389,6,0.391389,facebook,marketplace,,,,,,
2026-03-18,2026-03-18,15.729114,9626,5037,1.911058,1.634024,5,3.145823,0.051943,5,0.051943,facebook,right_hand_column,,,,,,
2026-03-18,2026-03-18,6.019661,665,628,1.058917,9.052122,6,1.003277,0.902256,4,0.601504,facebook,search,,,,,,
2026-03-18,2026-03-18,107.223962,2259,2052,1.100877,47.465233,38,2.821683,1.68216,37,1.637893,instagram,feed,2.0,99.87,6.0,0.931415,53.611981,0.05405405405405406
2026-03-18,2026-03-18,0.039998,3,3,1.0,13.332582,0,,0.0,0,,instagram,instagram_explore,,,,,,
2026-03-18,2026-03-18,40.277732,983,890,1.104494,40.974295,25,1.611109,2.543235,24,2.441506,instagram,instagram_reels,,,1.0,,,
2026-03-18,2026-03-18,15.679117,432,342,1.263158,36.294252,7,2.239874,1.62037,7,1.62037,instagram,instagram_stories,,,,,,
2026-03-18,2026-03-18,0.059997,3,3,1.0,19.998874,0,,0.0,0,,threads,threads_feed,,,,,,
2026-03-19,2026-03-19,20.330515,1292,371,3.48248,15.735693,170,0.119591,13.157895,191,14.783282,audience_network,an_classic,1.0,29.95,,1.473155,20.330515,0.005235602094240838
2026-03-19,2026-03-19,0.110003,8,8,1.0,13.750349,0,,0.0,0,,facebook,biz_disco_feed,,,,,,
2026-03-19,2026-03-19,2.260057,56,55,1.018182,40.358166,0,,0.0,0,,facebook,facebook_notification,,,,,,
2026-03-19,2026-03-19,1.450037,162,151,1.072848,8.950844,1,1.450037,0.617284,1,0.617284,facebook,facebook_profile_feed,,,,,,
2026-03-19,2026-03-19,71.141804,2145,1808,1.186394,33.166342,45,1.580929,2.097902,39,1.818182,facebook,facebook_reels,1.0,59.92,3.0,0.842261,71.141804,0.02564102564102564
2026-03-19,2026-03-19,8.600218,2703,2071,1.305167,3.181731,6,1.43337,0.221976,6,0.221976,facebook,facebook_reels_overlay,,,,,,
2026-03-19,2026-03-19,11.510292,279,253,1.102767,41.255526,2,5.755146,0.716846,2,0.716846,facebook,facebook_stories,,,,,,
2026-03-19,2026-03-19,901.602861,34296,26351,1.301507,26.288863,398,2.265334,1.160485,295,0.860159,facebook,feed,6.0,369.51,14.0,0.409837,150.2671435,0.020338983050847456
2026-03-19,2026-03-19,1.890048,244,180,1.355556,7.746098,1,1.890048,0.409836,1,0.409836,facebook,instream_video,,,,,,
2026-03-19,2026-03-19,8.740222,986,770,1.280519,8.864322,10,0.874022,1.014199,9,0.912779,facebook,marketplace,,,,,,
2026-03-19,2026-03-19,10.27026,6134,2856,2.147759,1.674317,2,5.13513,0.032605,2,0.032605,facebook,right_hand_column,,,,,,
2026-03-19,2026-03-19,4.520115,362,350,1.034286,12.486504,2,2.260057,0.552486,2,0.552486,facebook,search,,,,,,
2026-03-19,2026-03-19,97.512472,2216,1974,1.122594,44.003823,36,2.70868,1.624549,35,1.579422,instagram,feed,2.0,71.9,2.0,0.737342,48.756236,0.05714285714285714
2026-03-19,2026-03-19,0.01,1,1,1.0,10.000254,0,,0.0,0,,instagram,instagram_explore,,,,,,
2026-03-19,2026-03-19,28.870732,770,699,1.101574,37.494457,12,2.405894,1.558442,14,1.818182,instagram,instagram_reels,,,,,,
2026-03-19,2026-03-19,14.340364,342,287,1.191638,41.930888,11,1.303669,3.216374,12,3.508772,instagram,instagram_stories,,,,,,
2026-03-19,2026-03-19,0.01,1,1,1.0,10.000254,0,,0.0,0,,threads,threads_feed,,,,,,
2026-03-20,2026-03-20,23.849801,1213,293,4.139932,19.661831,184,0.129618,15.169002,213,17.559769,audience_network,an_classic,1.0,35.94,1.0,1.506931,23.849801,0.004694835680751174
2026-03-20,2026-03-20,0.109999,7,7,1.0,15.714155,0,,0.0,0,,facebook,biz_disco_feed,,,,,,
2026-03-20,2026-03-20,2.37998,46,46,1.0,51.738699,3,0.793327,6.521739,3,6.521739,facebook,facebook_notification,,,,,,
2026-03-20,2026-03-20,0.979992,111,109,1.018349,8.828755,0,,0.0,0,,facebook,facebook_profile_feed,,,,,,
2026-03-20,2026-03-20,87.739268,2237,1801,1.242088,39.221845,57,1.539285,2.548055,47,2.101028,facebook,facebook_reels,1.0,55.28,5.0,0.630049,87.739268,0.02127659574468085
2026-03-20,2026-03-20,7.959934,2277,1664,1.368389,3.495799,9,0.884437,0.395257,9,0.395257,facebook,facebook_reels_overlay,,,,,,
2026-03-20,2026-03-20,13.409888,265,232,1.142241,50.603351,3,4.469963,1.132075,3,1.132075,facebook,facebook_stories,,,,,,
2026-03-20,2026-03-20,860.842819,28905,22393,1.290805,29.781796,387,2.2244,1.338869,312,1.079398,facebook,feed,7.0,289.0,20.0,0.335718,122.97754557142856,0.022435897435897436
2026-03-20,2026-03-20,2.739977,240,171,1.403509,11.416571,3,0.913326,1.25,3,1.25,facebook,instream_video,,,,,,
2026-03-20,2026-03-20,8.099932,819,649,1.261941,9.890027,4,2.024983,0.4884,4,0.4884,facebook,marketplace,,,1.0,,,
2026-03-20,2026-03-20,4.729961,2681,1136,2.360035,1.764252,1,4.729961,0.0373,1,0.0373,facebook,right_hand_column,,,,,,
2026-03-20,2026-03-20,8.569929,288,264,1.090909,29.756696,9,0.952214,3.125,9,3.125,facebook,search,,,,,,
2026-03-20,2026-03-20,126.698943,2916,2528,1.153481,43.449569,45,2.815532,1.54321,41,1.406036,instagram,feed,3.0,191.74,4.0,1.513351,42.232981,0.07317073170731707
2026-03-20,2026-03-20,31.809735,662,588,1.12585,48.050959,14,2.272124,2.114804,14,2.114804,instagram,instagram_reels,1.0,35.98,1.0,1.1311,31.809735,0.07142857142857142
2026-03-20,2026-03-20,18.799843,465,389,1.195373,40.42977,9,2.088871,1.935484,9,1.935484,instagram,instagram_stories,2.0,80.14,2.0,4.262802,9.3999215,0.2222222222222222
2026-03-21,2026-03-21,15.81,672,142,4.732394,23.526786,147,0.107551,21.875,193,28.720238,audience_network,an_classic,,,,,,
2026-03-21,2026-03-21,0.2,4,4,1.0,50.0,0,,0.0,0,,facebook,biz_disco_feed,,,,,,
2026-03-21,2026-03-21,2.91,49,49,1.0,59.387755,4,0.7275,8.163265,4,8.163265,facebook,facebook_notification,,,,,,
2026-03-21,2026-03-21,1.15,127,118,1.076271,9.055118,2,0.575,1.574803,0,,facebook,facebook_profile_feed,,,,,,
2026-03-21,2026-03-21,95.7,2998,2399,1.249687,31.921281,57,1.678947,1.901268,52,1.73449,facebook,facebook_reels,2.0,117.83,4.0,1.231243,47.85,0.038461538461538464
2026-03-21,2026-03-21,8.3,2445,1744,1.40195,3.394683,5,1.66,0.204499,5,0.204499,facebook,facebook_reels_overlay,2.0,221.84,,26.727711,4.15,0.4
2026-03-21,2026-03-21,20.57,423,369,1.146341,48.628842,7,2.938571,1.654846,7,1.654846,facebook,facebook_stories,,,,,,
2026-03-21,2026-03-21,756.3,27953,21259,1.314878,27.05613,395,1.914684,1.413086,303,1.083962,facebook,feed,7.0,528.51,23.0,0.69881,108.04285714285713,0.0231023102310231
2026-03-21,2026-03-21,2.51,227,176,1.289773,11.057269,2,1.255,0.881057,2,0.881057,facebook,instream_video,,,,,,
2026-03-21,2026-03-21,8.97,1023,789,1.296578,8.768328,8,1.12125,0.782014,8,0.782014,facebook,marketplace,1.0,49.98,2.0,5.571906,8.97,0.125
2026-03-21,2026-03-21,3.38,2043,783,2.609195,1.65443,0,,0.0,0,,facebook,right_hand_column,,,,,,
2026-03-21,2026-03-21,3.61,273,253,1.079051,13.223443,2,1.805,0.732601,2,0.732601,facebook,search,,,,,,
2026-03-21,2026-03-21,115.49,2590,2303,1.12462,44.590734,56,2.062321,2.162162,53,2.046332,instagram,feed,2.0,174.77,6.0,1.513291,57.745,0.03773584905660377
2026-03-21,2026-03-21,27.58,695,638,1.089342,39.683453,12,2.298333,1.726619,11,1.582734,instagram,instagram_reels,,,,,,
2026-03-21,2026-03-21,0.0,3,3,1.0,0.0,0,,0.0,0,,instagram,instagram_search,,,,,,
2026-03-21,2026-03-21,14.07,303,256,1.183594,46.435644,8,1.75875,2.640264,8,2.640264,instagram,instagram_stories,,,,,,
2026-03-21,2026-03-21,0.02,2,2,1.0,10.0,0,,0.0,0,,threads,threads_feed,,,,,,
2026-03-22,2026-03-22,15.55964,823,146,5.636986,18.906003,155,0.100385,18.833536,189,22.964763,audience_network,an_classic,2.0,139.88,2.0,8.989925,7.77982,0.010582010582010581
2026-03-22,2026-03-22,0.029999,6,6,1.0,4.999884,0,,0.0,0,,facebook,biz_disco_feed,,,,,,
2026-03-22,2026-03-22,2.429944,53,53,1.0,45.847996,1,2.429944,1.886792,2,3.773585,facebook,facebook_notification,,,,,,
2026-03-22,2026-03-22,1.239971,139,129,1.077519,8.920657,0,,0.0,0,,facebook,facebook_profile_feed,,,,,,
2026-03-22,2026-03-22,120.827206,3533,2880,1.226736,34.199605,61,1.980774,1.726578,53,1.500142,facebook,facebook_reels,1.0,49.46,6.0,0.409345,120.827206,0.018867924528301886
2026-03-22,2026-03-22,8.039814,2167,1501,1.443704,3.710113,4,2.009954,0.184587,4,0.184587,facebook,facebook_reels_overlay,,,,,,
2026-03-22,2026-03-22,23.099466,503,466,1.079399,45.923391,11,2.099951,2.186879,10,1.988072,facebook,facebook_stories,,,,,,
2026-03-22,2026-03-22,911.378923,34465,26433,1.303863,26.443607,473,1.926805,1.372407,362,1.050341,facebook,feed,11.0,723.87,31.0,0.794258,82.85262936363637,0.03038674033149171
2026-03-22,2026-03-22,1.849957,180,133,1.353383,10.27754,3,0.616652,1.666667,3,1.666667,facebook,instream_video,,,,,,
2026-03-22,2026-03-22,10.679753,1081,828,1.305556,9.879513,5,2.135951,0.462535,5,0.462535,facebook,marketplace,,,,,,
2026-03-22,2026-03-22,3.319923,1907,782,2.438619,1.740914,0,,0.0,0,,facebook,right_hand_column,1.0,41.96,,12.638847,3.319923,
2026-03-22,2026-03-22,4.689892,407,384,1.059896,11.523075,5,0.937978,1.228501,5,1.228501,facebook,search,,,1.0,,,
2026-03-22,2026-03-22,137.92681,2947,2505,1.176447,46.802447,30,4.59756,1.017984,29,0.984052,instagram,feed,4.0,157.61,12.0,1.142708,34.4817025,0.13793103448275862
2026-03-22,2026-03-22,0.02,1,1,1.0,19.999537,0,,0.0,0,,instagram,instagram_explore,,,,,,
2026-03-22,2026-03-22,36.979145,848,770,1.101299,43.607482,13,2.84455,1.533019,14,1.650943,instagram,instagram_reels,,,,,,
2026-03-22,2026-03-22,0.159996,3,3,1.0,53.3321,0,,0.0,0,,instagram,instagram_search,,,,,,
2026-03-22,2026-03-22,18.949562,375,314,1.194268,50.532165,7,2.70708,1.866667,7,1.866667,instagram,instagram_stories,,,,,,
2026-03-22,2026-03-22,0.029999,3,3,1.0,9.999769,0,,0.0,0,,threads,threads_feed,,,,,,
2026-03-22,2026-03-22,0.0,1,1,1.0,0.0,0,,0.0,0,,unknown,unknown,,,,,,
2026-03-23,2026-03-23,9.689403,482,93,5.182796,20.102496,89,0.10887,18.46473,111,23.029046,audience_network,an_classic,,,2.0,,,
2026-03-23,2026-03-23,0.109993,7,7,1.0,15.713317,0,,0.0,0,,facebook,biz_disco_feed,,,,,,
2026-03-23,2026-03-23,0.889945,31,31,1.0,28.707908,1,0.889945,3.225806,1,3.225806,facebook,facebook_notification,,,,,,
2026-03-23,2026-03-23,0.759953,69,67,1.029851,11.013814,0,,0.0,0,,facebook,facebook_profile_feed,,,,,,
2026-03-23,2026-03-23,50.676877,1589,1196,1.328595,31.892308,37,1.369645,2.328509,30,1.88798,facebook,facebook_reels,2.0,84.89,4.0,1.675123,25.3384385,0.06666666666666667
2026-03-23,2026-03-23,3.979755,965,654,1.475535,4.124098,2,1.989877,0.207254,2,0.207254,facebook,facebook_reels_overlay,,,,,,
2026-03-23,2026-03-23,9.959386,208,187,1.112299,47.881665,5,1.991877,2.403846,5,2.403846,facebook,facebook_stories,,,,,,
2026-03-23,2026-03-23,1256.102588,62146,51306,1.211281,20.212123,1155,1.087535,1.858527,846,1.36131,facebook,feed,20.0,1147.64,60.0,0.913651,62.8051294,0.02364066193853428
2026-03-23,2026-03-23,1.009938,108,81,1.333333,9.351276,0,,0.0,0,,facebook,instream_video,,,,,,
2026-03-23,2026-03-23,3.779767,411,302,1.360927,9.196514,3,1.259922,0.729927,3,0.729927,facebook,marketplace,,,,,,
2026-03-23,2026-03-23,2.249861,1104,473,2.334038,2.037918,0,,0.0,0,,facebook,right_hand_column,,,,,,
2026-03-23,2026-03-23,7.509537,416,393,1.058524,18.051772,3,2.503179,0.721154,3,0.721154,facebook,search,1.0,59.92,1.0,7.979187,7.509537,0.3333333333333333
2026-03-23,2026-03-23,82.224933,1963,1725,1.137971,41.887383,43,1.912208,2.190525,40,2.037697,instagram,feed,3.0,159.79,6.0,1.943328,27.408310999999998,0.075
2026-03-23,2026-03-23,0.0,1,1,1.0,0.0,0,,0.0,0,,instagram,instagram_explore_grid_home,,,,,,
2026-03-23,2026-03-23,17.568917,367,310,1.183871,47.871709,12,1.464076,3.269755,11,2.997275,instagram,instagram_reels,1.0,59.92,,3.410569,17.568917,0.09090909090909091
2026-03-23,2026-03-23,13.829148,261,216,1.208333,52.98524,7,1.975593,2.681992,7,2.681992,instagram,instagram_stories,,,,,,
2026-03-23,2026-03-23,0.019999,3,3,1.0,6.666256,0,,0.0,0,,unknown,unknown,,,,,,
2026-03-24,2026-03-24,10.449805,383,85,4.505882,27.284087,99,0.105554,25.848564,111,28.981723,audience_network,an_classic,,,1.0,,,
2026-03-24,2026-03-24,0.029999,5,5,1.0,5.999888,0,,0.0,0,,facebook,biz_disco_feed,,,,,,
2026-03-24,2026-03-24,1.669969,23,23,1.0,72.607343,3,0.556656,13.043478,3,13.043478,facebook,facebook_notification,,,,,,
2026-03-24,2026-03-24,0.759986,44,43,1.023256,17.272405,0,,0.0,0,,facebook,facebook_profile_feed,,,,,,
2026-03-24,2026-03-24,30.739427,1068,879,1.215017,28.782235,40,0.768486,3.745318,37,3.464419,facebook,facebook_reels,,,2.0,,,
2026-03-24,2026-03-24,2.729949,716,503,1.423459,3.812778,2,1.364975,0.27933,2,0.27933,facebook,facebook_reels_overlay,,,9.0,,,
2026-03-24,2026-03-24,8.639839,120,109,1.100917,71.998658,4,2.15996,3.333333,4,3.333333,facebook,facebook_stories,,,,,,
2026-03-24,2026-03-24,914.502958,45714,38202,1.196639,20.004877,864,1.058453,1.890012,636,1.391259,facebook,feed,13.0,976.64,49.0,1.067946,70.34638138461538,0.020440251572327043
2026-03-24,2026-03-24,0.499991,62,51,1.215686,8.064366,0,,0.0,0,,facebook,instream_video,,,,,,
2026-03-24,2026-03-24,2.839947,307,228,1.346491,9.250642,0,,0.0,1,0.325733,facebook,marketplace,,,,,,
2026-03-24,2026-03-24,1.819966,965,371,2.601078,1.885975,0,,0.0,0,,facebook,right_hand_column,,,,,,
2026-03-24,2026-03-24,7.969851,294,270,1.088889,27.108338,6,1.328309,2.040816,6,2.040816,facebook,search,,,,,,
2026-03-24,2026-03-24,68.268728,1662,1468,1.132153,41.07625,46,1.484103,2.76775,46,2.76775,instagram,feed,,,7.0,,,
2026-03-24,2026-03-24,0.01,1,1,1.0,9.999814,0,,0.0,0,,instagram,instagram_explore,,,,,,
2026-03-24,2026-03-24,12.87976,334,306,1.091503,38.562156,13,0.990751,3.892216,12,3.592814,instagram,instagram_reels,,,,,,
2026-03-24,2026-03-24,0.039999,1,1,1.0,39.999255,0,,0.0,0,,instagram,instagram_search,,,,,,
2026-03-24,2026-03-24,9.359826,237,193,1.227979,39.492935,8,1.169978,3.375527,8,3.375527,instagram,instagram_stories,,,,,,
2026-03-24,2026-03-24,0.01,1,1,1.0,9.999814,0,,0.0,0,,unknown,unknown,,,,,,
2026-03-25,2026-03-25,5.59031,298,71,4.197183,18.75943,66,0.084702,22.147651,76,25.503356,audience_network,an_classic,,,3.0,,,
2026-03-25,2026-03-25,0.070004,6,6,1.0,11.667314,0,,0.0,0,,facebook,biz_disco_feed,,,,,,
2026-03-25,2026-03-25,1.230068,30,29,1.034483,41.002275,2,0.615034,6.666667,2,6.666667,facebook,facebook_notification,,,,,,
2026-03-25,2026-03-25,0.620034,47,45,1.044444,13.192221,1,0.620034,2.12766,1,2.12766,facebook,facebook_profile_feed,,,,,,
2026-03-25,2026-03-25,34.331905,1248,987,1.264438,27.509539,38,0.903471,3.044872,34,2.724359,facebook,facebook_reels,2.0,64.92,2.0,1.890952,17.1659525,0.058823529411764705
2026-03-25,2026-03-25,2.52014,793,564,1.406028,3.177982,0,,0.0,0,,facebook,facebook_reels_overlay,,,,,,
2026-03-25,2026-03-25,10.800599,158,142,1.112676,68.358224,9,1.200067,5.696203,9,5.696203,facebook,facebook_stories,,,,,,
2026-03-25,2026-03-25,916.520858,45629,38332,1.190363,20.086367,731,1.253791,1.602051,566,1.240439,facebook,feed,17.0,999.68,35.0,1.090734,53.912991647058824,0.030035335689045935
2026-03-25,2026-03-25,0.420023,54,45,1.2,7.778209,1,0.420023,1.851852,2,3.703704,facebook,instream_video,,,,,,
2026-03-25,2026-03-25,3.570198,332,249,1.333333,10.753609,4,0.89255,1.204819,4,1.204819,facebook,marketplace,,,,,,
2026-03-25,2026-03-25,1.410078,1042,361,2.886427,1.353242,0,,0.0,0,,facebook,right_hand_column,,,,,,
2026-03-25,2026-03-25,4.840269,438,425,1.030588,11.050842,4,1.210067,0.913242,4,0.913242,facebook,search,1.0,39.95,2.0,8.253674,4.840269,0.25
2026-03-25,2026-03-25,77.144281,2076,1813,1.145063,37.160058,39,1.978058,1.878613,37,1.782274,instagram,feed,1.0,39.95,6.0,0.517861,77.144281,0.02702702702702703
2026-03-25,2026-03-25,0.010001,2,2,1.0,5.000277,0,,0.0,0,,instagram,instagram_explore,,,,,,
2026-03-25,2026-03-25,13.720761,358,322,1.111801,38.326149,15,0.914717,4.189944,13,3.631285,instagram,instagram_reels,1.0,109.94,2.0,8.012675,13.720761,0.07692307692307693
2026-03-25,2026-03-25,8.47047,233,200,1.165,36.353949,4,2.117618,1.716738,4,1.716738,instagram,instagram_stories,,,,,,
2026-03-26,2026-03-26,5.059892,222,75,2.96,22.792305,60,0.084332,27.027027,73,32.882883,audience_network,an_classic,,,,,,
2026-03-26,2026-03-26,0.45999,23,22,1.045455,19.999572,1,0.45999,4.347826,0,,facebook,biz_disco_feed,,,,,,
2026-03-26,2026-03-26,1.179975,49,49,1.0,24.081117,2,0.589987,4.081633,2,4.081633,facebook,facebook_notification,,,,,,
2026-03-26,2026-03-26,1.329972,74,70,1.057143,17.972588,0,,0.0,0,,facebook,facebook_profile_feed,,,,,,
2026-03-26,2026-03-26,42.249096,1843,1485,1.241077,22.924089,30,1.408303,1.627781,28,1.519262,facebook,facebook_reels,,,1.0,,,
2026-03-26,2026-03-26,3.839918,1030,788,1.307107,3.728076,2,1.919959,0.194175,2,0.194175,facebook,facebook_reels_overlay,,,2.0,,,
2026-03-26,2026-03-26,11.439755,256,242,1.057851,44.686544,8,1.429969,3.125,8,3.125,facebook,facebook_stories,,,,,,
2026-03-26,2026-03-26,1178.614782,64933,57510,1.129073,18.151245,939,1.255181,1.446106,697,1.073414,facebook,feed,14.0,1048.62,46.0,0.889705,84.18677014285716,0.020086083213773313
2026-03-26,2026-03-26,1.109976,102,84,1.214286,10.88212,0,,0.0,0,,facebook,instream_video,1.0,117.81,1.0,106.137406,1.109976,
2026-03-26,2026-03-26,6.319865,573,436,1.31422,11.029432,4,1.579966,0.69808,3,0.52356,facebook,marketplace,,,,,,
2026-03-26,2026-03-26,2.31995,1453,584,2.488014,1.596662,0,,0.0,0,,facebook,right_hand_column,,,,,,
2026-03-26,2026-03-26,11.919745,978,909,1.075908,12.187878,10,1.191975,1.022495,9,0.920245,facebook,search,,,,,,
2026-03-26,2026-03-26,99.297875,2956,2700,1.094815,33.591974,50,1.985958,1.691475,44,1.488498,instagram,feed,,,2.0,,,
2026-03-26,2026-03-26,0.049999,3,3,1.0,16.66631,0,,0.0,0,,instagram,instagram_explore,,,,,,
2026-03-26,2026-03-26,20.129569,641,572,1.120629,31.403384,18,1.118309,2.808112,16,2.4961,instagram,instagram_reels,,,2.0,,,
2026-03-26,2026-03-26,16.789641,420,366,1.147541,39.975335,17,0.987626,4.047619,17,4.047619,instagram,instagram_stories,,,1.0,,,
2026-03-27,2026-03-27,10.599727,409,111,3.684685,25.916203,108,0.098146,26.405868,123,30.07335,audience_network,an_classic,,,1.0,,,
2026-03-27,2026-03-27,0.459988,39,39,1.0,11.794568,0,,0.0,0,,facebook,biz_disco_feed,,,,,,
2026-03-27,2026-03-27,1.439963,41,41,1.0,35.121046,2,0.719981,4.878049,2,4.878049,facebook,facebook_notification,,,,,,
2026-03-27,2026-03-27,1.129971,80,79,1.012658,14.124636,3,0.376657,3.75,4,5.0,facebook,facebook_profile_feed,,,,,,
2026-03-27,2026-03-27,73.168115,2699,2320,1.163362,27.109342,72,1.016224,2.667655,56,2.074843,facebook,facebook_reels,1.0,119.84,1.0,1.637872,73.168115,0.017857142857142856
2026-03-27,2026-03-27,3.059921,961,690,1.392754,3.184101,2,1.529961,0.208117,2,0.208117,facebook,facebook_reels_overlay,1.0,119.84,1.0,39.164408,3.059921,0.5
2026-03-27,2026-03-27,15.889591,406,378,1.074074,39.136923,12,1.324133,2.955665,14,3.448276,facebook,facebook_stories,,,,,,
2026-03-27,2026-03-27,1629.168028,94179,79617,1.182901,17.298634,1421,1.146494,1.508829,1045,1.109589,facebook,feed,21.0,1273.34,50.0,0.781589,77.57942990476191,0.020095693779904306
2026-03-27,2026-03-27,1.579959,119,89,1.337079,13.276969,4,0.39499,3.361345,4,3.361345,facebook,instream_video,,,,,,
2026-03-27,2026-03-27,10.07974,929,740,1.255405,10.850097,6,1.679957,0.645856,7,0.753498,facebook,marketplace,,,,,,
2026-03-27,2026-03-27,2.399938,1413,475,2.974737,1.69847,0,,0.0,0,,facebook,right_hand_column,,,,,,
2026-03-27,2026-03-27,9.109765,1196,1138,1.050967,7.616861,16,0.56936,1.337793,16,1.337793,facebook,search,1.0,89.88,1.0,9.866335,9.109765,0.0625
2026-03-27,2026-03-27,136.25649,3870,3648,1.060855,35.208395,66,2.064492,1.705426,59,1.524548,instagram,feed,1.0,89.88,3.0,0.659638,136.25649,0.01694915254237288
2026-03-27,2026-03-27,27.619288,880,795,1.106918,31.385555,20,1.380964,2.272727,19,2.159091,instagram,instagram_reels,,,,,,
2026-03-27,2026-03-27,0.0,1,1,1.0,0.0,0,,0.0,0,,instagram,instagram_search,,,,,,
2026-03-27,2026-03-27,18.719518,555,494,1.123482,33.728861,13,1.439963,2.342342,13,2.342342,instagram,instagram_stories,1.0,59.92,1.0,3.200937,18.719518,0.07692307692307693
2026-03-27,2026-03-27,0.109997,4,4,1.0,27.499292,0,,0.0,0,,threads,threads_feed,,,,,,
2026-03-28,2026-03-28,4.089354,252,75,3.36,16.227595,59,0.069311,23.412698,64,25.396825,audience_network,an_classic,1.0,153.75,1.0,37.597627,4.089354,0.015625
2026-03-28,2026-03-28,0.369942,19,8,2.375,19.470608,6,0.061657,31.578947,11,57.894737,audience_network,rewarded_video,,,,,,
2026-03-28,2026-03-28,0.579908,35,33,1.060606,16.568811,0,,0.0,0,,facebook,biz_disco_feed,,,,,,
2026-03-28,2026-03-28,2.46961,52,52,1.0,47.492496,1,2.46961,1.923077,1,1.923077,facebook,facebook_notification,,,,,,
2026-03-28,2026-03-28,0.779877,77,73,1.054795,10.12827,2,0.389938,2.597403,1,1.298701,facebook,facebook_profile_feed,,,,,,
2026-03-28,2026-03-28,76.537906,2934,2384,1.230705,26.086539,67,1.142357,2.283572,59,2.010907,facebook,facebook_reels,3.0,134.83,7.0,1.761611,25.512635333333336,0.05084745762711865
2026-03-28,2026-03-28,3.899384,1386,958,1.446764,2.813408,1,3.899384,0.07215,1,0.07215,facebook,facebook_reels_overlay,,,,,,
2026-03-28,2026-03-28,16.637371,329,302,1.089404,50.569517,9,1.848597,2.735562,9,2.735562,facebook,facebook_stories,,,,,,
2026-03-28,2026-03-28,1300.174561,80558,66463,1.212073,16.139608,1281,1.014968,1.590159,967,1.200377,facebook,feed,23.0,1483.37,72.0,1.140901,56.529328739130435,0.023784901758014478
2026-03-28,2026-03-28,1.219807,74,67,1.104478,16.483882,2,0.609904,2.702703,2,2.702703,facebook,instream_video,,,,,,
2026-03-28,2026-03-28,7.128874,709,553,1.282098,10.054829,1,7.128874,0.141044,1,0.141044,facebook,marketplace,,,,,,
2026-03-28,2026-03-28,1.669736,960,350,2.742857,1.739309,0,,0.0,0,,facebook,right_hand_column,,,,,,
2026-03-28,2026-03-28,6.458979,720,685,1.051095,8.970805,10,0.645898,1.388889,10,1.388889,facebook,search,1.0,54.93,1.0,8.50444,6.458979,0.1
2026-03-28,2026-03-28,112.602208,3390,3045,1.1133,33.215991,60,1.876703,1.769912,58,1.710914,instagram,feed,2.0,118.41,4.0,1.051578,56.301104,0.034482758620689655
2026-03-28,2026-03-28,22.97637,718,635,1.130709,32.000515,15,1.531758,2.089136,15,2.089136,instagram,instagram_reels,1.0,64.38,2.0,2.802009,22.97637,0.06666666666666667
2026-03-28,2026-03-28,0.0,1,1,1.0,0.0,0,,0.0,0,,instagram,instagram_search,,,,,,
2026-03-28,2026-03-28,24.576117,732,617,1.186386,33.57393,14,1.755437,1.912568,12,1.639344,instagram,instagram_stories,1.0,59.92,1.0,2.438139,24.576117,0.08333333333333333
2026-03-28,2026-03-28,0.019997,1,1,1.0,19.99684,0,,0.0,0,,threads,threads_feed,,,,,,
2026-03-29,2026-03-29,15.390084,658,153,4.300654,23.389185,129,0.119303,19.604863,148,22.492401,audience_network,an_classic,,,,,,
2026-03-29,2026-03-29,1.670009,58,16,3.625,28.793261,33,0.050606,56.896552,47,81.034483,audience_network,rewarded_video,,,,,,
2026-03-29,2026-03-29,0.490003,40,40,1.0,12.250067,2,0.245001,5.0,1,2.5,facebook,biz_disco_feed,,,,,,
2026-03-29,2026-03-29,1.340007,33,33,1.0,40.606282,2,0.670004,6.060606,2,6.060606,facebook,facebook_notification,,,,,,
2026-03-29,2026-03-29,1.260007,86,80,1.075,14.651243,3,0.420002,3.488372,3,3.488372,facebook,facebook_profile_feed,1.0,39.95,5.0,31.706176,1.260007,0.3333333333333333
2026-03-29,2026-03-29,88.02048,3566,2914,1.223747,24.683253,96,0.91688,2.692092,79,2.215367,facebook,facebook_reels,5.0,271.22,7.0,3.081328,17.604096000000002,0.06329113924050633
2026-03-29,2026-03-29,4.150023,1539,1091,1.410632,2.696571,4,1.037506,0.259909,4,0.259909,facebook,facebook_reels_overlay,,,,,,
2026-03-29,2026-03-29,18.520101,453,412,1.099515,40.883225,13,1.424623,2.869757,13,2.869757,facebook,facebook_stories,,,1.0,,,
2026-03-29,2026-03-29,1483.758094,93151,76946,1.210602,15.928526,1319,1.124911,1.415981,1012,1.086408,facebook,feed,31.0,1844.17,78.0,1.242905,47.863164322580644,0.030632411067193676
2026-03-29,2026-03-29,1.110006,90,74,1.216216,12.333401,0,,0.0,0,,facebook,instream_video,,,,,,
2026-03-29,2026-03-29,6.020033,614,492,1.247967,9.804614,5,1.204007,0.814332,5,0.814332,facebook,marketplace,,,,,,
2026-03-29,2026-03-29,2.880016,1259,445,2.829213,2.287542,2,1.440008,0.158856,2,0.158856,facebook,right_hand_column,,,,,,
2026-03-29,2026-03-29,15.770086,1104,1061,1.040528,14.284498,11,1.433644,0.996377,10,0.905797,facebook,search,,,,,,
2026-03-29,2026-03-29,136.830746,3696,3362,1.099346,37.021306,62,2.206948,1.677489,65,1.758658,instagram,feed,2.0,109.9,9.0,0.803182,68.415373,0.03076923076923077
2026-03-29,2026-03-29,29.670162,877,783,1.120051,33.831427,19,1.561587,2.166477,22,2.508552,instagram,instagram_reels,1.0,61.38,3.0,2.068745,29.670162,0.045454545454545456
2026-03-29,2026-03-29,26.130143,742,616,1.204545,35.215826,17,1.537067,2.291105,17,2.291105,instagram,instagram_stories,1.0,51.36,2.0,1.965546,26.130143,0.058823529411764705
2026-03-29,2026-03-29,0.04,1,1,1.0,40.000218,0,,0.0,0,,threads,threads_feed,,,,,,
2026-03-29,2026-03-29,0.08,2,2,1.0,40.000218,0,,0.0,0,,unknown,unknown,,,,,,
2026-03-30,2026-03-30,9.699725,398,118,3.372881,24.371168,94,0.103189,23.61809,100,25.125628,audience_network,an_classic,,,1.0,,,
2026-03-30,2026-03-30,3.499901,98,30,3.266667,35.713273,50,0.069998,51.020408,67,68.367347,audience_network,rewarded_video,,,,,,
2026-03-30,2026-03-30,0.549984,31,30,1.033333,17.741433,0,,0.0,0,,facebook,biz_disco_feed,,,,,,
2026-03-30,2026-03-30,1.879947,49,49,1.0,38.366259,5,0.375989,10.204082,5,10.204082,facebook,facebook_notification,,,,,,
2026-03-30,2026-03-30,1.509957,73,70,1.042857,20.684345,1,1.509957,1.369863,1,1.369863,facebook,facebook_profile_feed,,,,,,
2026-03-30,2026-03-30,56.618395,2405,1932,1.244824,23.541952,46,1.230835,1.912682,41,1.704782,facebook,facebook_reels,,,,,,
2026-03-30,2026-03-30,2.739922,870,572,1.520979,3.149336,3,0.913307,0.344828,3,0.344828,facebook,facebook_reels_overlay,1.0,39.95,3.0,14.580705,2.739922,0.3333333333333333
2026-03-30,2026-03-30,11.819665,234,219,1.068493,50.511389,3,3.939888,1.282051,3,1.282051,facebook,facebook_stories,,,,,,
2026-03-30,2026-03-30,1482.807968,101530,86363,1.175619,14.604629,1174,1.263039,1.156308,851,0.838176,facebook,feed,26.0,1335.57,55.0,0.900703,57.031075692307695,0.03055229142185664
2026-03-30,2026-03-30,0.799977,75,60,1.25,10.666364,1,0.799977,1.333333,1,1.333333,facebook,instream_video,,,,,,
2026-03-30,2026-03-30,6.209824,634,502,1.262948,9.794675,3,2.069941,0.473186,3,0.473186,facebook,marketplace,,,,,,
2026-03-30,2026-03-30,3.18991,1380,543,2.541436,2.311529,2,1.594955,0.144928,2,0.144928,facebook,right_hand_column,,,,,,
2026-03-30,2026-03-30,7.189796,949,895,1.060335,7.576181,13,0.553061,1.369863,13,1.369863,facebook,search,,,,,,
2026-03-30,2026-03-30,128.876347,3489,3274,1.065669,36.937904,59,2.184345,1.691029,57,1.633706,instagram,feed,1.0,54.93,6.0,0.426223,128.876347,0.017543859649122806
2026-03-30,2026-03-30,22.849352,677,597,1.134003,33.75089,21,1.088064,3.10192,19,2.806499,instagram,instagram_reels,,,,,,
2026-03-30,2026-03-30,23.489334,583,538,1.083643,40.290453,10,2.348933,1.715266,9,1.543739,instagram,instagram_stories,1.0,64.56,,2.748481,23.489334,0.1111111111111111
2026-03-30,2026-03-30,0.049999,2,2,1.0,24.999291,0,,0.0,0,,threads,threads_feed,,,,,,
2026-03-30,2026-03-30,0.119997,2,2,1.0,59.998299,0,,0.0,0,,unknown,unknown,,,,,,
2026-03-31,2026-03-31,11.88,572,120,4.766667,20.769231,93,0.127742,16.258741,105,18.356643,audience_network,an_classic,,,1.0,,,
2026-03-31,2026-03-31,3.84,104,23,4.521739,36.923077,41,0.093659,39.423077,52,50.0,audience_network,rewarded_video,,,,,,
2026-03-31,2026-03-31,0.12,14,14,1.0,8.571429,0,,0.0,0,,facebook,biz_disco_feed,,,,,,
2026-03-31,2026-03-31,1.5,50,50,1.0,30.0,3,0.5,6.0,3,6.0,facebook,facebook_notification,,,,,,
2026-03-31,2026-03-31,0.88,84,83,1.012048,10.47619,0,,0.0,0,,facebook,facebook_profile_feed,,,,,,
2026-03-31,2026-03-31,135.45,3052,2631,1.160015,44.380734,71,1.907746,2.326343,56,1.834862,facebook,facebook_reels,3.0,206.16,6.0,1.522038,45.15,0.05357142857142857
2026-03-31,2026-03-31,2.26,853,563,1.515098,2.649472,1,2.26,0.117233,1,0.117233,facebook,facebook_reels_overlay,,,6.0,,,
2026-03-31,2026-03-31,7.02,150,136,1.102941,46.8,2,3.51,1.333333,3,2.0,facebook,facebook_stories,,,,,,
2026-03-31,2026-03-31,1622.71,99406,87297,1.13871,16.324065,1353,1.199342,1.361085,951,0.956683,facebook,feed,27.0,1753.75,91.0,1.080754,60.10037037037037,0.028391167192429023
2026-03-31,2026-03-31,1.22,64,58,1.103448,19.0625,0,,0.0,0,,facebook,instream_video,,,,,,
2026-03-31,2026-03-31,5.94,561,424,1.323113,10.588235,5,1.188,0.891266,5,0.891266,facebook,marketplace,,,,,,
2026-03-31,2026-03-31,2.97,1418,438,3.237443,2.094499,1,2.97,0.070522,1,0.070522,facebook,right_hand_column,,,,,,
2026-03-31,2026-03-31,9.49,947,860,1.101163,10.021119,4,2.3725,0.422386,4,0.422386,facebook,search,,,,,,
2026-03-31,2026-03-31,174.95,4674,4307,1.08521,37.430466,89,1.96573,1.904151,83,1.775781,instagram,feed,2.0,138.39,18.0,0.791026,87.475,0.024096385542168676
2026-03-31,2026-03-31,21.47,653,587,1.112436,32.87902,5,4.294,0.765697,4,0.612557,instagram,instagram_reels,,,,,,
2026-03-31,2026-03-31,21.08,510,457,1.115974,41.333333,4,5.27,0.784314,4,0.784314,instagram,instagram_stories,,,,,,
2026-03-31,2026-03-31,1.64,6,6,1.0,273.333333,1,1.64,16.666667,1,16.666667,threads,threads_feed,,,,,,
2026-04-01,2026-04-01,10.37921,424,107,3.962617,24.479268,88,0.117946,20.754717,112,26.415094,audience_network,an_classic,,,11.0,,,
2026-04-01,2026-04-01,2.709794,68,27,2.518519,39.849907,27,0.100363,39.705882,31,45.588235,audience_network,rewarded_video,1.0,77.87,,28.736505,2.709794,0.03225806451612903
2026-04-01,2026-04-01,0.089993,3,3,1.0,29.997716,0,,0.0,0,,facebook,biz_disco_feed,,,,,,
2026-04-01,2026-04-01,1.619877,62,62,1.0,26.127043,1,1.619877,1.612903,2,3.225806,facebook,facebook_notification,,,,,,
2026-04-01,2026-04-01,0.719945,84,80,1.05,8.570776,1,0.719945,1.190476,1,1.190476,facebook,facebook_profile_feed,,,,,,
2026-04-01,2026-04-01,56.025734,2127,1739,1.223117,26.340261,49,1.143382,2.303714,44,2.068641,facebook,facebook_reels,,,6.0,,,
2026-04-01,2026-04-01,2.579804,968,634,1.526814,2.665086,2,1.289902,0.206612,2,0.206612,facebook,facebook_reels_overlay,,,2.0,,,
2026-04-01,2026-04-01,6.43951,161,146,1.10274,39.996955,5,1.287902,3.10559,5,3.10559,facebook,facebook_stories,,,,,,
2026-04-01,2026-04-01,1861.758245,110634,95677,1.156328,16.828084,1588,1.172392,1.435363,1044,0.943652,facebook,feed,28.0,1936.77,99.0,1.040291,66.49136589285715,0.02681992337164751
2026-04-01,2026-04-01,3.989696,80,46,1.73913,49.871203,2,1.994848,2.5,2,2.5,facebook,instream_video,,,,,,
2026-04-01,2026-04-01,6.579499,610,420,1.452381,10.786064,4,1.644875,0.655738,3,0.491803,facebook,marketplace,,,,,,
2026-04-01,2026-04-01,2.459813,1358,353,3.847026,1.81135,2,1.229906,0.147275,2,0.147275,facebook,right_hand_column,,,,,,
2026-04-01,2026-04-01,8.39936,953,878,1.085421,8.8136,9,0.933262,0.944386,9,0.944386,facebook,search,,,,,,
2026-04-01,2026-04-01,216.293531,5607,4878,1.149446,38.575625,112,1.931192,1.997503,105,1.872659,instagram,feed,2.0,116.99,9.0,0.540885,108.1467655,0.01904761904761905
2026-04-01,2026-04-01,27.227927,689,634,1.086751,39.518036,25,1.089117,3.628447,25,3.628447,instagram,instagram_reels,1.0,59.92,1.0,2.200682,27.227927,0.04
2026-04-01,2026-04-01,0.009999,1,1,1.0,9.999239,0,,0.0,0,,instagram,instagram_search,,,,,,
2026-04-01,2026-04-01,25.288075,606,520,1.165385,41.729496,12,2.10734,1.980198,12,1.980198,instagram,instagram_stories,,,,,,
2026-04-01,2026-04-01,0.149989,3,3,1.0,49.996193,0,,0.0,0,,threads,threads_feed,,,,,,
2026-04-02,2026-04-02,6.509677,348,79,4.405063,18.70597,74,0.087969,21.264368,89,25.574713,audience_network,an_classic,,,,,,
2026-04-02,2026-04-02,2.539874,85,21,4.047619,29.880873,46,0.055215,54.117647,48,56.470588,audience_network,rewarded_video,,,,,,
2026-04-02,2026-04-02,1.149943,38,37,1.027027,30.261659,0,,0.0,0,,facebook,facebook_notification,,,,,,
2026-04-02,2026-04-02,0.59997,75,69,1.086957,7.999604,0,,0.0,0,,facebook,facebook_profile_feed,,,,,,
2026-04-02,2026-04-02,41.627938,1308,1074,1.217877,31.82564,31,1.342837,2.370031,30,2.293578,facebook,facebook_reels,1.0,39.95,6.0,0.959692,41.627938,0.03333333333333333
2026-04-02,2026-04-02,2.549874,987,625,1.5792,2.583459,5,0.509975,0.506586,5,0.506586,facebook,facebook_reels_overlay,,,,,,
2026-04-02,2026-04-02,6.819662,126,118,1.067797,54.124303,5,1.363932,3.968254,5,3.968254,facebook,facebook_stories,,,,,,
2026-04-02,2026-04-02,1716.354964,90100,79730,1.130064,19.049445,1448,1.185328,1.607103,993,1.102109,facebook,feed,15.0,968.78,43.0,0.56444,114.42366426666668,0.015105740181268883
2026-04-02,2026-04-02,2.179892,66,46,1.434783,33.028667,1,2.179892,1.515152,1,1.515152,facebook,instream_video,,,,,,
2026-04-02,2026-04-02,3.749814,392,308,1.272727,9.565853,1,3.749814,0.255102,1,0.255102,facebook,marketplace,,,,,,
2026-04-02,2026-04-02,2.079897,905,258,3.507752,2.298229,0,,0.0,0,,facebook,right_hand_column,,,,,,
2026-04-02,2026-04-02,12.019405,784,740,1.059459,15.330873,7,1.717058,0.892857,7,0.892857,facebook,search,1.0,49.98,4.0,4.158276,12.019405,0.14285714285714285
2026-04-02,2026-04-02,172.331462,3880,3491,1.111429,44.415325,77,2.238071,1.984536,77,1.984536,instagram,feed,6.0,413.58,15.0,2.39991,28.72191033333333,0.07792207792207792
2026-04-02,2026-04-02,0.0,1,1,1.0,0.0,0,,0.0,0,,instagram,instagram_explore,,,,,,
2026-04-02,2026-04-02,24.858768,660,607,1.087315,37.664801,23,1.080816,3.484848,21,3.181818,instagram,instagram_reels,,,,,,
2026-04-02,2026-04-02,22.948863,477,417,1.143885,48.110824,13,1.765297,2.725367,13,2.725367,instagram,instagram_stories,2.0,149.8,2.0,6.527557,11.4744315,0.15384615384615385
2026-04-02,2026-04-02,0.059997,4,4,1.0,14.999257,0,,0.0,0,,threads,threads_feed,,,,,,
2026-04-03,2026-04-03,5.77,367,71,5.169014,15.722071,70,0.082429,19.073569,97,26.430518,audience_network,an_classic,,,,,,
2026-04-03,2026-04-03,2.24,93,20,4.65,24.086022,31,0.072258,33.333333,41,44.086022,audience_network,rewarded_video,,,,,,
2026-04-03,2026-04-03,0.08,5,4,1.25,16.0,0,,0.0,0,,facebook,biz_disco_feed,,,,,,
2026-04-03,2026-04-03,1.68,39,39,1.0,43.076923,2,0.84,5.128205,2,5.128205,facebook,facebook_notification,,,,,,
2026-04-03,2026-04-03,0.62,62,62,1.0,10.0,0,,0.0,0,,facebook,facebook_profile_feed,,,,,,
2026-04-03,2026-04-03,62.08,2158,1801,1.198223,28.767377,51,1.217255,2.363299,49,2.270621,facebook,facebook_reels,3.0,147.37,6.0,2.373872,20.69333333333333,0.061224489795918366
2026-04-03,2026-04-03,2.48,1048,702,1.492877,2.366412,2,1.24,0.19084,2,0.19084,facebook,facebook_reels_overlay,,,,,,
2026-04-03,2026-04-03,7.16,127,120,1.058333,56.377953,2,3.58,1.574803,2,1.574803,facebook,facebook_stories,,,,,,
2026-04-03,2026-04-03,1799.94,103702,85831,1.208211,17.356849,1459,1.233681,1.406916,1001,0.965266,facebook,feed,19.0,1148.8,57.0,0.638244,94.73368421052632,0.01898101898101898
2026-04-03,2026-04-03,0.53,44,33,1.333333,12.045455,0,,0.0,0,,facebook,instream_video,,,,,,
2026-04-03,2026-04-03,3.52,366,253,1.44664,9.617486,3,1.173333,0.819672,3,0.819672,facebook,marketplace,,,,,,
2026-04-03,2026-04-03,1.39,633,225,2.813333,2.195893,0,,0.0,0,,facebook,right_hand_column,,,,,,
2026-04-03,2026-04-03,4.57,620,583,1.063465,7.370968,9,0.507778,1.451613,9,1.451613,facebook,search,1.0,24.97,2.0,5.463895,4.57,0.1111111111111111
2026-04-03,2026-04-03,237.84,6357,5824,1.091518,37.413874,109,2.182018,1.714645,114,1.793299,instagram,feed,5.0,215.89,16.0,0.907711,47.568,0.043859649122807015
2026-04-03,2026-04-03,24.77,696,650,1.070769,35.58908,21,1.179524,3.017241,20,2.873563,instagram,instagram_reels,,,3.0,,,
2026-04-03,2026-04-03,0.02,1,1,1.0,20.0,0,,0.0,0,,instagram,instagram_search,,,,,,
2026-04-03,2026-04-03,22.59,562,509,1.104126,40.19573,12,1.8825,2.135231,12,2.135231,instagram,instagram_stories,,,,,,
2026-04-03,2026-04-03,0.03,3,3,1.0,10.0,0,,0.0,0,,threads,threads_feed,,,,,,
2026-04-04,2026-04-04,27.650304,1423,605,2.352066,19.430994,266,0.103949,18.692902,299,21.011947,audience_network,an_classic,1.0,59.92,,2.167065,27.650304,0.0033444816053511705
2026-04-04,2026-04-04,3.860043,157,60,2.616667,24.586258,64,0.060313,40.764331,71,45.22293,audience_network,rewarded_video,,,,,,
2026-04-04,2026-04-04,0.110001,4,4,1.0,27.500303,0,,0.0,0,,facebook,biz_disco_feed,,,,,,
2026-04-04,2026-04-04,3.060034,74,74,1.0,41.351807,4,0.765008,5.405405,4,5.405405,facebook,facebook_notification,,,,,,
2026-04-04,2026-04-04,1.300014,121,113,1.070796,10.74392,0,,0.0,0,,facebook,facebook_profile_feed,,,,,,
2026-04-04,2026-04-04,157.391733,5726,4588,1.248038,27.487205,91,1.729579,1.589242,69,1.20503,facebook,facebook_reels,1.0,59.92,2.0,0.380706,157.391733,0.014492753623188406
2026-04-04,2026-04-04,3.870043,1459,1053,1.385565,2.652531,1,3.870043,0.06854,1,0.06854,facebook,facebook_reels_overlay,1.0,64.98,1.0,16.790513,3.870043,1.0
2026-04-04,2026-04-04,21.240234,369,328,1.125,57.561609,12,1.770019,3.252033,12,3.252033,facebook,facebook_stories,,,,,,
2026-04-04,2026-04-04,2025.932308,117391,98603,1.190542,17.257987,1500,1.350622,1.277781,1075,0.915743,facebook,feed,22.0,1324.3,69.0,0.653674,92.08783218181817,0.020465116279069766
2026-04-04,2026-04-04,2.460027,92,83,1.108434,26.739425,1,2.460027,1.086957,1,1.086957,facebook,instream_video,,,,,,
2026-04-04,2026-04-04,8.950099,805,601,1.339434,11.118135,7,1.278586,0.869565,7,0.869565,facebook,marketplace,,,,,,
2026-04-04,2026-04-04,1.910021,969,408,2.375,1.971126,0,,0.0,0,,facebook,right_hand_column,,,,,,
2026-04-04,2026-04-04,11.660128,775,738,1.050136,15.045327,10,1.166013,1.290323,11,1.419355,facebook,search,,,,,,
2026-04-04,2026-04-04,366.294033,10850,9752,1.112592,33.759819,146,2.508863,1.345622,139,1.281106,instagram,feed,5.0,296.61,9.0,0.809759,73.2588066,0.03597122302158273
2026-04-04,2026-04-04,0.01,2,2,1.0,5.000055,0,,0.0,0,,instagram,instagram_explore_grid_home,,,,,,
2026-04-04,2026-04-04,46.740515,1453,1316,1.104103,32.168283,35,1.335443,2.408809,29,1.995871,instagram,instagram_reels,,,1.0,,,
2026-04-04,2026-04-04,0.01,3,3,1.0,3.33337,0,,0.0,0,,instagram,instagram_search,,,,,,
2026-04-04,2026-04-04,40.120442,995,861,1.155633,40.322052,17,2.360026,1.708543,17,1.708543,instagram,instagram_stories,1.0,59.92,2.0,1.493503,40.120442,0.058823529411764705
2026-04-04,2026-04-04,1.86002,22,22,1.0,84.546385,0,,0.0,0,,threads,threads_feed,,,,,,
2026-04-04,2026-04-04,0.100001,4,4,1.0,25.000275,0,,0.0,0,,unknown,unknown,,,,,,
2026-04-05,2026-04-05,26.920511,1265,383,3.302872,21.281036,236,0.11407,18.656126,275,21.73913,audience_network,an_classic,,,,,,
2026-04-05,2026-04-05,10.870206,340,90,3.777778,31.971195,153,0.071047,45.0,180,52.941176,audience_network,rewarded_video,,,,,,
2026-04-05,2026-04-05,0.290006,12,12,1.0,24.167125,2,0.145003,16.666667,1,8.333333,facebook,biz_disco_feed,,,,,,
2026-04-05,2026-04-05,3.470066,80,80,1.0,43.375823,5,0.694013,6.25,5,6.25,facebook,facebook_notification,,,,,,
2026-04-05,2026-04-05,2.560049,216,209,1.033493,11.852077,1,2.560049,0.462963,1,0.462963,facebook,facebook_profile_feed,,,,,,
2026-04-05,2026-04-05,289.765501,9240,7308,1.264368,31.359903,157,1.84564,1.699134,134,1.450216,facebook,facebook_reels,3.0,154.8,8.0,0.534225,96.58850033333333,0.022388059701492536
2026-04-05,2026-04-05,9.46018,3007,2282,1.317704,3.146052,9,1.051131,0.299302,9,0.299302,facebook,facebook_reels_overlay,1.0,24.97,3.0,2.639485,9.46018,0.1111111111111111
2026-04-05,2026-04-05,30.840585,570,508,1.122047,54.10629,8,3.855073,1.403509,8,1.403509,facebook,facebook_stories,,,4.0,,,
2026-04-05,2026-04-05,3173.890251,206661,172891,1.195325,15.357955,2050,1.548239,0.991963,1384,0.669696,facebook,feed,27.0,1920.83,78.0,0.605197,117.55149077777777,0.019508670520231215
2026-04-05,2026-04-05,4.410084,193,159,1.213836,22.850175,3,1.470028,1.554404,3,1.554404,facebook,instream_video,,,,,,
2026-04-05,2026-04-05,10.230194,1163,869,1.33832,8.796384,3,3.410065,0.257954,3,0.257954,facebook,marketplace,,,,,,
2026-04-05,2026-04-05,5.850111,2107,770,2.736364,2.776512,2,2.925056,0.094922,2,0.094922,facebook,right_hand_column,,,,,,
2026-04-05,2026-04-05,14.940284,1148,1034,1.110251,13.014184,6,2.490047,0.522648,5,0.43554,facebook,search,,,,,,
2026-04-05,2026-04-05,513.259743,15321,14376,1.065735,33.500408,139,3.692516,0.907251,122,0.796293,instagram,feed,2.0,79.9,6.0,0.155672,256.6298715,0.01639344262295082
2026-04-05,2026-04-05,0.01,5,5,1.0,2.000038,0,,0.0,0,,instagram,instagram_explore_grid_home,,,,,,
2026-04-05,2026-04-05,65.231238,1657,1493,1.109846,39.367072,32,2.038476,1.931201,28,1.689801,instagram,instagram_reels,2.0,147.8,4.0,2.265786,32.615619,0.07142857142857142
2026-04-05,2026-04-05,0.0,2,2,1.0,0.0,0,,0.0,0,,instagram,instagram_search,,,,,,
2026-04-05,2026-04-05,49.54094,1362,1102,1.235935,36.373671,18,2.752274,1.321586,19,1.395007,instagram,instagram_stories,,,,,,
2026-04-05,2026-04-05,2.710051,35,33,1.060606,77.430041,0,,0.0,0,,threads,threads_feed,,,,,,
2026-04-06,2026-04-06,14.589924,694,124,5.596774,21.022945,134,0.10888,19.308357,158,22.766571,audience_network,an_classic,,,,,,
2026-04-06,2026-04-06,10.559945,290,77,3.766234,36.413604,113,0.093451,38.965517,144,49.655172,audience_network,rewarded_video,,,1.0,,,
2026-04-06,2026-04-06,0.149999,1,1,1.0,149.999219,0,,0.0,0,,facebook,biz_disco_feed,,,,,,
2026-04-06,2026-04-06,1.779991,49,49,1.0,36.326342,0,,0.0,0,,facebook,facebook_notification,,,,,,
2026-04-06,2026-04-06,0.669997,64,64,1.0,10.468696,1,0.669997,1.5625,1,1.5625,facebook,facebook_profile_feed,,,,,,
2026-04-06,2026-04-06,130.999318,4447,3583,1.241139,29.457908,85,1.541168,1.911401,56,1.259276,facebook,facebook_reels,5.0,492.79,8.0,3.761775,26.199863599999997,0.08928571428571429
2026-04-06,2026-04-06,3.219983,1212,820,1.478049,2.656752,1,3.219983,0.082508,1,0.082508,facebook,facebook_reels_overlay,,,4.0,,,
2026-04-06,2026-04-06,10.099947,169,150,1.126667,59.763003,7,1.44285,4.142012,6,3.550296,facebook,facebook_stories,,,,,,
2026-04-06,2026-04-06,1517.852101,79269,66419,1.193469,19.148117,972,1.561576,1.226204,697,0.879284,facebook,feed,25.0,1426.09,66.0,0.939545,60.714084039999996,0.035868005738880916
2026-04-06,2026-04-06,4.339977,99,84,1.178571,43.838156,5,0.867995,5.050505,4,4.040404,facebook,instream_video,,,,,,
2026-04-06,2026-04-06,4.239978,436,277,1.574007,9.72472,1,4.239978,0.229358,1,0.229358,facebook,marketplace,1.0,35.94,1.0,8.476459,4.239978,1.0
2026-04-06,2026-04-06,3.129984,1236,417,2.964029,2.532349,2,1.564992,0.161812,2,0.161812,facebook,right_hand_column,,,,,,
2026-04-06,2026-04-06,9.209952,209,194,1.07732,44.066756,3,3.069984,1.435407,3,1.435407,facebook,search,,,,,,
2026-04-06,2026-04-06,172.239104,4390,4232,1.037335,39.23442,41,4.200954,0.933941,35,0.797267,instagram,feed,2.0,145.52,5.0,0.844872,86.119552,0.05714285714285714
2026-04-06,2026-04-06,0.05,4,4,1.0,12.499935,0,,0.0,0,,instagram,instagram_explore_grid_home,,,,,,
2026-04-06,2026-04-06,20.169895,483,431,1.12065,41.759617,11,1.833627,2.277433,10,2.070393,instagram,instagram_reels,1.0,24.97,2.0,1.237984,20.169895,0.1
2026-04-06,2026-04-06,17.569909,402,338,1.189349,43.70624,12,1.464159,2.985075,12,2.985075,instagram,instagram_stories,1.0,99.95,4.0,5.688703,17.569909,0.08333333333333333
2026-04-06,2026-04-06,0.679996,14,14,1.0,48.571176,0,,0.0,0,,threads,threads_feed,,,,,,
2026-04-07,2026-04-07,13.538254,513,157,3.267516,26.390359,108,0.125354,21.052632,129,25.146199,audience_network,an_classic,,,1.0,,,
2026-04-07,2026-04-07,1.651007,47,22,2.136364,35.1278,24,0.068792,51.06383,28,59.574468,audience_network,rewarded_video,,,,,,
2026-04-07,2026-04-07,0.030018,4,4,1.0,7.504575,0,,0.0,0,,facebook,biz_disco_feed,,,,,,
2026-04-07,2026-04-07,0.850519,27,27,1.0,31.500687,0,,0.0,0,,facebook,facebook_notification,,,,,,
2026-04-07,2026-04-07,1.801098,121,120,1.008333,14.885108,0,,0.0,0,,facebook,facebook_profile_feed,,,,,,
2026-04-07,2026-04-07,433.46428,12786,11083,1.153659,33.901477,202,2.145863,1.579853,144,1.126232,facebook,facebook_reels,1.0,59.92,9.0,0.138235,433.46428,0.006944444444444444
2026-04-07,2026-04-07,4.402684,1551,1154,1.344021,2.83861,1,4.402684,0.064475,1,0.064475,facebook,facebook_reels_overlay,,,3.0,,,
2026-04-07,2026-04-07,35.991944,402,372,1.080645,89.532199,17,2.117173,4.228856,14,3.482587,facebook,facebook_stories,,,,,,
2026-04-07,2026-04-07,2143.566919,110677,98545,1.123111,19.367772,1433,1.49586,1.294759,955,0.862871,facebook,feed,23.0,1742.16,95.0,0.812739,93.19856169565217,0.024083769633507852
2026-04-07,2026-04-07,8.385112,211,171,1.233918,39.739869,3,2.795037,1.421801,2,0.947867,facebook,instream_video,,,,,,
2026-04-07,2026-04-07,7.144356,586,413,1.418886,12.191734,5,1.428871,0.853242,4,0.682594,facebook,marketplace,,,,,,
2026-04-07,2026-04-07,3.882367,2007,682,2.942815,1.934413,0,,0.0,0,,facebook,right_hand_column,,,,,,
2026-04-07,2026-04-07,5.173154,671,639,1.050078,7.709619,7,0.739022,1.043219,7,1.043219,facebook,search,,,,,,
2026-04-07,2026-04-07,269.214138,8731,8284,1.053959,30.834285,89,3.024878,1.019356,87,0.996449,instagram,feed,6.0,344.1,5.0,1.278165,44.869023,0.06896551724137931
2026-04-07,2026-04-07,0.0,1,1,1.0,0.0,0,,0.0,0,,instagram,instagram_explore,,,,,,
2026-04-07,2026-04-07,53.45259,1558,1416,1.100282,34.308466,20,2.672629,1.283697,19,1.219512,instagram,instagram_reels,,,2.0,,,
2026-04-07,2026-04-07,0.010006,3,3,1.0,3.335367,0,,0.0,0,,instagram,instagram_search,,,,,,
2026-04-07,2026-04-07,33.750578,923,864,1.068287,36.566173,15,2.250039,1.625135,14,1.516793,instagram,instagram_stories,,,,,,
2026-04-07,2026-04-07,0.0,1,1,1.0,0.0,0,,0.0,0,,messenger,messenger_stories,,,,,,
2026-04-07,2026-04-07,1.420866,65,65,1.0,21.859481,0,,0.0,0,,threads,threads_feed,,,,,,
2026-04-07,2026-04-07,0.18011,17,17,1.0,10.594695,0,,0.0,0,,unknown,unknown,,,,,,
2026-04-08,2026-04-08,11.86,630,137,4.59854,18.825397,142,0.083521,22.539683,174,27.619048,audience_network,an_classic,,,,,,
2026-04-08,2026-04-08,3.41,83,36,2.305556,41.084337,32,0.106563,38.554217,44,53.012048,audience_network,rewarded_video,,,,,,
2026-04-08,2026-04-08,0.1,4,4,1.0,25.0,0,,0.0,0,,facebook,biz_disco_feed,,,,,,
2026-04-08,2026-04-08,1.58,52,51,1.019608,30.384615,2,0.79,3.846154,2,3.846154,facebook,facebook_notification,,,,,,
2026-04-08,2026-04-08,1.31,95,94,1.010638,13.789474,0,,0.0,0,,facebook,facebook_profile_feed,,,,,,
2026-04-08,2026-04-08,70.28,2210,1837,1.203048,31.800905,55,1.277818,2.488688,43,1.945701,facebook,facebook_reels,,,,,,
2026-04-08,2026-04-08,3.39,1164,832,1.399038,2.912371,1,3.39,0.085911,1,0.085911,facebook,facebook_reels_overlay,,,2.0,,,
2026-04-08,2026-04-08,11.95,140,127,1.102362,85.357143,7,1.707143,5.0,7,5.0,facebook,facebook_stories,,,,,,
2026-04-08,2026-04-08,2136.39,98267,82269,1.19446,21.740666,1452,1.471343,1.477607,979,0.996265,facebook,feed,50.0,3535.43,124.0,1.654862,42.727799999999995,0.05107252298263534
2026-04-08,2026-04-08,0.77,75,69,1.086957,10.266667,1,0.77,1.333333,0,,facebook,instream_video,,,,,,
2026-04-08,2026-04-08,4.64,432,328,1.317073,10.740741,2,2.32,0.462963,2,0.462963,facebook,marketplace,,,3.0,,,
2026-04-08,2026-04-08,4.93,1568,533,2.941839,3.144133,2,2.465,0.127551,2,0.127551,facebook,right_hand_column,,,,,,
2026-04-08,2026-04-08,7.7,843,786,1.072519,9.134045,4,1.925,0.474496,4,0.474496,facebook,search,,,,,,
2026-04-08,2026-04-08,331.3,8677,8012,1.083001,38.181399,126,2.629365,1.452115,116,1.336868,instagram,feed,1.0,21.97,8.0,0.066315,331.3,0.008620689655172414
2026-04-08,2026-04-08,0.01,1,1,1.0,10.0,0,,0.0,0,,instagram,instagram_explore_grid_home,,,,,,
2026-04-08,2026-04-08,27.84,535,479,1.11691,52.037383,11,2.530909,2.056075,10,1.869159,instagram,instagram_reels,,,,,,
2026-04-08,2026-04-08,0.0,1,1,1.0,0.0,0,,0.0,0,,instagram,instagram_search,,,,,,
2026-04-08,2026-04-08,23.07,481,424,1.134434,47.962578,7,3.295714,1.455301,7,1.455301,instagram,instagram_stories,2.0,239.68,1.0,10.38925,11.535,0.2857142857142857
2026-04-08,2026-04-08,0.03,3,3,1.0,10.0,0,,0.0,0,,threads,threads_feed,,,,,,
2026-04-09,2026-04-09,8.249915,380,90,4.222222,21.710304,91,0.090658,23.947368,113,29.736842,audience_network,an_classic,2.0,71.88,3.0,8.712817,4.1249575,0.017699115044247787
2026-04-09,2026-04-09,5.059948,111,34,3.264706,45.585118,45,0.112443,40.540541,69,62.162162,audience_network,rewarded_video,,,,,,
2026-04-09,2026-04-09,0.02,2,2,1.0,9.999898,0,,0.0,0,,facebook,biz_disco_feed,,,,,,
2026-04-09,2026-04-09,1.429985,50,50,1.0,28.599707,2,0.714993,4.0,2,4.0,facebook,facebook_notification,,,,,,
2026-04-09,2026-04-09,0.819992,66,65,1.015385,12.424115,0,,0.0,0,,facebook,facebook_profile_feed,,,,,,
2026-04-09,2026-04-09,53.219455,1781,1456,1.223214,29.881782,43,1.237662,2.414374,43,2.414374,facebook,facebook_reels,,,6.0,,,
2026-04-09,2026-04-09,2.629973,903,636,1.419811,2.912484,3,0.876658,0.332226,3,0.332226,facebook,facebook_reels_overlay,,,,,,
2026-04-09,2026-04-09,8.659911,170,161,1.055901,50.940654,5,1.731982,2.941176,5,2.941176,facebook,facebook_stories,,,,,,
2026-04-09,2026-04-09,1602.503576,81854,70079,1.168025,19.577584,1166,1.37436,1.424488,831,1.015222,facebook,feed,38.0,2427.57,104.0,1.514861,42.171146736842104,0.0457280385078219
2026-04-09,2026-04-09,0.729993,60,53,1.132075,12.166542,0,,0.0,0,,facebook,instream_video,,,,,,
2026-04-09,2026-04-09,3.509964,374,253,1.478261,9.384931,4,0.877491,1.069519,4,1.069519,facebook,marketplace,,,,,,
2026-04-09,2026-04-09,3.669962,1241,418,2.9689,2.957262,3,1.223321,0.241741,3,0.241741,facebook,right_hand_column,,,,,,
2026-04-09,2026-04-09,7.209926,888,822,1.080292,8.119286,9,0.801103,1.013514,9,1.013514,facebook,search,2.0,119.84,4.0,16.62153,3.604963,0.2222222222222222
2026-04-09,2026-04-09,212.087826,6643,6424,1.034091,31.926513,81,2.618368,1.219329,77,1.159115,instagram,feed,5.0,300.9,6.0,1.418752,42.4175652,0.06493506493506493
2026-04-09,2026-04-09,21.409781,575,509,1.129666,37.234401,14,1.52927,2.434783,11,1.913043,instagram,instagram_reels,,,,,,
2026-04-09,2026-04-09,20.159793,466,404,1.153465,43.261359,13,1.550753,2.7897,12,2.575107,instagram,instagram_stories,1.0,24.97,5.0,1.238604,20.159793,0.08333333333333333
2026-04-09,2026-04-09,0.079999,3,3,1.0,26.666393,0,,0.0,0,,threads,threads_feed,,,,,,
2026-04-09,2026-04-09,0.0,0,0,0.0,,3,0.0,,0,,unknown,unknown,,,,,,
2026-04-10,2026-04-10,8.42,376,95,3.957895,22.393617,79,0.106582,21.010638,86,22.87234,audience_network,an_classic,,,,,,
2026-04-10,2026-04-10,3.81,109,26,4.192308,34.954128,38,0.100263,34.862385,52,47.706422,audience_network,rewarded_video,,,,,,
2026-04-10,2026-04-10,0.21,5,5,1.0,42.0,0,,0.0,0,,facebook,biz_disco_feed,,,,,,
2026-04-10,2026-04-10,2.19,67,67,1.0,32.686567,3,0.73,4.477612,3,4.477612,facebook,facebook_notification,,,,,,
2026-04-10,2026-04-10,0.87,59,58,1.017241,14.745763,1,0.87,1.694915,0,,facebook,facebook_profile_feed,,,,,,
2026-04-10,2026-04-10,51.39,1968,1552,1.268041,26.112805,35,1.468286,1.778455,33,1.676829,facebook,facebook_reels,1.0,39.95,7.0,0.777389,51.39,0.030303030303030304
2026-04-10,2026-04-10,3.58,1189,781,1.522407,3.010934,1,3.58,0.084104,1,0.084104,facebook,facebook_reels_overlay,1.0,21.97,3.0,6.136872,3.58,1.0
2026-04-10,2026-04-10,9.25,149,134,1.11194,62.080537,5,1.85,3.355705,5,3.355705,facebook,facebook_stories,2.0,114.85,5.0,12.416216,4.625,0.4
2026-04-10,2026-04-10,1681.69,91662,79533,1.152503,18.346643,1094,1.537194,1.193515,776,0.846589,facebook,feed,33.0,2084.05,60.0,1.239259,50.96030303030303,0.04252577319587629
2026-04-10,2026-04-10,0.55,65,54,1.203704,8.461538,1,0.55,1.538462,1,1.538462,facebook,instream_video,,,,,,
2026-04-10,2026-04-10,5.22,499,361,1.382271,10.460922,4,1.305,0.801603,4,0.801603,facebook,marketplace,,,1.0,,,
2026-04-10,2026-04-10,3.37,1270,391,3.248082,2.653543,0,,0.0,0,,facebook,right_hand_column,,,,,,
2026-04-10,2026-04-10,9.99,985,923,1.067172,10.142132,9,1.11,0.913706,9,0.913706,facebook,search,,,,,,
2026-04-10,2026-04-10,321.93,10099,9410,1.07322,31.877414,124,2.59621,1.227844,118,1.168433,instagram,feed,11.0,616.34,16.0,1.914516,29.266363636363636,0.09322033898305085
2026-04-10,2026-04-10,0.02,2,2,1.0,10.0,0,,0.0,0,,instagram,instagram_explore,,,,,,
2026-04-10,2026-04-10,24.24,680,613,1.109299,35.647059,15,1.616,2.205882,17,2.5,instagram,instagram_reels,1.0,59.92,5.0,2.471947,24.24,0.058823529411764705
2026-04-10,2026-04-10,0.01,3,3,1.0,3.333333,0,,0.0,0,,instagram,instagram_search,,,,,,
2026-04-10,2026-04-10,19.75,482,415,1.161446,40.975104,7,2.821429,1.452282,7,1.452282,instagram,instagram_stories,,,4.0,,,
2026-04-10,2026-04-10,0.09,8,8,1.0,11.25,0,,0.0,0,,threads,threads_feed,,,,,,
2026-04-10,2026-04-10,0.02,3,3,1.0,6.666667,1,0.02,33.333333,0,,unknown,unknown,,,,,,
2026-04-11,2026-04-11,4.990021,311,78,3.987179,16.045085,57,0.087544,18.327974,62,19.935691,audience_network,an_classic,,,4.0,,,
2026-04-11,2026-04-11,2.140009,61,18,3.388889,35.082118,26,0.082308,42.622951,31,50.819672,audience_network,rewarded_video,1.0,35.94,1.0,16.79432,2.140009,0.03225806451612903
2026-04-11,2026-04-11,0.190001,5,4,1.25,38.000164,0,,0.0,0,,facebook,biz_disco_feed,,,,,,
2026-04-11,2026-04-11,1.720007,36,36,1.0,47.777983,1,1.720007,2.777778,1,2.777778,facebook,facebook_notification,,,,,,
2026-04-11,2026-04-11,1.220005,97,93,1.043011,12.577374,1,1.220005,1.030928,0,,facebook,facebook_profile_feed,,,,,,
2026-04-11,2026-04-11,71.390307,2646,2165,1.222171,26.980464,71,1.005497,2.683296,56,2.116402,facebook,facebook_reels,2.0,159.88,5.0,2.23952,35.6951535,0.03571428571428571
2026-04-11,2026-04-11,3.070013,1060,682,1.554252,2.896239,1,3.070013,0.09434,1,0.09434,facebook,facebook_reels_overlay,,,,,,
2026-04-11,2026-04-11,9.880043,204,194,1.051546,48.431581,8,1.235005,3.921569,9,4.411765,facebook,facebook_stories,,,1.0,,,
2026-04-11,2026-04-11,1881.108094,96213,82697,1.16344,19.551496,1361,1.382151,1.41457,962,0.999865,facebook,feed,33.0,1948.61,76.0,1.035884,57.00327557575758,0.034303534303534305
2026-04-11,2026-04-11,0.950004,77,58,1.327586,12.337715,1,0.950004,1.298701,1,1.298701,facebook,instream_video,,,,,,
2026-04-11,2026-04-11,7.08003,723,513,1.409357,9.792573,6,1.180005,0.829876,6,0.829876,facebook,marketplace,,,,,,
2026-04-11,2026-04-11,2.620011,970,314,3.089172,2.701043,0,,0.0,0,,facebook,right_hand_column,,,,,,
2026-04-11,2026-04-11,9.000039,965,896,1.077009,9.326465,14,0.64286,1.450777,16,1.658031,facebook,search,1.0,74.9,2.0,8.322186,9.000039,0.0625
2026-04-11,2026-04-11,263.651134,6514,6195,1.051493,40.474537,100,2.636511,1.535155,89,1.366288,instagram,feed,7.0,449.41,13.0,1.704563,37.664447714285714,0.07865168539325842
2026-04-11,2026-04-11,0.01,1,1,1.0,10.000043,0,,0.0,0,,instagram,instagram_explore,,,,,,
2026-04-11,2026-04-11,36.020155,988,931,1.061224,36.457647,29,1.242074,2.935223,26,2.631579,instagram,instagram_reels,3.0,239.81,4.0,6.657662,12.006718333333334,0.11538461538461539
2026-04-11,2026-04-11,0.09,7,7,1.0,12.857198,0,,0.0,0,,instagram,instagram_search,,,,,,
2026-04-11,2026-04-11,28.760124,658,585,1.124786,43.708395,17,1.691772,2.583587,16,2.431611,instagram,instagram_stories,,,1.0,,,
2026-04-11,2026-04-11,0.220001,8,7,1.142857,27.500118,0,,0.0,0,,threads,threads_feed,,,,,,
2026-04-11,2026-04-11,0.0,2,2,1.0,0.0,0,,0.0,0,,unknown,unknown,,,,,,
2026-04-12,2026-04-12,4.540101,286,60,4.766667,15.874478,63,0.072065,22.027972,67,23.426573,audience_network,an_classic,1.0,134.82,2.0,29.695377,4.540101,0.014925373134328358
2026-04-12,2026-04-12,1.560035,43,19,2.263158,36.279875,26,0.060001,60.465116,33,76.744186,audience_network,rewarded_video,,,1.0,,,
2026-04-12,2026-04-12,0.060001,2,2,1.0,30.000666,0,,0.0,0,,facebook,biz_disco_feed,,,,,,
2026-04-12,2026-04-12,0.930021,24,24,1.0,38.75086,1,0.930021,4.166667,1,4.166667,facebook,facebook_notification,,,,,,
2026-04-12,2026-04-12,1.550034,105,104,1.009615,14.762232,0,,0.0,0,,facebook,facebook_profile_feed,,,,,,
2026-04-12,2026-04-12,116.912593,3575,2825,1.265487,32.702823,78,1.498879,2.181818,75,2.097902,facebook,facebook_reels,2.0,108.43,7.0,0.927445,58.4562965,0.02666666666666667
2026-04-12,2026-04-12,3.290073,1107,783,1.413793,2.972062,4,0.822518,0.361337,4,0.361337,facebook,facebook_reels_overlay,,,,,,
2026-04-12,2026-04-12,15.040334,293,273,1.07326,51.332197,8,1.880042,2.730375,8,2.730375,facebook,facebook_stories,1.0,59.92,2.0,3.983954,15.040334,0.125
2026-04-12,2026-04-12,2208.628994,115400,93009,1.24074,19.138899,1637,1.349193,1.418544,1165,1.009532,facebook,feed,32.0,2033.86,81.0,0.92087,69.0196560625,0.027467811158798282
2026-04-12,2026-04-12,1.030023,84,60,1.4,12.262177,1,1.030023,1.190476,1,1.190476,facebook,instream_video,,,,,,
2026-04-12,2026-04-12,8.640192,749,526,1.423954,11.535636,5,1.728038,0.667557,5,0.667557,facebook,marketplace,,,4.0,,,
2026-04-12,2026-04-12,1.700038,816,262,3.114504,2.08338,0,,0.0,0,,facebook,right_hand_column,,,,,,
2026-04-12,2026-04-12,6.000133,782,743,1.05249,7.672804,6,1.000022,0.767263,7,0.895141,facebook,search,,,,,,
2026-04-12,2026-04-12,251.215573,6632,6271,1.057567,37.879308,128,1.962622,1.930036,127,1.914958,instagram,feed,3.0,164.83,9.0,0.65613,83.73852433333333,0.023622047244094488
2026-04-12,2026-04-12,39.700881,1238,1148,1.078397,32.068563,30,1.323363,2.423263,30,2.423263,instagram,instagram_reels,,,1.0,,,
2026-04-12,2026-04-12,0.01,4,4,1.0,2.500055,0,,0.0,0,,instagram,instagram_search,,,,,,
2026-04-12,2026-04-12,43.29096,1078,923,1.167931,40.15859,22,1.967771,2.040816,22,2.040816,instagram,instagram_stories,,,,,,
2026-04-12,2026-04-12,0.580013,10,9,1.111111,58.001287,0,,0.0,0,,threads,threads_feed,,,,,,
2026-04-12,2026-04-12,0.100002,7,7,1.0,14.286031,0,,0.0,0,,unknown,unknown,,,,,,
2026-04-13,2026-04-13,12.820515,539,94,5.734043,23.785743,99,0.1295,18.367347,111,20.593692,audience_network,an_classic,2.0,119.32,,9.306958,6.4102575,0.018018018018018018
2026-04-13,2026-04-13,4.510181,105,33,3.181818,42.954107,49,0.092045,46.666667,56,53.333333,audience_network,rewarded_video,,,,,,
2026-04-13,2026-04-13,0.100004,2,2,1.0,50.00201,0,,0.0,0,,facebook,biz_disco_feed,,,,,,
2026-04-13,2026-04-13,1.880076,53,52,1.019231,35.473124,2,0.940038,3.773585,2,3.773585,facebook,facebook_notification,,,,,,
2026-04-13,2026-04-13,1.700068,81,78,1.038462,20.988498,2,0.850034,2.469136,1,1.234568,facebook,facebook_profile_feed,,,,,,
2026-04-13,2026-04-13,83.173343,2514,1965,1.279389,33.084066,61,1.363497,2.426412,52,2.068417,facebook,facebook_reels,,,1.0,,,
2026-04-13,2026-04-13,4.340174,1236,814,1.518428,3.511468,6,0.723362,0.485437,6,0.485437,facebook,facebook_reels_overlay,,,,,,
2026-04-13,2026-04-13,10.900438,154,143,1.076923,70.782066,3,3.633479,1.948052,3,1.948052,facebook,facebook_stories,,,,,,
2026-04-13,2026-04-13,2061.032839,119399,103419,1.154517,17.261726,1536,1.341818,1.286443,1077,0.902018,facebook,feed,30.0,1802.42,87.0,0.874523,68.70109463333333,0.027855153203342618
2026-04-13,2026-04-13,1.380055,95,76,1.25,14.5269,0,,0.0,0,,facebook,instream_video,,,,,,
2026-04-13,2026-04-13,8.340335,595,429,1.386946,14.01737,3,2.780112,0.504202,3,0.504202,facebook,marketplace,,,,,,
2026-04-13,2026-04-13,2.940118,1240,411,3.017032,2.371063,1,2.940118,0.080645,1,0.080645,facebook,right_hand_column,,,,,,
2026-04-13,2026-04-13,22.060887,730,685,1.065693,30.220393,11,2.005535,1.506849,11,1.506849,facebook,search,1.0,59.92,2.0,2.716119,22.060887,0.09090909090909091
2026-04-13,2026-04-13,219.458821,6279,5882,1.067494,34.951238,91,2.411635,1.449275,95,1.51298,instagram,feed,3.0,219.71,8.0,1.001145,73.15294033333333,0.031578947368421054
2026-04-13,2026-04-13,27.581109,878,811,1.082614,31.413563,22,1.253687,2.505695,23,2.61959,instagram,instagram_reels,1.0,48.29,2.0,1.750836,27.581109,0.043478260869565216
2026-04-13,2026-04-13,0.0,1,1,1.0,0.0,0,,0.0,0,,instagram,instagram_search,,,,,,
2026-04-13,2026-04-13,25.241015,680,600,1.133333,37.119139,11,2.294638,1.617647,10,1.470588,instagram,instagram_stories,,,,,,
2026-04-13,2026-04-13,0.550022,6,6,1.0,91.670351,0,,0.0,0,,threads,threads_feed,,,,,,
2026-04-13,2026-04-13,0.0,1,1,1.0,0.0,0,,0.0,0,,unknown,unknown,,,,,,
2026-04-14,2026-04-14,9.31,596,95,6.273684,15.620805,72,0.129306,12.080537,78,13.087248,audience_network,an_classic,1.0,24.97,1.0,2.682062,9.31,0.01282051282051282
2026-04-14,2026-04-14,4.74,110,35,3.142857,43.090909,59,0.080339,53.636364,74,67.272727,audience_network,rewarded_video,,,,,,
2026-04-14,2026-04-14,0.36,3,3,1.0,120.0,0,,0.0,0,,facebook,biz_disco_feed,,,,,,
2026-04-14,2026-04-14,4.05,114,114,1.0,35.526316,7,0.578571,6.140351,7,6.140351,facebook,facebook_notification,,,,,,
2026-04-14,2026-04-14,2.39,161,152,1.059211,14.844721,1,2.39,0.621118,1,0.621118,facebook,facebook_profile_feed,,,,,,
2026-04-14,2026-04-14,101.65,3156,2489,1.267979,32.208492,78,1.303205,2.471483,67,2.12294,facebook,facebook_reels,3.0,245.12,6.0,2.411412,33.88333333333333,0.04477611940298507
2026-04-14,2026-04-14,15.63,4069,3287,1.237907,3.841239,8,1.95375,0.196609,8,0.196609,facebook,facebook_reels_overlay,5.0,466.24,9.0,29.829814,3.1260000000000003,0.625
2026-04-14,2026-04-14,14.26,204,190,1.073684,69.901961,18,0.792222,8.823529,18,8.823529,facebook,facebook_stories,,,,,,
2026-04-14,2026-04-14,1927.05,104483,84206,1.240802,18.44367,1440,1.338229,1.378215,1030,0.985806,facebook,feed,33.0,2288.14,67.0,1.18738,58.39545454545454,0.03203883495145631
2026-04-14,2026-04-14,2.1,181,140,1.292857,11.60221,2,1.05,1.104972,2,1.104972,facebook,instream_video,,,,,,
2026-04-14,2026-04-14,8.54,865,645,1.341085,9.872832,3,2.846667,0.346821,3,0.346821,facebook,marketplace,,,,,,
2026-04-14,2026-04-14,11.56,3962,1335,2.96779,2.917718,0,,0.0,0,,facebook,right_hand_column,,,2.0,,,
2026-04-14,2026-04-14,11.1,1002,947,1.058078,11.077844,15,0.74,1.497006,15,1.497006,facebook,search,,,1.0,,,
2026-04-14,2026-04-14,304.59,8526,8029,1.061901,35.724842,90,3.384333,1.055595,81,0.950035,instagram,feed,2.0,146.59,4.0,0.48127,152.295,0.024691358024691357
2026-04-14,2026-04-14,0.0,1,1,1.0,0.0,0,,0.0,0,,instagram,instagram_explore_grid_home,,,,,,
2026-04-14,2026-04-14,33.89,871,806,1.080645,38.9093,22,1.540455,2.525832,19,2.181401,instagram,instagram_reels,,,,,,
2026-04-14,2026-04-14,0.02,2,2,1.0,10.0,0,,0.0,0,,instagram,instagram_search,,,,,,
2026-04-14,2026-04-14,26.08,709,650,1.090769,36.784203,9,2.897778,1.269394,9,1.269394,instagram,instagram_stories,1.0,39.95,2.0,1.531825,26.08,0.1111111111111111
2026-04-14,2026-04-14,0.69,22,21,1.047619,31.363636,0,,0.0,0,,threads,threads_feed,,,,,,
2026-04-14,2026-04-14,0.01,1,1,1.0,10.0,0,,0.0,0,,unknown,unknown,,,,,,
2026-04-15,2026-04-15,20.849727,1149,162,7.092593,18.145977,182,0.114559,15.839861,199,17.319408,audience_network,an_classic,,,,,,
2026-04-15,2026-04-15,10.979856,124,50,2.48,88.547228,57,0.192629,45.967742,70,56.451613,audience_network,rewarded_video,,,1.0,,,
2026-04-15,2026-04-15,0.479994,7,7,1.0,68.570531,0,,0.0,0,,facebook,biz_disco_feed,,,,,,
2026-04-15,2026-04-15,3.83995,79,79,1.0,48.606958,1,3.83995,1.265823,1,1.265823,facebook,facebook_notification,,,,,,
2026-04-15,2026-04-15,3.459955,170,164,1.036585,20.352675,5,0.691991,2.941176,3,1.764706,facebook,facebook_profile_feed,,,,,,
2026-04-15,2026-04-15,176.257692,5447,4411,1.234867,32.358673,169,1.042945,3.102625,138,2.533505,facebook,facebook_reels,2.0,79.9,3.0,0.453314,88.128846,0.014492753623188406
2026-04-15,2026-04-15,7.6199,1874,1330,1.409023,4.066115,5,1.52398,0.266809,5,0.266809,facebook,facebook_reels_overlay,,,2.0,,,
2026-04-15,2026-04-15,23.749689,343,314,1.092357,69.241076,17,1.397041,4.956268,17,4.956268,facebook,facebook_stories,,,,,,
2026-04-15,2026-04-15,2403.578528,130423,114318,1.140879,18.4291,1957,1.228195,1.500502,1473,1.129402,facebook,feed,37.0,1987.5,99.0,0.826892,64.96158183783784,0.025118805159538356
2026-04-15,2026-04-15,1.479981,111,87,1.275862,13.333159,2,0.73999,1.801802,1,0.900901,facebook,instream_video,,,,,,
2026-04-15,2026-04-15,10.619861,885,632,1.400316,11.999843,8,1.327483,0.903955,7,0.79096,facebook,marketplace,,,,,,
2026-04-15,2026-04-15,6.199919,2376,720,3.3,2.609393,2,3.099959,0.084175,2,0.084175,facebook,right_hand_column,,,,,,
2026-04-15,2026-04-15,18.289761,1155,1068,1.081461,15.83529,21,0.870941,1.818182,21,1.818182,facebook,search,1.0,59.92,1.0,3.27615,18.289761,0.047619047619047616
2026-04-15,2026-04-15,286.706246,7115,6516,1.091928,40.296029,87,3.295474,1.222769,89,1.250878,instagram,feed,2.0,84.88,7.0,0.296052,143.353123,0.02247191011235955
2026-04-15,2026-04-15,0.02,3,3,1.0,6.666579,0,,0.0,0,,instagram,instagram_explore,,,,,,
2026-04-15,2026-04-15,0.0,1,1,1.0,0.0,0,,0.0,0,,instagram,instagram_explore_grid_home,,,,,,
2026-04-15,2026-04-15,40.269473,1258,1114,1.129264,32.01071,31,1.299015,2.464229,28,2.225755,instagram,instagram_reels,1.0,89.88,4.0,2.231964,40.269473,0.03571428571428571
2026-04-15,2026-04-15,0.059999,10,10,1.0,5.999921,0,,0.0,0,,instagram,instagram_search,,,,,,
2026-04-15,2026-04-15,38.239499,878,788,1.114213,43.55296,20,1.911975,2.277904,21,2.3918,instagram,instagram_stories,1.0,74.9,2.0,1.958708,38.239499,0.047619047619047616
2026-04-15,2026-04-15,1.259984,54,51,1.058824,23.333028,1,1.259984,1.851852,2,3.703704,threads,threads_feed,,,,,,
2026-04-15,2026-04-15,0.899988,104,100,1.04,8.653733,2,0.449994,1.923077,0,,unknown,unknown,,,,,,
2026-04-16,2026-04-16,26.593373,1096,253,4.332016,24.264026,229,0.116128,20.894161,258,23.540146,audience_network,an_classic,,,,,,
2026-04-16,2026-04-16,14.221804,324,101,3.207921,43.894456,136,0.104572,41.975309,159,49.074074,audience_network,rewarded_video,2.0,209.72,3.0,14.746371,7.110902,0.012578616352201259
2026-04-16,2026-04-16,0.260033,7,7,1.0,37.147569,0,,0.0,0,,facebook,biz_disco_feed,,,,,,
2026-04-16,2026-04-16,3.260414,55,54,1.018519,59.280246,6,0.543402,10.909091,6,10.909091,facebook,facebook_notification,,,,,,
2026-04-16,2026-04-16,2.020256,145,143,1.013986,13.932802,2,1.010128,1.37931,1,0.689655,facebook,facebook_profile_feed,,,,,,
2026-04-16,2026-04-16,182.033087,5731,4634,1.236729,31.762884,134,1.358456,2.338161,115,2.006631,facebook,facebook_reels,3.0,343.83,5.0,1.888832,60.677695666666665,0.02608695652173913
2026-04-16,2026-04-16,7.400939,1981,1305,1.518008,3.735961,7,1.057277,0.353357,7,0.353357,facebook,facebook_reels_overlay,,,1.0,,,
2026-04-16,2026-04-16,26.613375,318,299,1.063545,83.68986,19,1.400704,5.974843,20,6.289308,facebook,facebook_stories,2.0,49.94,1.0,1.8765,13.3066875,0.1
2026-04-16,2026-04-16,2408.315442,140811,119422,1.179104,17.103177,2168,1.110847,1.539652,1612,1.144797,facebook,feed,61.0,4774.06,86.0,1.982323,39.480581016393444,0.03784119106699752
2026-04-16,2026-04-16,1.450184,103,88,1.170455,14.079456,1,1.450184,0.970874,1,0.970874,facebook,instream_video,,,,,,
2026-04-16,2026-04-16,9.93126,827,587,1.408859,12.008778,4,2.482815,0.483676,4,0.483676,facebook,marketplace,4.0,73.9,4.0,7.441151,2.482815,1.0
2026-04-16,2026-04-16,5.070643,2349,706,3.327195,2.158639,1,5.070643,0.042571,1,0.042571,facebook,right_hand_column,,,,,,
2026-04-16,2026-04-16,13.551719,1282,1194,1.073702,10.570763,13,1.04244,1.014041,12,0.936037,facebook,search,2.0,160.5,2.0,11.843516,6.7758595,0.16666666666666666
2026-04-16,2026-04-16,276.345048,7106,6375,1.114667,38.888974,90,3.070501,1.266535,88,1.23839,instagram,feed,9.0,469.51,8.0,1.698999,30.705005333333336,0.10227272727272728
2026-04-16,2026-04-16,0.010001,2,2,1.0,5.000634,0,,0.0,0,,instagram,instagram_explore,,,,,,
2026-04-16,2026-04-16,61.147755,1603,1446,1.108575,38.145824,30,2.038259,1.871491,28,1.746725,instagram,instagram_reels,,,5.0,,,
2026-04-16,2026-04-16,0.090011,7,7,1.0,12.858774,0,,0.0,0,,instagram,instagram_search,,,,,,
2026-04-16,2026-04-16,35.474499,793,699,1.134478,44.734551,17,2.086735,2.143758,16,2.017654,instagram,instagram_stories,,,1.0,,,
2026-04-16,2026-04-16,0.940119,59,57,1.035088,15.934224,2,0.47006,3.389831,3,5.084746,threads,threads_feed,,,,,,
2026-04-16,2026-04-16,0.300038,42,42,1.0,7.143763,3,0.100013,7.142857,1,2.380952,unknown,unknown,,,,,,
2026-04-17,2026-04-17,23.649847,800,201,3.9801,29.562309,185,0.127837,23.125,217,27.125,audience_network,an_classic,2.0,179.76,3.0,7.600895,11.8249235,0.009216589861751152
2026-04-17,2026-04-17,10.81993,273,98,2.785714,39.633443,107,0.101121,39.194139,146,53.479853,audience_network,rewarded_video,,,,,,
2026-04-17,2026-04-17,0.089999,2,2,1.0,44.999709,0,,0.0,0,,facebook,biz_disco_feed,,,,,,
2026-04-17,2026-04-17,3.07998,72,72,1.0,42.777501,5,0.615996,6.944444,5,6.944444,facebook,facebook_notification,2.0,49.94,1.0,16.214391,1.53999,0.4
2026-04-17,2026-04-17,4.289972,151,146,1.034247,28.410412,1,4.289972,0.662252,0,,facebook,facebook_profile_feed,,,,,,
2026-04-17,2026-04-17,145.25906,4734,3803,1.244807,30.684212,113,1.285478,2.386988,92,1.943388,facebook,facebook_reels,,,3.0,,,
2026-04-17,2026-04-17,5.849962,1505,1003,1.500499,3.887018,3,1.949987,0.199336,3,0.199336,facebook,facebook_reels_overlay,,,,,,
2026-04-17,2026-04-17,15.619899,285,255,1.117647,54.806663,7,2.231414,2.45614,7,2.45614,facebook,facebook_stories,,,,,,
2026-04-17,2026-04-17,2447.084166,137133,119226,1.150194,17.844605,1942,1.260085,1.416143,1476,1.076327,facebook,feed,36.0,2509.18,63.0,1.025375,67.97456016666666,0.024390243902439025
2026-04-17,2026-04-17,1.259992,69,56,1.232143,18.260751,2,0.629996,2.898551,0,,facebook,instream_video,,,,,,
2026-04-17,2026-04-17,9.059941,803,575,1.396522,11.282617,5,1.811988,0.622665,5,0.622665,facebook,marketplace,,,,,,
2026-04-17,2026-04-17,3.749976,2066,625,3.3056,1.81509,1,3.749976,0.048403,1,0.048403,facebook,right_hand_column,,,,,,
2026-04-17,2026-04-17,6.939955,1219,1100,1.108182,5.693154,13,0.533843,1.066448,14,1.148482,facebook,search,,,,,,
2026-04-17,2026-04-17,305.798021,8346,8120,1.027833,36.64007,101,3.027703,1.210161,99,1.186197,instagram,feed,12.0,649.12,7.0,2.122708,25.48316841666667,0.12121212121212122
2026-04-17,2026-04-17,0.02,2,2,1.0,9.999935,0,,0.0,0,,instagram,instagram_explore,,,,,,
2026-04-17,2026-04-17,61.499602,1670,1503,1.111111,36.826109,46,1.336948,2.754491,45,2.694611,instagram,instagram_reels,4.0,239.68,3.0,3.897261,15.3749005,0.08888888888888889
2026-04-17,2026-04-17,0.06,4,4,1.0,14.999903,0,,0.0,0,,instagram,instagram_search,,,,,,
2026-04-17,2026-04-17,44.489712,1151,1014,1.135108,38.653095,25,1.779588,2.172024,25,2.172024,instagram,instagram_stories,,,2.0,,,
2026-04-17,2026-04-17,2.189986,118,114,1.035088,18.559202,6,0.364998,5.084746,6,5.084746,threads,threads_feed,,,,,,
2026-04-17,2026-04-17,0.199999,12,11,1.090909,16.666559,2,0.099999,16.666667,0,,unknown,unknown,,,,,,
2026-04-18,2026-04-18,16.400499,467,111,4.207207,35.118841,112,0.146433,23.982869,131,28.051392,audience_network,an_classic,,,,,,
2026-04-18,2026-04-18,3.500106,104,36,2.888889,33.65487,58,0.060347,55.769231,67,64.423077,audience_network,rewarded_video,,,,,,
2026-04-18,2026-04-18,0.230007,4,4,1.0,57.501749,0,,0.0,0,,facebook,biz_disco_feed,,,,,,
2026-04-18,2026-04-18,2.240068,64,64,1.0,35.001065,2,1.120034,3.125,2,3.125,facebook,facebook_notification,,,,,,
2026-04-18,2026-04-18,3.390103,173,171,1.011696,19.595972,2,1.695052,1.156069,2,1.156069,facebook,facebook_profile_feed,,,,,,
2026-04-18,2026-04-18,114.633487,4115,3344,1.230562,27.857469,126,0.90979,3.061968,102,2.478736,facebook,facebook_reels,5.0,247.66,9.0,2.160451,22.926697400000002,0.049019607843137254
2026-04-18,2026-04-18,3.540108,1030,657,1.567732,3.436998,2,1.770054,0.194175,2,0.194175,facebook,facebook_reels_overlay,,,2.0,,,
2026-04-18,2026-04-18,17.530533,291,278,1.046763,60.242382,13,1.348503,4.467354,14,4.810997,facebook,facebook_stories,4.0,279.72,3.0,15.95616,4.38263325,0.2857142857142857
2026-04-18,2026-04-18,2213.577326,106527,88356,1.205657,20.779496,1792,1.235255,1.682203,1374,1.289814,facebook,feed,73.0,4792.53,74.0,2.165061,30.322977068493152,0.05312954876273653
2026-04-18,2026-04-18,3.93012,207,153,1.352941,18.986085,3,1.31004,1.449275,3,1.449275,facebook,instream_video,,,,,,
2026-04-18,2026-04-18,8.190249,824,577,1.428076,9.939623,10,0.819025,1.213592,10,1.213592,facebook,marketplace,,,,,,
2026-04-18,2026-04-18,2.370072,1111,328,3.387195,2.133278,2,1.185036,0.180018,2,0.180018,facebook,right_hand_column,,,,,,
2026-04-18,2026-04-18,7.100216,1131,1066,1.060976,6.277821,14,0.507158,1.237843,14,1.237843,facebook,search,,,,,,
2026-04-18,2026-04-18,159.214843,3899,3705,1.052362,40.834789,66,2.412346,1.692742,62,1.590151,instagram,feed,2.0,119.84,2.0,0.752694,79.6074215,0.03225806451612903
2026-04-18,2026-04-18,0.020001,2,2,1.0,10.000304,0,,0.0,0,,instagram,instagram_explore,,,,,,
2026-04-18,2026-04-18,0.0,2,2,1.0,0.0,0,,0.0,0,,instagram,instagram_explore_grid_home,,,,,,
2026-04-18,2026-04-18,37.931154,962,860,1.118605,39.429474,25,1.517246,2.598753,22,2.286902,instagram,instagram_reels,2.0,119.84,4.0,3.159408,18.965577,0.09090909090909091
2026-04-18,2026-04-18,0.020001,4,4,1.0,5.000152,0,,0.0,0,,instagram,instagram_search,,,,,,
2026-04-18,2026-04-18,34.151039,844,717,1.177127,40.463316,22,1.55232,2.606635,22,2.606635,instagram,instagram_stories,,,,,,
2026-04-18,2026-04-18,1.830056,125,122,1.02459,14.640445,6,0.305009,4.8,7,5.6,threads,threads_feed,,,,,,
2026-04-18,2026-04-18,0.480015,58,56,1.035714,8.276114,1,0.480015,1.724138,1,1.724138,unknown,unknown,,,,,,
2026-04-19,2026-04-19,10.120245,493,107,4.607477,20.52788,107,0.094582,21.703854,122,24.74645,audience_network,an_classic,,,,,,
2026-04-19,2026-04-19,6.940168,185,50,3.7,37.514422,99,0.070103,53.513514,134,72.432432,audience_network,rewarded_video,,,,,,
2026-04-19,2026-04-19,0.0,2,2,1.0,0.0,0,,0.0,0,,facebook,biz_disco_feed,,,,,,
2026-04-19,2026-04-19,1.910046,35,35,1.0,54.57275,0,,0.0,0,,facebook,facebook_notification,,,,,,
2026-04-19,2026-04-19,3.040074,172,170,1.011765,17.674846,2,1.520037,1.162791,2,1.162791,facebook,facebook_profile_feed,,,,,,
2026-04-19,2026-04-19,146.483546,5174,4251,1.217125,28.31147,140,1.046311,2.705837,120,2.319289,facebook,facebook_reels,3.0,279.8,8.0,1.910112,48.82784866666666,0.025
2026-04-19,2026-04-19,3.440083,931,600,1.551667,3.695041,3,1.146694,0.322234,3,0.322234,facebook,facebook_reels_overlay,,,,,,
2026-04-19,2026-04-19,28.180682,533,507,1.051282,52.871824,18,1.565593,3.377111,18,3.377111,facebook,facebook_stories,,,,,,
2026-04-19,2026-04-19,2752.556632,142040,115687,1.227796,19.378743,2280,1.207262,1.605182,1697,1.194734,facebook,feed,61.0,3682.4,105.0,1.337811,45.12387921311475,0.03594578668238067
2026-04-19,2026-04-19,5.620136,367,279,1.315412,15.313722,6,0.936689,1.634877,6,1.634877,facebook,instream_video,,,,,,
2026-04-19,2026-04-19,12.030291,930,724,1.28453,12.935797,9,1.336699,0.967742,8,0.860215,facebook,marketplace,,,,,,
2026-04-19,2026-04-19,2.250054,1120,346,3.236994,2.008977,0,,0.0,0,,facebook,right_hand_column,,,,,,
2026-04-19,2026-04-19,8.850214,1361,1245,1.093173,6.502729,12,0.737518,0.881705,12,0.881705,facebook,search,,,1.0,,,
2026-04-19,2026-04-19,216.265235,5079,4515,1.124917,42.580279,86,2.514712,1.693247,89,1.752313,instagram,feed,1.0,39.95,4.0,0.184727,216.265235,0.011235955056179775
2026-04-19,2026-04-19,0.02,3,3,1.0,6.666828,0,,0.0,0,,instagram,instagram_explore,,,,,,
2026-04-19,2026-04-19,53.831303,1458,1320,1.104545,36.921333,34,1.583274,2.331962,39,2.674897,instagram,instagram_reels,,,2.0,,,
2026-04-19,2026-04-19,0.040001,2,2,1.0,20.000484,0,,0.0,0,,instagram,instagram_search,,,,,,
2026-04-19,2026-04-19,51.201239,1164,1028,1.132296,43.987319,28,1.828616,2.405498,29,2.491409,instagram,instagram_stories,1.0,99.96,3.0,1.952296,51.201239,0.034482758620689655
2026-04-19,2026-04-19,1.980048,134,132,1.015152,14.776477,3,0.660016,2.238806,3,2.238806,threads,threads_feed,,,,,,
2026-04-19,2026-04-19,0.02,8,8,1.0,2.500061,0,,0.0,0,,unknown,unknown,,,,,,
2026-04-20,2026-04-20,11.089843,646,118,5.474576,17.166939,112,0.099016,17.337461,148,22.910217,audience_network,an_classic,,,,,,
2026-04-20,2026-04-20,9.329868,257,73,3.520548,36.302987,112,0.083302,43.579767,150,58.365759,audience_network,rewarded_video,,,,,,
2026-04-20,2026-04-20,0.0,1,1,1.0,0.0,0,,0.0,0,,facebook,biz_disco_feed,,,,,,
2026-04-20,2026-04-20,3.52995,67,67,1.0,52.685819,3,1.17665,4.477612,3,4.477612,facebook,facebook_notification,,,,,,
2026-04-20,2026-04-20,1.899973,104,100,1.04,18.268972,2,0.949987,1.923077,2,1.923077,facebook,facebook_profile_feed,,,,,,
2026-04-20,2026-04-20,139.388022,4122,3426,1.203152,33.815629,91,1.531737,2.207666,68,1.649685,facebook,facebook_reels,2.0,164.78,7.0,1.182168,69.694011,0.029411764705882353
2026-04-20,2026-04-20,3.669948,920,608,1.513158,3.989074,5,0.73399,0.543478,5,0.543478,facebook,facebook_reels_overlay,1.0,119.84,1.0,32.654414,3.669948,0.2
2026-04-20,2026-04-20,28.389597,397,368,1.078804,71.51032,10,2.83896,2.518892,10,2.518892,facebook,facebook_stories,5.0,298.71,4.0,10.521812,5.6779193999999995,0.5
2026-04-20,2026-04-20,2202.708741,120013,97037,1.236776,18.353918,1343,1.640141,1.119045,918,0.764917,facebook,feed,17.0,856.88,52.0,0.389012,129.5711024117647,0.018518518518518517
2026-04-20,2026-04-20,16.149771,619,436,1.419725,26.090098,7,2.30711,1.130856,6,0.969305,facebook,instream_video,,,,,,
2026-04-20,2026-04-20,8.819875,843,569,1.481547,10.462485,1,8.819875,0.118624,1,0.118624,facebook,marketplace,,,,,,
2026-04-20,2026-04-20,1.939972,904,283,3.194346,2.145987,1,1.939972,0.110619,1,0.110619,facebook,right_hand_column,,,,,,
2026-04-20,2026-04-20,6.469908,1018,917,1.110142,6.355509,6,1.078318,0.589391,6,0.589391,facebook,search,,,1.0,,,
2026-04-20,2026-04-20,271.31615,6060,5497,1.10242,44.771642,78,3.478412,1.287129,73,1.20462,instagram,feed,1.0,104.86,2.0,0.386486,271.31615,0.0136986301369863
2026-04-20,2026-04-20,0.01,3,3,1.0,3.333286,0,,0.0,0,,instagram,instagram_explore_grid_home,,,,,,
2026-04-20,2026-04-20,52.599254,1354,1279,1.05864,38.847307,38,1.384191,2.806499,33,2.437223,instagram,instagram_reels,,,,,,
2026-04-20,2026-04-20,0.0,6,6,1.0,0.0,0,,0.0,0,,instagram,instagram_search,,,,,,
2026-04-20,2026-04-20,60.479142,1325,1178,1.124788,45.644635,18,3.359952,1.358491,17,1.283019,instagram,instagram_stories,1.0,59.92,4.0,0.990755,60.479142,0.058823529411764705
2026-04-20,2026-04-20,0.839988,21,21,1.0,39.999432,0,,0.0,0,,threads,threads_feed,,,,,,
2026-04-20,2026-04-20,0.02,1,1,1.0,19.999716,0,,0.0,0,,unknown,unknown,,,,,,
2026-04-21,2026-04-21,13.419085,622,120,5.183333,21.574092,144,0.093188,23.151125,179,28.778135,audience_network,an_classic,,,,,,
2026-04-21,2026-04-21,12.019181,304,79,3.848101,39.536779,132,0.091054,43.421053,176,57.894737,audience_network,rewarded_video,,,1.0,,,
2026-04-21,2026-04-21,2.389837,52,51,1.019608,45.958406,1,2.389837,1.923077,1,1.923077,facebook,facebook_notification,,,,,,
2026-04-21,2026-04-21,2.48983,100,96,1.041667,24.898303,1,2.48983,1.0,1,1.0,facebook,facebook_profile_feed,,,,,,
2026-04-21,2026-04-21,143.720204,4006,3109,1.288517,35.876237,79,1.819243,1.972042,59,1.472791,facebook,facebook_reels,2.0,85.86,7.0,0.597411,71.860102,0.03389830508474576
2026-04-21,2026-04-21,3.769743,930,601,1.547421,4.053487,6,0.628291,0.645161,6,0.645161,facebook,facebook_reels_overlay,3.0,167.86,3.0,44.528234,1.256581,0.5
2026-04-21,2026-04-21,14.978979,249,228,1.092105,60.156542,11,1.361725,4.417671,11,4.417671,facebook,facebook_stories,2.0,139.88,2.0,9.33842,7.4894895,0.18181818181818182
2026-04-21,2026-04-21,2236.287568,119612,103186,1.159188,18.696181,1516,1.475124,1.267431,1072,0.896231,facebook,feed,34.0,2427.07,77.0,1.085312,65.77316376470588,0.03171641791044776
2026-04-21,2026-04-21,13.609072,638,441,1.446712,21.330834,5,2.721814,0.783699,5,0.783699,facebook,instream_video,,,,,,
2026-04-21,2026-04-21,9.329364,748,475,1.574737,12.472412,7,1.332766,0.935829,7,0.935829,facebook,marketplace,1.0,59.92,1.0,6.422731,9.329364,0.14285714285714285
2026-04-21,2026-04-21,2.659819,1182,331,3.570997,2.25027,1,2.659819,0.084602,1,0.084602,facebook,right_hand_column,,,1.0,,,
2026-04-21,2026-04-21,6.439561,729,687,1.061135,8.833417,11,0.585415,1.508916,11,1.508916,facebook,search,,,,,,
2026-04-21,2026-04-21,224.944667,4540,4162,1.090822,49.547283,65,3.460687,1.431718,59,1.299559,instagram,feed,1.0,119.84,3.0,0.532753,224.944667,0.01694915254237288
2026-04-21,2026-04-21,0.019999,1,1,1.0,19.998637,0,,0.0,0,,instagram,instagram_explore_grid_home,,,,,,
2026-04-21,2026-04-21,49.836603,1126,1006,1.119284,44.259861,24,2.076525,2.131439,22,1.953819,instagram,instagram_reels,3.0,154.11,7.0,3.092305,16.612201,0.13636363636363635
2026-04-21,2026-04-21,0.009999,1,1,1.0,9.999318,0,,0.0,0,,instagram,instagram_search,,,,,,
2026-04-21,2026-04-21,50.996524,1060,931,1.138561,48.109928,23,2.21724,2.169811,20,1.886792,instagram,instagram_stories,,,,,,
2026-04-21,2026-04-21,0.469968,27,25,1.08,17.406221,0,,0.0,0,,threads,threads_feed,,,,,,
2026-04-21,2026-04-21,0.039997,9,9,1.0,4.444142,0,,0.0,0,,unknown,unknown,,,,,,
2026-04-22,2026-04-22,16.665024,779,116,6.715517,21.392842,163,0.102239,20.924262,198,25.417202,audience_network,an_classic,,,,,,
2026-04-22,2026-04-22,13.874183,393,90,4.366667,35.303264,180,0.077079,45.801527,244,62.086514,audience_network,rewarded_video,,,,,,
2026-04-22,2026-04-22,0.020006,1,1,1.0,20.006031,0,,0.0,0,,facebook,biz_disco_feed,,,,,,
2026-04-22,2026-04-22,1.550467,59,57,1.035088,26.279109,1,1.550467,1.694915,1,1.694915,facebook,facebook_notification,,,,,,
2026-04-22,2026-04-22,1.390419,72,68,1.058824,19.311377,0,,0.0,0,,facebook,facebook_profile_feed,,,,,,
2026-04-22,2026-04-22,134.810641,4323,3453,1.251955,31.184511,80,1.685133,1.850567,67,1.54985,facebook,facebook_reels,3.0,145.8,4.0,1.081517,44.936880333333335,0.04477611940298507
2026-04-22,2026-04-22,3.411028,882,573,1.539267,3.867379,0,,0.0,0,,facebook,facebook_reels_overlay,,,,,,
2026-04-22,2026-04-22,25.117572,432,393,1.099237,58.142528,11,2.283416,2.546296,11,2.546296,facebook,facebook_stories,,,,,,
2026-04-22,2026-04-22,2075.785786,115824,98736,1.173068,17.921897,1329,1.561916,1.147431,906,0.782221,facebook,feed,23.0,1525.73,51.0,0.735013,90.25155591304348,0.025386313465783666
2026-04-22,2026-04-22,16.695033,738,498,1.481928,22.621996,12,1.391253,1.626016,10,1.355014,facebook,instream_video,,,,,,
2026-04-22,2026-04-22,7.692319,748,507,1.475345,10.283849,3,2.564106,0.40107,3,0.40107,facebook,marketplace,,,,,,
2026-04-22,2026-04-22,1.610486,842,234,3.598291,1.912691,0,,0.0,0,,facebook,right_hand_column,,,,,,
2026-04-22,2026-04-22,9.922991,855,782,1.09335,11.605838,7,1.41757,0.818713,7,0.818713,facebook,search,,,,,,
2026-04-22,2026-04-22,229.929317,5147,4750,1.083579,44.672492,63,3.649672,1.224014,63,1.224014,instagram,feed,1.0,55.64,4.0,0.241987,229.929317,0.015873015873015872
2026-04-22,2026-04-22,0.020006,1,1,1.0,20.006031,0,,0.0,0,,instagram,instagram_explore_grid_home,,,,,,
2026-04-22,2026-04-22,56.276966,1387,1243,1.115849,40.574597,24,2.344874,1.730353,21,1.514059,instagram,instagram_reels,,,1.0,,,
2026-04-22,2026-04-22,0.10003,4,4,1.0,25.007539,0,,0.0,0,,instagram,instagram_search,,,,,,
2026-04-22,2026-04-22,57.707397,1306,1184,1.103041,44.186368,24,2.404475,1.837672,24,1.837672,instagram,instagram_stories,1.0,119.94,3.0,2.078416,57.707397,0.041666666666666664
2026-04-22,2026-04-22,1.010305,12,12,1.0,84.192048,0,,0.0,0,,threads,threads_feed,,,,,,
2026-04-22,2026-04-22,0.080024,8,8,1.0,10.003016,1,0.080024,12.5,0,,unknown,unknown,,,,,,
2026-04-23,2026-04-23,14.710749,646,113,5.716814,22.772057,128,0.114928,19.814241,156,24.148607,audience_network,an_classic,2.0,121.89,2.0,8.285778,7.3553745,0.01282051282051282
2026-04-23,2026-04-23,12.77065,295,71,4.15493,43.290339,112,0.114024,37.966102,175,59.322034,audience_network,rewarded_video,,,,,,
2026-04-23,2026-04-23,0.120006,4,4,1.0,30.001527,0,,0.0,0,,facebook,biz_disco_feed,,,,,,
2026-04-23,2026-04-23,2.890147,59,59,1.0,48.985544,2,1.445074,3.389831,2,3.389831,facebook,facebook_notification,,,,,,
2026-04-23,2026-04-23,1.750089,90,87,1.034483,19.445434,0,,0.0,0,,facebook,facebook_profile_feed,,,,,,
2026-04-23,2026-04-23,146.73747,4740,3765,1.258964,30.957272,83,1.767921,1.751055,64,1.350211,facebook,facebook_reels,2.0,129.47,4.0,0.882324,73.368735,0.03125
2026-04-23,2026-04-23,3.830195,934,609,1.533662,4.100851,2,1.915097,0.214133,2,0.214133,facebook,facebook_reels_overlay,,,1.0,,,
2026-04-23,2026-04-23,39.011986,640,592,1.081081,60.956228,19,2.053262,2.96875,19,2.96875,facebook,facebook_stories,,,,,,
2026-04-23,2026-04-23,2104.117109,112448,95471,1.177824,18.711912,1307,1.609883,1.162315,918,0.816377,facebook,feed,26.0,1821.13,68.0,0.865508,80.92758111538461,0.02832244008714597
2026-04-23,2026-04-23,14.940761,702,441,1.591837,21.283135,9,1.660085,1.282051,8,1.139601,facebook,instream_video,,,,,,
2026-04-23,2026-04-23,10.490534,802,600,1.336667,13.080466,3,3.496845,0.374065,3,0.374065,facebook,marketplace,1.0,59.92,2.0,5.711816,10.490534,0.3333333333333333
2026-04-23,2026-04-23,1.270065,583,188,3.101064,2.178499,0,,0.0,0,,facebook,right_hand_column,1.0,59.92,2.0,47.178701,1.270065,
2026-04-23,2026-04-23,12.690646,772,740,1.043243,16.438661,8,1.586331,1.036269,8,1.036269,facebook,search,,,,,,
2026-04-23,2026-04-23,265.293505,5326,4928,1.080763,49.811022,81,3.275228,1.520841,76,1.426962,instagram,feed,3.0,166.57,4.0,0.627871,88.43116833333333,0.039473684210526314
2026-04-23,2026-04-23,0.100005,2,2,1.0,50.002545,0,,0.0,0,,instagram,instagram_explore,,,,,,
2026-04-23,2026-04-23,0.0,1,1,1.0,0.0,0,,0.0,0,,instagram,instagram_explore_grid_home,,,,,,
2026-04-23,2026-04-23,58.522979,1416,1271,1.114083,41.329787,42,1.393404,2.966102,36,2.542373,instagram,instagram_reels,,,,,,
2026-04-23,2026-04-23,0.010001,1,1,1.0,10.000509,0,,0.0,0,,instagram,instagram_search,,,,,,
2026-04-23,2026-04-23,60.153062,1384,1242,1.114332,43.463195,24,2.506378,1.734104,24,1.734104,instagram,instagram_stories,1.0,39.95,,0.664139,60.153062,0.041666666666666664
2026-04-23,2026-04-23,0.660034,25,24,1.041667,26.401344,0,,0.0,0,,threads,threads_feed,,,,,,
2026-04-23,2026-04-23,0.180009,8,7,1.142857,22.501145,1,0.180009,12.5,2,25.0,unknown,unknown,,,,,,
2026-04-24,2026-04-24,13.000403,453,111,4.081081,28.698461,96,0.135421,21.192053,123,27.152318,audience_network,an_classic,3.0,149.81,4.0,11.523489,4.3334676666666665,0.024390243902439025
2026-04-24,2026-04-24,6.660206,197,43,4.581395,33.808155,82,0.081222,41.624365,127,64.467005,audience_network,rewarded_video,,,,,,
2026-04-24,2026-04-24,0.280009,6,6,1.0,46.668113,0,,0.0,0,,facebook,biz_disco_feed,,,,,,
2026-04-24,2026-04-24,2.57008,88,87,1.011494,29.205451,6,0.428347,6.818182,6,6.818182,facebook,facebook_notification,,,,,,
2026-04-24,2026-04-24,2.230069,172,166,1.036145,12.965518,2,1.115035,1.162791,1,0.581395,facebook,facebook_profile_feed,,,,,,
2026-04-24,2026-04-24,148.204595,5542,4469,1.240098,26.742078,96,1.543798,1.732227,80,1.443522,facebook,facebook_reels,1.0,59.92,1.0,0.404306,148.204595,0.0125
2026-04-24,2026-04-24,4.270132,1044,682,1.530792,4.090165,6,0.711689,0.574713,6,0.574713,facebook,facebook_reels_overlay,,,,,,
2026-04-24,2026-04-24,37.441161,817,750,1.089333,45.827614,16,2.340073,1.958384,14,1.713586,facebook,facebook_stories,,,,,,
2026-04-24,2026-04-24,2260.830091,136045,111684,1.218124,16.618252,1599,1.413903,1.175346,1146,0.842368,facebook,feed,29.0,1997.31,68.0,0.883441,77.95965831034482,0.02530541012216405
2026-04-24,2026-04-24,10.63033,663,439,1.510251,16.03368,5,2.126066,0.754148,4,0.603318,facebook,instream_video,,,,,,
2026-04-24,2026-04-24,10.810335,962,632,1.522152,11.237355,2,5.405168,0.2079,2,0.2079,facebook,marketplace,,,,,,
2026-04-24,2026-04-24,1.800056,856,273,3.135531,2.102869,0,,0.0,0,,facebook,right_hand_column,,,,,,
2026-04-24,2026-04-24,7.820242,1139,1073,1.06151,6.865885,8,0.97753,0.702371,8,0.702371,facebook,search,,,,,,
2026-04-24,2026-04-24,269.048341,6714,6203,1.082379,40.072735,94,2.862216,1.40006,89,1.325588,instagram,feed,2.0,112.0,10.0,0.416282,134.5241705,0.02247191011235955
2026-04-24,2026-04-24,0.030001,2,2,1.0,15.000465,0,,0.0,0,,instagram,instagram_explore,,,,,,
2026-04-24,2026-04-24,0.120004,2,2,1.0,60.00186,0,,0.0,0,,instagram,instagram_explore_grid_home,,,,,,
2026-04-24,2026-04-24,52.081615,1652,1480,1.116216,31.526401,30,1.736054,1.815981,27,1.634383,instagram,instagram_reels,1.0,46.19,1.0,0.886877,52.081615,0.037037037037037035
2026-04-24,2026-04-24,0.020001,2,2,1.0,10.00031,0,,0.0,0,,instagram,instagram_search,,,,,,
2026-04-24,2026-04-24,74.292303,1779,1524,1.167323,41.76071,23,3.2301,1.292861,19,1.068016,instagram,instagram_stories,,,2.0,,,
2026-04-24,2026-04-24,0.850026,26,26,1.0,32.693321,0,,0.0,0,,threads,threads_feed,,,,,,
2026-04-24,2026-04-24,0.01,2,2,1.0,5.000155,0,,0.0,0,,unknown,unknown,,,,,,
2026-04-25,2026-04-25,10.490501,369,105,3.514286,28.429541,90,0.116561,24.390244,105,28.455285,audience_network,an_classic,,,,,,
2026-04-25,2026-04-25,7.070337,190,38,5.0,37.212302,80,0.088379,42.105263,104,54.736842,audience_network,rewarded_video,,,,,,
2026-04-25,2026-04-25,0.040002,4,4,1.0,10.000477,0,,0.0,0,,facebook,biz_disco_feed,,,,,,
2026-04-25,2026-04-25,2.160103,66,63,1.047619,32.728835,4,0.540026,6.060606,4,6.060606,facebook,facebook_notification,,,,,,
2026-04-25,2026-04-25,2.030097,135,131,1.030534,15.037755,1,2.030097,0.740741,1,0.740741,facebook,facebook_profile_feed,,,,,,
2026-04-25,2026-04-25,129.306172,4634,3702,1.251756,27.903792,94,1.375598,2.028485,73,1.575313,facebook,facebook_reels,1.0,59.92,6.0,0.463396,129.306172,0.0136986301369863
2026-04-25,2026-04-25,3.840183,1085,690,1.572464,3.539339,4,0.960046,0.368664,4,0.368664,facebook,facebook_reels_overlay,,,,,,
2026-04-25,2026-04-25,19.600936,462,431,1.071926,42.426267,8,2.450117,1.731602,8,1.731602,facebook,facebook_stories,,,,,,
2026-04-25,2026-04-25,1998.345382,111196,93325,1.191492,17.971378,1402,1.425353,1.260837,1017,0.914601,facebook,feed,22.0,1263.01,64.0,0.632028,90.833881,0.021632251720747297
2026-04-25,2026-04-25,7.730369,482,338,1.426036,16.03811,10,0.773037,2.074689,4,0.829876,facebook,instream_video,,,,,,
2026-04-25,2026-04-25,10.880519,1029,686,1.5,10.573877,7,1.55436,0.680272,8,0.777454,facebook,marketplace,,,1.0,,,
2026-04-25,2026-04-25,1.290062,575,179,3.212291,2.243585,0,,0.0,0,,facebook,right_hand_column,,,,,,
2026-04-25,2026-04-25,13.080624,1133,1059,1.069877,11.545123,24,0.545026,2.11827,24,2.11827,facebook,search,,,2.0,,,
2026-04-25,2026-04-25,219.600482,5522,5228,1.056236,39.768287,83,2.645789,1.503079,81,1.46686,instagram,feed,2.0,109.56,3.0,0.498906,109.800241,0.024691358024691357
2026-04-25,2026-04-25,0.01,2,2,1.0,5.000239,0,,0.0,0,,instagram,instagram_explore,,,,,,
2026-04-25,2026-04-25,40.941954,1346,1202,1.1198,30.417499,26,1.574691,1.931649,24,1.783061,instagram,instagram_reels,1.0,59.92,1.0,1.463535,40.941954,0.041666666666666664
2026-04-25,2026-04-25,0.01,3,3,1.0,3.333492,0,,0.0,0,,instagram,instagram_search,,,,,,
2026-04-25,2026-04-25,46.652227,1080,961,1.123829,43.196506,21,2.221535,1.944444,20,1.851852,instagram,instagram_stories,,,2.0,,,
2026-04-25,2026-04-25,0.270013,26,26,1.0,10.385111,1,0.270013,3.846154,1,3.846154,threads,threads_feed,,,,,,
2026-04-25,2026-04-25,0.770037,77,75,1.026667,10.000477,0,,0.0,0,,unknown,unknown,,,,,,
2026-04-26,2026-04-26,12.970468,616,120,5.133333,21.055954,108,0.120097,17.532468,119,19.318182,audience_network,an_classic,1.0,59.9,4.0,4.618183,12.970468,0.008403361344537815
2026-04-26,2026-04-26,9.620347,195,50,3.9,49.335113,77,0.12494,39.487179,108,55.384615,audience_network,rewarded_video,,,,,,
2026-04-26,2026-04-26,0.060002,3,3,1.0,20.000721,0,,0.0,0,,facebook,biz_disco_feed,,,,,,
2026-04-26,2026-04-26,2.710098,58,56,1.035714,46.725823,3,0.903366,5.172414,3,5.172414,facebook,facebook_notification,,,,,,
2026-04-26,2026-04-26,2.150078,161,158,1.018987,13.354519,0,,0.0,0,,facebook,facebook_profile_feed,,,,,,
2026-04-26,2026-04-26,138.134983,5420,4216,1.285579,25.486159,97,1.424072,1.789668,77,1.420664,facebook,facebook_reels,,,3.0,,,
2026-04-26,2026-04-26,4.490162,1165,770,1.512987,3.854216,6,0.74836,0.515021,6,0.515021,facebook,facebook_reels_overlay,,,6.0,,,
2026-04-26,2026-04-26,30.961117,618,587,1.052811,50.098895,22,1.407323,3.559871,21,3.398058,facebook,facebook_stories,,,2.0,,,
2026-04-26,2026-04-26,2153.847695,119469,90903,1.314247,18.028507,1510,1.426389,1.263926,1094,0.915719,facebook,feed,35.0,1989.54,92.0,0.923714,61.53850557142857,0.031992687385740404
2026-04-26,2026-04-26,7.950287,560,380,1.473684,14.196941,9,0.883365,1.607143,8,1.428571,facebook,instream_video,1.0,194.94,4.0,24.51987,7.950287,0.125
2026-04-26,2026-04-26,12.690458,1184,816,1.45098,10.718292,6,2.115076,0.506757,6,0.506757,facebook,marketplace,1.0,59.92,3.0,4.721658,12.690458,0.16666666666666666
2026-04-26,2026-04-26,1.800065,1049,294,3.568027,1.715982,1,1.800065,0.095329,1,0.095329,facebook,right_hand_column,,,1.0,,,
2026-04-26,2026-04-26,11.720423,1541,1464,1.052596,7.605725,15,0.781362,0.973394,16,1.038287,facebook,search,2.0,259.84,3.0,22.169849,5.8602115,0.125
2026-04-26,2026-04-26,274.98992,7356,6602,1.114208,37.383078,117,2.350341,1.590538,105,1.427406,instagram,feed,2.0,84.89,7.0,0.308702,137.49496,0.01904761904761905
2026-04-26,2026-04-26,0.0,1,1,1.0,0.0,0,,0.0,0,,instagram,instagram_explore,,,,,,
2026-04-26,2026-04-26,47.68172,1594,1410,1.130496,29.91325,37,1.288695,2.321205,35,2.195734,instagram,instagram_reels,2.0,139.86,3.0,2.9332,23.84086,0.05714285714285714
2026-04-26,2026-04-26,0.040001,4,4,1.0,10.000361,0,,0.0,0,,instagram,instagram_search,,,,,,
2026-04-26,2026-04-26,59.582149,1564,1386,1.128427,38.096003,34,1.752416,2.173913,30,1.918159,instagram,instagram_stories,,,,,,
2026-04-26,2026-04-26,0.230008,12,12,1.0,19.167358,0,,0.0,0,,threads,threads_feed,,,,,,
2026-04-26,2026-04-26,0.540019,51,50,1.02,10.588617,0,,0.0,0,,unknown,unknown,,,,,,
2026-04-27,2026-04-27,14.990245,753,172,4.377907,19.907364,135,0.111039,17.928287,158,20.982736,audience_network,an_classic,,,,,,
2026-04-27,2026-04-27,8.250135,255,57,4.473684,32.35347,122,0.067624,47.843137,166,65.098039,audience_network,rewarded_video,,,,,,
2026-04-27,2026-04-27,0.03,1,1,1.0,30.000491,0,,0.0,0,,facebook,biz_disco_feed,,,,,,
2026-04-27,2026-04-27,3.380055,62,62,1.0,54.517021,3,1.126685,4.83871,3,4.83871,facebook,facebook_notification,,,,,,
2026-04-27,2026-04-27,1.920031,126,122,1.032787,15.238345,1,1.920031,0.793651,0,,facebook,facebook_profile_feed,,,,,,
2026-04-27,2026-04-27,136.682236,5090,4187,1.215668,26.853092,73,1.872359,1.434185,53,1.041257,facebook,facebook_reels,2.0,96.66,5.0,0.707188,68.341118,0.03773584905660377
2026-04-27,2026-04-27,5.340087,1460,860,1.697674,3.657594,6,0.890015,0.410959,6,0.410959,facebook,facebook_reels_overlay,1.0,59.92,3.0,11.22079,5.340087,0.16666666666666666
2026-04-27,2026-04-27,17.570287,321,298,1.077181,54.736098,11,1.597299,3.426791,11,3.426791,facebook,facebook_stories,,,,,,
2026-04-27,2026-04-27,1906.341184,125835,102951,1.222281,15.149531,1404,1.357793,1.115747,971,0.771645,facebook,feed,34.0,2254.52,65.0,1.182642,56.06885835294118,0.035015447991761074
2026-04-27,2026-04-27,7.890129,530,330,1.606061,14.887036,6,1.315022,1.132075,4,0.754717,facebook,instream_video,,,3.0,,,
2026-04-27,2026-04-27,9.340153,958,658,1.455927,9.749638,7,1.334308,0.730689,9,0.939457,facebook,marketplace,,,4.0,,,
2026-04-27,2026-04-27,2.700044,1366,455,3.002198,1.976606,1,2.700044,0.073206,1,0.073206,facebook,right_hand_column,,,1.0,,,
2026-04-27,2026-04-27,10.650174,1027,979,1.04903,10.370179,5,2.130035,0.486855,5,0.486855,facebook,search,,,,,,
2026-04-27,2026-04-27,231.443786,6343,5747,1.103706,36.488063,86,2.691207,1.355825,81,1.276998,instagram,feed,1.0,54.93,6.0,0.237336,231.443786,0.012345679012345678
2026-04-27,2026-04-27,0.090001,2,2,1.0,45.000736,0,,0.0,0,,instagram,instagram_explore,,,,,,
2026-04-27,2026-04-27,43.460711,1306,1166,1.120069,33.277727,31,1.401958,2.37366,26,1.990812,instagram,instagram_reels,1.0,45.93,4.0,1.056817,43.460711,0.038461538461538464
2026-04-27,2026-04-27,0.040001,3,3,1.0,13.333551,2,0.02,66.666667,1,33.333333,instagram,instagram_search,,,,,,
2026-04-27,2026-04-27,44.950735,1164,959,1.213764,38.61747,25,1.798029,2.147766,25,2.147766,instagram,instagram_stories,1.0,144.92,6.0,3.223974,44.950735,0.04
2026-04-27,2026-04-27,0.120002,8,8,1.0,15.000245,0,,0.0,0,,threads,threads_feed,,,,,,
2026-04-27,2026-04-27,0.080001,14,14,1.0,5.714379,0,,0.0,0,,unknown,unknown,,,,,,
2026-04-28,2026-04-28,36.689664,1386,348,3.982759,26.471619,306,0.119901,22.077922,351,25.324675,audience_network,an_classic,1.0,119.84,2.0,3.266315,36.689664,0.002849002849002849
2026-04-28,2026-04-28,20.005269,495,133,3.721805,40.414685,203,0.098548,41.010101,289,58.383838,audience_network,rewarded_video,,,,,,
2026-04-28,2026-04-28,0.0,1,1,1.0,0.0,0,,0.0,0,,facebook,biz_disco_feed,,,,,,
2026-04-28,2026-04-28,3.110819,77,75,1.026667,40.400252,5,0.622164,6.493506,5,6.493506,facebook,facebook_notification,,,,,,
2026-04-28,2026-04-28,1.250329,133,125,1.064,9.400972,0,,0.0,0,,facebook,facebook_profile_feed,,,2.0,,,
2026-04-28,2026-04-28,157.171398,5147,4057,1.268671,30.536506,109,1.441939,2.117738,84,1.632019,facebook,facebook_reels,4.0,309.11,7.0,1.966706,39.2928495,0.047619047619047616
2026-04-28,2026-04-28,8.072126,2126,1376,1.545058,3.796861,2,4.036063,0.094073,2,0.094073,facebook,facebook_reels_overlay,1.0,69.99,1.0,8.670578,8.072126,0.5
2026-04-28,2026-04-28,20.345359,353,321,1.099688,57.635577,10,2.034536,2.832861,9,2.549575,facebook,facebook_stories,,,,,,
2026-04-28,2026-04-28,1869.162324,103538,84373,1.227146,18.052911,1174,1.592131,1.133883,831,0.802604,facebook,feed,26.0,1507.88,62.0,0.806714,71.89085861538462,0.031287605294825514
2026-04-28,2026-04-28,1.960516,155,122,1.270492,12.648493,0,,0.0,0,,facebook,instream_video,1.0,299.6,,152.816881,1.960516,
2026-04-28,2026-04-28,10.692816,1179,840,1.403571,9.069395,6,1.782136,0.508906,6,0.508906,facebook,marketplace,,,,,,
2026-04-28,2026-04-28,3.811004,2154,806,2.672457,1.769268,0,,0.0,0,,facebook,right_hand_column,,,,,,
2026-04-28,2026-04-28,8.552253,1391,1314,1.0586,6.148276,15,0.57015,1.078361,15,1.078361,facebook,search,,,,,,
2026-04-28,2026-04-28,193.761035,4349,4038,1.077018,44.553009,60,3.229351,1.379628,57,1.310646,instagram,feed,2.0,74.9,1.0,0.386559,96.8805175,0.03508771929824561
2026-04-28,2026-04-28,0.020005,3,3,1.0,6.668423,0,,0.0,0,,instagram,instagram_explore,,,,,,
2026-04-28,2026-04-28,0.030008,1,1,1.0,30.007904,0,,0.0,0,,instagram,instagram_explore_grid_home,,,,,,
2026-04-28,2026-04-28,43.791534,1321,1154,1.144714,33.150291,22,1.990524,1.665405,19,1.438304,instagram,instagram_reels,1.0,59.92,1.0,1.368301,43.791534,0.05263157894736842
2026-04-28,2026-04-28,0.010003,1,1,1.0,10.002635,0,,0.0,0,,instagram,instagram_search,,,,,,
2026-04-28,2026-04-28,50.273242,1257,1068,1.176966,39.994623,25,2.01093,1.988862,24,1.909308,instagram,instagram_stories,1.0,29.95,6.0,0.595744,50.273242,0.041666666666666664
2026-04-28,2026-04-28,0.600158,23,23,1.0,26.093829,0,,0.0,0,,threads,threads_feed,,,,,,
2026-04-28,2026-04-28,0.520137,49,43,1.139535,10.615041,0,,0.0,0,,unknown,unknown,,,,,,
2026-04-29,2026-04-29,36.592128,1318,377,3.496021,27.763375,322,0.11364,24.430956,380,28.831563,audience_network,an_classic,,,,,,
2026-04-29,2026-04-29,35.512065,669,185,3.616216,53.08231,275,0.129135,41.106129,367,54.857997,audience_network,rewarded_video,,,,,,
2026-04-29,2026-04-29,0.020001,1,1,1.0,20.001163,0,,0.0,0,,facebook,biz_disco_feed,,,,,,
2026-04-29,2026-04-29,2.440142,65,65,1.0,37.540645,2,1.220071,3.076923,2,3.076923,facebook,facebook_notification,,,,,,
2026-04-29,2026-04-29,3.600209,141,137,1.029197,25.5334,1,3.600209,0.70922,1,0.70922,facebook,facebook_profile_feed,1.0,54.93,1.0,15.257446,3.600209,1.0
2026-04-29,2026-04-29,165.92965,5416,4071,1.330386,30.636937,111,1.494862,2.049483,88,1.624815,facebook,facebook_reels,,,3.0,,,
2026-04-29,2026-04-29,9.240537,2495,1539,1.621183,3.703622,8,1.155067,0.320641,8,0.320641,facebook,facebook_reels_overlay,2.0,87.88,,9.510269,4.6202685,0.25
2026-04-29,2026-04-29,17.441014,322,294,1.095238,54.164641,13,1.341616,4.037267,15,4.658385,facebook,facebook_stories,,,1.0,,,
2026-04-29,2026-04-29,1962.274118,95534,78261,1.22071,20.54006,1259,1.558597,1.317855,871,0.911717,facebook,feed,29.0,1784.1,58.0,0.9092,67.66462475862069,0.03329506314580941
2026-04-29,2026-04-29,0.890052,85,64,1.328125,10.471197,0,,0.0,0,,facebook,instream_video,,,,,,
2026-04-29,2026-04-29,11.220653,1366,959,1.4244,8.214241,5,2.244131,0.366032,5,0.366032,facebook,marketplace,,,,,,
2026-04-29,2026-04-29,4.100238,2236,744,3.005376,1.833738,2,2.050119,0.089445,2,0.089445,facebook,right_hand_column,,,,,,
2026-04-29,2026-04-29,8.160475,1372,1262,1.087163,5.947868,9,0.906719,0.655977,10,0.728863,facebook,search,,,1.0,,,
2026-04-29,2026-04-29,213.772432,4747,4288,1.107043,45.033165,69,3.098151,1.45355,67,1.411418,instagram,feed,2.0,79.9,5.0,0.373762,106.886216,0.029850746268656716
2026-04-29,2026-04-29,48.752835,1249,1110,1.125225,39.033495,33,1.477359,2.642114,30,2.401922,instagram,instagram_reels,,,4.0,,,
2026-04-29,2026-04-29,0.030002,4,4,1.0,7.500436,0,,0.0,0,,instagram,instagram_search,,,,,,
2026-04-29,2026-04-29,57.963371,1177,980,1.20102,49.246704,25,2.318535,2.124044,25,2.124044,instagram,instagram_stories,,,1.0,,,
2026-04-29,2026-04-29,0.360021,19,19,1.0,18.94847,0,,0.0,0,,threads,threads_feed,,,,,,
2026-04-29,2026-04-29,0.980057,109,106,1.028302,8.991349,1,0.980057,0.917431,0,,unknown,unknown,,,3.0,,,
2026-04-30,2026-04-30,33.011943,1219,306,3.98366,27.081167,310,0.10649,25.430681,357,29.2863,audience_network,an_classic,,,,,,
2026-04-30,2026-04-30,23.737016,581,141,4.120567,40.85545,260,0.091296,44.75043,331,56.97074,audience_network,rewarded_video,2.0,70.91,4.0,2.987317,11.868508,0.006042296072507553
2026-04-30,2026-04-30,0.059967,3,3,1.0,19.989066,0,,0.0,0,,facebook,biz_disco_feed,,,,,,
2026-04-30,2026-04-30,6.276567,87,86,1.011628,72.144446,3,2.092189,3.448276,3,3.448276,facebook,facebook_notification,,,,,,
2026-04-30,2026-04-30,1.60912,114,108,1.055556,14.115086,2,0.80456,1.754386,1,0.877193,facebook,facebook_profile_feed,,,,,,
2026-04-30,2026-04-30,177.542887,5394,4143,1.301955,32.914884,106,1.674933,1.965146,85,1.575825,facebook,facebook_reels,2.0,117.83,4.0,0.663671,88.7714435,0.023529411764705882
2026-04-30,2026-04-30,8.585304,2254,1349,1.670867,3.808919,2,4.292652,0.088731,2,0.088731,facebook,facebook_reels_overlay,,,1.0,,,
2026-04-30,2026-04-30,23.607087,301,278,1.082734,78.428861,9,2.62301,2.990033,8,2.657807,facebook,facebook_stories,1.0,24.97,1.0,1.057733,23.607087,0.125
2026-04-30,2026-04-30,2263.951654,108602,90121,1.205069,20.846316,1399,1.618264,1.28819,995,0.916189,facebook,feed,18.0,1237.4,78.0,0.546566,125.77509188888888,0.018090452261306532
2026-04-30,2026-04-30,2.078863,135,97,1.391753,15.398984,1,2.078863,0.740741,1,0.740741,facebook,instream_video,,,,,,
2026-04-30,2026-04-30,12.30327,1455,972,1.496914,8.455856,7,1.75761,0.4811,6,0.412371,facebook,marketplace,1.0,119.84,1.0,9.7405,12.30327,0.16666666666666666
2026-04-30,2026-04-30,3.887873,2439,750,3.252,1.594044,0,,0.0,0,,facebook,right_hand_column,,,,,,
2026-04-30,2026-04-30,11.493713,1502,1414,1.062235,7.652272,16,0.718357,1.065246,17,1.131824,facebook,search,,,2.0,,,
2026-04-30,2026-04-30,174.224702,3712,3285,1.129985,46.935534,47,3.706909,1.266164,46,1.239224,instagram,feed,1.0,59.92,4.0,0.343924,174.224702,0.021739130434782608
2026-04-30,2026-04-30,0.039978,5,4,1.25,7.995627,0,,0.0,0,,instagram,instagram_explore,,,,,,
2026-04-30,2026-04-30,0.0,3,2,1.5,0.0,0,,0.0,0,,instagram,instagram_explore_grid_home,,,,,,
2026-04-30,2026-04-30,45.515104,1034,892,1.159193,44.018476,26,1.750581,2.514507,24,2.321083,instagram,instagram_reels,2.0,189.84,3.0,4.170923,22.757552,0.08333333333333333
2026-04-30,2026-04-30,0.029984,4,4,1.0,7.4959,0,,0.0,0,,instagram,instagram_search,,,,,,
2026-04-30,2026-04-30,44.285776,935,791,1.182048,47.364467,21,2.108846,2.245989,19,2.032086,instagram,instagram_stories,,,3.0,,,
2026-04-30,2026-04-30,1.039431,17,17,1.0,61.143026,1,1.039431,5.882353,1,5.882353,threads,threads_feed,,,,,,
2026-04-30,2026-04-30,0.439759,51,51,1.0,8.622734,0,,0.0,0,,unknown,unknown,,,,,,
2026-05-01,2026-05-01,25.961493,1136,243,4.674897,22.853427,215,0.120751,18.926056,241,21.214789,audience_network,an_classic,4.0,81.89,11.0,3.154287,6.49037325,0.016597510373443983
2026-05-01,2026-05-01,11.080637,350,116,3.017241,31.658964,162,0.068399,46.285714,192,54.857143,audience_network,rewarded_video,,,,,,
2026-05-01,2026-05-01,3.290189,62,62,1.0,53.067568,6,0.548365,9.677419,6,9.677419,facebook,facebook_notification,,,,,,
2026-05-01,2026-05-01,0.830048,74,72,1.027778,11.216861,0,,0.0,0,,facebook,facebook_profile_feed,,,,,,
2026-05-01,2026-05-01,120.576934,3781,2968,1.273922,31.890223,105,1.148352,2.777043,88,2.327427,facebook,facebook_reels,2.0,88.88,13.0,0.737123,60.288467,0.022727272727272728
2026-05-01,2026-05-01,7.330422,2246,1434,1.566248,3.263767,5,1.466084,0.222618,5,0.222618,facebook,facebook_reels_overlay,2.0,64.92,1.0,8.856244,3.665211,0.4
2026-05-01,2026-05-01,11.330652,216,193,1.119171,52.45672,9,1.258961,4.166667,8,3.703704,facebook,facebook_stories,,,,,,
2026-05-01,2026-05-01,1532.818152,61587,48575,1.267874,24.888664,848,1.807569,1.376914,639,1.037557,facebook,feed,25.0,1346.3,76.0,0.878317,61.312726080000004,0.03912363067292645
2026-05-01,2026-05-01,2.640152,128,84,1.52381,20.626186,1,2.640152,0.78125,1,0.78125,facebook,instream_video,,,,,,
2026-05-01,2026-05-01,8.660498,882,601,1.467554,9.819159,8,1.082562,0.907029,7,0.793651,facebook,marketplace,1.0,24.97,1.0,2.883206,8.660498,0.14285714285714285
2026-05-01,2026-05-01,2.970171,1685,521,3.234165,1.762713,1,2.970171,0.059347,1,0.059347,facebook,right_hand_column,,,,,,
2026-05-01,2026-05-01,11.12064,1079,995,1.084422,10.306431,16,0.69504,1.482854,16,1.482854,facebook,search,1.0,89.88,3.0,8.082269,11.12064,0.0625
2026-05-01,2026-05-01,114.816603,2635,2300,1.145652,43.573663,57,2.014326,2.163188,56,2.125237,instagram,feed,1.0,54.93,2.0,0.478415,114.816603,0.017857142857142856
2026-05-01,2026-05-01,0.010001,1,1,1.0,10.000575,0,,0.0,0,,instagram,instagram_explore,,,,,,
2026-05-01,2026-05-01,0.0,1,1,1.0,0.0,0,,0.0,0,,instagram,instagram_explore_grid_home,,,,,,
2026-05-01,2026-05-01,22.961321,746,656,1.137195,30.77925,14,1.640094,1.876676,13,1.742627,instagram,instagram_reels,,,,,,
2026-05-01,2026-05-01,35.662051,771,624,1.235577,46.254281,16,2.228878,2.075227,16,2.075227,instagram,instagram_stories,,,1.0,,,
2026-05-01,2026-05-01,0.320018,16,16,1.0,20.00115,0,,0.0,0,,threads,threads_feed,,,,,,
2026-05-01,2026-05-01,0.330019,30,28,1.071429,11.000633,0,,0.0,0,,unknown,unknown,,,,,,
2026-05-02,2026-05-02,49.322405,2225,446,4.988789,22.167373,472,0.104497,21.213483,555,24.94382,audience_network,an_classic,3.0,121.84,3.0,2.470277,16.44080166666667,0.005405405405405406
2026-05-02,2026-05-02,30.981511,809,210,3.852381,38.296058,385,0.080471,47.589617,506,62.546354,audience_network,rewarded_video,,,,,,
2026-05-02,2026-05-02,3.500171,77,74,1.040541,45.456762,7,0.500024,9.090909,7,9.090909,facebook,facebook_notification,,,,,,
2026-05-02,2026-05-02,1.380067,113,107,1.056075,12.212985,1,1.380067,0.884956,1,0.884956,facebook,facebook_profile_feed,,,,,,
2026-05-02,2026-05-02,186.919113,5486,4146,1.323203,34.072022,134,1.394919,2.442581,108,1.968647,facebook,facebook_reels,3.0,207.41,9.0,1.109624,62.306371000000006,0.027777777777777776
2026-05-02,2026-05-02,8.82043,2527,1505,1.67907,3.490475,7,1.260061,0.277008,8,0.316581,facebook,facebook_reels_overlay,,,1.0,,,
2026-05-02,2026-05-02,20.701009,356,327,1.088685,58.148903,9,2.300112,2.52809,9,2.52809,facebook,facebook_stories,1.0,39.95,3.0,1.929858,20.701009,0.1111111111111111
2026-05-02,2026-05-02,1479.692144,72826,55262,1.317831,20.318185,1116,1.325889,1.53242,819,1.124598,facebook,feed,38.0,2385.14,83.0,1.611916,38.939266947368424,0.0463980463980464
2026-05-02,2026-05-02,2.340114,189,134,1.410448,12.381556,1,2.340114,0.529101,1,0.529101,facebook,instream_video,,,,,,
2026-05-02,2026-05-02,12.11059,1269,909,1.39604,9.543413,7,1.730084,0.551615,7,0.551615,facebook,marketplace,1.0,54.93,1.0,4.5357,12.11059,0.14285714285714285
2026-05-02,2026-05-02,2.350115,1217,468,2.600427,1.931072,2,1.175057,0.164339,2,0.164339,facebook,right_hand_column,2.0,179.76,3.0,76.489888,1.1750575,1.0
2026-05-02,2026-05-02,12.72062,1591,1466,1.085266,7.995362,8,1.590078,0.502828,8,0.502828,facebook,search,,,,,,
2026-05-02,2026-05-02,155.897601,3694,3279,1.126563,42.202924,72,2.165244,1.949107,67,1.813752,instagram,feed,1.0,59.24,8.0,0.379993,155.897601,0.014925373134328358
2026-05-02,2026-05-02,40.521976,939,837,1.121864,43.154394,36,1.12561,3.833866,38,4.046858,instagram,instagram_reels,,,1.0,,,
2026-05-02,2026-05-02,0.040002,5,5,1.0,8.00039,0,,0.0,0,,instagram,instagram_search,,,,,,
2026-05-02,2026-05-02,43.262109,935,756,1.236772,46.269636,24,1.802588,2.566845,25,2.673797,instagram,instagram_stories,,,1.0,,,
2026-05-02,2026-05-02,0.360018,11,11,1.0,32.728868,0,,0.0,0,,threads,threads_feed,,,,,,
2026-05-02,2026-05-02,0.110005,9,8,1.125,12.222818,0,,0.0,0,,unknown,unknown,,,,,,
2026-05-03,2026-05-03,57.891885,2195,466,4.7103,26.374435,448,0.129223,20.410023,516,23.507973,audience_network,an_classic,,,,,,
2026-05-03,2026-05-03,23.060751,629,192,3.276042,36.662561,288,0.080072,45.786963,354,56.279809,audience_network,rewarded_video,,,,,,
2026-05-03,2026-05-03,7.120232,112,111,1.009009,63.573498,9,0.791137,8.035714,9,8.035714,facebook,facebook_notification,,,,,,
2026-05-03,2026-05-03,2.590084,155,146,1.061644,16.710221,1,2.590084,0.645161,1,0.645161,facebook,facebook_profile_feed,,,,,,
2026-05-03,2026-05-03,235.487667,6909,5272,1.310508,34.08419,168,1.401712,2.431611,137,1.982921,facebook,facebook_reels,9.0,509.34,17.0,2.162916,26.16529633333333,0.06569343065693431
2026-05-03,2026-05-03,8.830288,2879,1855,1.552022,3.067137,6,1.471715,0.208406,6,0.208406,facebook,facebook_reels_overlay,1.0,81.87,2.0,9.271499,8.830288,0.16666666666666666
2026-05-03,2026-05-03,25.060816,469,426,1.100939,53.434576,14,1.790058,2.985075,16,3.411514,facebook,facebook_stories,2.0,98.62,2.0,3.935227,12.530408,0.125
2026-05-03,2026-05-03,2110.098701,115140,86842,1.325856,18.326374,1485,1.420942,1.289734,1102,0.957096,facebook,feed,45.0,2886.91,95.0,1.36814,46.89108224444444,0.04083484573502722
2026-05-03,2026-05-03,2.510082,222,160,1.3875,11.306674,9,0.278898,4.054054,8,3.603604,facebook,instream_video,,,,,,
2026-05-03,2026-05-03,15.020489,1683,1196,1.407191,8.92483,5,3.004098,0.297089,4,0.237671,facebook,marketplace,,,,,,
2026-05-03,2026-05-03,2.950096,1478,480,3.079167,1.996005,0,,0.0,0,,facebook,right_hand_column,,,,,,
2026-05-03,2026-05-03,14.640477,1677,1545,1.085437,8.730159,12,1.22004,0.715564,14,0.834824,facebook,search,1.0,59.92,1.0,4.092763,14.640477,0.07142857142857142
2026-05-03,2026-05-03,166.275414,3460,3069,1.127403,48.056478,80,2.078443,2.312139,76,2.196532,instagram,feed,2.0,147.09,7.0,0.884617,83.137707,0.02631578947368421
2026-05-03,2026-05-03,0.120004,2,2,1.0,60.001954,0,,0.0,0,,instagram,instagram_explore_grid_home,,,,,,
2026-05-03,2026-05-03,42.921397,1215,1048,1.159351,35.326253,20,2.14607,1.646091,20,1.646091,instagram,instagram_reels,,,3.0,,,
2026-05-03,2026-05-03,0.090003,7,7,1.0,12.857561,0,,0.0,0,,instagram,instagram_search,,,,,,
2026-05-03,2026-05-03,48.151568,1003,832,1.205529,48.007545,26,1.851983,2.592223,25,2.492522,instagram,instagram_stories,1.0,89.95,5.0,1.86806,48.151568,0.04
2026-05-03,2026-05-03,0.31001,15,14,1.071429,20.66734,2,0.155005,13.333333,2,13.333333,threads,threads_feed,,,,,,
2026-05-03,2026-05-03,1.170038,64,61,1.04918,18.281845,0,,0.0,0,,unknown,unknown,,,,,,
2026-05-04,2026-05-04,49.91,2057,354,5.810734,24.263491,390,0.127974,18.95965,478,23.237725,audience_network,an_classic,1.0,54.93,1.0,1.100581,49.91,0.0020920502092050207
2026-05-04,2026-05-04,17.81,404,131,3.083969,44.084158,181,0.098398,44.80198,243,60.148515,audience_network,rewarded_video,2.0,164.78,2.0,9.252106,8.905,0.00823045267489712
2026-05-04,2026-05-04,4.39,95,93,1.021505,46.210526,1,4.39,1.052632,1,1.052632,facebook,facebook_notification,,,,,,
2026-05-04,2026-05-04,1.89,177,172,1.02907,10.677966,1,1.89,0.564972,1,0.564972,facebook,facebook_profile_feed,,,,,,
2026-05-04,2026-05-04,220.05,6648,5181,1.28315,33.100181,167,1.317665,2.512034,134,2.015644,facebook,facebook_reels,3.0,213.47,10.0,0.970098,73.35000000000001,0.022388059701492536
2026-05-04,2026-05-04,9.74,2650,1578,1.679341,3.675472,6,1.623333,0.226415,6,0.226415,facebook,facebook_reels_overlay,,,1.0,,,
2026-05-04,2026-05-04,27.53,477,417,1.143885,57.714885,12,2.294167,2.515723,11,2.30608,facebook,facebook_stories,,,,,,
2026-05-04,2026-05-04,1769.64,97622,74323,1.313483,18.127471,1275,1.387953,1.306058,892,0.913728,facebook,feed,28.0,1432.16,78.0,0.809295,63.20142857142857,0.03139013452914798
2026-05-04,2026-05-04,1.63,203,144,1.409722,8.029557,1,1.63,0.492611,1,0.492611,facebook,instream_video,,,,,,
2026-05-04,2026-05-04,11.72,1517,1014,1.496055,7.725775,8,1.465,0.527357,8,0.527357,facebook,marketplace,,,,,,
2026-05-04,2026-05-04,3.08,1722,616,2.795455,1.788618,0,,0.0,0,,facebook,right_hand_column,,,,,,
2026-05-04,2026-05-04,19.66,1963,1823,1.076796,10.015283,20,0.983,1.018849,21,1.069791,facebook,search,,,2.0,,,
2026-05-04,2026-05-04,192.32,4597,4128,1.113614,41.83598,86,2.236279,1.870785,83,1.805525,instagram,feed,3.0,155.17,12.0,0.806832,64.10666666666667,0.03614457831325301
2026-05-04,2026-05-04,0.0,1,1,1.0,0.0,0,,0.0,0,,instagram,instagram_explore,,,,,,
2026-05-04,2026-05-04,0.01,2,2,1.0,5.0,0,,0.0,0,,instagram,instagram_explore_grid_home,,,,,,
2026-05-04,2026-05-04,58.02,1586,1378,1.150943,36.582598,45,1.289333,2.837327,41,2.58512,instagram,instagram_reels,2.0,87.88,3.0,1.51465,29.01,0.04878048780487805
2026-05-04,2026-05-04,0.04,5,5,1.0,8.0,0,,0.0,0,,instagram,instagram_search,,,,,,
2026-05-04,2026-05-04,42.98,1065,854,1.247073,40.356808,28,1.535,2.629108,28,2.629108,instagram,instagram_stories,1.0,59.92,1.0,1.394137,42.98,0.03571428571428571
2026-05-04,2026-05-04,1.32,35,34,1.029412,37.714286,2,0.66,5.714286,2,5.714286,threads,threads_feed,1.0,54.93,1.0,41.613636,1.32,0.5
2026-05-04,2026-05-04,0.16,31,31,1.0,5.16129,2,0.08,6.451613,0,,unknown,unknown,,,,,,
2026-05-05,2026-05-05,40.85804,1710,303,5.643564,23.89359,360,0.113495,21.052632,423,24.736842,audience_network,an_classic,,,,,,
2026-05-05,2026-05-05,13.572671,374,102,3.666667,36.290563,159,0.085363,42.513369,206,55.080214,audience_network,rewarded_video,,,,,,
2026-05-05,2026-05-05,0.090018,2,2,1.0,45.008856,0,,0.0,0,,facebook,biz_disco_feed,,,,,,
2026-05-05,2026-05-05,7.6215,108,107,1.009346,70.569441,9,0.846833,8.333333,9,8.333333,facebook,facebook_notification,,,,,,
2026-05-05,2026-05-05,1.200236,108,101,1.069307,11.113298,0,,0.0,0,,facebook,facebook_profile_feed,,,,,,
2026-05-05,2026-05-05,185.776555,5693,4449,1.279613,32.632453,132,1.407398,2.318637,102,1.791674,facebook,facebook_reels,2.0,140.94,1.0,0.758653,92.8882775,0.0196078431372549
2026-05-05,2026-05-05,6.471273,1889,1227,1.539527,3.425767,8,0.808909,0.423505,8,0.423505,facebook,facebook_reels_overlay,,,1.0,,,
2026-05-05,2026-05-05,23.894702,359,336,1.068452,66.559058,15,1.59298,4.178273,15,4.178273,facebook,facebook_stories,1.0,59.92,2.0,2.507669,23.894702,0.06666666666666667
2026-05-05,2026-05-05,1693.413209,88114,69745,1.263374,19.218435,1255,1.349333,1.424291,894,1.014595,facebook,feed,34.0,2179.01,76.0,1.286756,49.806270852941175,0.03803131991051454
2026-05-05,2026-05-05,0.770152,152,101,1.504951,5.066786,0,,0.0,0,,facebook,instream_video,,,,,,
2026-05-05,2026-05-05,11.202204,1141,826,1.381356,9.817883,16,0.700138,1.402279,16,1.402279,facebook,marketplace,,,,,,
2026-05-05,2026-05-05,2.530498,1274,527,2.417457,1.986262,3,0.843499,0.235479,3,0.235479,facebook,right_hand_column,,,,,,
2026-05-05,2026-05-05,18.283598,1435,1330,1.078947,12.741183,15,1.218907,1.045296,16,1.114983,facebook,search,,,1.0,,,
2026-05-05,2026-05-05,185.246451,4516,3869,1.167227,41.020029,72,2.572867,1.594331,70,1.550044,instagram,feed,2.0,198.31,5.0,1.07052,92.6232255,0.02857142857142857
2026-05-05,2026-05-05,48.679579,1502,1331,1.128475,32.409839,31,1.570309,2.063915,30,1.997337,instagram,instagram_reels,,,1.0,,,
2026-05-05,2026-05-05,0.080016,7,7,1.0,11.430821,0,,0.0,0,,instagram,instagram_search,,,,,,
2026-05-05,2026-05-05,45.528959,1045,923,1.132178,43.568381,18,2.529387,1.722488,18,1.722488,instagram,instagram_stories,1.0,82.65,3.0,1.815328,45.528959,0.05555555555555555
2026-05-05,2026-05-05,1.590313,45,45,1.0,35.340287,0,,0.0,0,,threads,threads_feed,,,,,,
2026-05-05,2026-05-05,0.15003,15,14,1.071429,10.001968,0,,0.0,0,,unknown,unknown,,,,,,
2026-05-06,2026-05-06,55.647515,2499,346,7.222543,22.267913,437,0.12734,17.486995,555,22.208884,audience_network,an_classic,,,,,,
2026-05-06,2026-05-06,17.1554,569,118,4.822034,30.150087,213,0.080542,37.434095,277,48.681898,audience_network,rewarded_video,,,,,,
2026-05-06,2026-05-06,0.010003,1,1,1.0,10.003148,0,,0.0,0,,facebook,biz_disco_feed,,,,,,
2026-05-06,2026-05-06,5.641776,101,99,1.020202,55.859166,11,0.512889,10.891089,11,10.891089,facebook,facebook_notification,,,,,,
2026-05-06,2026-05-06,4.681473,151,145,1.041379,31.003136,1,4.681473,0.662252,1,0.662252,facebook,facebook_profile_feed,,,,,,
2026-05-06,2026-05-06,186.048558,5393,4002,1.347576,34.498156,119,1.563433,2.206564,95,1.761543,facebook,facebook_reels,3.0,300.51,3.0,1.615223,62.016186000000005,0.031578947368421054
2026-05-06,2026-05-06,7.462349,2064,1322,1.561271,3.615479,4,1.865587,0.193798,4,0.193798,facebook,facebook_reels_overlay,,,3.0,,,
2026-05-06,2026-05-06,27.708721,405,369,1.097561,68.416595,17,1.629925,4.197531,18,4.444444,facebook,facebook_stories,,,3.0,,,
2026-05-06,2026-05-06,1947.462952,98009,76821,1.27581,19.870246,1413,1.378247,1.441704,1006,1.026436,facebook,feed,30.0,1895.11,81.0,0.973117,64.91543173333334,0.02982107355864811
2026-05-06,2026-05-06,1.090343,182,147,1.238095,5.990897,0,,0.0,0,,facebook,instream_video,,,,,,
2026-05-06,2026-05-06,14.324509,1338,998,1.340681,10.705911,12,1.193709,0.896861,11,0.822123,facebook,marketplace,,,,,,
2026-05-06,2026-05-06,2.880907,2224,923,2.409534,1.295372,1,2.880907,0.044964,1,0.044964,facebook,right_hand_column,,,,,,
2026-05-06,2026-05-06,11.163514,1737,1604,1.082918,6.426893,22,0.507432,1.266552,22,1.266552,facebook,search,,,1.0,,,
2026-05-06,2026-05-06,184.708136,4140,3683,1.124084,44.615492,89,2.075372,2.149758,88,2.125604,instagram,feed,5.0,356.42,9.0,1.929639,36.9416272,0.056818181818181816
2026-05-06,2026-05-06,0.010003,2,2,1.0,5.001574,0,,0.0,0,,instagram,instagram_explore_grid_home,,,,,,
2026-05-06,2026-05-06,62.529681,1628,1422,1.144866,38.408895,39,1.603325,2.395577,37,2.272727,instagram,instagram_reels,,,2.0,,,
2026-05-06,2026-05-06,0.030009,7,7,1.0,4.287064,0,,0.0,0,,instagram,instagram_search,,,,,,
2026-05-06,2026-05-06,42.583403,999,879,1.136519,42.626029,22,1.935609,2.202202,21,2.102102,instagram,instagram_stories,1.0,89.88,1.0,2.110681,42.583403,0.047619047619047616
2026-05-06,2026-05-06,1.010318,30,30,1.0,33.677266,0,,0.0,0,,threads,threads_feed,,,,,,
2026-05-06,2026-05-06,1.370431,123,121,1.016529,11.141718,4,0.342608,3.252033,2,1.626016,unknown,unknown,,,,,,
2026-05-07,2026-05-07,41.724803,1647,305,5.4,25.333821,419,0.099582,25.440194,508,30.843959,audience_network,an_classic,1.0,59.92,5.0,1.436076,41.724803,0.001968503937007874
2026-05-07,2026-05-07,13.678296,379,100,3.79,36.090492,160,0.085489,42.216359,211,55.672823,audience_network,rewarded_video,,,,,,
2026-05-07,2026-05-07,0.0,1,1,1.0,0.0,0,,0.0,0,,facebook,biz_disco_feed,,,,,,
2026-05-07,2026-05-07,6.579181,120,119,1.008403,54.826504,12,0.548265,10.0,11,9.166667,facebook,facebook_notification,,,1.0,,,
2026-05-07,2026-05-07,13.208355,263,253,1.039526,50.221881,3,4.402785,1.140684,2,0.760456,facebook,facebook_profile_feed,,,,,,
2026-05-07,2026-05-07,139.882577,4473,3680,1.215489,31.272653,93,1.504114,2.079142,78,1.743796,facebook,facebook_reels,1.0,59.92,3.0,0.428359,139.882577,0.01282051282051282
2026-05-07,2026-05-07,6.719163,2049,1234,1.660454,3.27924,3,2.239721,0.146413,3,0.146413,facebook,facebook_reels_overlay,,,,,,
2026-05-07,2026-05-07,18.747665,330,284,1.161972,56.811106,10,1.874766,3.030303,8,2.424242,facebook,facebook_stories,,,1.0,,,
2026-05-07,2026-05-07,1881.465653,100735,78401,1.284869,18.677378,1389,1.354547,1.378865,978,0.970864,facebook,feed,18.0,971.68,67.0,0.516448,104.5258696111111,0.018404907975460124
2026-05-07,2026-05-07,1.419823,234,187,1.251337,6.06762,1,1.419823,0.42735,1,0.42735,facebook,instream_video,,,,,,
2026-05-07,2026-05-07,18.22773,2070,1535,1.348534,8.805666,9,2.025303,0.434783,7,0.338164,facebook,marketplace,,,,,,
2026-05-07,2026-05-07,3.249595,2084,792,2.631313,1.559307,4,0.812399,0.191939,4,0.191939,facebook,right_hand_column,,,,,,
2026-05-07,2026-05-07,18.277723,2012,1813,1.109763,9.084356,16,1.142358,0.795229,17,0.84493,facebook,search,,,,,,
2026-05-07,2026-05-07,166.449268,3944,3484,1.132032,42.203161,58,2.869815,1.470588,54,1.369168,instagram,feed,1.0,89.88,4.0,0.539984,166.449268,0.018518518518518517
2026-05-07,2026-05-07,0.0,2,2,1.0,0.0,0,,0.0,0,,instagram,instagram_explore_grid_home,,,,,,
2026-05-07,2026-05-07,43.054637,1270,1093,1.16194,33.901289,32,1.345457,2.519685,36,2.834646,instagram,instagram_reels,,,22.0,,,
2026-05-07,2026-05-07,0.009999,3,3,1.0,3.332918,0,,0.0,0,,instagram,instagram_search,,,,,,
2026-05-07,2026-05-07,34.715676,765,605,1.264463,45.379969,15,2.314378,1.960784,15,1.960784,instagram,instagram_stories,,,1.0,,,
2026-05-07,2026-05-07,0.009999,1,1,1.0,9.998755,0,,0.0,0,,messenger,messenger_stories,,,,,,
2026-05-07,2026-05-07,0.709912,51,51,1.0,13.919835,2,0.354956,3.921569,2,3.921569,threads,threads_feed,,,,,,
2026-05-07,2026-05-07,0.429946,48,47,1.021277,8.957218,1,0.429946,2.083333,1,2.083333,unknown,unknown,,,,,,
2026-05-08,2026-05-08,40.087232,1888,290,6.510345,21.232644,414,0.096829,21.927966,516,27.330508,audience_network,an_classic,,,,,,
2026-05-08,2026-05-08,18.668711,505,120,4.208333,36.967745,218,0.085636,43.168317,279,55.247525,audience_network,rewarded_video,,,,,,
2026-05-08,2026-05-08,6.009585,122,122,1.0,49.258894,9,0.667732,7.377049,9,7.377049,facebook,facebook_notification,,,,,,
2026-05-08,2026-05-08,8.029446,207,203,1.019704,38.789593,0,,0.0,0,,facebook,facebook_profile_feed,,,,,,
2026-05-08,2026-05-08,133.330795,4177,3375,1.23763,31.920229,84,1.587271,2.011013,71,1.699785,facebook,facebook_reels,1.0,59.92,5.0,0.449409,133.330795,0.014084507042253521
2026-05-08,2026-05-08,8.739397,2786,1597,1.744521,3.136898,8,1.092425,0.28715,8,0.28715,facebook,facebook_reels_overlay,1.0,59.92,5.0,6.856309,8.739397,0.125
2026-05-08,2026-05-08,21.308529,373,333,1.12012,57.127423,15,1.420569,4.021448,15,4.021448,facebook,facebook_stories,,,,,,
2026-05-08,2026-05-08,1955.085021,102393,82701,1.238111,19.093932,1258,1.554122,1.2286,891,0.870177,facebook,feed,30.0,1700.69,55.0,0.86988,65.1695007,0.03367003367003367
2026-05-08,2026-05-08,1.289911,274,208,1.317308,4.707704,1,1.289911,0.364964,1,0.364964,facebook,instream_video,,,,,,
2026-05-08,2026-05-08,14.369008,1587,1138,1.394552,9.054195,7,2.052715,0.441084,5,0.31506,facebook,marketplace,,,,,,
2026-05-08,2026-05-08,3.129784,2070,707,2.927864,1.511973,1,3.129784,0.048309,1,0.048309,facebook,right_hand_column,,,,,,
2026-05-08,2026-05-08,22.59844,1753,1666,1.052221,12.891295,19,1.189392,1.083856,18,1.026811,facebook,search,1.0,54.93,1.0,2.430699,22.59844,0.05555555555555555
2026-05-08,2026-05-08,153.779383,4134,3669,1.126738,37.19869,65,2.365837,1.572327,65,1.572327,instagram,feed,1.0,57.96,3.0,0.376904,153.779383,0.015384615384615385
2026-05-08,2026-05-08,0.009999,1,1,1.0,9.99931,0,,0.0,0,,instagram,instagram_explore,,,,,,
2026-05-08,2026-05-08,0.009999,2,2,1.0,4.999655,0,,0.0,0,,instagram,instagram_explore_grid_home,,,,,,
2026-05-08,2026-05-08,41.207155,1309,1105,1.184615,31.479874,26,1.584891,1.986249,24,1.833461,instagram,instagram_reels,,,,,,
2026-05-08,2026-05-08,0.039997,7,7,1.0,5.713891,0,,0.0,0,,instagram,instagram_search,,,,,,
2026-05-08,2026-05-08,34.017651,881,731,1.205198,38.612544,19,1.790403,2.15664,18,2.043133,instagram,instagram_stories,2.0,146.77,3.0,4.314525,17.0088255,0.1111111111111111
2026-05-08,2026-05-08,0.629957,39,39,1.0,16.152731,0,,0.0,0,,threads,threads_feed,,,,,,
2026-05-08,2026-05-08,0.009999,6,5,1.2,1.666552,3,0.003333,50.0,0,,unknown,unknown,,,,,,
2026-05-09,2026-05-09,51.76646,2050,356,5.758427,25.251932,475,0.108982,23.170732,543,26.487805,audience_network,an_classic,,,,,,
2026-05-09,2026-05-09,15.338951,466,127,3.669291,32.916204,183,0.083819,39.270386,215,46.137339,audience_network,rewarded_video,,,,,,
2026-05-09,2026-05-09,0.019999,1,1,1.0,19.998632,0,,0.0,0,,facebook,biz_disco_feed,,,,,,
2026-05-09,2026-05-09,4.369701,100,100,1.0,43.697012,6,0.728284,6.0,6,6.0,facebook,facebook_notification,,,,,,
2026-05-09,2026-05-09,3.829738,166,164,1.012195,23.070711,1,3.829738,0.60241,1,0.60241,facebook,facebook_profile_feed,,,,,,
2026-05-09,2026-05-09,163.7688,4975,3701,1.344231,32.918352,96,1.705925,1.929648,84,1.688442,facebook,facebook_reels,4.0,248.85,6.0,1.51952,40.9422,0.047619047619047616
2026-05-09,2026-05-09,8.989385,2863,1691,1.693081,3.139848,7,1.284198,0.244499,7,0.244499,facebook,facebook_reels_overlay,,,1.0,,,
2026-05-09,2026-05-09,25.378264,478,436,1.09633,53.092603,12,2.114855,2.51046,12,2.51046,facebook,facebook_stories,1.0,59.92,1.0,2.361076,25.378264,0.08333333333333333
2026-05-09,2026-05-09,1809.316259,94625,74736,1.266123,19.120912,1269,1.425781,1.341083,936,0.989168,facebook,feed,25.0,1642.54,47.0,0.907824,72.37265036,0.026709401709401708
2026-05-09,2026-05-09,0.869941,174,137,1.270073,4.999658,1,0.869941,0.574713,1,0.574713,facebook,instream_video,,,,,,
2026-05-09,2026-05-09,13.389084,1648,1234,1.335494,8.124444,4,3.347271,0.242718,4,0.242718,facebook,marketplace,,,,,,
2026-05-09,2026-05-09,1.809876,1461,613,2.383361,1.238793,0,,0.0,0,,facebook,right_hand_column,,,1.0,,,
2026-05-09,2026-05-09,13.319089,2648,2347,1.128249,5.029867,16,0.832443,0.60423,15,0.566465,facebook,search,1.0,64.98,1.0,4.878712,13.319089,0.06666666666666667
2026-05-09,2026-05-09,144.390125,3748,3319,1.129256,38.52458,51,2.831179,1.360726,51,1.360726,instagram,feed,3.0,153.21,7.0,1.061084,48.13004166666667,0.058823529411764705
2026-05-09,2026-05-09,0.009999,1,1,1.0,9.999316,0,,0.0,0,,instagram,instagram_explore,,,,,,
2026-05-09,2026-05-09,42.827071,1362,1171,1.163108,31.444252,33,1.29779,2.422907,32,2.349486,instagram,instagram_reels,,,,,,
2026-05-09,2026-05-09,0.029998,4,4,1.0,7.499487,0,,0.0,0,,instagram,instagram_search,,,,,,
2026-05-09,2026-05-09,39.457301,958,804,1.191542,41.187162,22,1.793514,2.296451,22,2.296451,instagram,instagram_stories,1.0,59.92,4.0,1.518604,39.457301,0.045454545454545456
2026-05-09,2026-05-09,0.539963,50,49,1.020408,10.799261,0,,0.0,0,,threads,threads_feed,,,,,,
2026-05-09,2026-05-09,0.069995,12,11,1.090909,5.832934,2,0.034998,16.666667,0,,unknown,unknown,,,,,,
2026-05-10,2026-05-10,51.546916,2251,411,5.476886,22.899563,501,0.102888,22.256775,584,25.944025,audience_network,an_classic,1.0,54.93,3.0,1.065631,51.546916,0.0017123287671232876
2026-05-10,2026-05-10,17.738939,457,145,3.151724,38.816058,171,0.103736,37.417943,201,43.982495,audience_network,rewarded_video,,,,,,
2026-05-10,2026-05-10,10.069398,164,162,1.012346,61.398765,9,1.118822,5.487805,9,5.487805,facebook,facebook_notification,1.0,184.76,1.0,18.348665,10.069398,0.1111111111111111
2026-05-10,2026-05-10,1.479911,166,160,1.0375,8.915129,3,0.493304,1.807229,2,1.204819,facebook,facebook_profile_feed,,,,,,
2026-05-10,2026-05-10,250.415017,6997,5378,1.301041,35.788912,127,1.971772,1.815064,116,1.657853,facebook,facebook_reels,6.0,311.2,11.0,1.242737,41.735836166666665,0.05172413793103448
2026-05-10,2026-05-10,10.769356,3058,1820,1.68022,3.521699,11,0.979032,0.359712,11,0.359712,facebook,facebook_reels_overlay,2.0,79.9,2.0,7.4192,5.384678,0.18181818181818182
2026-05-10,2026-05-10,37.93773,628,568,1.105634,60.410398,17,2.231631,2.707006,17,2.707006,facebook,facebook_stories,,,,,,
2026-05-10,2026-05-10,2092.264814,106623,80768,1.320114,19.623016,1481,1.412738,1.389006,1089,1.021356,facebook,feed,24.0,1518.56,72.0,0.725797,87.17770058333333,0.02203856749311295
2026-05-10,2026-05-10,1.479911,277,211,1.312796,5.342641,1,1.479911,0.361011,1,0.361011,facebook,instream_video,,,,,,
2026-05-10,2026-05-10,12.959225,1446,1026,1.409357,8.962119,8,1.619903,0.55325,8,0.55325,facebook,marketplace,1.0,54.93,2.0,4.23868,12.959225,0.125
2026-05-10,2026-05-10,2.719837,1616,526,3.072243,1.683068,0,,0.0,0,,facebook,right_hand_column,1.0,164.78,1.0,60.584507,2.719837,
2026-05-10,2026-05-10,16.968985,2499,2297,1.087941,6.79031,17,0.998176,0.680272,17,0.680272,facebook,search,,,,,,
2026-05-10,2026-05-10,220.6168,5795,5177,1.119374,38.070198,99,2.228453,1.708369,95,1.639344,instagram,feed,2.0,114.85,4.0,0.520586,110.3084,0.021052631578947368
2026-05-10,2026-05-10,59.66643,1613,1370,1.177372,36.990967,31,1.924724,1.921885,27,1.6739,instagram,instagram_reels,1.0,59.92,1.0,1.00425,59.66643,0.037037037037037035
2026-05-10,2026-05-10,0.029998,8,8,1.0,3.749776,0,,0.0,0,,instagram,instagram_search,,,,,,
2026-05-10,2026-05-10,54.226755,1439,1079,1.333642,37.683638,24,2.259448,1.667825,22,1.528839,instagram,instagram_stories,1.0,24.97,2.0,0.460474,54.226755,0.045454545454545456
2026-05-10,2026-05-10,0.359978,32,32,1.0,11.249327,0,,0.0,0,,threads,threads_feed,,,,,,
2026-05-10,2026-05-10,0.0,1,1,1.0,0.0,0,,0.0,0,,unknown,unknown,,,,,,
2026-05-11,2026-05-11,59.606445,1954,396,4.934343,30.504834,495,0.120417,25.332651,573,29.324463,audience_network,an_classic,,,1.0,,,
2026-05-11,2026-05-11,31.218138,873,223,3.914798,35.759609,346,0.090226,39.633448,443,50.744559,audience_network,rewarded_video,,,,,,
2026-05-11,2026-05-11,0.049997,1,1,1.0,49.997018,0,,0.0,0,,facebook,biz_disco_feed,,,,,,
2026-05-11,2026-05-11,7.439556,174,174,1.0,42.756071,8,0.929945,4.597701,8,4.597701,facebook,facebook_notification,,,,,,
2026-05-11,2026-05-11,1.949884,156,152,1.026316,12.499255,0,,0.0,0,,facebook,facebook_profile_feed,,,,,,
2026-05-11,2026-05-11,162.070335,4651,3478,1.337263,34.846342,93,1.742692,1.99957,75,1.612556,facebook,facebook_reels,3.0,189.45,8.0,1.168937,54.023445,0.04
2026-05-11,2026-05-11,8.009522,2360,1460,1.616438,3.393865,4,2.002381,0.169492,4,0.169492,facebook,facebook_reels_overlay,,,,,,
2026-05-11,2026-05-11,28.228317,421,393,1.071247,67.050633,12,2.35236,2.850356,12,2.850356,facebook,facebook_stories,,,,,,
2026-05-11,2026-05-11,1738.25634,85434,65633,1.301693,20.346189,1107,1.570241,1.295737,800,0.936395,facebook,feed,21.0,1370.62,53.0,0.788503,82.77411142857143,0.02625
2026-05-11,2026-05-11,2.51985,322,272,1.183824,7.82562,1,2.51985,0.310559,1,0.310559,facebook,instream_video,,,,,,
2026-05-11,2026-05-11,11.559311,1469,1078,1.362709,7.86883,5,2.311862,0.340368,5,0.340368,facebook,marketplace,,,,,,
2026-05-11,2026-05-11,3.229807,1874,687,2.727802,1.723483,1,3.229807,0.053362,1,0.053362,facebook,right_hand_column,,,,,,
2026-05-11,2026-05-11,12.24927,1378,1254,1.098884,8.889165,10,1.224927,0.725689,10,0.725689,facebook,search,,,1.0,,,
2026-05-11,2026-05-11,189.738685,4997,4413,1.132336,37.970519,75,2.529849,1.500901,68,1.360816,instagram,feed,3.0,155.75,4.0,0.820866,63.246228333333335,0.04411764705882353
2026-05-11,2026-05-11,0.0,2,2,1.0,0.0,0,,0.0,0,,instagram,instagram_explore_grid_home,,,,,,
2026-05-11,2026-05-11,50.257003,1334,1227,1.087205,37.673915,35,1.435914,2.623688,34,2.548726,instagram,instagram_reels,,,4.0,,,
2026-05-11,2026-05-11,0.049997,2,2,1.0,24.998509,0,,0.0,0,,instagram,instagram_search,,,,,,
2026-05-11,2026-05-11,40.277598,987,829,1.190591,40.808103,20,2.01388,2.026342,19,1.925025,instagram,instagram_stories,,,1.0,,,
2026-05-11,2026-05-11,0.83995,38,38,1.0,22.103945,1,0.83995,2.631579,1,2.631579,threads,threads_feed,,,,,,
2026-05-11,2026-05-11,0.089995,17,17,1.0,5.293802,0,,0.0,0,,unknown,unknown,,,,,,
2026-05-12,2026-05-12,42.226544,1855,386,4.805699,22.763636,388,0.108831,20.916442,463,24.959569,audience_network,an_classic,,,,,,
2026-05-12,2026-05-12,22.23818,619,193,3.207254,35.925977,260,0.085531,42.003231,349,56.38126,audience_network,rewarded_video,1.0,54.93,1.0,2.470076,22.23818,0.0028653295128939827
2026-05-12,2026-05-12,0.029998,2,2,1.0,14.998772,0,,0.0,0,,facebook,biz_disco_feed,,,,,,
2026-05-12,2026-05-12,7.639375,159,158,1.006329,48.046382,8,0.954922,5.031447,8,5.031447,facebook,facebook_notification,,,,,,
2026-05-12,2026-05-12,1.799853,135,130,1.038462,13.332242,0,,0.0,0,,facebook,facebook_profile_feed,,,,,,
2026-05-12,2026-05-12,176.025593,4629,3777,1.225576,38.0267,86,2.046809,1.857853,79,1.706632,facebook,facebook_reels,1.0,112.61,1.0,0.639737,176.025593,0.012658227848101266
2026-05-12,2026-05-12,9.019262,2499,1434,1.742678,3.609148,5,1.803852,0.20008,5,0.20008,facebook,facebook_reels_overlay,2.0,181.75,3.0,20.151317,4.509631,0.4
2026-05-12,2026-05-12,28.767646,345,331,1.042296,83.38448,10,2.876765,2.898551,10,2.898551,facebook,facebook_stories,,,,,,
2026-05-12,2026-05-12,1934.04171,89222,71615,1.245856,21.676736,1097,1.763028,1.229517,771,0.864137,facebook,feed,23.0,1344.67,53.0,0.695264,84.08877,0.029831387808041506
2026-05-12,2026-05-12,1.989837,322,241,1.3361,6.179618,1,1.989837,0.310559,1,0.310559,facebook,instream_video,,,,,,
2026-05-12,2026-05-12,12.808952,1273,939,1.355698,10.06202,5,2.56179,0.392773,5,0.392773,facebook,marketplace,,,,,,
2026-05-12,2026-05-12,3.429719,2120,674,3.145401,1.617792,1,3.429719,0.04717,1,0.04717,facebook,right_hand_column,,,,,,
2026-05-12,2026-05-12,11.779036,1302,1209,1.076923,9.046879,14,0.84136,1.075269,14,1.075269,facebook,search,,,,,,
2026-05-12,2026-05-12,213.492527,5587,5374,1.039635,38.212373,66,3.234735,1.181314,58,1.038124,instagram,feed,2.0,124.84,7.0,0.584751,106.7462635,0.034482758620689655
2026-05-12,2026-05-12,49.24597,1322,1108,1.193141,37.251112,25,1.969839,1.891074,25,1.891074,instagram,instagram_reels,,,,,,
2026-05-12,2026-05-12,0.009999,4,4,1.0,2.499795,0,,0.0,0,,instagram,instagram_search,,,,,,
2026-05-12,2026-05-12,48.985991,1019,829,1.229192,48.072611,20,2.4493,1.962709,20,1.962709,instagram,instagram_stories,,,,,,
2026-05-12,2026-05-12,0.009999,1,1,1.0,9.999182,0,,0.0,0,,messenger,messenger_stories,,,,,,
2026-05-12,2026-05-12,1.669863,49,49,1.0,34.078844,1,1.669863,2.040816,1,2.040816,threads,threads_feed,,,,,,
2026-05-12,2026-05-12,0.649947,96,96,1.0,6.770279,1,0.649947,1.041667,0,,unknown,unknown,,,,,,
2026-05-13,2026-05-13,47.012196,2845,357,7.969188,16.524498,493,0.095359,17.328647,591,20.773286,audience_network,an_classic,1.0,89.88,1.0,1.911844,47.012196,0.001692047377326565
2026-05-13,2026-05-13,10.788209,328,117,2.803419,32.890881,138,0.078175,42.073171,158,48.170732,audience_network,rewarded_video,,,,,,
2026-05-13,2026-05-13,6.368943,160,159,1.006289,39.805892,8,0.796118,5.0,9,5.625,facebook,facebook_notification,,,,,,
2026-05-13,2026-05-13,1.329779,107,104,1.028846,12.427843,0,,0.0,0,,facebook,facebook_profile_feed,,,1.0,,,
2026-05-13,2026-05-13,179.400218,4803,3651,1.31553,37.351701,108,1.661113,2.248595,94,1.95711,facebook,facebook_reels,,,2.0,,,
2026-05-13,2026-05-13,12.247967,3638,2221,1.638001,3.366676,12,1.020664,0.329852,12,0.329852,facebook,facebook_reels_overlay,,,1.0,,,
2026-05-13,2026-05-13,31.944697,397,367,1.081744,80.465231,14,2.281764,3.526448,14,3.526448,facebook,facebook_stories,1.0,54.92,1.0,1.719221,31.944697,0.07142857142857142
2026-05-13,2026-05-13,1882.617467,90872,77549,1.171801,20.717245,1111,1.694525,1.222599,790,0.869355,facebook,feed,21.0,1241.37,43.0,0.659385,89.64845080952381,0.026582278481012658
2026-05-13,2026-05-13,2.479588,366,278,1.316547,6.774832,3,0.826529,0.819672,3,0.819672,facebook,instream_video,1.0,59.92,1.0,24.165301,2.479588,0.3333333333333333
2026-05-13,2026-05-13,11.388109,1275,947,1.346357,8.931851,3,3.796036,0.235294,3,0.235294,facebook,marketplace,,,,,,
2026-05-13,2026-05-13,4.679223,2610,772,3.380829,1.792806,1,4.679223,0.038314,1,0.038314,facebook,right_hand_column,,,,,,
2026-05-13,2026-05-13,11.858031,1667,1539,1.083171,7.113396,12,0.988169,0.719856,12,0.719856,facebook,search,,,,,,
2026-05-13,2026-05-13,225.822511,5336,4837,1.103163,42.320561,77,2.93276,1.443028,67,1.255622,instagram,feed,2.0,109.86,4.0,0.486488,112.9112555,0.029850746268656716
2026-05-13,2026-05-13,0.0,1,1,1.0,0.0,0,,0.0,0,,instagram,instagram_explore_grid_home,,,,,,
2026-05-13,2026-05-13,53.841062,1101,964,1.142116,48.901964,18,2.99117,1.634877,17,1.544051,instagram,instagram_reels,1.0,59.92,1.0,1.112905,53.841062,0.058823529411764705
2026-05-13,2026-05-13,0.029995,5,5,1.0,5.999004,0,,0.0,0,,instagram,instagram_search,,,,,,
2026-05-13,2026-05-13,47.082184,1006,864,1.164352,46.801376,32,1.471318,3.180915,33,3.280318,instagram,instagram_stories,,,,,,
2026-05-13,2026-05-13,0.0,1,1,1.0,0.0,0,,0.0,0,,messenger,messenger_stories,,,,,,
2026-05-13,2026-05-13,0.629895,34,34,1.0,18.526336,0,,0.0,0,,threads,threads_feed,,,,,,
2026-05-13,2026-05-13,0.449925,48,47,1.021277,9.373444,1,0.449925,2.083333,1,2.083333,unknown,unknown,,,,,,
2026-05-14,2026-05-14,28.719552,1063,235,4.523404,27.017452,233,0.12326,21.919097,276,25.964252,audience_network,an_classic,2.0,152.82,1.0,5.321114,14.359776,0.007246376811594203
2026-05-14,2026-05-14,0.859987,31,19,1.631579,27.741503,17,0.050587,54.83871,21,67.741935,audience_network,rewarded_video,,,,,,
2026-05-14,2026-05-14,3.83994,118,115,1.026087,32.541865,5,0.767988,4.237288,5,4.237288,facebook,facebook_notification,,,,,,
2026-05-14,2026-05-14,0.829987,86,83,1.036145,9.651012,3,0.276662,3.488372,2,2.325581,facebook,facebook_profile_feed,,,,,,
2026-05-14,2026-05-14,161.317482,3249,2492,1.303772,49.651426,82,1.967286,2.523853,74,2.277624,facebook,facebook_reels,,,3.0,,,
2026-05-14,2026-05-14,9.429853,2590,1464,1.769126,3.64087,8,1.178732,0.30888,9,0.34749,facebook,facebook_reels_overlay,1.0,59.92,,6.354288,9.429853,0.1111111111111111
2026-05-14,2026-05-14,22.529648,271,243,1.115226,83.135234,6,3.754941,2.214022,6,2.214022,facebook,facebook_stories,1.0,29.95,,1.329359,22.529648,0.16666666666666666
2026-05-14,2026-05-14,1448.097399,62881,48849,1.287253,23.029173,750,1.930797,1.192729,575,0.914426,facebook,feed,23.0,1391.45,48.0,0.960882,62.96075647826087,0.04
2026-05-14,2026-05-14,2.249965,311,220,1.413636,7.234614,3,0.749988,0.96463,2,0.643087,facebook,instream_video,,,,,,
2026-05-14,2026-05-14,8.069874,902,632,1.427215,8.946645,4,2.017469,0.443459,4,0.443459,facebook,marketplace,,,,,,
2026-05-14,2026-05-14,2.619959,1900,575,3.304348,1.378926,1,2.619959,0.052632,1,0.052632,facebook,right_hand_column,1.0,167.92,3.0,64.092603,2.619959,1.0
2026-05-14,2026-05-14,7.009891,1337,1229,1.087876,5.243,15,0.467326,1.121915,14,1.04712,facebook,search,,,,,,
2026-05-14,2026-05-14,155.197578,3178,2925,1.086496,48.834984,50,3.103952,1.573317,50,1.573317,instagram,feed,1.0,59.92,2.0,0.386089,155.197578,0.02
2026-05-14,2026-05-14,34.209466,738,653,1.130168,46.35429,16,2.138092,2.168022,14,1.897019,instagram,instagram_reels,1.0,105.83,1.0,3.093588,34.209466,0.07142857142857142
2026-05-14,2026-05-14,0.069999,9,8,1.125,7.777656,0,,0.0,0,,instagram,instagram_search,,,,,,
2026-05-14,2026-05-14,36.039438,730,617,1.183144,49.369092,15,2.402629,2.054795,15,2.054795,instagram,instagram_stories,1.0,74.9,1.0,2.078279,36.039438,0.06666666666666667
2026-05-14,2026-05-14,0.739988,19,19,1.0,38.946761,0,,0.0,0,,threads,threads_feed,,,,,,
2026-05-14,2026-05-14,0.339995,24,20,1.2,14.166446,0,,0.0,0,,unknown,unknown,,,,,,
2026-05-15,2026-05-15,11.189751,475,147,3.231293,23.557371,84,0.133211,17.684211,94,19.789474,audience_network,an_classic,,,,,,
2026-05-15,2026-05-15,0.279994,10,7,1.428571,27.999378,5,0.055999,50.0,5,50.0,audience_network,rewarded_video,,,,,,
2026-05-15,2026-05-15,2.519944,51,51,1.0,49.410666,3,0.839981,5.882353,3,5.882353,facebook,facebook_notification,1.0,59.92,1.0,23.778306,2.519944,0.3333333333333333
2026-05-15,2026-05-15,0.659985,42,41,1.02439,15.713936,0,,0.0,0,,facebook,facebook_profile_feed,,,,,,
2026-05-15,2026-05-15,72.588386,1806,1584,1.140152,40.192905,43,1.688102,2.380952,37,2.048726,facebook,facebook_reels,2.0,269.78,2.0,3.716573,36.294193,0.05405405405405406
2026-05-15,2026-05-15,5.759872,1577,1001,1.575425,3.652424,6,0.959979,0.380469,6,0.380469,facebook,facebook_reels_overlay,1.0,47.92,2.0,8.319629,5.759872,0.16666666666666666
2026-05-15,2026-05-15,8.9798,131,128,1.023438,68.548094,5,1.79596,3.816794,5,3.816794,facebook,facebook_stories,,,,,,
2026-05-15,2026-05-15,1108.905346,61626,53365,1.154802,17.994115,634,1.749062,1.028787,471,0.764288,facebook,feed,12.0,780.19,23.0,0.703568,92.40877883333333,0.025477707006369428
2026-05-15,2026-05-15,1.219973,190,145,1.310345,6.42091,1,1.219973,0.526316,1,0.526316,facebook,instream_video,,,,,,
2026-05-15,2026-05-15,3.819915,418,353,1.184136,9.138553,1,3.819915,0.239234,1,0.239234,facebook,marketplace,1.0,11.98,1.0,3.136195,3.819915,1.0
2026-05-15,2026-05-15,1.199973,591,222,2.662162,2.030412,0,,0.0,0,,facebook,right_hand_column,,,,,,
2026-05-15,2026-05-15,4.159908,523,485,1.078351,7.953934,7,0.594273,1.338432,7,1.338432,facebook,search,4.0,294.66,6.0,70.833306,1.039977,0.5714285714285714
2026-05-15,2026-05-15,85.678095,2120,1973,1.074506,40.414196,39,2.196874,1.839623,38,1.792453,instagram,feed,,,,,,
2026-05-15,2026-05-15,21.859514,504,483,1.043478,43.372052,10,2.185951,1.984127,10,1.984127,instagram,instagram_reels,1.0,39.95,2.0,1.82758,21.859514,0.1
2026-05-15,2026-05-15,0.0,1,1,1.0,0.0,0,,0.0,0,,instagram,instagram_search,,,,,,
2026-05-15,2026-05-15,20.309548,426,402,1.059701,47.674996,12,1.692462,2.816901,12,2.816901,instagram,instagram_stories,,,1.0,,,
2026-05-15,2026-05-15,0.219995,4,4,1.0,54.998777,0,,0.0,0,,threads,threads_feed,,,,,,
2026-05-15,2026-05-15,0.029999,3,2,1.5,9.999778,0,,0.0,0,,unknown,unknown,,,,,,
2026-05-16,2026-05-16,2.970018,126,72,1.75,23.571574,17,0.174707,13.492063,17,13.492063,audience_network,an_classic,,,1.0,,,
2026-05-16,2026-05-16,0.03,1,1,1.0,30.000185,0,,0.0,1,100.0,audience_network,rewarded_video,,,,,,
2026-05-16,2026-05-16,0.01,1,1,1.0,10.000062,0,,0.0,0,,facebook,biz_disco_feed,,,,,,
2026-05-16,2026-05-16,0.730005,15,15,1.0,48.666967,1,0.730005,6.666667,1,6.666667,facebook,facebook_notification,,,,,,
2026-05-16,2026-05-16,1.450009,84,83,1.012048,17.262011,0,,0.0,0,,facebook,facebook_profile_feed,,,,,,
2026-05-16,2026-05-16,101.100624,2610,2432,1.073191,38.735871,31,3.26131,1.187739,29,1.111111,facebook,facebook_reels,1.0,224.7,6.0,2.222538,101.100624,0.034482758620689655
2026-05-16,2026-05-16,4.950031,1353,912,1.483553,3.658559,6,0.825005,0.443459,6,0.443459,facebook,facebook_reels_overlay,1.0,369.39,1.0,74.623782,4.950031,0.16666666666666666
2026-05-16,2026-05-16,7.670047,146,144,1.013889,52.534571,2,3.835024,1.369863,2,1.369863,facebook,facebook_stories,,,,,,
2026-05-16,2026-05-16,1380.228523,77050,69997,1.100761,17.913414,703,1.963341,0.912395,486,0.630759,facebook,feed,13.0,750.0,24.0,0.543388,106.17142484615384,0.026748971193415638
2026-05-16,2026-05-16,0.520003,76,60,1.266667,6.842148,0,,0.0,0,,facebook,instream_video,,,,,,
2026-05-16,2026-05-16,0.810005,136,115,1.182609,5.955919,1,0.810005,0.735294,1,0.735294,facebook,marketplace,,,,,,
2026-05-16,2026-05-16,0.07,53,35,1.514286,1.320763,0,,0.0,0,,facebook,right_hand_column,,,,,,
2026-05-16,2026-05-16,0.500003,129,127,1.015748,3.875993,0,,0.0,0,,facebook,search,,,,,,
2026-05-16,2026-05-16,94.440583,3077,3029,1.015847,30.692422,20,4.722029,0.649984,18,0.584985,instagram,feed,,,5.0,,,
2026-05-16,2026-05-16,10.140063,361,350,1.031429,28.088816,9,1.126674,2.493075,10,2.770083,instagram,instagram_reels,,,1.0,,,
2026-05-16,2026-05-16,0.01,1,1,1.0,10.000062,0,,0.0,0,,instagram,instagram_search,,,,,,
2026-05-16,2026-05-16,13.650084,401,401,1.0,34.04011,6,2.275014,1.496259,6,1.496259,instagram,instagram_stories,,,,,,
2026-05-16,2026-05-16,0.110001,6,6,1.0,18.333447,0,,0.0,0,,threads,threads_feed,,,,,,
2026-05-17,2026-05-17,17.790072,671,190,3.531579,26.512776,143,0.124406,21.311475,177,26.378539,audience_network,an_classic,,,3.0,,,
2026-05-17,2026-05-17,1.490006,27,10,2.7,55.18541,11,0.135455,40.740741,17,62.962963,audience_network,rewarded_video,,,,,,
2026-05-17,2026-05-17,5.330022,85,84,1.011905,62.706138,7,0.761432,8.235294,7,8.235294,facebook,facebook_notification,2.0,54.93,4.0,10.305774,2.665011,0.2857142857142857
2026-05-17,2026-05-17,1.290005,102,101,1.009901,12.64711,0,,0.0,0,,facebook,facebook_profile_feed,,,,,,
2026-05-17,2026-05-17,119.280485,4114,3640,1.13022,28.993798,72,1.656673,1.750122,58,1.40982,facebook,facebook_reels,3.0,214.85,9.0,1.801217,39.76016166666667,0.05172413793103448
2026-05-17,2026-05-17,7.26003,2034,1198,1.69783,3.569336,5,1.452006,0.245821,5,0.245821,facebook,facebook_reels_overlay,,,,,,
2026-05-17,2026-05-17,23.630096,456,438,1.041096,51.820386,13,1.8177,2.850877,13,2.850877,facebook,facebook_stories,,,,,,
2026-05-17,2026-05-17,2016.058204,132771,119102,1.114767,15.184477,1355,1.487866,1.020554,958,0.721543,facebook,feed,24.0,1373.17,55.0,0.681116,84.00242516666667,0.025052192066805846
2026-05-17,2026-05-17,1.210005,163,127,1.283465,7.423343,1,1.210005,0.613497,1,0.613497,facebook,instream_video,,,,,,
2026-05-17,2026-05-17,7.640031,718,553,1.298373,10.640712,4,1.910008,0.557103,4,0.557103,facebook,marketplace,,,,,,
2026-05-17,2026-05-17,0.810003,522,212,2.462264,1.55173,0,,0.0,0,,facebook,right_hand_column,1.0,59.92,1.0,73.975008,0.810003,
2026-05-17,2026-05-17,4.320018,752,703,1.069701,5.744704,10,0.432002,1.329787,11,1.462766,facebook,search,,,1.0,,,
2026-05-17,2026-05-17,181.150737,6471,6418,1.008258,27.994242,63,2.875409,0.973574,61,0.942667,instagram,feed,2.0,43.94,3.0,0.24256,90.5753685,0.03278688524590164
2026-05-17,2026-05-17,28.780117,1069,993,1.076536,26.922467,30,0.959337,2.806361,33,3.086997,instagram,instagram_reels,2.0,123.83,4.0,4.302623,14.3900585,0.06060606060606061
2026-05-17,2026-05-17,0.0,3,3,1.0,0.0,0,,0.0,0,,instagram,instagram_search,,,,,,
2026-05-17,2026-05-17,40.720166,1092,993,1.099698,37.289529,14,2.908583,1.282051,13,1.190476,instagram,instagram_stories,1.0,59.92,4.0,1.471507,40.720166,0.07692307692307693
2026-05-17,2026-05-17,0.330001,12,12,1.0,27.500112,0,,0.0,0,,threads,threads_feed,,,,,,
2026-05-17,2026-05-17,0.180001,13,11,1.181818,13.84621,0,,0.0,0,,unknown,unknown,,,,,,
2026-05-18,2026-05-18,21.858216,903,201,4.492537,24.206219,185,0.118153,20.487265,211,23.366556,audience_network,an_classic,,,,,,
2026-05-18,2026-05-18,7.429393,112,108,1.037037,66.33387,3,2.476464,2.678571,3,2.678571,facebook,facebook_notification,,,,,,
2026-05-18,2026-05-18,0.779936,106,101,1.049505,7.35789,0,,0.0,0,,facebook,facebook_profile_feed,,,,,,
2026-05-18,2026-05-18,77.723655,2445,1984,1.232359,31.788816,42,1.850563,1.717791,35,1.431493,facebook,facebook_reels,2.0,129.83,4.0,1.670405,38.8618275,0.05714285714285714
2026-05-18,2026-05-18,9.649212,2557,1512,1.691138,3.773646,10,0.964921,0.391083,10,0.391083,facebook,facebook_reels_overlay,,,,,,
2026-05-18,2026-05-18,9.329238,170,159,1.069182,54.877873,6,1.554873,3.529412,6,3.529412,facebook,facebook_stories,1.0,165.93,2.0,17.786018,9.329238,0.16666666666666666
2026-05-18,2026-05-18,1071.612514,54926,44769,1.226876,19.510114,700,1.530875,1.274442,520,0.946728,facebook,feed,15.0,937.71,30.0,0.875046,71.44083426666666,0.028846153846153848
2026-05-18,2026-05-18,1.899845,286,188,1.521277,6.642814,1,1.899845,0.34965,1,0.34965,facebook,instream_video,,,,,,
2026-05-18,2026-05-18,5.829524,674,454,1.484582,8.649146,3,1.943175,0.445104,3,0.445104,facebook,marketplace,,,4.0,,,
2026-05-18,2026-05-18,1.499878,1060,356,2.977528,1.414979,0,,0.0,0,,facebook,right_hand_column,,,,,,
2026-05-18,2026-05-18,5.469553,692,639,1.082942,7.903979,8,0.683694,1.156069,8,1.156069,facebook,search,,,,,,
2026-05-18,2026-05-18,92.142478,2163,1985,1.089673,42.599389,36,2.559513,1.664355,35,1.618123,instagram,feed,2.0,146.95,5.0,1.594813,46.071239,0.05714285714285714
2026-05-18,2026-05-18,22.018202,629,581,1.082616,35.005091,18,1.223233,2.861685,15,2.384738,instagram,instagram_reels,,,,,,
2026-05-18,2026-05-18,0.009999,4,4,1.0,2.499796,0,,0.0,0,,instagram,instagram_search,,,,,,
2026-05-18,2026-05-18,19.618398,445,395,1.126582,44.086288,8,2.4523,1.797753,8,1.797753,instagram,instagram_stories,,,,,,
2026-05-18,2026-05-18,0.319974,17,17,1.0,18.821993,0,,0.0,0,,threads,threads_feed,,,,,,
2026-05-18,2026-05-18,0.189984,7,6,1.166667,27.140641,0,,0.0,0,,unknown,unknown,,,,,,
2026-05-19,2026-05-19,15.178769,762,198,3.848485,19.919645,117,0.129733,15.354331,133,17.454068,audience_network,an_classic,,,,,,
2026-05-19,2026-05-19,5.839527,156,64,2.4375,37.432863,60,0.097325,38.461538,71,45.512821,audience_network,rewarded_video,,,,,,
2026-05-19,2026-05-19,6.77945,108,106,1.018868,62.772689,4,1.694863,3.703704,5,4.62963,facebook,facebook_notification,,,,,,
2026-05-19,2026-05-19,1.279896,81,75,1.08,15.801188,1,1.279896,1.234568,0,,facebook,facebook_profile_feed,,,,,,
2026-05-19,2026-05-19,164.196688,4052,3310,1.224169,40.522381,96,1.710382,2.3692,62,1.530109,facebook,facebook_reels,,,1.0,,,
2026-05-19,2026-05-19,10.23917,2987,1659,1.800482,3.427911,8,1.279896,0.267827,8,0.267827,facebook,facebook_reels_overlay,,,1.0,,,
2026-05-19,2026-05-19,19.648407,195,175,1.114286,100.761062,7,2.806915,3.589744,7,3.589744,facebook,facebook_stories,,,,,,
2026-05-19,2026-05-19,828.602823,32824,24888,1.318869,25.24381,469,1.766744,1.428833,354,1.078479,facebook,feed,8.0,510.46,14.0,0.616049,103.575352875,0.022598870056497175
2026-05-19,2026-05-19,8.189336,358,240,1.491667,22.87524,4,2.047334,1.117318,4,1.117318,facebook,instream_video,,,,,,
2026-05-19,2026-05-19,8.329325,923,589,1.567063,9.024187,0,,0.0,0,,facebook,marketplace,,,,,,
2026-05-19,2026-05-19,0.529957,571,202,2.826733,0.928121,0,,0.0,0,,facebook,right_hand_column,,,,,,
2026-05-19,2026-05-19,4.379645,406,383,1.060052,10.787303,3,1.459882,0.738916,3,0.738916,facebook,search,,,,,,
2026-05-19,2026-05-19,109.891091,2334,2159,1.081056,47.08273,42,2.616455,1.799486,41,1.756641,instagram,feed,,,1.0,,,
2026-05-19,2026-05-19,0.0,3,3,1.0,0.0,0,,0.0,0,,instagram,instagram_explore_grid_home,,,,,,
2026-05-19,2026-05-19,29.927574,769,703,1.093883,38.917521,26,1.151061,3.381014,24,3.120936,instagram,instagram_reels,,,,,,
2026-05-19,2026-05-19,0.019998,1,1,1.0,19.998379,0,,0.0,0,,instagram,instagram_search,,,,,,
2026-05-19,2026-05-19,19.458422,427,366,1.166667,45.570076,15,1.297228,3.512881,14,3.278689,instagram,instagram_stories,,,1.0,,,
2026-05-19,2026-05-19,0.949923,28,28,1.0,33.925821,0,,0.0,0,,threads,threads_feed,,,,,,
2026-05-19,2026-05-19,0.019998,4,4,1.0,4.999595,0,,0.0,0,,unknown,unknown,,,,,,
2026-05-20,2026-05-20,11.720285,625,142,4.401408,18.752456,84,0.139527,13.44,102,16.32,audience_network,an_classic,,,,,,
2026-05-20,2026-05-20,5.37013,176,53,3.320755,30.512105,68,0.078973,38.636364,81,46.022727,audience_network,rewarded_video,,,,,,
2026-05-20,2026-05-20,5.480133,103,103,1.0,53.205176,4,1.370033,3.883495,4,3.883495,facebook,facebook_notification,,,,,,
2026-05-20,2026-05-20,0.600015,57,55,1.036364,10.526572,0,,0.0,0,,facebook,facebook_profile_feed,,,,,,
2026-05-20,2026-05-20,66.221609,1954,1478,1.322057,33.890281,36,1.839489,1.842375,28,1.432958,facebook,facebook_reels,,,,,,
2026-05-20,2026-05-20,9.600233,2544,1406,1.809388,3.773677,6,1.600039,0.235849,6,0.235849,facebook,facebook_reels_overlay,1.0,45.93,4.0,4.784259,9.600233,0.16666666666666666
2026-05-20,2026-05-20,9.380228,127,116,1.094828,73.860062,3,3.126743,2.362205,3,2.362205,facebook,facebook_stories,,,,,,
2026-05-20,2026-05-20,945.372968,44640,36364,1.227588,21.17771,540,1.750691,1.209677,400,0.896057,facebook,feed,12.0,757.99,22.0,0.801789,78.78108066666667,0.03
2026-05-20,2026-05-20,2.520061,299,199,1.502513,8.428298,1,2.520061,0.334448,1,0.334448,facebook,instream_video,,,,,,
2026-05-20,2026-05-20,4.560111,535,365,1.465753,8.523572,0,,0.0,0,,facebook,marketplace,,,,,,
2026-05-20,2026-05-20,0.770019,567,205,2.765854,1.358058,1,0.770019,0.176367,1,0.176367,facebook,right_hand_column,,,,,,
2026-05-20,2026-05-20,4.070099,560,524,1.068702,7.268034,11,0.370009,1.964286,10,1.785714,facebook,search,,,,,,
2026-05-20,2026-05-20,125.163041,2927,2757,1.061661,42.761545,53,2.361567,1.810728,51,1.742398,instagram,feed,,,3.0,,,
2026-05-20,2026-05-20,0.030001,3,3,1.0,10.000243,0,,0.0,0,,instagram,instagram_explore_grid_home,,,,,,
2026-05-20,2026-05-20,21.930533,550,498,1.104418,39.873696,14,1.566467,2.545455,13,2.363636,instagram,instagram_reels,,,,,,
2026-05-20,2026-05-20,0.0,1,1,1.0,0.0,0,,0.0,0,,instagram,instagram_search,,,,,,
2026-05-20,2026-05-20,21.600525,416,392,1.061224,51.924338,6,3.600087,1.442308,6,1.442308,instagram,instagram_stories,,,,,,
2026-05-20,2026-05-20,0.43001,15,14,1.071429,28.667363,0,,0.0,0,,threads,threads_feed,,,,,,
2026-05-20,2026-05-20,0.02,3,2,1.5,6.666829,0,,0.0,0,,unknown,unknown,,,,,,
2026-05-21,2026-05-21,13.44,782,165,4.739394,17.186701,102,0.131765,13.043478,125,15.984655,audience_network,an_classic,,,,,,
2026-05-21,2026-05-21,3.43,100,46,2.173913,34.3,39,0.087949,39.0,50,50.0,audience_network,rewarded_video,,,,,,
2026-05-21,2026-05-21,2.06,49,48,1.020833,42.040816,1,2.06,2.040816,1,2.040816,facebook,facebook_notification,,,,,,
2026-05-21,2026-05-21,0.33,20,18,1.111111,16.5,0,,0.0,0,,facebook,facebook_profile_feed,,,,,,
2026-05-21,2026-05-21,87.32,2574,2110,1.219905,33.923854,67,1.303284,2.602953,58,2.253302,facebook,facebook_reels,1.0,39.95,4.0,0.457513,87.32,0.017241379310344827
2026-05-21,2026-05-21,6.16,1572,907,1.733186,3.918575,3,2.053333,0.19084,3,0.19084,facebook,facebook_reels_overlay,,,,,,
2026-05-21,2026-05-21,9.37,158,143,1.104895,59.303797,7,1.338571,4.43038,7,4.43038,facebook,facebook_stories,,,,,,
2026-05-21,2026-05-21,901.04,35761,28673,1.247201,25.196163,500,1.80208,1.398171,372,1.040239,facebook,feed,10.0,564.21,21.0,0.626176,90.104,0.026881720430107527
2026-05-21,2026-05-21,1.14,120,100,1.2,9.5,3,0.38,2.5,3,2.5,facebook,instream_video,,,,,,
2026-05-21,2026-05-21,3.2,410,302,1.357616,7.804878,2,1.6,0.487805,2,0.487805,facebook,marketplace,,,1.0,,,
2026-05-21,2026-05-21,1.02,599,232,2.581897,1.702838,1,1.02,0.166945,1,0.166945,facebook,right_hand_column,1.0,89.88,1.0,88.117647,1.02,1.0
2026-05-21,2026-05-21,4.62,790,741,1.066127,5.848101,11,0.42,1.392405,10,1.265823,facebook,search,,,,,,
2026-05-21,2026-05-21,123.1,2506,2296,1.091463,49.122107,46,2.676087,1.835595,44,1.755786,instagram,feed,1.0,39.95,1.0,0.324533,123.1,0.022727272727272728
2026-05-21,2026-05-21,27.09,672,621,1.082126,40.3125,11,2.462727,1.636905,11,1.636905,instagram,instagram_reels,1.0,119.84,2.0,4.423773,27.09,0.09090909090909091
2026-05-21,2026-05-21,27.14,485,428,1.133178,55.958763,8,3.3925,1.649485,8,1.649485,instagram,instagram_stories,,,1.0,,,
2026-05-21,2026-05-21,0.37,17,17,1.0,21.764706,0,,0.0,0,,threads,threads_feed,,,,,,
2026-05-21,2026-05-21,0.07,5,5,1.0,14.0,0,,0.0,0,,unknown,unknown,,,,,,
2026-05-22,2026-05-22,12.619701,586,141,4.156028,21.535325,133,0.094885,22.696246,177,30.204778,audience_network,an_classic,,,,,,
2026-05-22,2026-05-22,1.769958,17,13,1.307692,104.115178,11,0.160905,64.705882,12,70.588235,audience_network,rewarded_video,,,,,,
2026-05-22,2026-05-22,0.01,1,1,1.0,9.999763,0,,0.0,0,,facebook,biz_disco_feed,,,,,,
2026-05-22,2026-05-22,2.249947,43,43,1.0,52.32434,2,1.124973,4.651163,2,4.651163,facebook,facebook_notification,,,,,,
2026-05-22,2026-05-22,0.43999,36,34,1.058824,12.221932,0,,0.0,0,,facebook,facebook_profile_feed,,,,,,
2026-05-22,2026-05-22,94.157767,2714,2137,1.270005,34.693355,61,1.54357,2.247605,58,2.137067,facebook,facebook_reels,,,5.0,,,
2026-05-22,2026-05-22,5.379872,1293,749,1.726302,4.160768,5,1.075974,0.386698,5,0.386698,facebook,facebook_reels_overlay,,,,,,
2026-05-22,2026-05-22,9.589773,148,130,1.138462,64.79576,7,1.369968,4.72973,7,4.72973,facebook,facebook_stories,1.0,161.73,,16.864842,9.589773,0.14285714285714285
2026-05-22,2026-05-22,946.597549,37233,27786,1.339991,25.423617,566,1.672434,1.520157,452,1.213977,facebook,feed,16.0,882.84,36.0,0.932646,59.1623468125,0.035398230088495575
2026-05-22,2026-05-22,0.82998,119,90,1.322222,6.974624,0,,0.0,0,,facebook,instream_video,,,,,,
2026-05-22,2026-05-22,3.489917,363,267,1.359551,9.614097,2,1.744959,0.550964,2,0.550964,facebook,marketplace,,,,,,
2026-05-22,2026-05-22,0.999976,668,201,3.323383,1.49697,0,,0.0,0,,facebook,right_hand_column,,,,,,
2026-05-22,2026-05-22,10.499751,812,753,1.078353,12.930728,7,1.499964,0.862069,8,0.985222,facebook,search,,,,,,
2026-05-22,2026-05-22,120.917132,2508,2335,1.07409,48.212573,37,3.268031,1.475279,38,1.515152,instagram,feed,1.0,23.96,2.0,0.198152,120.917132,0.02631578947368421
2026-05-22,2026-05-22,0.0,1,1,1.0,0.0,0,,0.0,0,,instagram,instagram_explore_grid_home,,,,,,
2026-05-22,2026-05-22,26.279377,651,591,1.101523,40.367706,18,1.459965,2.764977,16,2.457757,instagram,instagram_reels,1.0,59.92,2.0,2.280115,26.279377,0.0625
2026-05-22,2026-05-22,0.02,2,2,1.0,9.999763,0,,0.0,0,,instagram,instagram_search,,,,,,
2026-05-22,2026-05-22,28.749318,494,418,1.181818,58.197,8,3.593665,1.619433,8,1.619433,instagram,instagram_stories,,,1.0,,,
2026-05-22,2026-05-22,0.199995,19,19,1.0,10.526066,1,0.199995,5.263158,1,5.263158,threads,threads_feed,,,,,,
2026-05-22,2026-05-22,0.069998,9,9,1.0,7.777593,1,0.069998,11.111111,1,11.111111,unknown,unknown,,,,,,
2026-05-23,2026-05-23,5.817343,316,100,3.16,18.409312,44,0.132212,13.924051,49,15.506329,audience_network,an_classic,,,,,,
2026-05-23,2026-05-23,0.80963,26,12,2.166667,31.139622,18,0.044979,69.230769,23,88.461538,audience_network,rewarded_video,,,,,,
2026-05-23,2026-05-23,2.278959,58,55,1.054545,39.292396,1,2.278959,1.724138,1,1.724138,facebook,facebook_notification,,,,,,
2026-05-23,2026-05-23,0.379827,27,26,1.038462,14.067648,0,,0.0,0,,facebook,facebook_profile_feed,,,,,,
2026-05-23,2026-05-23,101.833483,2945,2390,1.232218,34.578432,62,1.642476,2.105263,55,1.867572,facebook,facebook_reels,2.0,270.06,5.0,2.651976,50.9167415,0.03636363636363636
2026-05-23,2026-05-23,4.447968,1172,786,1.491094,3.795195,2,2.223984,0.170648,2,0.170648,facebook,facebook_reels_overlay,1.0,467.76,1.0,105.162622,4.447968,0.5
2026-05-23,2026-05-23,8.606069,151,139,1.086331,56.993833,6,1.434345,3.97351,6,3.97351,facebook,facebook_stories,,,,,,
2026-05-23,2026-05-23,847.402915,31256,23307,1.341056,27.111688,480,1.765423,1.535705,363,1.161377,facebook,feed,13.0,1050.67,36.0,1.239871,65.18483961538462,0.03581267217630854
2026-05-23,2026-05-23,0.69968,83,68,1.220588,8.429884,1,0.69968,1.204819,1,1.204819,facebook,instream_video,,,,,,
2026-05-23,2026-05-23,4.24806,443,340,1.302941,9.589299,4,1.062015,0.902935,4,0.902935,facebook,marketplace,,,,,,
2026-05-23,2026-05-23,0.769648,403,133,3.030075,1.909798,0,,0.0,0,,facebook,right_hand_column,,,,,,
2026-05-23,2026-05-23,7.236694,968,887,1.091319,7.475924,4,1.809174,0.413223,4,0.413223,facebook,search,,,,,,
2026-05-23,2026-05-23,116.116959,2198,2021,1.08758,52.828462,48,2.419103,2.183803,48,2.183803,instagram,feed,1.0,39.95,2.0,0.34405,116.116959,0.020833333333333332
2026-05-23,2026-05-23,32.195294,662,611,1.08347,48.633374,15,2.146353,2.265861,15,2.265861,instagram,instagram_reels,1.0,52.1,3.0,1.618249,32.195294,0.06666666666666667
2026-05-23,2026-05-23,0.059973,3,3,1.0,19.990868,0,,0.0,0,,instagram,instagram_search,,,,,,
2026-05-23,2026-05-23,26.487901,460,430,1.069767,57.582393,12,2.207325,2.608696,12,2.608696,instagram,instagram_stories,,,,,,
2026-05-23,2026-05-23,0.799635,34,34,1.0,23.518669,0,,0.0,0,,threads,threads_feed,,,,,,
2026-05-23,2026-05-23,0.079963,4,4,1.0,19.990868,0,,0.0,0,,unknown,unknown,,,,,,
2026-05-24,2026-05-24,9.370068,539,115,4.686957,17.384171,73,0.128357,13.543599,81,15.027829,audience_network,an_classic,,,1.0,,,
2026-05-24,2026-05-24,0.790006,25,10,2.5,31.600231,12,0.065834,48.0,17,68.0,audience_network,rewarded_video,,,1.0,,,
2026-05-24,2026-05-24,2.73002,43,42,1.02381,63.488836,5,0.546004,11.627907,5,11.627907,facebook,facebook_notification,,,,,,
2026-05-24,2026-05-24,0.500004,49,46,1.065217,10.204156,0,,0.0,0,,facebook,facebook_profile_feed,,,,,,
2026-05-24,2026-05-24,125.160914,3342,2786,1.199569,37.450902,69,1.813926,2.064632,64,1.915021,facebook,facebook_reels,3.0,198.31,30.0,1.58444,41.72030466666667,0.046875
2026-05-24,2026-05-24,7.610056,1845,1266,1.457346,4.124691,5,1.522011,0.271003,5,0.271003,facebook,facebook_reels_overlay,1.0,79.99,6.0,10.511093,7.610056,0.2
2026-05-24,2026-05-24,19.500142,281,261,1.076628,69.395524,14,1.392867,4.982206,15,5.338078,facebook,facebook_stories,,,7.0,,,
2026-05-24,2026-05-24,995.227265,40788,30890,1.320427,24.400002,590,1.686826,1.446504,441,1.0812,facebook,feed,9.0,870.88,188.0,0.875056,110.58080722222222,0.02040816326530612
2026-05-24,2026-05-24,0.900007,89,65,1.369231,10.112433,0,,0.0,0,,facebook,instream_video,,,,,,
2026-05-24,2026-05-24,6.150045,632,468,1.350427,9.731084,1,6.150045,0.158228,1,0.158228,facebook,marketplace,1.0,23.96,3.0,3.895907,6.150045,1.0
2026-05-24,2026-05-24,0.610004,431,148,2.912162,1.415324,0,,0.0,0,,facebook,right_hand_column,,,,,,
2026-05-24,2026-05-24,5.52004,1039,958,1.084551,5.31284,4,1.38001,0.384986,4,0.384986,facebook,search,,,,,,
2026-05-24,2026-05-24,117.000854,2626,2456,1.069218,44.554781,53,2.207563,2.018279,49,1.865956,instagram,feed,2.0,91.31,29.0,0.780422,58.500427,0.04081632653061224
2026-05-24,2026-05-24,41.310302,875,786,1.113232,47.211773,20,2.065515,2.285714,20,2.285714,instagram,instagram_reels,1.0,106.91,13.0,2.587974,41.310302,0.05
2026-05-24,2026-05-24,0.01,3,3,1.0,3.333358,0,,0.0,0,,instagram,instagram_search,,,,,,
2026-05-24,2026-05-24,34.510252,666,605,1.100826,51.817195,14,2.465018,2.102102,13,1.951952,instagram,instagram_stories,,,8.0,,,
2026-05-24,2026-05-24,1.880014,37,36,1.027778,50.811182,0,,0.0,0,,threads,threads_feed,,,,,,
2026-05-24,2026-05-24,1.030008,90,84,1.071429,11.444528,2,0.515004,2.222222,2,2.222222,unknown,unknown,,,1.0,,,
2026-05-25,2026-05-25,13.312457,807,150,5.38,16.496229,130,0.102404,16.109046,156,19.330855,audience_network,an_classic,,,2.0,,,
2026-05-25,2026-05-25,0.460085,14,8,1.75,32.863209,5,0.092017,35.714286,6,42.857143,audience_network,rewarded_video,1.0,94.88,4.0,206.222799,0.460085,0.16666666666666666
2026-05-25,2026-05-25,6.971287,108,105,1.028571,64.548951,4,1.742822,3.703704,4,3.703704,facebook,facebook_notification,,,,,,
2026-05-25,2026-05-25,0.730135,49,49,1.0,14.900709,1,0.730135,2.040816,1,2.040816,facebook,facebook_profile_feed,,,,,,
2026-05-25,2026-05-25,130.964172,3325,2619,1.269569,39.387721,75,1.746189,2.255639,71,2.135338,facebook,facebook_reels,6.0,341.61,46.0,2.608423,21.827361999999997,0.08450704225352113
2026-05-25,2026-05-25,9.801809,2497,1472,1.696332,3.925434,6,1.633635,0.240288,6,0.240288,facebook,facebook_reels_overlay,2.0,114.85,5.0,11.717225,4.9009045,0.3333333333333333
2026-05-25,2026-05-25,18.173354,277,261,1.061303,65.607777,14,1.298097,5.054152,13,4.693141,facebook,facebook_stories,,,4.0,,,
2026-05-25,2026-05-25,929.351533,40787,33135,1.230934,22.785484,661,1.405978,1.620614,511,1.25285,facebook,feed,10.0,699.07,209.0,0.752213,92.9351533,0.019569471624266144
2026-05-25,2026-05-25,0.730135,100,83,1.204819,7.301348,2,0.365067,2.0,2,2.0,facebook,instream_video,1.0,33.95,1.0,46.498265,0.730135,0.5
2026-05-25,2026-05-25,5.20096,613,450,1.362222,8.484437,4,1.30024,0.652529,4,0.652529,facebook,marketplace,1.0,23.96,2.0,4.606842,5.20096,0.25
2026-05-25,2026-05-25,0.890164,550,220,2.5,1.618481,0,,0.0,0,,facebook,right_hand_column,,,5.0,,,
2026-05-25,2026-05-25,8.601588,1788,1626,1.099631,4.810731,6,1.433598,0.33557,6,0.33557,facebook,search,,,1.0,,,
2026-05-25,2026-05-25,105.26943,2187,1957,1.117527,48.13417,52,2.024412,2.377686,50,2.286237,instagram,feed,2.0,137.43,36.0,1.305507,52.634715,0.04
2026-05-25,2026-05-25,30.215577,749,682,1.09824,40.341224,16,1.888474,2.136182,14,1.869159,instagram,instagram_reels,2.0,119.84,11.0,3.966166,15.1077885,0.14285714285714285
2026-05-25,2026-05-25,0.0,3,3,1.0,0.0,0,,0.0,0,,instagram,instagram_search,,,,,,
2026-05-25,2026-05-25,39.22724,666,572,1.164336,58.89976,16,2.451703,2.402402,14,2.102102,instagram,instagram_stories,,,10.0,,,
2026-05-25,2026-05-25,0.230042,10,10,1.0,23.004246,0,,0.0,0,,threads,threads_feed,,,,,,
2026-05-25,2026-05-25,0.170031,25,25,1.0,6.801255,0,,0.0,0,,unknown,unknown,,,,,,
2026-05-26,2026-05-26,12.121581,932,151,6.172185,13.005989,97,0.124965,10.407725,111,11.909871,audience_network,an_classic,2.0,49.94,3.0,4.119925,6.0607905,0.018018018018018018
2026-05-26,2026-05-26,1.290168,30,11,2.727273,43.00561,16,0.080636,53.333333,16,53.333333,audience_network,rewarded_video,,,,,,
2026-05-26,2026-05-26,2.940384,60,58,1.034483,49.006393,2,1.470192,3.333333,2,3.333333,facebook,facebook_notification,,,,,,
2026-05-26,2026-05-26,0.640084,51,50,1.02,12.550657,0,,0.0,0,,facebook,facebook_profile_feed,,,,,,
2026-05-26,2026-05-26,82.320739,3093,2502,1.236211,26.615176,54,1.524458,1.745878,43,1.390236,facebook,facebook_reels,1.0,51.36,20.0,0.623901,82.320739,0.023255813953488372
2026-05-26,2026-05-26,7.180937,1889,1402,1.347361,3.801449,6,1.196823,0.317628,6,0.317628,facebook,facebook_reels_overlay,,,2.0,,,
2026-05-26,2026-05-26,12.071575,222,205,1.082927,54.376463,4,3.017894,1.801802,4,1.801802,facebook,facebook_stories,,,,,,
2026-05-26,2026-05-26,747.887568,39857,32487,1.22686,18.764271,499,1.498773,1.251976,369,0.92581,facebook,feed,7.0,319.59,137.0,0.427324,106.84108114285713,0.018970189701897018
2026-05-26,2026-05-26,1.060138,110,100,1.1,9.637621,0,,0.0,0,,facebook,instream_video,,,,,,
2026-05-26,2026-05-26,7.030917,943,764,1.234293,7.455904,3,2.343639,0.318134,3,0.318134,facebook,marketplace,,,1.0,,,
2026-05-26,2026-05-26,0.880115,596,246,2.422764,1.476703,0,,0.0,0,,facebook,right_hand_column,,,,,,
2026-05-26,2026-05-26,5.160673,522,473,1.103594,9.886347,4,1.290168,0.766284,3,0.574713,facebook,search,1.0,54.93,2.0,10.64396,5.160673,0.3333333333333333
2026-05-26,2026-05-26,120.055662,3091,2857,1.081904,38.840395,45,2.667904,1.45584,42,1.358784,instagram,feed,4.0,298.18,29.0,2.483681,30.0139155,0.09523809523809523
2026-05-26,2026-05-26,39.165109,948,840,1.128571,41.313407,20,1.958255,2.109705,18,1.898734,instagram,instagram_reels,,,6.0,,,
2026-05-26,2026-05-26,0.0,1,1,1.0,0.0,0,,0.0,0,,instagram,instagram_search,,,,,,
2026-05-26,2026-05-26,31.304084,683,589,1.159593,45.833212,10,3.130408,1.464129,10,1.464129,instagram,instagram_stories,,,3.0,,,
2026-05-26,2026-05-26,1.880245,75,75,1.0,25.069937,1,1.880245,1.333333,1,1.333333,threads,threads_feed,,,,,,
2026-05-26,2026-05-26,0.15002,10,10,1.0,15.001957,0,,0.0,0,,unknown,unknown,,,,,,
2026-05-27,2026-05-27,17.466659,877,162,5.41358,19.916372,141,0.123877,16.077537,186,21.208666,audience_network,an_classic,,,2.0,,,
2026-05-27,2026-05-27,3.209386,82,19,4.315789,39.138854,30,0.10698,36.585366,47,57.317073,audience_network,rewarded_video,,,,,,
2026-05-27,2026-05-27,3.359357,50,49,1.020408,67.187147,1,3.359357,2.0,1,2.0,facebook,facebook_notification,,,,,,
2026-05-27,2026-05-27,0.25995,41,40,1.025,6.340251,0,,0.0,0,,facebook,facebook_profile_feed,,,,,,
2026-05-27,2026-05-27,108.919164,3462,2944,1.175951,31.461341,60,1.815319,1.733102,53,1.530907,facebook,facebook_reels,3.0,186.75,19.0,1.714574,36.306388,0.05660377358490566
2026-05-27,2026-05-27,5.708908,1600,1056,1.515152,3.568067,5,1.141782,0.3125,5,0.3125,facebook,facebook_reels_overlay,3.0,127.96,4.0,22.414094,1.9029693333333333,0.6
2026-05-27,2026-05-27,15.886961,262,241,1.087137,60.637255,12,1.323913,4.580153,12,4.580153,facebook,facebook_stories,,,4.0,,,
2026-05-27,2026-05-27,911.945546,45334,37149,1.220329,20.11615,624,1.461451,1.37645,462,1.019103,facebook,feed,15.0,795.95,207.0,0.872804,60.796369733333336,0.032467532467532464
2026-05-27,2026-05-27,1.09979,138,111,1.243243,7.96949,1,1.09979,0.724638,1,0.724638,facebook,instream_video,,,,,,
2026-05-27,2026-05-27,6.088835,621,433,1.43418,9.804888,2,3.044418,0.322061,2,0.322061,facebook,marketplace,,,,,,
2026-05-27,2026-05-27,1.489715,949,362,2.621547,1.569773,0,,0.0,0,,facebook,right_hand_column,,,,,,
2026-05-27,2026-05-27,4.959051,689,649,1.061633,7.197462,11,0.450823,1.596517,11,1.596517,facebook,search,,,1.0,,,
2026-05-27,2026-05-27,119.577125,2736,2600,1.052308,43.70509,40,2.989428,1.461988,37,1.352339,instagram,feed,2.0,119.84,19.0,1.002198,59.7885625,0.05405405405405406
2026-05-27,2026-05-27,34.473405,841,734,1.145777,40.990969,21,1.641591,2.497027,17,2.021403,instagram,instagram_reels,,,3.0,,,
2026-05-27,2026-05-27,0.009998,3,3,1.0,3.332696,0,,0.0,0,,instagram,instagram_search,,,,,,
2026-05-27,2026-05-27,19.276312,491,463,1.060475,39.259292,14,1.376879,2.851324,15,3.05499,instagram,instagram_stories,,,4.0,,,
2026-05-27,2026-05-27,0.669872,24,23,1.043478,27.911327,0,,0.0,0,,threads,threads_feed,,,,,,
2026-05-27,2026-05-27,0.179966,11,10,1.1,16.360507,1,0.179966,9.090909,1,9.090909,unknown,unknown,,,,,,
2026-05-28,2026-05-28,22.41,1257,231,5.441558,17.828162,203,0.110394,16.149562,232,18.456643,audience_network,an_classic,,,1.0,,,
2026-05-28,2026-05-28,0.83,21,10,2.1,39.52381,8,0.10375,38.095238,11,52.380952,audience_network,rewarded_video,,,,,,
2026-05-28,2026-05-28,2.06,44,44,1.0,46.818182,1,2.06,2.272727,1,2.272727,facebook,facebook_notification,,,,,,
2026-05-28,2026-05-28,0.54,83,83,1.0,6.506024,0,,0.0,0,,facebook,facebook_profile_feed,,,,,,
2026-05-28,2026-05-28,90.05,2644,2135,1.238407,34.058245,58,1.552586,2.193646,50,1.891074,facebook,facebook_reels,1.0,59.92,13.0,0.665408,90.05,0.02
2026-05-28,2026-05-28,6.17,1734,1207,1.43662,3.558247,7,0.881429,0.403691,7,0.403691,facebook,facebook_reels_overlay,,,2.0,,,
2026-05-28,2026-05-28,11.5,212,193,1.098446,54.245283,5,2.3,2.358491,5,2.358491,facebook,facebook_stories,,,1.0,,,
2026-05-28,2026-05-28,997.2,47836,38602,1.23921,20.846225,577,1.72825,1.206205,432,0.903086,facebook,feed,10.0,582.29,147.0,0.583925,99.72,0.023148148148148147
2026-05-28,2026-05-28,1.22,237,199,1.190955,5.147679,0,,0.0,0,,facebook,instream_video,,,,,,
2026-05-28,2026-05-28,4.64,541,412,1.313107,8.57671,2,2.32,0.369686,2,0.369686,facebook,marketplace,,,2.0,,,
2026-05-28,2026-05-28,1.9,1040,476,2.184874,1.826923,0,,0.0,0,,facebook,right_hand_column,,,,,,
2026-05-28,2026-05-28,5.84,723,686,1.053936,8.077455,8,0.73,1.106501,7,0.968188,facebook,search,,,3.0,,,
2026-05-28,2026-05-28,145.17,3245,3050,1.063934,44.736518,57,2.546842,1.756549,49,1.510015,instagram,feed,3.0,189.75,28.0,1.307088,48.38999999999999,0.061224489795918366
2026-05-28,2026-05-28,36.15,912,828,1.101449,39.638158,25,1.446,2.741228,22,2.412281,instagram,instagram_reels,3.0,106.85,17.0,2.95574,12.049999999999999,0.13636363636363635
2026-05-28,2026-05-28,0.0,2,2,1.0,0.0,0,,0.0,0,,instagram,instagram_search,,,,,,
2026-05-28,2026-05-28,31.76,632,552,1.144928,50.253165,11,2.887273,1.740506,13,2.056962,instagram,instagram_stories,,,5.0,,,
2026-05-28,2026-05-28,1.2,64,63,1.015873,18.75,1,1.2,1.5625,1,1.5625,threads,threads_feed,,,1.0,,,
2026-05-28,2026-05-28,0.22,4,4,1.0,55.0,0,,0.0,0,,unknown,unknown,,,1.0,,,
2026-05-29,2026-05-29,20.04,1367,246,5.556911,14.659839,233,0.086009,17.044623,269,19.678127,audience_network,an_classic,1.0,63.94,2.0,3.190619,20.04,0.0037174721189591076
2026-05-29,2026-05-29,2.25,38,37,1.027027,59.210526,2,1.125,5.263158,2,5.263158,facebook,facebook_notification,,,,,,
2026-05-29,2026-05-29,0.53,55,53,1.037736,9.636364,0,,0.0,0,,facebook,facebook_profile_feed,,,,,,
2026-05-29,2026-05-29,100.62,2970,2502,1.18705,33.878788,62,1.622903,2.087542,54,1.818182,facebook,facebook_reels,,,11.0,,,
2026-05-29,2026-05-29,5.5,1615,1145,1.41048,3.405573,3,1.833333,0.185759,3,0.185759,facebook,facebook_reels_overlay,,,4.0,,,
2026-05-29,2026-05-29,9.02,192,178,1.078652,46.979167,4,2.255,2.083333,4,2.083333,facebook,facebook_stories,1.0,87.86,2.0,9.740577,9.02,0.25
2026-05-29,2026-05-29,1130.81,56269,48196,1.167504,20.096501,698,1.620072,1.24047,485,0.861931,facebook,feed,16.0,907.79,178.0,0.802779,70.675625,0.032989690721649485
2026-05-29,2026-05-29,1.03,188,147,1.278912,5.478723,2,0.515,1.06383,1,0.531915,facebook,instream_video,,,,,,
2026-05-29,2026-05-29,5.8,599,433,1.383372,9.682805,5,1.16,0.834725,5,0.834725,facebook,marketplace,1.0,59.92,3.0,10.331034,5.8,0.2
2026-05-29,2026-05-29,2.88,1266,493,2.567951,2.274882,3,0.96,0.236967,3,0.236967,facebook,right_hand_column,,,,,,
2026-05-29,2026-05-29,5.84,535,507,1.055227,10.915888,7,0.834286,1.308411,6,1.121495,facebook,search,,,,,,
2026-05-29,2026-05-29,121.92,3135,2964,1.057692,38.889952,37,3.295135,1.180223,34,1.08453,instagram,feed,2.0,114.85,15.0,0.942011,60.96,0.058823529411764705
2026-05-29,2026-05-29,18.48,622,553,1.124774,29.710611,10,1.848,1.607717,11,1.768489,instagram,instagram_reels,,,7.0,,,
2026-05-29,2026-05-29,23.22,531,474,1.120253,43.728814,5,4.644,0.94162,5,0.94162,instagram,instagram_stories,,,1.0,,,
2026-05-29,2026-05-29,0.1,14,14,1.0,7.142857,0,,0.0,0,,threads,threads_feed,,,,,,
2026-05-29,2026-05-29,0.42,11,11,1.0,38.181818,1,0.42,9.090909,0,,unknown,unknown,,,,,,
2026-05-30,2026-05-30,18.672074,871,194,4.489691,21.437513,174,0.107311,19.977038,191,21.928817,audience_network,an_classic,,,2.0,,,
2026-05-30,2026-05-30,1.920213,48,48,1.0,40.004444,0,,0.0,0,,facebook,facebook_notification,,,,,,
2026-05-30,2026-05-30,0.490054,44,42,1.047619,11.137601,0,,0.0,0,,facebook,facebook_profile_feed,,,,,,
2026-05-30,2026-05-30,93.98044,2691,2230,1.206726,34.923984,53,1.773216,1.969528,47,1.746563,facebook,facebook_reels,2.0,108.73,26.0,1.156943,46.99022,0.0425531914893617
2026-05-30,2026-05-30,4.310479,1661,1134,1.464727,2.595111,3,1.436826,0.180614,3,0.180614,facebook,facebook_reels_overlay,,,,,,
2026-05-30,2026-05-30,10.281142,186,175,1.062857,55.274958,9,1.142349,4.83871,9,4.83871,facebook,facebook_stories,,,2.0,,,
2026-05-30,2026-05-30,853.304791,37805,31457,1.201799,22.571215,549,1.554289,1.452189,401,1.060706,facebook,feed,16.0,1053.94,182.0,1.235127,53.3315494375,0.0399002493765586
2026-05-30,2026-05-30,1.08012,197,168,1.172619,5.482843,2,0.54006,1.015228,2,1.015228,facebook,instream_video,,,,,,
2026-05-30,2026-05-30,5.450605,545,428,1.273364,10.001111,4,1.362651,0.733945,4,0.733945,facebook,marketplace,1.0,57.91,2.0,10.624508,5.450605,0.25
2026-05-30,2026-05-30,1.460162,728,334,2.179641,2.005717,1,1.460162,0.137363,1,0.137363,facebook,right_hand_column,,,,,,
2026-05-30,2026-05-30,4.200467,790,743,1.063257,5.317046,6,0.700078,0.759494,6,0.759494,facebook,search,,,4.0,,,
2026-05-30,2026-05-30,122.943657,3174,2913,1.089598,38.734612,56,2.195422,1.764335,57,1.795841,instagram,feed,,,28.0,,,
2026-05-30,2026-05-30,27.333036,641,569,1.126538,42.641242,22,1.242411,3.432137,21,3.276131,instagram,instagram_reels,,,9.0,,,
2026-05-30,2026-05-30,24.282697,527,486,1.084362,46.077225,9,2.698078,1.70778,9,1.70778,instagram,instagram_stories,1.0,24.97,3.0,1.028304,24.282697,0.1111111111111111
2026-05-30,2026-05-30,0.300033,20,20,1.0,15.001666,0,,0.0,0,,threads,threads_feed,,,,,,
2026-05-30,2026-05-30,0.250028,17,17,1.0,14.707516,0,,0.0,0,,unknown,unknown,,,,,,
2026-05-31,2026-05-31,27.201118,1548,286,5.412587,17.571782,289,0.094122,18.669251,344,22.222222,audience_network,an_classic,1.0,117.81,3.0,4.331072,27.201118,0.0029069767441860465
2026-05-31,2026-05-31,1.95008,41,23,1.782609,47.562931,18,0.108338,43.902439,25,60.97561,audience_network,rewarded_video,,,,,,
2026-05-31,2026-05-31,2.700111,76,74,1.027027,35.527776,3,0.900037,3.947368,3,3.947368,facebook,facebook_notification,,,2.0,,,
2026-05-31,2026-05-31,0.400016,39,39,1.0,10.256832,0,,0.0,0,,facebook,facebook_profile_feed,,,,,,
2026-05-31,2026-05-31,128.69529,3525,2923,1.205953,36.509302,68,1.892578,1.929078,59,1.673759,facebook,facebook_reels,2.0,103.61,16.0,0.80508,64.347645,0.03389830508474576
2026-05-31,2026-05-31,5.060208,1854,1212,1.529703,2.729346,6,0.843368,0.323625,6,0.323625,facebook,facebook_reels_overlay,,,3.0,,,
2026-05-31,2026-05-31,10.390427,199,188,1.058511,52.213202,0,,0.0,0,,facebook,facebook_stories,,,,,,
2026-05-31,2026-05-31,1036.092591,40425,31748,1.273309,25.629996,609,1.701301,1.506494,447,1.105751,facebook,feed,17.0,1088.68,211.0,1.050756,60.946623,0.03803131991051454
2026-05-31,2026-05-31,1.150047,203,155,1.309677,5.665258,1,1.150047,0.492611,1,0.492611,facebook,instream_video,,,,,,
2026-05-31,2026-05-31,4.940203,513,406,1.263547,9.630025,3,1.646734,0.584795,3,0.584795,facebook,marketplace,,,,,,
2026-05-31,2026-05-31,1.200049,744,243,3.061728,1.61297,0,,0.0,0,,facebook,right_hand_column,,,,,,
2026-05-31,2026-05-31,11.820486,623,593,1.05059,18.973493,6,1.970081,0.963082,6,0.963082,facebook,search,,,4.0,,,
2026-05-31,2026-05-31,154.176338,4233,4055,1.043896,36.422475,43,3.585496,1.015828,40,0.944956,instagram,feed,,,22.0,,,
2026-05-31,2026-05-31,39.021604,1006,950,1.058947,38.788871,29,1.345573,2.882704,26,2.584493,instagram,instagram_reels,2.0,101.12,13.0,2.591385,19.510802,0.07692307692307693
2026-05-31,2026-05-31,0.030001,3,3,1.0,10.000411,0,,0.0,0,,instagram,instagram_search,,,,,,
2026-05-31,2026-05-31,34.011398,759,682,1.112903,44.810801,33,1.030648,4.347826,29,3.820817,instagram,instagram_stories,2.0,239.68,17.0,7.047049,17.005699,0.06896551724137931
2026-05-31,2026-05-31,0.500021,22,22,1.0,22.728207,0,,0.0,0,,threads,threads_feed,,,,,,
2026-05-31,2026-05-31,0.260011,16,16,1.0,16.250668,0,,0.0,0,,unknown,unknown,,,1.0,,,
2026-06-01,2026-06-01,23.608011,1459,270,5.403704,16.180953,227,0.104,15.558602,262,17.957505,audience_network,an_classic,,,1.0,,,
2026-06-01,2026-06-01,0.099992,5,3,1.666667,19.998315,3,0.033331,60.0,4,80.0,audience_network,rewarded_video,,,,,,
2026-06-01,2026-06-01,2.60978,68,66,1.030303,38.379119,2,1.30489,2.941176,2,2.941176,facebook,facebook_notification,,,,,,
2026-06-01,2026-06-01,0.70994,63,63,1.0,11.268892,1,0.70994,1.587302,0,,facebook,facebook_profile_feed,,,,,,
2026-06-01,2026-06-01,106.331039,3022,2445,1.235992,35.185652,64,1.661422,2.117803,60,1.98544,facebook,facebook_reels,2.0,119.84,21.0,1.127046,53.1655195,0.03333333333333333
2026-06-01,2026-06-01,6.439457,2472,1582,1.562579,2.604958,8,0.804932,0.323625,8,0.323625,facebook,facebook_reels_overlay,,,,,,
2026-06-01,2026-06-01,10.129146,193,183,1.054645,52.482624,8,1.266143,4.145078,8,4.145078,facebook,facebook_stories,,,2.0,,,
2026-06-01,2026-06-01,1014.794482,44176,36931,1.196177,22.971624,617,1.644724,1.396686,432,0.977907,facebook,feed,24.0,1322.24,185.0,1.302963,42.28310341666667,0.05555555555555555
2026-06-01,2026-06-01,1.699857,293,216,1.356481,5.801559,0,,0.0,0,,facebook,instream_video,,,,,,
2026-06-01,2026-06-01,5.739516,590,433,1.362587,9.727994,5,1.147903,0.847458,5,0.847458,facebook,marketplace,,,2.0,,,
2026-06-01,2026-06-01,1.979833,968,380,2.547368,2.045282,0,,0.0,0,,facebook,right_hand_column,,,,,,
2026-06-01,2026-06-01,4.479623,715,674,1.060831,6.265206,4,1.119906,0.559441,4,0.559441,facebook,search,,,1.0,,,
2026-06-01,2026-06-01,169.965677,4756,4392,1.082878,35.737106,56,3.035101,1.17746,51,1.07233,instagram,feed,5.0,349.54,35.0,2.056533,33.9931354,0.09803921568627451
2026-06-01,2026-06-01,35.237031,1199,1114,1.076302,29.388683,26,1.35527,2.168474,26,2.168474,instagram,instagram_reels,,,9.0,,,
2026-06-01,2026-06-01,0.019998,4,4,1.0,4.999579,0,,0.0,0,,instagram,instagram_search,,,,,,
2026-06-01,2026-06-01,39.306688,967,855,1.130994,40.648074,22,1.786668,2.275078,21,2.171665,instagram,instagram_stories,1.0,24.97,9.0,0.635261,39.306688,0.047619047619047616
2026-06-01,2026-06-01,0.499958,29,29,1.0,17.239926,1,0.499958,3.448276,1,3.448276,threads,threads_feed,,,1.0,,,
2026-06-01,2026-06-01,0.329972,21,21,1.0,15.712962,1,0.329972,4.761905,1,4.761905,unknown,unknown,,,1.0,,,
2026-06-02,2026-06-02,11.804401,684,154,4.441558,17.257896,93,0.126929,13.596491,100,14.619883,audience_network,an_classic,,,,,,
2026-06-02,2026-06-02,0.490183,9,8,1.125,54.46475,5,0.098037,55.555556,5,55.555556,audience_network,rewarded_video,,,,,,
2026-06-02,2026-06-02,0.890332,33,33,1.0,26.979755,0,,0.0,0,,facebook,facebook_notification,,,,,,
2026-06-02,2026-06-02,0.83031,64,62,1.032258,12.973587,0,,0.0,0,,facebook,facebook_profile_feed,,,,,,
2026-06-02,2026-06-02,122.725754,3660,2998,1.220814,33.531627,78,1.573407,2.131148,56,1.530055,facebook,facebook_reels,,,25.0,,,
2026-06-02,2026-06-02,7.252704,2311,1541,1.499676,3.13834,4,1.813176,0.173085,4,0.173085,facebook,facebook_reels_overlay,,,,,,
2026-06-02,2026-06-02,13.775136,246,228,1.078947,55.996486,7,1.967877,2.845528,7,2.845528,facebook,facebook_stories,,,1.0,,,
2026-06-02,2026-06-02,1164.314069,55755,46491,1.199264,20.882684,714,1.630692,1.280603,514,0.92189,facebook,feed,24.0,1181.58,207.0,1.014829,48.513086208333334,0.04669260700389105
2026-06-02,2026-06-02,2.821052,357,284,1.257042,7.902106,1,2.821052,0.280112,1,0.280112,facebook,instream_video,,,,,,
2026-06-02,2026-06-02,6.562447,709,588,1.205782,9.255919,3,2.187482,0.423131,3,0.423131,facebook,marketplace,,,,,,
2026-06-02,2026-06-02,3.241208,1456,615,2.36748,2.226105,5,0.648242,0.343407,5,0.343407,facebook,right_hand_column,,,,,,
2026-06-02,2026-06-02,4.401641,683,649,1.052388,6.44457,12,0.366803,1.756955,12,1.756955,facebook,search,,,4.0,,,
2026-06-02,2026-06-02,177.226072,4527,4097,1.104955,39.148679,55,3.222292,1.214933,54,1.192843,instagram,feed,2.0,139.82,27.0,0.788936,88.613036,0.037037037037037035
2026-06-02,2026-06-02,33.312419,942,835,1.128144,35.363502,16,2.082026,1.698514,17,1.804671,instagram,instagram_reels,1.0,59.92,8.0,1.798729,33.312419,0.058823529411764705
2026-06-02,2026-06-02,0.020007,2,2,1.0,10.00373,0,,0.0,0,,instagram,instagram_search,,,,,,
2026-06-02,2026-06-02,30.561394,773,665,1.162406,39.536085,19,1.608494,2.457956,20,2.587322,instagram,instagram_stories,,,7.0,,,
2026-06-02,2026-06-02,1.900709,114,113,1.00885,16.672883,0,,0.0,0,,threads,threads_feed,,,,,,
2026-06-02,2026-06-02,0.440164,25,24,1.041667,17.606564,0,,0.0,0,,unknown,unknown,,,,,,
2026-06-03,2026-06-03,10.68115,990,167,5.928144,10.789041,95,0.112433,9.59596,120,12.121212,audience_network,an_classic,,,,,,
2026-06-03,2026-06-03,2.560276,82,27,3.037037,31.222875,29,0.088285,35.365854,37,45.121951,audience_network,rewarded_video,,,,,,
2026-06-03,2026-06-03,2.490268,54,54,1.0,46.116078,1,2.490268,1.851852,1,1.851852,facebook,facebook_notification,,,,,,
2026-06-03,2026-06-03,1.010109,92,90,1.022222,10.979443,0,,0.0,0,,facebook,facebook_profile_feed,,,,,,
2026-06-03,2026-06-03,174.878833,5532,4167,1.327574,31.612226,131,1.334953,2.36804,114,2.060738,facebook,facebook_reels,4.0,252.42,42.0,1.443399,43.71970825,0.03508771929824561
2026-06-03,2026-06-03,9.521025,3402,1948,1.746407,2.798655,7,1.360146,0.205761,7,0.205761,facebook,facebook_reels_overlay,,,,,,
2026-06-03,2026-06-03,15.841706,329,319,1.031348,48.151082,13,1.218593,3.951368,12,3.647416,facebook,facebook_stories,1.0,109.61,4.0,6.919078,15.841706,0.08333333333333333
2026-06-03,2026-06-03,1144.373242,56196,48732,1.153164,20.363963,737,1.552745,1.311481,503,0.895082,facebook,feed,13.0,723.5,197.0,0.632224,88.02871092307691,0.02584493041749503
2026-06-03,2026-06-03,2.090225,377,306,1.232026,5.544364,1,2.090225,0.265252,1,0.265252,facebook,instream_video,,,,,,
2026-06-03,2026-06-03,6.850738,715,495,1.444444,9.581451,3,2.283579,0.41958,4,0.559441,facebook,marketplace,,,1.0,,,
2026-06-03,2026-06-03,3.230348,1954,723,2.702628,1.653197,1,3.230348,0.051177,1,0.051177,facebook,right_hand_column,,,,,,
2026-06-03,2026-06-03,3.940424,926,866,1.069284,4.255318,8,0.492553,0.863931,8,0.863931,facebook,search,,,4.0,,,
2026-06-03,2026-06-03,136.434693,3679,3135,1.173525,37.084722,61,2.236634,1.658059,57,1.549334,instagram,feed,3.0,209.72,39.0,1.537146,45.478231,0.05263157894736842
2026-06-03,2026-06-03,31.903436,980,886,1.106095,32.554526,22,1.450156,2.244898,20,2.040816,instagram,instagram_reels,,,8.0,,,
2026-06-03,2026-06-03,31.993445,888,750,1.184,36.028655,17,1.881967,1.914414,16,1.801802,instagram,instagram_stories,,,6.0,,,
2026-06-03,2026-06-03,0.530057,36,34,1.058824,14.723808,1,0.530057,2.777778,1,2.777778,threads,threads_feed,,,,,,
2026-06-03,2026-06-03,0.220024,26,23,1.130435,8.46245,0,,0.0,0,,unknown,unknown,,,,,,
2026-06-04,2026-06-04,26.37913,1164,176,6.613636,22.662483,186,0.141823,15.979381,221,18.986254,audience_network,an_classic,1.0,75.92,3.0,2.878033,26.37913,0.004524886877828055
2026-06-04,2026-06-04,2.279925,34,12,2.833333,67.056611,13,0.175379,38.235294,20,58.823529,audience_network,rewarded_video,,,,,,
2026-06-04,2026-06-04,2.469919,77,77,1.0,32.076864,5,0.493984,6.493506,5,6.493506,facebook,facebook_notification,,,,,,
2026-06-04,2026-06-04,0.869971,74,73,1.013699,11.756369,0,,0.0,0,,facebook,facebook_profile_feed,,,,,,
2026-06-04,2026-06-04,124.815882,3371,2721,1.238883,37.026367,81,1.540937,2.402848,62,1.839217,facebook,facebook_reels,2.0,143.38,29.0,1.148732,62.407941,0.03225806451612903
2026-06-04,2026-06-04,11.549619,3596,2194,1.639016,3.211796,9,1.283291,0.250278,9,0.250278,facebook,facebook_reels_overlay,1.0,69.89,3.0,6.051282,11.549619,0.1111111111111111
2026-06-04,2026-06-04,14.439524,239,230,1.03913,60.416417,15,0.962635,6.276151,14,5.857741,facebook,facebook_stories,,,2.0,,,
2026-06-04,2026-06-04,1069.754705,42505,34918,1.21728,25.167738,648,1.650856,1.524527,493,1.159864,facebook,feed,19.0,1208.43,222.0,1.129633,56.30287921052632,0.038539553752535496
2026-06-04,2026-06-04,4.449853,593,415,1.428916,7.503968,3,1.483284,0.505902,2,0.337268,facebook,instream_video,,,,,,
2026-06-04,2026-06-04,5.959803,621,430,1.444186,9.597107,1,5.959803,0.161031,1,0.161031,facebook,marketplace,,,1.0,,,
2026-06-04,2026-06-04,1.81994,1345,500,2.69,1.353115,0,,0.0,0,,facebook,right_hand_column,,,,,,
2026-06-04,2026-06-04,7.419755,861,792,1.087121,8.617602,14,0.529983,1.626016,14,1.626016,facebook,search,1.0,24.97,7.0,3.36534,7.419755,0.07142857142857142
2026-06-04,2026-06-04,169.474408,4046,3580,1.130168,41.886903,57,2.973235,1.408799,56,1.384083,instagram,feed,6.0,360.95,47.0,2.12982,28.245734666666667,0.10714285714285714
2026-06-04,2026-06-04,35.588826,930,759,1.225296,38.267555,22,1.617674,2.365591,22,2.365591,instagram,instagram_reels,,,2.0,,,
2026-06-04,2026-06-04,36.398799,900,744,1.209677,40.44311,27,1.348104,3.0,27,3.0,instagram,instagram_stories,2.0,119.84,12.0,3.292416,18.1993995,0.07407407407407407
2026-06-04,2026-06-04,0.929969,50,49,1.020408,18.599386,1,0.929969,2.0,1,2.0,threads,threads_feed,,,,,,
2026-06-04,2026-06-04,0.829973,93,89,1.044944,8.924437,0,,0.0,0,,unknown,unknown,,,,,,
2026-06-05,2026-06-05,36.88093,2382,260,9.161538,15.483178,308,0.119743,12.930311,394,16.540722,audience_network,an_classic,1.0,74.9,2.0,2.03086,36.88093,0.0025380710659898475
2026-06-05,2026-06-05,0.950024,18,7,2.571429,52.779109,9,0.105558,50.0,9,50.0,audience_network,rewarded_video,,,,,,
2026-06-05,2026-06-05,2.690068,85,84,1.011905,31.647857,1,2.690068,1.176471,1,1.176471,facebook,facebook_notification,,,,,,
2026-06-05,2026-06-05,1.19003,101,99,1.020202,11.782475,0,,0.0,0,,facebook,facebook_profile_feed,,,,,,
2026-06-05,2026-06-05,109.152752,3329,2507,1.327882,32.788451,69,1.581924,2.072695,67,2.012616,facebook,facebook_reels,1.0,44.15,26.0,0.404479,109.152752,0.014925373134328358
2026-06-05,2026-06-05,12.71032,3782,2208,1.712862,3.36074,12,1.059193,0.317292,12,0.317292,facebook,facebook_reels_overlay,,,6.0,,,
2026-06-05,2026-06-05,17.46044,289,256,1.128906,60.416748,12,1.455037,4.152249,12,4.152249,facebook,facebook_stories,,,3.0,,,
2026-06-05,2026-06-05,1175.96965,43538,34284,1.269922,27.01019,666,1.76572,1.529698,501,1.150719,facebook,feed,15.0,941.54,205.0,0.80065,78.39797666666666,0.029940119760479042
2026-06-05,2026-06-05,5.790146,661,497,1.32998,8.759676,4,1.447537,0.605144,3,0.453858,facebook,instream_video,,,,,,
2026-06-05,2026-06-05,7.080179,754,518,1.455598,9.390157,2,3.540089,0.265252,2,0.265252,facebook,marketplace,,,1.0,,,
2026-06-05,2026-06-05,2.840072,1919,719,2.668985,1.479975,1,2.840072,0.05211,1,0.05211,facebook,right_hand_column,,,,,,
2026-06-05,2026-06-05,7.360186,1147,1063,1.079022,6.416901,12,0.613349,1.046208,12,1.046208,facebook,search,4.0,304.6,10.0,41.384826,1.8400465,0.3333333333333333
2026-06-05,2026-06-05,135.993429,3443,2948,1.16791,39.498527,44,3.09076,1.277955,43,1.248911,instagram,feed,3.0,124.84,35.0,0.917986,45.331143,0.06976744186046512
2026-06-05,2026-06-05,30.870778,947,791,1.197219,32.598499,20,1.543539,2.111932,18,1.900739,instagram,instagram_reels,1.0,59.92,9.0,1.940994,30.870778,0.05555555555555555
2026-06-05,2026-06-05,0.01,2,2,1.0,5.000126,0,,0.0,0,,instagram,instagram_search,,,,,,
2026-06-05,2026-06-05,37.770952,980,794,1.234257,38.541788,12,3.147579,1.22449,12,1.22449,instagram,instagram_stories,1.0,39.95,10.0,1.057691,37.770952,0.08333333333333333
2026-06-05,2026-06-05,1.57004,63,61,1.032787,24.921263,0,,0.0,0,,threads,threads_feed,,,,,,
2026-06-05,2026-06-05,0.190005,20,18,1.111111,9.50024,0,,0.0,0,,unknown,unknown,,,,,,
2026-06-06,2026-06-06,13.950191,1161,208,5.581731,12.015668,111,0.125677,9.560724,129,11.111111,audience_network,an_classic,,,2.0,,,
2026-06-06,2026-06-06,0.390005,6,5,1.2,65.000888,4,0.097501,66.666667,4,66.666667,audience_network,rewarded_video,,,,,,
2026-06-06,2026-06-06,3.800052,62,61,1.016393,61.29116,3,1.266684,4.83871,3,4.83871,facebook,facebook_notification,,,,,,
2026-06-06,2026-06-06,0.76001,56,55,1.018182,13.571614,0,,0.0,0,,facebook,facebook_profile_feed,,,,,,
2026-06-06,2026-06-06,158.172161,9444,8138,1.160482,16.748429,120,1.318101,1.270648,99,1.048285,facebook,facebook_reels,,,30.0,,,
2026-06-06,2026-06-06,7.250099,2910,1950,1.492308,2.491443,10,0.72501,0.343643,11,0.378007,facebook,facebook_reels_overlay,,,3.0,,,
2026-06-06,2026-06-06,10.730147,213,204,1.044118,50.376275,6,1.788358,2.816901,7,3.286385,facebook,facebook_stories,,,1.0,,,
2026-06-06,2026-06-06,1107.165125,76406,63939,1.194983,14.490552,913,1.212667,1.194932,646,0.845483,facebook,feed,15.0,996.86,210.0,0.900372,73.81100833333333,0.02321981424148607
2026-06-06,2026-06-06,2.760038,303,245,1.236735,9.109035,3,0.920013,0.990099,3,0.990099,facebook,instream_video,,,,,,
2026-06-06,2026-06-06,5.560076,591,433,1.364896,9.407912,3,1.853359,0.507614,3,0.507614,facebook,marketplace,,,,,,
2026-06-06,2026-06-06,1.120015,911,365,2.49589,1.229435,0,,0.0,0,,facebook,right_hand_column,,,,,,
2026-06-06,2026-06-06,10.700146,740,686,1.078717,14.459657,7,1.528592,0.945946,7,0.945946,facebook,search,,,6.0,,,
2026-06-06,2026-06-06,91.701253,2253,2053,1.097418,40.701843,28,3.275045,1.242787,28,1.242787,instagram,feed,,,13.0,,,
2026-06-06,2026-06-06,24.070329,608,542,1.121771,39.589357,18,1.33724,2.960526,16,2.631579,instagram,instagram_reels,,,5.0,,,
2026-06-06,2026-06-06,0.0,1,1,1.0,0.0,0,,0.0,0,,instagram,instagram_search,,,,,,
2026-06-06,2026-06-06,25.000342,601,517,1.162476,41.597906,11,2.272758,1.830283,10,1.663894,instagram,instagram_stories,,,4.0,,,
2026-06-06,2026-06-06,0.380005,26,25,1.04,14.615584,0,,0.0,0,,threads,threads_feed,,,,,,
2026-06-06,2026-06-06,0.500007,8,7,1.142857,62.500854,0,,0.0,0,,unknown,unknown,,,,,,
2026-06-07,2026-06-07,40.359771,2236,294,7.605442,18.049987,328,0.123048,14.669052,423,18.91771,audience_network,an_classic,,,,,,
2026-06-07,2026-06-07,0.689996,21,12,1.75,32.856956,11,0.062727,52.380952,15,71.428571,audience_network,rewarded_video,,,,,,
2026-06-07,2026-06-07,3.339981,79,77,1.025974,42.278241,6,0.556664,7.594937,6,7.594937,facebook,facebook_notification,,,,,,
2026-06-07,2026-06-07,1.279993,87,84,1.035714,14.71256,0,,0.0,0,,facebook,facebook_profile_feed,,,,,,
2026-06-07,2026-06-07,139.449208,4076,3249,1.25454,34.212269,99,1.408578,2.428852,81,1.987242,facebook,facebook_reels,5.0,341.17,55.0,2.446554,27.8898416,0.06172839506172839
2026-06-07,2026-06-07,11.179937,4196,2564,1.636505,2.664427,10,1.117994,0.238322,10,0.238322,facebook,facebook_reels_overlay,,,10.0,,,
2026-06-07,2026-06-07,22.099874,374,335,1.116418,59.090574,7,3.157125,1.871658,7,1.871658,facebook,facebook_stories,,,,,,
2026-06-07,2026-06-07,1252.092889,48825,38265,1.27597,25.644504,848,1.476525,1.736815,614,1.257552,facebook,feed,33.0,1930.2,293.0,1.541579,37.942208757575756,0.05374592833876222
2026-06-07,2026-06-07,4.239976,578,407,1.420147,7.335598,4,1.059994,0.692042,3,0.519031,facebook,instream_video,,,1.0,,,
2026-06-07,2026-06-07,9.219948,1081,773,1.398448,8.529091,2,4.609974,0.185014,1,0.092507,facebook,marketplace,,,,,,
2026-06-07,2026-06-07,1.639991,1211,366,3.308743,1.354245,0,,0.0,0,,facebook,right_hand_column,,,,,,
2026-06-07,2026-06-07,8.989949,982,909,1.080308,9.154734,9,0.998883,0.916497,9,0.916497,facebook,search,,,1.0,,,
2026-06-07,2026-06-07,182.228965,3797,3201,1.186192,47.99288,63,2.892523,1.659205,60,1.580195,instagram,feed,3.0,156.08,25.0,0.856505,60.74298833333333,0.05
2026-06-07,2026-06-07,40.969767,1188,1003,1.184447,34.486336,20,2.048488,1.683502,20,1.683502,instagram,instagram_reels,1.0,54.93,12.0,1.340745,40.969767,0.05
2026-06-07,2026-06-07,0.0,2,2,1.0,0.0,0,,0.0,0,,instagram,instagram_search,,,,,,
2026-06-07,2026-06-07,40.059773,1031,828,1.245169,38.855259,21,1.907608,2.036857,20,1.939864,instagram,instagram_stories,,,6.0,,,
2026-06-07,2026-06-07,1.399992,43,43,1.0,32.557955,0,,0.0,0,,threads,threads_feed,,,,,,
2026-06-07,2026-06-07,1.599991,131,126,1.039683,12.213671,0,,0.0,0,,unknown,unknown,,,,,,
2026-06-08,2026-06-08,38.779502,2055,269,7.639405,18.870804,254,0.152675,12.360097,338,16.447689,audience_network,an_classic,,,,,,
2026-06-08,2026-06-08,0.039999,1,1,1.0,39.999486,1,0.039999,100.0,1,100.0,audience_network,rewarded_video,,,,,,
2026-06-08,2026-06-08,4.219946,82,82,1.0,51.462753,3,1.406649,3.658537,3,3.658537,facebook,facebook_notification,,,,,,
2026-06-08,2026-06-08,1.449981,94,90,1.044444,15.425334,2,0.724991,2.12766,2,2.12766,facebook,facebook_profile_feed,,,,,,
2026-06-08,2026-06-08,66.589144,2291,1765,1.298017,29.065536,39,1.707414,1.702313,35,1.527717,facebook,facebook_reels,2.0,114.85,12.0,1.724756,33.294572,0.05714285714285714
2026-06-08,2026-06-08,11.65985,3999,2463,1.62363,2.915691,10,1.165985,0.250063,11,0.275069,facebook,facebook_reels_overlay,1.0,59.92,2.0,5.139003,11.65985,0.09090909090909091
2026-06-08,2026-06-08,10.609864,229,210,1.090476,46.331282,7,1.515695,3.056769,6,2.620087,facebook,facebook_stories,,,1.0,,,
2026-06-08,2026-06-08,1199.684579,60167,50190,1.198785,19.939245,832,1.441929,1.382818,611,1.015507,facebook,feed,34.0,2565.55,281.0,2.13852,35.28484055882353,0.05564648117839607
2026-06-08,2026-06-08,4.909937,664,433,1.533487,7.394483,5,0.981987,0.753012,3,0.451807,facebook,instream_video,,,1.0,,,
2026-06-08,2026-06-08,6.329919,789,563,1.401421,8.022711,9,0.703324,1.140684,8,1.013942,facebook,marketplace,,,,,,
2026-06-08,2026-06-08,2.119973,1378,433,3.182448,1.538442,0,,0.0,0,,facebook,right_hand_column,,,,,,
2026-06-08,2026-06-08,7.499904,746,692,1.078035,10.05349,9,0.833323,1.206434,9,1.206434,facebook,search,,,2.0,,,
2026-06-08,2026-06-08,139.338209,4019,3491,1.151246,34.66987,51,2.732122,1.268972,50,1.244091,instagram,feed,4.0,277.13,24.0,1.988902,34.83455225,0.08
2026-06-08,2026-06-08,32.009589,1217,1036,1.17471,26.302045,29,1.103779,2.382909,27,2.21857,instagram,instagram_reels,1.0,59.92,7.0,1.871939,32.009589,0.037037037037037035
2026-06-08,2026-06-08,0.0,1,1,1.0,0.0,0,,0.0,0,,instagram,instagram_search,,,,,,
2026-06-08,2026-06-08,30.119613,979,801,1.222222,30.765692,24,1.254984,2.451481,23,2.349336,instagram,instagram_stories,,,10.0,,,
2026-06-08,2026-06-08,0.319996,32,31,1.032258,9.999871,0,,0.0,0,,threads,threads_feed,,,,,,
2026-06-08,2026-06-08,0.219997,30,29,1.034483,7.333239,11,0.02,36.666667,0,,unknown,unknown,,,,,,
2026-06-09,2026-06-09,26.021278,1930,237,8.14346,13.482528,141,0.184548,7.305699,181,9.378238,audience_network,an_classic,2.0,124.9,4.0,4.799918,13.010639,0.011049723756906077
2026-06-09,2026-06-09,0.540027,13,6,2.166667,41.540502,9,0.060003,69.230769,11,84.615385,audience_network,rewarded_video,,,,,,
2026-06-09,2026-06-09,2.020099,62,61,1.016393,32.582246,2,1.01005,3.225806,2,3.225806,facebook,facebook_notification,1.0,35.94,4.0,17.791205,2.020099,0.5
2026-06-09,2026-06-09,0.61003,93,90,1.033333,6.559462,1,0.61003,1.075269,1,1.075269,facebook,facebook_profile_feed,,,,,,
2026-06-09,2026-06-09,130.726423,3841,3002,1.27948,34.034476,98,1.333943,2.551419,83,2.160896,facebook,facebook_reels,2.0,81.89,36.0,0.626423,65.3632115,0.024096385542168676
2026-06-09,2026-06-09,15.320753,4153,2707,1.534171,3.689081,10,1.532075,0.24079,10,0.24079,facebook,facebook_reels_overlay,1.0,104.86,6.0,6.844311,15.320753,0.1
2026-06-09,2026-06-09,15.430758,355,329,1.079027,43.466924,12,1.285897,3.380282,11,3.098592,facebook,facebook_stories,,,1.0,,,
2026-06-09,2026-06-09,1228.980379,48087,38145,1.260637,25.557435,759,1.61921,1.578389,572,1.189511,facebook,feed,18.0,1082.04,229.0,0.880437,68.27668772222222,0.03146853146853147
2026-06-09,2026-06-09,5.890289,612,422,1.450237,9.624656,2,2.945145,0.326797,1,0.163399,facebook,instream_video,,,,,,
2026-06-09,2026-06-09,9.340459,1260,1085,1.16129,7.413063,3,3.113486,0.238095,3,0.238095,facebook,marketplace,1.0,89.88,5.0,9.622654,9.340459,0.3333333333333333
2026-06-09,2026-06-09,2.740135,1387,384,3.611979,1.975584,1,2.740135,0.072098,1,0.072098,facebook,right_hand_column,1.0,111.89,2.0,40.83376,2.740135,1.0
2026-06-09,2026-06-09,8.060396,807,754,1.070292,9.988099,7,1.151485,0.86741,7,0.86741,facebook,search,,,3.0,,,
2026-06-09,2026-06-09,250.982331,8757,8240,1.062743,28.660766,102,2.460611,1.164782,98,1.119105,instagram,feed,4.0,324.57,50.0,1.293199,62.74558275,0.04081632653061224
2026-06-09,2026-06-09,70.63347,5778,5492,1.052076,12.224554,56,1.261312,0.969193,53,0.917272,instagram,instagram_reels,1.0,89.88,17.0,1.272485,70.63347,0.018867924528301886
2026-06-09,2026-06-09,0.020001,5,4,1.25,4.000197,0,,0.0,0,,instagram,instagram_search,,,,,,
2026-06-09,2026-06-09,61.703031,2471,2184,1.13141,24.970875,31,1.99042,1.254553,31,1.254553,instagram,instagram_stories,1.0,64.51,12.0,1.045492,61.703031,0.03225806451612903
2026-06-09,2026-06-09,2.540125,256,251,1.01992,9.922362,0,,0.0,0,,threads,threads_feed,,,,,,
2026-06-09,2026-06-09,0.330016,12,12,1.0,27.501351,1,0.330016,8.333333,0,,unknown,unknown,,,6.0,,,
2026-06-10,2026-06-10,6.339684,707,111,6.369369,8.967021,24,0.264154,3.394625,26,3.677511,audience_network,an_classic,1.0,59.92,2.0,9.451575,6.339684,0.038461538461538464
2026-06-10,2026-06-10,1.40993,60,58,1.034483,23.498829,3,0.469977,5.0,3,5.0,facebook,facebook_notification,,,,,,
2026-06-10,2026-06-10,1.149943,92,92,1.0,12.499377,0,,0.0,0,,facebook,facebook_profile_feed,,,,,,
2026-06-10,2026-06-10,107.13466,3200,2590,1.235521,33.479581,80,1.339183,2.5,70,2.1875,facebook,facebook_reels,,,18.0,,,
2026-06-10,2026-06-10,25.338737,4774,3774,1.264971,5.307653,18,1.407708,0.377042,18,0.377042,facebook,facebook_reels_overlay,1.0,49.97,1.0,1.972079,25.338737,0.05555555555555555
2026-06-10,2026-06-10,11.359434,293,281,1.042705,38.769399,11,1.032676,3.754266,11,3.754266,facebook,facebook_stories,,,1.0,,,
2026-06-10,2026-06-10,1157.682296,48131,36473,1.319634,24.052737,829,1.39648,1.722383,613,1.273607,facebook,feed,15.0,933.85,247.0,0.806655,77.17881973333333,0.024469820554649267
2026-06-10,2026-06-10,5.969702,643,577,1.114385,9.284141,3,1.989901,0.466563,3,0.466563,facebook,instream_video,,,,,,
2026-06-10,2026-06-10,6.62967,733,591,1.240271,9.04457,5,1.325934,0.682128,5,0.682128,facebook,marketplace,1.0,11.98,1.0,1.807028,6.62967,0.2
2026-06-10,2026-06-10,1.9999,1110,369,3.00813,1.801712,0,,0.0,0,,facebook,right_hand_column,,,,,,
2026-06-10,2026-06-10,4.649768,628,596,1.053691,7.40409,6,0.774961,0.955414,6,0.955414,facebook,search,,,2.0,,,
2026-06-10,2026-06-10,323.503875,9911,8870,1.117362,32.640891,143,2.262265,1.442841,134,1.352033,instagram,feed,4.0,219.71,58.0,0.679157,80.87596875,0.029850746268656716
2026-06-10,2026-06-10,65.526734,3108,2817,1.103301,21.083248,51,1.284838,1.640927,50,1.608752,instagram,instagram_reels,3.0,104.87,20.0,1.600415,21.84224466666667,0.06
2026-06-10,2026-06-10,0.019999,4,4,1.0,4.999751,0,,0.0,0,,instagram,instagram_search,,,,,,
2026-06-10,2026-06-10,84.915767,2807,2414,1.1628,30.251431,43,1.974785,1.531885,43,1.531885,instagram,instagram_stories,1.0,59.92,17.0,0.70564,84.915767,0.023255813953488372
2026-06-10,2026-06-10,1.679916,175,173,1.011561,9.599522,0,,0.0,0,,threads,threads_feed,,,,,,
2026-06-10,2026-06-10,0.299985,17,16,1.0625,17.646179,0,,0.0,0,,unknown,unknown,,,,,,
2026-06-11,2026-06-11,8.680703,1682,164,10.256098,5.160941,50,0.173614,2.972652,55,3.269917,audience_network,an_classic,,,,,,
2026-06-11,2026-06-11,3.250263,47,45,1.044444,69.15454,2,1.625132,4.255319,2,4.255319,facebook,facebook_notification,,,,,,
2026-06-11,2026-06-11,0.590048,77,74,1.040541,7.662959,0,,0.0,0,,facebook,facebook_profile_feed,,,,,,
2026-06-11,2026-06-11,95.657751,2688,2224,1.208633,35.586961,59,1.621318,2.19494,53,1.971726,facebook,facebook_reels,3.0,145.69,17.0,1.523034,31.885917000000003,0.05660377358490566
2026-06-11,2026-06-11,16.221314,4732,3226,1.466832,3.428004,11,1.474665,0.23246,11,0.23246,facebook,facebook_reels_overlay,1.0,21.97,1.0,1.354391,16.221314,0.09090909090909091
2026-06-11,2026-06-11,13.851122,295,275,1.072727,46.952957,10,1.385112,3.389831,9,3.050847,facebook,facebook_stories,,,2.0,,,
2026-06-11,2026-06-11,1058.815795,52313,42578,1.228639,20.240013,860,1.231181,1.643951,604,1.154589,facebook,feed,14.0,1297.2,226.0,1.225142,75.62969964285715,0.023178807947019868
2026-06-11,2026-06-11,4.700381,585,426,1.373239,8.034839,6,0.783397,1.025641,6,1.025641,facebook,instream_video,,,,,,
2026-06-11,2026-06-11,7.230586,792,569,1.391916,9.129528,3,2.410195,0.378788,3,0.378788,facebook,marketplace,,,,,,
2026-06-11,2026-06-11,1.160094,1108,436,2.541284,1.047016,1,1.160094,0.090253,1,0.090253,facebook,right_hand_column,1.0,49.94,7.0,43.048236,1.160094,1.0
2026-06-11,2026-06-11,3.240263,582,561,1.037433,5.567461,4,0.810066,0.687285,4,0.687285,facebook,search,,,,,,
2026-06-11,2026-06-11,178.384454,5182,4654,1.113451,34.423862,81,2.202277,1.563103,79,1.524508,instagram,feed,4.0,250.21,51.0,1.402645,44.5961135,0.05063291139240506
2026-06-11,2026-06-11,47.483848,1726,1543,1.1186,27.51092,29,1.637374,1.680185,29,1.680185,instagram,instagram_reels,,,5.0,,,
2026-06-11,2026-06-11,0.040003,2,2,1.0,20.001621,0,,0.0,0,,instagram,instagram_search,,,,,,
2026-06-11,2026-06-11,40.563287,1149,990,1.160606,35.303122,24,1.690137,2.088773,22,1.914708,instagram,instagram_stories,1.0,59.92,5.0,1.477198,40.563287,0.045454545454545456
2026-06-11,2026-06-11,0.0,1,1,1.0,0.0,0,,0.0,0,,messenger,messenger_stories,,,,,,
2026-06-11,2026-06-11,0.910074,60,60,1.0,15.167896,0,,0.0,0,,threads,threads_feed,,,,,,
2026-06-11,2026-06-11,0.170014,20,20,1.0,8.500689,0,,0.0,0,,unknown,unknown,,,,,,
2026-06-12,2026-06-12,6.750243,1140,156,7.307692,5.921266,25,0.27001,2.192982,35,3.070175,audience_network,an_classic,,,1.0,,,
2026-06-12,2026-06-12,1.270046,36,35,1.028571,35.27905,2,0.635023,5.555556,2,5.555556,facebook,facebook_notification,,,,,,
2026-06-12,2026-06-12,1.180043,52,51,1.019608,22.693126,0,,0.0,0,,facebook,facebook_profile_feed,,,,,,
2026-06-12,2026-06-12,75.142709,2289,1811,1.263943,32.827745,64,1.174105,2.795981,61,2.664919,facebook,facebook_reels,3.0,197.95,30.0,2.634321,25.047569666666664,0.04918032786885246
2026-06-12,2026-06-12,7.910285,2560,1659,1.543098,3.089955,7,1.130041,0.273438,7,0.273438,facebook,facebook_reels_overlay,1.0,35.98,4.0,4.548509,7.910285,0.14285714285714285
2026-06-12,2026-06-12,8.370302,212,198,1.070707,39.482556,4,2.092575,1.886792,4,1.886792,facebook,facebook_stories,,,1.0,,,
2026-06-12,2026-06-12,986.625574,47415,39355,1.204802,20.808301,697,1.415532,1.469999,504,1.062955,facebook,feed,16.0,772.98,229.0,0.783458,61.664098375,0.031746031746031744
2026-06-12,2026-06-12,2.000072,306,231,1.324675,6.536183,1,2.000072,0.326797,1,0.326797,facebook,instream_video,1.0,59.92,1.0,29.95892,2.000072,1.0
2026-06-12,2026-06-12,4.180151,529,386,1.370466,7.901986,2,2.090075,0.378072,2,0.378072,facebook,marketplace,,,1.0,,,
2026-06-12,2026-06-12,2.23008,1403,490,2.863265,1.589508,0,,0.0,0,,facebook,right_hand_column,,,,,,
2026-06-12,2026-06-12,17.590634,653,603,1.082919,26.938184,7,2.512948,1.071976,7,1.071976,facebook,search,,,2.0,,,
2026-06-12,2026-06-12,206.947462,5369,4918,1.091704,38.54488,88,2.351676,1.639039,84,1.564537,instagram,feed,4.0,281.48,36.0,1.360152,51.7368655,0.047619047619047616
2026-06-12,2026-06-12,34.251235,1130,948,1.191983,30.310827,17,2.014779,1.504425,15,1.327434,instagram,instagram_reels,,,6.0,,,
2026-06-12,2026-06-12,0.020001,4,4,1.0,5.00018,0,,0.0,0,,instagram,instagram_search,,,,,,
2026-06-12,2026-06-12,30.771109,890,751,1.185087,34.57428,19,1.619532,2.134831,19,2.134831,instagram,instagram_stories,2.0,119.84,6.0,3.894562,15.3855545,0.10526315789473684
2026-06-12,2026-06-12,0.0,1,1,1.0,0.0,0,,0.0,0,,messenger,messenger_stories,,,,,,
2026-06-12,2026-06-12,0.780028,34,34,1.0,22.942004,0,,0.0,0,,threads,threads_feed,,,,,,
2026-06-12,2026-06-12,0.720026,54,51,1.058824,13.333814,2,0.360013,3.703704,0,,unknown,unknown,,,,,,
2026-06-13,2026-06-13,8.469945,1425,153,9.313725,5.943821,37,0.228917,2.596491,48,3.368421,audience_network,an_classic,,,,,,
2026-06-13,2026-06-13,0.02,1,1,1.0,19.99987,0,,0.0,0,,audience_network,rewarded_video,,,,,,
2026-06-13,2026-06-13,2.409984,62,62,1.0,38.870714,1,2.409984,1.612903,1,1.612903,facebook,facebook_notification,,,,,,
2026-06-13,2026-06-13,0.679996,57,55,1.036364,11.929747,0,,0.0,0,,facebook,facebook_profile_feed,,,,,,
2026-06-13,2026-06-13,99.889349,2742,2170,1.263594,36.429376,60,1.664822,2.188184,51,1.859956,facebook,facebook_reels,2.0,144.81,30.0,1.449704,49.9446745,0.0392156862745098
2026-06-13,2026-06-13,10.949929,3489,2249,1.551356,3.138415,12,0.912494,0.343938,12,0.343938,facebook,facebook_reels_overlay,,,1.0,,,
2026-06-13,2026-06-13,11.639924,243,229,1.061135,47.900922,8,1.454991,3.292181,8,3.292181,facebook,facebook_stories,,,1.0,,,
2026-06-13,2026-06-13,1113.622743,45483,34709,1.310409,24.484373,847,1.314785,1.862234,640,1.407119,facebook,feed,22.0,1379.15,293.0,1.238436,50.619215590909086,0.034375
2026-06-13,2026-06-13,3.05998,337,245,1.37551,9.08006,1,3.05998,0.296736,1,0.296736,facebook,instream_video,,,1.0,,,
2026-06-13,2026-06-13,6.779956,687,493,1.393509,9.868931,2,3.389978,0.291121,2,0.291121,facebook,marketplace,,,,,,
2026-06-13,2026-06-13,1.409991,1443,400,3.6075,0.977125,1,1.409991,0.0693,1,0.0693,facebook,right_hand_column,,,,,,
2026-06-13,2026-06-13,8.649944,1101,1010,1.090099,7.856443,5,1.729989,0.454133,5,0.454133,facebook,search,,,,,,
2026-06-13,2026-06-13,193.818737,5226,4652,1.123388,37.087397,64,3.028418,1.224646,64,1.224646,instagram,feed,3.0,144.81,31.0,0.747141,64.60624566666667,0.046875
2026-06-13,2026-06-13,35.859766,1113,948,1.174051,32.219017,22,1.629989,1.97664,20,1.796945,instagram,instagram_reels,1.0,24.97,8.0,0.696324,35.859766,0.05
2026-06-13,2026-06-13,0.05,3,3,1.0,16.666558,0,,0.0,0,,instagram,instagram_search,,,,,,
2026-06-13,2026-06-13,33.72978,905,791,1.144121,37.270475,14,2.40927,1.546961,14,1.546961,instagram,instagram_stories,,,10.0,,,
2026-06-13,2026-06-13,1.089993,34,30,1.133333,32.058615,0,,0.0,0,,threads,threads_feed,,,,,,
2026-06-13,2026-06-13,2.429984,80,76,1.052632,30.374802,0,,0.0,0,,unknown,unknown,,,,,,
2026-06-14,2026-06-14,2.880067,562,89,6.314607,5.124674,7,0.411438,1.245552,9,1.601423,audience_network,an_classic,,,,,,
2026-06-14,2026-06-14,0.030001,1,1,1.0,30.000697,0,,0.0,0,,audience_network,rewarded_video,,,,,,
2026-06-14,2026-06-14,1.31003,25,25,1.0,52.401218,2,0.655015,8.0,2,8.0,facebook,facebook_notification,,,,,,
2026-06-14,2026-06-14,0.530012,44,44,1.0,12.045734,0,,0.0,0,,facebook,facebook_profile_feed,,,,,,
2026-06-14,2026-06-14,120.94281,3767,3161,1.191711,32.105869,92,1.314596,2.442262,76,2.017521,facebook,facebook_reels,,,28.0,,,
2026-06-14,2026-06-14,7.110165,2581,1845,1.398916,2.75481,8,0.888771,0.309957,8,0.309957,facebook,facebook_reels_overlay,,,2.0,,,
2026-06-14,2026-06-14,11.510267,272,249,1.092369,42.31716,6,1.918378,2.205882,5,1.838235,facebook,facebook_stories,,,1.0,,,
2026-06-14,2026-06-14,1250.049047,67863,55144,1.230651,18.420185,943,1.325609,1.389564,689,1.015281,facebook,feed,25.0,1804.57,274.0,1.443599,50.001961879999996,0.036284470246734396
2026-06-14,2026-06-14,1.640038,191,155,1.232258,8.586587,0,,0.0,0,,facebook,instream_video,,,,,,
2026-06-14,2026-06-14,3.740087,431,353,1.220963,8.677696,1,3.740087,0.232019,1,0.232019,facebook,marketplace,1.0,23.96,2.0,6.406268,3.740087,1.0
2026-06-14,2026-06-14,1.370032,634,248,2.556452,2.160933,8,0.171254,1.26183,8,1.26183,facebook,right_hand_column,5.0,414.45,19.0,302.511219,0.2740064,0.625
2026-06-14,2026-06-14,2.270053,454,435,1.043678,5.000116,5,0.454011,1.101322,5,1.101322,facebook,search,,,2.0,,,
2026-06-14,2026-06-14,216.845039,5712,5145,1.110204,37.963067,80,2.710563,1.40056,77,1.348039,instagram,feed,2.0,151.94,38.0,0.700685,108.4225195,0.025974025974025976
2026-06-14,2026-06-14,42.820995,1160,1051,1.103711,36.914651,24,1.784208,2.068966,22,1.896552,instagram,instagram_reels,,,8.0,,,
2026-06-14,2026-06-14,0.0,1,1,1.0,0.0,0,,0.0,0,,instagram,instagram_search,,,,,,
2026-06-14,2026-06-14,56.39131,1295,1161,1.115418,43.545413,35,1.61118,2.702703,33,2.548263,instagram,instagram_stories,1.0,39.95,10.0,0.708442,56.39131,0.030303030303030304
2026-06-14,2026-06-14,0.960022,47,45,1.044444,20.426007,0,,0.0,0,,threads,threads_feed,,,,,,
2026-06-14,2026-06-14,1.030024,52,45,1.155556,19.808153,1,1.030024,1.923077,1,1.923077,unknown,unknown,,,,,,
2026-06-15,2026-06-15,13.049452,1037,106,9.783019,12.583849,35,0.372841,3.375121,52,5.014465,audience_network,an_classic,,,,,,
2026-06-15,2026-06-15,1.729927,43,43,1.0,40.230867,0,,0.0,0,,facebook,facebook_notification,,,,,,
2026-06-15,2026-06-15,0.599975,56,54,1.037037,10.713835,0,,0.0,0,,facebook,facebook_profile_feed,,,,,,
2026-06-15,2026-06-15,109.185411,2985,2306,1.294449,36.578027,80,1.364818,2.680067,72,2.41206,facebook,facebook_reels,2.0,99.87,23.0,0.914683,54.5927055,0.027777777777777776
2026-06-15,2026-06-15,9.74959,3104,1956,1.586912,3.140976,11,0.886326,0.354381,11,0.354381,facebook,facebook_reels_overlay,1.0,89.88,4.0,9.218849,9.74959,0.09090909090909091
2026-06-15,2026-06-15,10.22957,211,190,1.110526,48.481375,5,2.045914,2.369668,4,1.895735,facebook,facebook_stories,,,,,,
2026-06-15,2026-06-15,1223.748567,56342,45410,1.24074,21.720006,910,1.344779,1.615136,658,1.167868,facebook,feed,20.0,1181.94,265.0,0.965836,61.187428350000005,0.030395136778115502
2026-06-15,2026-06-15,2.459897,292,216,1.351852,8.424303,2,1.229948,0.684932,2,0.684932,facebook,instream_video,,,,,,
2026-06-15,2026-06-15,5.309777,562,417,1.347722,9.448001,4,1.327444,0.711744,4,0.711744,facebook,marketplace,,,,,,
2026-06-15,2026-06-15,2.959876,1810,530,3.415094,1.63529,1,2.959876,0.055249,1,0.055249,facebook,right_hand_column,,,,,,
2026-06-15,2026-06-15,5.099786,700,661,1.059002,7.285408,6,0.849964,0.857143,6,0.857143,facebook,search,,,,,,
2026-06-15,2026-06-15,178.662491,5037,4403,1.143993,35.47002,84,2.126934,1.667659,82,1.627953,instagram,feed,3.0,247.71,32.0,1.386469,59.55416366666666,0.036585365853658534
2026-06-15,2026-06-15,50.847863,1127,964,1.169087,45.117891,26,1.955687,2.30701,28,2.484472,instagram,instagram_reels,1.0,59.92,13.0,1.178417,50.847863,0.03571428571428571
2026-06-15,2026-06-15,0.049998,4,4,1.0,12.499475,0,,0.0,0,,instagram,instagram_search,,,,,,
2026-06-15,2026-06-15,49.447922,1171,1038,1.128131,42.227089,22,2.247633,1.878736,22,1.878736,instagram,instagram_stories,1.0,48.51,13.0,0.981032,49.447922,0.045454545454545456
2026-06-15,2026-06-15,0.539977,38,37,1.027027,14.209929,1,0.539977,2.631579,1,2.631579,threads,threads_feed,,,,,,
2026-06-15,2026-06-15,1.839923,68,60,1.133333,27.057686,2,0.919961,2.941176,2,2.941176,unknown,unknown,,,1.0,,,
2026-06-16,2026-06-16,13.929843,985,120,8.208333,14.141972,71,0.196195,7.208122,95,9.64467,audience_network,an_classic,,,,,,
2026-06-16,2026-06-16,0.989989,41,39,1.051282,24.146069,1,0.989989,2.439024,1,2.439024,facebook,facebook_notification,,,,,,
2026-06-16,2026-06-16,0.679992,75,72,1.041667,9.066564,2,0.339996,2.666667,1,1.333333,facebook,facebook_profile_feed,1.0,59.92,4.0,88.118642,0.679992,1.0
2026-06-16,2026-06-16,113.468719,3229,2540,1.27126,35.140514,113,1.004148,3.499535,102,3.158873,facebook,facebook_reels,2.0,119.84,39.0,1.05615,56.7343595,0.0196078431372549
2026-06-16,2026-06-16,14.229839,3832,2297,1.668263,3.713424,7,2.032834,0.182672,7,0.182672,facebook,facebook_reels_overlay,,,1.0,,,
2026-06-16,2026-06-16,12.869855,270,246,1.097561,47.666128,5,2.573971,1.851852,5,1.851852,facebook,facebook_stories,,,2.0,,,
2026-06-16,2026-06-16,1275.245598,60411,48501,1.245562,21.109493,994,1.282943,1.645396,695,1.150453,facebook,feed,21.0,1207.28,289.0,0.946704,60.72598085714286,0.030215827338129497
2026-06-16,2026-06-16,4.42995,492,357,1.378151,9.003963,3,1.47665,0.609756,3,0.609756,facebook,instream_video,,,1.0,,,
2026-06-16,2026-06-16,5.819934,746,504,1.480159,7.80152,3,1.939978,0.402145,3,0.402145,facebook,marketplace,,,1.0,,,
2026-06-16,2026-06-16,3.269963,2452,709,3.458392,1.33359,1,3.269963,0.040783,1,0.040783,facebook,right_hand_column,,,2.0,,,
2026-06-16,2026-06-16,8.029909,852,775,1.099355,9.424776,10,0.802991,1.173709,10,1.173709,facebook,search,,,5.0,,,
2026-06-16,2026-06-16,211.007617,5379,4711,1.141796,39.228038,88,2.397814,1.635992,85,1.580219,instagram,feed,6.0,361.67,52.0,1.714014,35.16793616666667,0.07058823529411765
2026-06-16,2026-06-16,44.859493,1366,1175,1.162553,32.840039,34,1.319397,2.489019,34,2.489019,instagram,instagram_reels,1.0,59.92,10.0,1.335726,44.859493,0.029411764705882353
2026-06-16,2026-06-16,0.069999,4,4,1.0,17.499802,0,,0.0,0,,instagram,instagram_search,,,,,,
2026-06-16,2026-06-16,59.029333,1259,1058,1.189981,46.885888,25,2.361173,1.985703,21,1.66799,instagram,instagram_stories,,,9.0,,,
2026-06-16,2026-06-16,0.959989,42,40,1.05,22.856885,1,0.959989,2.380952,1,2.380952,threads,threads_feed,,,1.0,,,
2026-06-16,2026-06-16,1.989978,73,59,1.237288,27.259966,1,1.989978,1.369863,1,1.369863,unknown,unknown,,,,,,
2026-06-17,2026-06-17,13.051036,1470,137,10.729927,8.878256,62,0.210501,4.217687,94,6.394558,audience_network,an_classic,2.0,43.98,5.0,3.369847,6.525518,0.02127659574468085
2026-06-17,2026-06-17,2.940233,54,54,1.0,54.448767,2,1.470117,3.703704,2,3.703704,facebook,facebook_notification,,,,,,
2026-06-17,2026-06-17,0.780062,83,82,1.012195,9.398337,0,,0.0,0,,facebook,facebook_profile_feed,,,,,,
2026-06-17,2026-06-17,113.449007,3496,2771,1.261638,32.451089,78,1.454474,2.231121,66,1.887872,facebook,facebook_reels,2.0,179.76,26.0,1.5845,56.7245035,0.030303030303030304
2026-06-17,2026-06-17,16.3713,3987,2368,1.683699,4.10617,11,1.4883,0.275897,11,0.275897,facebook,facebook_reels_overlay,,,,,,
2026-06-17,2026-06-17,11.550917,249,230,1.082609,46.389225,8,1.443865,3.212851,8,3.212851,facebook,facebook_stories,,,6.0,,,
2026-06-17,2026-06-17,1041.132656,51624,42215,1.222883,20.167609,768,1.355641,1.48768,574,1.111886,facebook,feed,19.0,1118.55,288.0,1.074359,54.796455578947366,0.033101045296167246
2026-06-17,2026-06-17,4.430352,509,363,1.402204,8.704031,2,2.215176,0.392927,2,0.392927,facebook,instream_video,,,,,,
2026-06-17,2026-06-17,5.450433,641,463,1.384449,8.503015,3,1.816811,0.468019,4,0.624025,facebook,marketplace,,,,,,
2026-06-17,2026-06-17,1.910152,1456,438,3.324201,1.311917,1,1.910152,0.068681,1,0.068681,facebook,right_hand_column,,,1.0,,,
2026-06-17,2026-06-17,6.330503,930,879,1.05802,6.806992,11,0.5755,1.182796,10,1.075269,facebook,search,1.0,54.24,4.0,8.56804,6.330503,0.1
2026-06-17,2026-06-17,199.275821,6057,5567,1.088019,32.900086,106,1.879961,1.750041,100,1.650982,instagram,feed,4.0,179.77,55.0,0.902116,49.81895525,0.04
2026-06-17,2026-06-17,48.023813,1516,1357,1.11717,31.677977,27,1.77866,1.781003,28,1.846966,instagram,instagram_reels,2.0,84.89,11.0,1.767665,24.0119065,0.07142857142857142
2026-06-17,2026-06-17,0.13001,4,4,1.0,32.50258,0,,0.0,0,,instagram,instagram_search,,,,,,
2026-06-17,2026-06-17,44.003493,1245,1059,1.175637,35.344171,23,1.913195,1.84739,23,1.84739,instagram,instagram_stories,1.0,87.21,7.0,1.981888,44.003493,0.043478260869565216
2026-06-17,2026-06-17,0.640051,61,61,1.0,10.492636,0,,0.0,0,,threads,threads_feed,,,,,,
2026-06-17,2026-06-17,2.040162,67,59,1.135593,30.450179,1,2.040162,1.492537,1,1.492537,unknown,unknown,,,,,,
2026-06-18,2026-06-18,12.920152,1618,159,10.176101,7.985261,44,0.29364,2.719407,53,3.275649,audience_network,an_classic,,,,,,
2026-06-18,2026-06-18,1.830022,49,47,1.042553,37.347379,1,1.830022,2.040816,1,2.040816,facebook,facebook_notification,,,,,,
2026-06-18,2026-06-18,1.590019,82,79,1.037975,19.390472,1,1.590019,1.219512,1,1.219512,facebook,facebook_profile_feed,,,,,,
2026-06-18,2026-06-18,114.391348,3708,3070,1.207818,30.849878,85,1.345781,2.292341,71,1.914779,facebook,facebook_reels,1.0,74.9,21.0,0.65477,114.391348,0.014084507042253521
2026-06-18,2026-06-18,10.750127,3281,1911,1.716902,3.276479,11,0.977284,0.335264,11,0.335264,facebook,facebook_reels_overlay,,,1.0,,,
2026-06-18,2026-06-18,11.580136,257,243,1.057613,45.058897,4,2.895034,1.55642,4,1.55642,facebook,facebook_stories,,,1.0,,,
2026-06-18,2026-06-18,1199.364136,62565,51314,1.219258,19.169889,911,1.316536,1.456086,674,1.07728,facebook,feed,21.0,1147.21,295.0,0.956515,57.1125779047619,0.03115727002967359
2026-06-18,2026-06-18,3.39004,366,276,1.326087,9.262404,1,3.39004,0.273224,1,0.273224,facebook,instream_video,,,,,,
2026-06-18,2026-06-18,5.92007,754,587,1.284497,7.851551,4,1.480017,0.530504,4,0.530504,facebook,marketplace,,,,,,
2026-06-18,2026-06-18,2.650031,1448,525,2.758095,1.830132,2,1.325016,0.138122,2,0.138122,facebook,right_hand_column,,,,,,
2026-06-18,2026-06-18,6.240074,791,720,1.098611,7.888841,7,0.891439,0.884956,7,0.884956,facebook,search,,,1.0,,,
2026-06-18,2026-06-18,228.022688,7162,6571,1.089941,31.837851,76,3.000299,1.061156,68,0.949455,instagram,feed,2.0,164.78,27.0,0.722647,114.011344,0.029411764705882353
2026-06-18,2026-06-18,45.79054,1926,1791,1.075377,23.774943,24,1.907939,1.246106,24,1.246106,instagram,instagram_reels,1.0,39.94,5.0,0.872233,45.79054,0.041666666666666664
2026-06-18,2026-06-18,0.050001,5,5,1.0,10.000118,0,,0.0,0,,instagram,instagram_search,,,,,,
2026-06-18,2026-06-18,49.970589,1373,1264,1.086234,36.395185,31,1.611954,2.25783,30,2.184996,instagram,instagram_stories,1.0,89.88,16.0,1.798658,49.970589,0.03333333333333333
2026-06-18,2026-06-18,1.220014,100,98,1.020408,12.200144,1,1.220014,1.0,1,1.0,threads,threads_feed,,,,,,
2026-06-18,2026-06-18,1.200014,50,49,1.020408,24.000283,2,0.600007,4.0,1,2.0,unknown,unknown,,,,,,
2026-06-19,2026-06-19,15.650166,2243,174,12.890805,6.977337,81,0.193212,3.611235,97,4.324565,audience_network,an_classic,1.0,23.96,6.0,1.530974,15.650166,0.010309278350515464
2026-06-19,2026-06-19,1.330014,34,33,1.030303,39.118063,2,0.665007,5.882353,2,5.882353,facebook,facebook_notification,,,,,,
2026-06-19,2026-06-19,0.790008,48,45,1.066667,16.458508,1,0.790008,2.083333,1,2.083333,facebook,facebook_profile_feed,,,,,,
2026-06-19,2026-06-19,142.321512,3864,3076,1.256177,36.83269,96,1.482516,2.484472,90,2.329193,facebook,facebook_reels,5.0,304.6,45.0,2.140225,28.4643024,0.05555555555555555
2026-06-19,2026-06-19,11.450122,3275,1954,1.676049,3.49622,11,1.04092,0.335878,11,0.335878,facebook,facebook_reels_overlay,,,1.0,,,
2026-06-19,2026-06-19,10.480111,223,208,1.072115,46.996015,5,2.096022,2.242152,5,2.242152,facebook,facebook_stories,,,,,,
2026-06-19,2026-06-19,1324.06407,62287,50678,1.229074,21.257471,968,1.367835,1.554096,689,1.10617,facebook,feed,14.0,942.8,293.0,0.71205,94.576005,0.020319303338171262
2026-06-19,2026-06-19,4.120044,529,366,1.445355,7.788363,3,1.373348,0.567108,2,0.378072,facebook,instream_video,,,,,,
2026-06-19,2026-06-19,4.600049,513,395,1.298734,8.966957,4,1.150012,0.779727,4,0.779727,facebook,marketplace,,,1.0,,,
2026-06-19,2026-06-19,1.84002,1219,347,3.512968,1.50945,0,,0.0,0,,facebook,right_hand_column,,,,,,
2026-06-19,2026-06-19,11.220119,890,850,1.047059,12.606876,13,0.863086,1.460674,13,1.460674,facebook,search,,,2.0,,,
2026-06-19,2026-06-19,235.842506,7121,6370,1.117896,33.119296,104,2.267716,1.460469,99,1.390254,instagram,feed,5.0,280.61,60.0,1.189819,47.168501199999994,0.050505050505050504
2026-06-19,2026-06-19,53.230566,1737,1591,1.091766,30.645116,32,1.663455,1.842257,32,1.842257,instagram,instagram_reels,,,7.0,,,
2026-06-19,2026-06-19,0.0,2,2,1.0,0.0,0,,0.0,0,,instagram,instagram_search,,,,,,
2026-06-19,2026-06-19,62.950669,1748,1545,1.131392,36.012969,35,1.798591,2.002288,32,1.830664,instagram,instagram_stories,,,12.0,,,
2026-06-19,2026-06-19,1.000011,58,56,1.035714,17.241563,0,,0.0,1,1.724138,threads,threads_feed,,,,,,
2026-06-19,2026-06-19,1.210013,72,63,1.142857,16.805734,0,,0.0,0,,unknown,unknown,,,,,,
2026-06-20,2026-06-20,14.529917,1892,184,10.282609,7.67966,43,0.337905,2.272727,61,3.224101,audience_network,an_classic,,,,,,
2026-06-20,2026-06-20,0.929995,27,26,1.038462,34.444248,2,0.464997,7.407407,2,7.407407,facebook,facebook_notification,,,,,,
2026-06-20,2026-06-20,0.429998,58,58,1.0,7.413751,0,,0.0,0,,facebook,facebook_profile_feed,,,,,,
2026-06-20,2026-06-20,145.939167,3989,3203,1.245395,36.585402,125,1.167513,3.133617,106,2.657308,facebook,facebook_reels,5.0,264.65,56.0,1.813427,29.1878334,0.04716981132075472
2026-06-20,2026-06-20,10.55994,2956,2041,1.44831,3.572375,7,1.508563,0.236807,7,0.236807,facebook,facebook_reels_overlay,,,,,,
2026-06-20,2026-06-20,14.129919,282,277,1.018051,50.106097,6,2.354987,2.12766,6,2.12766,facebook,facebook_stories,,,,,,
2026-06-20,2026-06-20,1157.523395,52857,40301,1.311556,21.89915,843,1.3731,1.594869,653,1.235409,facebook,feed,22.0,1483.51,294.0,1.281624,52.61469977272727,0.033690658499234305
2026-06-20,2026-06-20,3.799978,421,349,1.206304,9.026077,4,0.949995,0.950119,1,0.23753,facebook,instream_video,,,,,,
2026-06-20,2026-06-20,7.999954,932,782,1.191816,8.583642,9,0.888884,0.965665,9,0.965665,facebook,marketplace,,,1.0,,,
2026-06-20,2026-06-20,1.939989,1040,356,2.921348,1.865374,0,,0.0,0,,facebook,right_hand_column,,,,,,
2026-06-20,2026-06-20,5.909966,1131,1073,1.054054,5.225434,5,1.181993,0.442087,5,0.442087,facebook,search,,,,,,
2026-06-20,2026-06-20,271.68845,8270,7301,1.132722,32.852291,139,1.954593,1.680774,131,1.584039,instagram,feed,5.0,253.24,68.0,0.932097,54.337689999999995,0.03816793893129771
2026-06-20,2026-06-20,52.5797,1730,1578,1.096324,30.39289,41,1.282432,2.369942,39,2.254335,instagram,instagram_reels,1.0,39.95,13.0,0.759799,52.5797,0.02564102564102564
2026-06-20,2026-06-20,0.03,7,7,1.0,4.28569,0,,0.0,0,,instagram,instagram_search,,,,,,
2026-06-20,2026-06-20,60.759653,1626,1422,1.14346,37.36756,36,1.687768,2.214022,36,2.214022,instagram,instagram_stories,,,13.0,,,
2026-06-20,2026-06-20,1.329992,55,55,1.0,24.18168,0,,0.0,0,,threads,threads_feed,,,,,,
2026-06-20,2026-06-20,2.529986,84,77,1.090909,30.118876,2,1.264993,2.380952,1,1.190476,unknown,unknown,,,,,,
2026-06-21,2026-06-21,28.301421,4220,257,16.420233,6.706498,104,0.272129,2.464455,141,3.341232,audience_network,an_classic,2.0,335.14,5.0,11.841808,14.1507105,0.014184397163120567
2026-06-21,2026-06-21,1.300065,31,20,1.55,41.937589,9,0.144452,29.032258,9,29.032258,audience_network,rewarded_video,,,,,,
2026-06-21,2026-06-21,1.550078,41,40,1.025,37.806776,2,0.775039,4.878049,2,4.878049,facebook,facebook_notification,,,,,,
2026-06-21,2026-06-21,1.350068,115,113,1.017699,11.73972,2,0.675034,1.73913,1,0.869565,facebook,facebook_profile_feed,,,1.0,,,
2026-06-21,2026-06-21,167.2984,5550,4397,1.262224,30.143856,124,1.349181,2.234234,105,1.891892,facebook,facebook_reels,3.0,141.81,44.0,0.847647,55.76613333333333,0.02857142857142857
2026-06-21,2026-06-21,38.361926,12916,10853,1.190086,2.970109,36,1.065609,0.278724,37,0.286466,facebook,facebook_reels_overlay,1.0,51.92,4.0,1.353425,38.361926,0.02702702702702703
2026-06-21,2026-06-21,17.290868,414,372,1.112903,41.765382,7,2.470124,1.690821,7,1.690821,facebook,facebook_stories,,,1.0,,,
2026-06-21,2026-06-21,1406.540618,74928,57148,1.311122,18.771896,1103,1.275195,1.47208,828,1.105061,facebook,feed,19.0,1294.42,357.0,0.920286,74.02845357894736,0.022946859903381644
2026-06-21,2026-06-21,5.17026,885,657,1.347032,5.842101,2,2.58513,0.225989,1,0.112994,facebook,instream_video,,,,,,
2026-06-21,2026-06-21,8.220413,1260,1006,1.252485,6.524137,8,1.027552,0.634921,8,0.634921,facebook,marketplace,,,3.0,,,
2026-06-21,2026-06-21,2.350118,1115,386,2.888601,2.107729,1,2.350118,0.089686,1,0.089686,facebook,right_hand_column,,,1.0,,,
2026-06-21,2026-06-21,7.670385,866,801,1.081149,8.857258,6,1.278398,0.692841,6,0.692841,facebook,search,2.0,269.64,4.0,35.153385,3.8351925,0.3333333333333333
2026-06-21,2026-06-21,342.827212,10046,9129,1.100449,34.125743,157,2.183613,1.562811,156,1.552857,instagram,feed,5.0,294.61,68.0,0.859354,68.5654424,0.03205128205128205
2026-06-21,2026-06-21,74.69375,3632,3181,1.141779,20.56546,60,1.244896,1.651982,52,1.431718,instagram,instagram_reels,,,21.0,,,
2026-06-21,2026-06-21,0.080004,7,7,1.0,11.429145,0,,0.0,0,,instagram,instagram_search,,,,,,
2026-06-21,2026-06-21,85.364286,2441,2043,1.194812,34.971031,42,2.032483,1.720606,41,1.679639,instagram,instagram_stories,1.0,89.88,27.0,1.052899,85.364286,0.024390243902439025
2026-06-21,2026-06-21,1.240062,93,93,1.0,13.334003,0,,0.0,0,,threads,threads_feed,,,,,,
2026-06-21,2026-06-21,1.310066,71,62,1.145161,18.451631,0,,0.0,0,,unknown,unknown,,,,,,
2026-06-22,2026-06-22,26.728848,2914,285,10.224561,9.172563,104,0.257008,3.568977,143,4.907344,audience_network,an_classic,,,,,,
2026-06-22,2026-06-22,5.439765,59,28,2.107143,92.199415,13,0.418444,22.033898,22,37.288136,audience_network,rewarded_video,,,,,,
2026-06-22,2026-06-22,1.539934,45,45,1.0,34.220747,2,0.769967,4.444444,2,4.444444,facebook,facebook_notification,,,,,,
2026-06-22,2026-06-22,1.199948,165,161,1.024845,7.272414,1,1.199948,0.606061,1,0.606061,facebook,facebook_profile_feed,,,,,,
2026-06-22,2026-06-22,149.423558,5572,4463,1.248488,26.816862,106,1.409656,1.902369,88,1.579325,facebook,facebook_reels,1.0,24.97,36.0,0.167109,149.423558,0.011363636363636364
2026-06-22,2026-06-22,26.348864,8009,5997,1.335501,3.289907,23,1.145603,0.287177,23,0.287177,facebook,facebook_reels_overlay,2.0,99.87,3.0,3.790296,13.174432,0.08695652173913043
2026-06-22,2026-06-22,15.649325,431,426,1.011737,36.309339,13,1.203794,3.016241,13,3.016241,facebook,facebook_stories,,,4.0,,,
2026-06-22,2026-06-22,1344.57203,77402,63285,1.22307,17.371283,1095,1.22792,1.414692,776,1.002558,facebook,feed,32.0,1877.45,341.0,1.396318,42.0178759375,0.041237113402061855
2026-06-22,2026-06-22,7.159691,856,661,1.295008,8.364125,4,1.789923,0.46729,4,0.46729,facebook,instream_video,,,,,,
2026-06-22,2026-06-22,12.839446,2428,2009,1.208561,5.288075,5,2.567889,0.205931,5,0.205931,facebook,marketplace,1.0,11.98,1.0,0.933062,12.839446,0.2
2026-06-22,2026-06-22,6.71971,2729,1175,2.322553,2.462334,0,,0.0,0,,facebook,right_hand_column,,,,,,
2026-06-22,2026-06-22,4.40981,764,704,1.085227,5.772002,10,0.440981,1.308901,10,1.308901,facebook,search,,,2.0,,,
2026-06-22,2026-06-22,296.41722,9566,8800,1.087045,30.986538,132,2.245585,1.379887,122,1.27535,instagram,feed,2.0,92.92,72.0,0.313477,148.20861,0.01639344262295082
2026-06-22,2026-06-22,0.119995,2,1,2.0,59.997413,0,,0.0,0,,instagram,instagram_explore_grid_home,,,,,,
2026-06-22,2026-06-22,104.795482,9888,8590,1.151106,10.598249,77,1.36098,0.778722,72,0.728155,instagram,instagram_reels,1.0,24.97,22.0,0.238274,104.795482,0.013888888888888888
2026-06-22,2026-06-22,0.029999,4,4,1.0,7.499677,1,0.029999,25.0,1,25.0,instagram,instagram_search,,,,,,
2026-06-22,2026-06-22,80.276539,3360,2982,1.126761,23.891827,46,1.745142,1.369048,43,1.279762,instagram,instagram_stories,,,5.0,,,
2026-06-22,2026-06-22,1.799922,224,222,1.009009,8.035368,0,,0.0,0,,threads,threads_feed,,,,,,
2026-06-22,2026-06-22,2.009913,66,65,1.015385,30.453232,3,0.669971,4.545455,2,3.030303,unknown,unknown,,,,,,
2026-06-23,2026-06-23,34.940332,4013,384,10.450521,8.706786,147,0.237689,3.663095,187,4.659855,audience_network,an_classic,1.0,64.98,2.0,1.859742,34.940332,0.0053475935828877
2026-06-23,2026-06-23,9.250088,65,15,4.333333,142.309043,12,0.770841,18.461538,31,47.692308,audience_network,rewarded_video,,,9.0,,,
2026-06-23,2026-06-23,5.860056,80,78,1.025641,73.250695,1,5.860056,1.25,1,1.25,facebook,facebook_notification,,,,,,
2026-06-23,2026-06-23,1.590015,210,204,1.029412,7.5715,1,1.590015,0.47619,0,,facebook,facebook_profile_feed,,,,,,
2026-06-23,2026-06-23,136.591296,5686,4775,1.190785,24.022388,94,1.453099,1.653183,84,1.477313,facebook,facebook_reels,3.0,174.77,35.0,1.279511,45.530432,0.03571428571428571
2026-06-23,2026-06-23,50.210477,14912,12109,1.231481,3.367119,49,1.024704,0.328594,49,0.328594,facebook,facebook_reels_overlay,,,5.0,,,
2026-06-23,2026-06-23,17.970171,403,381,1.057743,44.590994,11,1.633652,2.729529,11,2.729529,facebook,facebook_stories,,,2.0,,,
2026-06-23,2026-06-23,1321.102538,61346,50923,1.204682,21.535268,891,1.482719,1.452417,661,1.077495,facebook,feed,20.0,1119.17,266.0,0.847148,66.0551269,0.030257186081694403
2026-06-23,2026-06-23,7.100067,1192,977,1.220061,5.956432,9,0.788896,0.755034,9,0.755034,facebook,instream_video,4.0,215.7,9.0,30.379993,1.77501675,0.4444444444444444
2026-06-23,2026-06-23,12.68012,2063,1675,1.231642,6.146447,4,3.17003,0.193892,4,0.193892,facebook,marketplace,,,,,,
2026-06-23,2026-06-23,5.590053,2436,841,2.896552,2.294767,2,2.795027,0.082102,2,0.082102,facebook,right_hand_column,,,,,,
2026-06-23,2026-06-23,6.27006,990,907,1.09151,6.333393,5,1.254012,0.505051,6,0.606061,facebook,search,,,3.0,,,
2026-06-23,2026-06-23,320.513042,10940,9831,1.112806,29.297353,143,2.24135,1.30713,138,1.261426,instagram,feed,5.0,432.56,66.0,1.349586,64.1026084,0.036231884057971016
2026-06-23,2026-06-23,0.0,2,2,1.0,0.0,0,,0.0,0,,instagram,instagram_explore_grid_home,,,,,,
2026-06-23,2026-06-23,102.900977,7798,7235,1.077816,13.195816,81,1.270382,1.038728,78,1.000256,instagram,instagram_reels,,,18.0,,,
2026-06-23,2026-06-23,0.04,6,6,1.0,6.66673,0,,0.0,0,,instagram,instagram_search,,,,,,
2026-06-23,2026-06-23,72.010683,3101,2933,1.057279,23.221762,43,1.674667,1.386649,44,1.418897,instagram,instagram_stories,1.0,78.11,14.0,1.0847,72.010683,0.022727272727272728
2026-06-23,2026-06-23,1.330013,103,102,1.009804,12.912744,0,,0.0,0,,threads,threads_feed,,,,,,
2026-06-23,2026-06-23,1.340013,75,73,1.027397,17.866836,1,1.340013,1.333333,0,,unknown,unknown,,,,,,
2026-06-24,2026-06-24,9.600096,822,127,6.472441,11.678949,40,0.240002,4.86618,48,5.839416,audience_network,an_classic,,,3.0,,,
2026-06-24,2026-06-24,7.220072,97,32,3.03125,74.433734,26,0.277695,26.804124,36,37.113402,audience_network,rewarded_video,,,,,,
2026-06-24,2026-06-24,1.120011,35,35,1.0,32.00032,1,1.120011,2.857143,1,2.857143,facebook,facebook_notification,,,,,,
2026-06-24,2026-06-24,0.760008,47,44,1.068182,16.170374,1,0.760008,2.12766,1,2.12766,facebook,facebook_profile_feed,,,,,,
2026-06-24,2026-06-24,163.271632,4542,3819,1.189317,35.947079,110,1.484288,2.421841,91,2.003523,facebook,facebook_reels,1.0,95.82,37.0,0.586875,163.271632,0.01098901098901099
2026-06-24,2026-06-24,5.920059,1660,940,1.765957,3.566301,0,,0.0,0,,facebook,facebook_reels_overlay,,,2.0,,,
2026-06-24,2026-06-24,20.0502,232,217,1.069124,86.423277,9,2.2278,3.87931,10,4.310345,facebook,facebook_stories,,,,,,
2026-06-24,2026-06-24,1326.993262,53572,43393,1.234577,24.770277,773,1.71668,1.442918,581,1.084522,facebook,feed,19.0,1394.34,244.0,1.050751,69.84175063157895,0.03270223752151463
2026-06-24,2026-06-24,1.570016,183,145,1.262069,8.579321,3,0.523339,1.639344,3,1.639344,facebook,instream_video,,,,,,
2026-06-24,2026-06-24,7.110071,661,489,1.351738,10.756537,2,3.555036,0.302572,1,0.151286,facebook,marketplace,,,,,,
2026-06-24,2026-06-24,1.880019,1076,377,2.854111,1.747229,1,1.880019,0.092937,1,0.092937,facebook,right_hand_column,,,1.0,,,
2026-06-24,2026-06-24,5.770058,793,736,1.077446,7.276239,6,0.961676,0.75662,6,0.75662,facebook,search,,,1.0,,,
2026-06-24,2026-06-24,299.062989,7887,7006,1.125749,37.918472,101,2.96102,1.280588,93,1.179156,instagram,feed,9.0,557.43,62.0,1.863922,33.229221,0.0967741935483871
2026-06-24,2026-06-24,0.02,2,2,1.0,10.0001,0,,0.0,0,,instagram,instagram_explore_grid_home,,,,,,
2026-06-24,2026-06-24,73.860738,1796,1569,1.144678,41.125133,49,1.507362,2.728285,46,2.561247,instagram,instagram_reels,,,15.0,,,
2026-06-24,2026-06-24,0.070001,7,6,1.166667,10.0001,0,,0.0,0,,instagram,instagram_search,,,,,,
2026-06-24,2026-06-24,73.700737,1596,1418,1.125529,46.178406,42,1.754779,2.631579,42,2.631579,instagram,instagram_stories,1.0,37.91,17.0,0.514377,73.700737,0.023809523809523808
2026-06-24,2026-06-24,0.0,1,1,1.0,0.0,0,,0.0,0,,messenger,messenger_stories,,,,,,
2026-06-24,2026-06-24,0.310003,24,23,1.043478,12.916796,0,,0.0,0,,threads,threads_feed,,,,,,
2026-06-24,2026-06-24,2.97003,117,104,1.125,25.384869,2,1.485015,1.709402,2,1.709402,unknown,unknown,,,,,,
2026-06-25,2026-06-25,11.060223,938,133,7.052632,11.791282,54,0.204819,5.75693,68,7.249467,audience_network,an_classic,,,6.0,,,
2026-06-25,2026-06-25,1.660033,43,13,3.307692,38.605429,12,0.138336,27.906977,21,48.837209,audience_network,rewarded_video,,,,,,
2026-06-25,2026-06-25,1.900038,35,33,1.060606,54.286808,1,1.900038,2.857143,1,2.857143,facebook,facebook_notification,,,,,,
2026-06-25,2026-06-25,0.910018,58,56,1.035714,15.689971,0,,0.0,0,,facebook,facebook_profile_feed,,,,,,
2026-06-25,2026-06-25,176.323554,5289,4310,1.227146,33.337787,108,1.632626,2.041974,95,1.796181,facebook,facebook_reels,1.0,41.93,28.0,0.237801,176.323554,0.010526315789473684
2026-06-25,2026-06-25,5.210105,1236,678,1.823009,4.215295,3,1.736702,0.242718,3,0.242718,facebook,facebook_reels_overlay,,,3.0,,,
2026-06-25,2026-06-25,20.540414,325,305,1.065574,63.201274,11,1.86731,3.384615,10,3.076923,facebook,facebook_stories,,,4.0,,,
2026-06-25,2026-06-25,1290.816016,56685,44953,1.260984,22.771739,810,1.5936,1.428949,590,1.04084,facebook,feed,27.0,1701.33,206.0,1.318027,47.80800059259259,0.04576271186440678
2026-06-25,2026-06-25,2.630053,240,170,1.411765,10.958554,3,0.876684,1.25,3,1.25,facebook,instream_video,,,1.0,,,
2026-06-25,2026-06-25,6.680135,563,424,1.32783,11.865248,5,1.336027,0.888099,5,0.888099,facebook,marketplace,,,2.0,,,
2026-06-25,2026-06-25,1.540031,908,337,2.694362,1.696069,0,,0.0,0,,facebook,right_hand_column,,,,,,
2026-06-25,2026-06-25,11.870239,644,599,1.075125,18.432049,5,2.374048,0.776398,5,0.776398,facebook,search,,,1.0,,,
2026-06-25,2026-06-25,301.476076,8075,7237,1.115794,37.334499,124,2.431259,1.535604,121,1.498452,instagram,feed,6.0,277.26,71.0,0.919675,50.246012666666665,0.049586776859504134
2026-06-25,2026-06-25,73.44148,2072,1870,1.108021,35.44473,45,1.632033,2.171815,46,2.220077,instagram,instagram_reels,2.0,123.8,16.0,1.685696,36.72074,0.043478260869565216
2026-06-25,2026-06-25,0.02,5,5,1.0,4.000081,0,,0.0,0,,instagram,instagram_search,,,,,,
2026-06-25,2026-06-25,76.271537,1796,1599,1.123202,42.467448,33,2.311259,1.837416,32,1.781737,instagram,instagram_stories,,,8.0,,,
2026-06-25,2026-06-25,0.590012,20,20,1.0,29.500595,1,0.590012,5.0,1,5.0,threads,threads_feed,,,,,,
2026-06-25,2026-06-25,1.720035,90,83,1.084337,19.111496,0,,0.0,0,,unknown,unknown,,,1.0,,,
2026-06-26,2026-06-26,10.991201,1273,129,9.868217,8.634093,52,0.211369,4.084839,63,4.94894,audience_network,an_classic,,,4.0,,,
2026-06-26,2026-06-26,0.070008,10,2,5.0,7.000765,0,,0.0,0,,audience_network,rewarded_video,,,2.0,,,
2026-06-26,2026-06-26,0.610067,22,22,1.0,27.730302,1,0.610067,4.545455,1,4.545455,facebook,facebook_notification,,,,,,
2026-06-26,2026-06-26,0.870095,59,58,1.017241,14.747374,0,,0.0,0,,facebook,facebook_profile_feed,,,,,,
2026-06-26,2026-06-26,173.038905,4882,3856,1.266079,35.444266,116,1.491715,2.376075,99,2.027857,facebook,facebook_reels,2.0,159.7,31.0,0.922914,86.5194525,0.020202020202020204
2026-06-26,2026-06-26,5.000546,1303,779,1.672657,3.837718,1,5.000546,0.076746,1,0.076746,facebook,facebook_reels_overlay,,,2.0,,,
2026-06-26,2026-06-26,31.133401,364,336,1.083333,85.531322,15,2.07556,4.120879,15,4.120879,facebook,facebook_stories,,,3.0,,,
2026-06-26,2026-06-26,1289.730905,64349,52646,1.222296,20.04275,809,1.594229,1.257207,561,0.871808,facebook,feed,16.0,1118.79,219.0,0.86746,80.6081815625,0.0285204991087344
2026-06-26,2026-06-26,4.270467,244,176,1.386364,17.501912,4,1.067617,1.639344,3,1.229508,facebook,instream_video,,,2.0,,,
2026-06-26,2026-06-26,4.85053,510,392,1.30102,9.510843,1,4.85053,0.196078,1,0.196078,facebook,marketplace,,,,,,
2026-06-26,2026-06-26,1.220133,750,305,2.459016,1.626844,0,,0.0,0,,facebook,right_hand_column,,,,,,
2026-06-26,2026-06-26,5.690622,475,433,1.096998,11.980256,4,1.422655,0.842105,4,0.842105,facebook,search,,,3.0,,,
2026-06-26,2026-06-26,306.013432,9951,8875,1.121239,30.752028,119,2.571541,1.19586,116,1.165712,instagram,feed,2.0,112.08,43.0,0.366258,153.006716,0.017241379310344827
2026-06-26,2026-06-26,76.548363,2024,1768,1.144796,37.820337,39,1.962779,1.926877,35,1.729249,instagram,instagram_reels,,,10.0,,,
2026-06-26,2026-06-26,0.100011,5,5,1.0,20.002185,0,,0.0,0,,instagram,instagram_search,,,,,,
2026-06-26,2026-06-26,101.571097,2234,2048,1.09082,45.466024,36,2.821419,1.611459,35,1.566697,instagram,instagram_stories,,,5.0,,,
2026-06-26,2026-06-26,0.560061,33,33,1.0,16.971551,1,0.560061,3.030303,1,3.030303,threads,threads_feed,,,1.0,,,
2026-06-26,2026-06-26,1.430156,65,64,1.015625,22.002404,0,,0.0,0,,unknown,unknown,,,,,,
2026-06-27,2026-06-27,8.86,1363,147,9.272109,6.500367,42,0.210952,3.081438,56,4.108584,audience_network,an_classic,,,,,,
2026-06-27,2026-06-27,0.45,18,17,1.058824,25.0,0,,0.0,0,,facebook,facebook_notification,,,,,,
2026-06-27,2026-06-27,1.16,102,99,1.030303,11.372549,5,0.232,4.901961,3,2.941176,facebook,facebook_profile_feed,1.0,57.9,4.0,49.913793,1.16,0.3333333333333333
2026-06-27,2026-06-27,199.43,5396,4509,1.196718,36.958858,149,1.338456,2.761305,120,2.22387,facebook,facebook_reels,,,37.0,,,
2026-06-27,2026-06-27,9.67,2662,2020,1.317822,3.632607,10,0.967,0.375657,10,0.375657,facebook,facebook_reels_overlay,2.0,64.0,2.0,6.618407,4.835,0.2
2026-06-27,2026-06-27,18.47,380,365,1.041096,48.605263,10,1.847,2.631579,10,2.631579,facebook,facebook_stories,,,6.0,,,
2026-06-27,2026-06-27,1471.82,70640,58923,1.198853,20.835504,945,1.557481,1.337769,696,0.985277,facebook,feed,13.0,770.21,281.0,0.523304,113.21692307692307,0.01867816091954023
2026-06-27,2026-06-27,3.32,396,323,1.226006,8.383838,3,1.106667,0.757576,3,0.757576,facebook,instream_video,,,,,,
2026-06-27,2026-06-27,7.12,850,692,1.228324,8.376471,5,1.424,0.588235,4,0.470588,facebook,marketplace,1.0,299.6,2.0,42.078652,7.12,0.25
2026-06-27,2026-06-27,1.76,1152,486,2.37037,1.527778,0,,0.0,0,,facebook,right_hand_column,,,,,,
2026-06-27,2026-06-27,8.31,732,675,1.084444,11.352459,14,0.593571,1.912568,13,1.775956,facebook,search,,,4.0,,,
2026-06-27,2026-06-27,379.33,12522,11711,1.069251,30.293084,154,2.463182,1.229835,151,1.205878,instagram,feed,5.0,253.65,63.0,0.668679,75.866,0.033112582781456956
2026-06-27,2026-06-27,80.36,2172,1911,1.136578,36.998158,45,1.785778,2.071823,43,1.979742,instagram,instagram_reels,1.0,101.94,14.0,1.268542,80.36,0.023255813953488372
2026-06-27,2026-06-27,0.0,1,1,1.0,0.0,0,,0.0,0,,instagram,instagram_search,,,,,,
2026-06-27,2026-06-27,132.98,3402,3219,1.05685,39.088771,72,1.846944,2.116402,70,2.057613,instagram,instagram_stories,1.0,37.34,27.0,0.280794,132.98,0.014285714285714285
2026-06-27,2026-06-27,0.88,60,60,1.0,14.666667,0,,0.0,0,,threads,threads_feed,,,,,,
2026-06-27,2026-06-27,1.96,105,99,1.060606,18.666667,0,,0.0,0,,unknown,unknown,,,1.0,,,
2026-06-28,2026-06-28,14.41,1738,176,9.875,8.291139,88,0.16375,5.063291,106,6.098964,audience_network,an_classic,,,4.0,,,
2026-06-28,2026-06-28,0.0,0,0,0.0,,0,,,0,,audience_network,rewarded_video,,,1.0,,,
2026-06-28,2026-06-28,1.42,29,29,1.0,48.965517,1,1.42,3.448276,1,3.448276,facebook,facebook_notification,,,,,,
2026-06-28,2026-06-28,2.38,307,302,1.016556,7.752443,2,1.19,0.651466,1,0.325733,facebook,facebook_profile_feed,,,1.0,,,
2026-06-28,2026-06-28,206.57,5619,4563,1.231427,36.762769,141,1.465035,2.509343,133,2.366969,facebook,facebook_reels,1.0,59.92,71.0,0.290071,206.57,0.007518796992481203
2026-06-28,2026-06-28,31.47,8525,7675,1.110749,3.691496,18,1.748333,0.211144,18,0.211144,facebook,facebook_reels_overlay,,,2.0,,,
2026-06-28,2026-06-28,27.15,493,456,1.08114,55.070994,28,0.969643,5.679513,29,5.882353,facebook,facebook_stories,,,6.0,,,
2026-06-28,2026-06-28,1426.98,63051,52748,1.195325,22.632155,932,1.531094,1.478168,693,1.09911,facebook,feed,13.0,578.08,258.0,0.405107,109.76769230769231,0.01875901875901876
2026-06-28,2026-06-28,9.14,1551,1466,1.057981,5.892972,5,1.828,0.322373,5,0.322373,facebook,instream_video,,,,,,
2026-06-28,2026-06-28,9.48,1171,974,1.202259,8.095645,8,1.185,0.683177,7,0.59778,facebook,marketplace,,,,,,
2026-06-28,2026-06-28,2.18,1536,512,3.0,1.419271,1,2.18,0.065104,1,0.065104,facebook,right_hand_column,,,,,,
2026-06-28,2026-06-28,6.97,944,841,1.122473,7.383475,13,0.536154,1.377119,13,1.377119,facebook,search,,,4.0,,,
2026-06-28,2026-06-28,350.8,10680,9659,1.105705,32.846442,141,2.487943,1.320225,130,1.217228,instagram,feed,3.0,169.69,67.0,0.483723,116.93333333333334,0.023076923076923078
2026-06-28,2026-06-28,80.45,2892,2622,1.102975,27.818119,61,1.318852,2.109267,57,1.970954,instagram,instagram_reels,3.0,207.61,20.0,2.580609,26.816666666666666,0.05263157894736842
2026-06-28,2026-06-28,0.28,5,5,1.0,56.0,0,,0.0,0,,instagram,instagram_search,,,,,,
2026-06-28,2026-06-28,130.21,3379,3099,1.090352,38.53507,52,2.504038,1.538917,51,1.509322,instagram,instagram_stories,2.0,67.89,25.0,0.521389,65.105,0.0392156862745098
2026-06-28,2026-06-28,1.51,99,98,1.010204,15.252525,1,1.51,1.010101,1,1.010101,threads,threads_feed,,,,,,
2026-06-28,2026-06-28,3.9,94,89,1.05618,41.489362,2,1.95,2.12766,2,2.12766,unknown,unknown,,,,,,
2026-06-29,2026-06-29,15.158998,1994,189,10.550265,7.602306,89,0.170326,4.46339,117,5.867603,audience_network,an_classic,,,,,,
2026-06-29,2026-06-29,0.399974,9,3,3.0,44.441507,3,0.133325,33.333333,3,33.333333,audience_network,rewarded_video,,,,,,
2026-06-29,2026-06-29,1.149924,27,27,1.0,42.589778,0,,0.0,0,,facebook,facebook_notification,,,,,,
2026-06-29,2026-06-29,1.079929,62,61,1.016393,17.418204,0,,0.0,0,,facebook,facebook_profile_feed,,,,,,
2026-06-29,2026-06-29,180.118096,4804,3948,1.216819,37.493359,94,1.91615,1.956703,74,1.540383,facebook,facebook_reels,,,23.0,,,
2026-06-29,2026-06-29,8.989406,2331,1491,1.56338,3.856459,5,1.797881,0.2145,5,0.2145,facebook,facebook_reels_overlay,2.0,99.87,6.0,11.109744,4.494703,0.4
2026-06-29,2026-06-29,28.13814,365,360,1.013889,77.090795,8,3.517268,2.191781,9,2.465753,facebook,facebook_stories,,,2.0,,,
2026-06-29,2026-06-29,1413.286593,66777,55645,1.200054,21.164272,893,1.582628,1.337287,635,0.950926,facebook,feed,26.0,1569.71,237.0,1.110681,54.35717665384615,0.04094488188976378
2026-06-29,2026-06-29,2.829813,353,275,1.283636,8.016467,2,1.414906,0.566572,2,0.566572,facebook,instream_video,,,,,,
2026-06-29,2026-06-29,5.549633,671,516,1.300388,8.27069,1,5.549633,0.149031,1,0.149031,facebook,marketplace,,,,,,
2026-06-29,2026-06-29,1.779882,1105,443,2.494357,1.610753,0,,0.0,0,,facebook,right_hand_column,,,,,,
2026-06-29,2026-06-29,4.599696,852,781,1.090909,5.398704,4,1.149924,0.469484,4,0.469484,facebook,search,,,2.0,,,
2026-06-29,2026-06-29,291.490735,9314,8367,1.113183,31.295978,97,3.005059,1.041443,91,0.977024,instagram,feed,5.0,344.54,38.0,1.181993,58.29814699999999,0.054945054945054944
2026-06-29,2026-06-29,70.605334,2225,1944,1.144547,31.732734,50,1.412107,2.247191,52,2.337079,instagram,instagram_reels,1.0,89.88,13.0,1.272992,70.605334,0.019230769230769232
2026-06-29,2026-06-29,0.069995,5,5,1.0,13.999075,0,,0.0,0,,instagram,instagram_search,,,,,,
2026-06-29,2026-06-29,90.354028,2133,1951,1.093285,42.36007,37,2.442001,1.734646,39,1.828411,instagram,instagram_stories,2.0,87.75,20.0,0.97118,45.177014,0.05128205128205128
2026-06-29,2026-06-29,0.0,1,1,1.0,0.0,0,,0.0,0,,messenger,messenger_stories,,,,,,
2026-06-29,2026-06-29,0.59996,28,28,1.0,21.427155,0,,0.0,0,,threads,threads_feed,,,,,,
2026-06-29,2026-06-29,2.059864,87,84,1.035714,23.676596,1,2.059864,1.149425,1,1.149425,unknown,unknown,,,,,,
2026-06-30,2026-06-30,9.600044,1164,165,7.054545,8.247461,49,0.195919,4.209622,66,5.670103,audience_network,an_classic,,,,,,
2026-06-30,2026-06-30,1.450007,36,13,2.769231,40.277964,5,0.290001,13.888889,7,19.444444,audience_network,rewarded_video,,,,,,
2026-06-30,2026-06-30,1.350006,34,34,1.0,39.706066,0,,0.0,0,,facebook,facebook_notification,,,,,,
2026-06-30,2026-06-30,2.18001,115,99,1.161616,18.956609,0,,0.0,0,,facebook,facebook_profile_feed,,,,,,
2026-06-30,2026-06-30,120.350557,4124,3432,1.201632,29.182967,104,1.157217,2.521823,85,2.061106,facebook,facebook_reels,2.0,116.81,16.0,0.970581,60.1752785,0.023529411764705882
2026-06-30,2026-06-30,16.470076,4094,2909,1.407356,4.022979,9,1.830008,0.219834,9,0.219834,facebook,facebook_reels_overlay,2.0,9.99,10.0,0.606555,8.235038,0.2222222222222222
2026-06-30,2026-06-30,13.100061,258,239,1.079498,50.775429,7,1.871437,2.713178,7,2.713178,facebook,facebook_stories,,,1.0,,,
2026-06-30,2026-06-30,1499.476936,67048,55196,1.214726,22.364231,951,1.576737,1.418387,702,1.047011,facebook,feed,21.0,1524.18,258.0,1.016474,71.40366361904762,0.029914529914529916
2026-06-30,2026-06-30,2.540012,314,242,1.297521,8.089209,1,2.540012,0.318471,1,0.318471,facebook,instream_video,,,,,,
2026-06-30,2026-06-30,8.050037,1038,840,1.235714,7.755335,1,8.050037,0.096339,1,0.096339,facebook,marketplace,,,1.0,,,
2026-06-30,2026-06-30,3.150015,1743,642,2.714953,1.807237,4,0.787504,0.229489,4,0.229489,facebook,right_hand_column,,,,,,
2026-06-30,2026-06-30,7.570035,840,767,1.095176,9.011946,7,1.081434,0.833333,7,0.833333,facebook,search,,,1.0,,,
2026-06-30,2026-06-30,319.321477,9679,8606,1.12468,32.991164,123,2.59611,1.270792,116,1.198471,instagram,feed,4.0,219.71,56.0,0.688053,79.83036925,0.034482758620689655
2026-06-30,2026-06-30,0.05,1,1,1.0,50.000231,0,,0.0,0,,instagram,instagram_explore_grid_home,,,,,,
2026-06-30,2026-06-30,74.940347,2660,2320,1.146552,28.173063,45,1.665341,1.691729,44,1.654135,instagram,instagram_reels,2.0,84.89,17.0,1.132768,37.4701735,0.045454545454545456
2026-06-30,2026-06-30,0.06,3,3,1.0,20.000093,0,,0.0,0,,instagram,instagram_search,,,,,,
2026-06-30,2026-06-30,78.660364,2319,2080,1.114904,33.91995,33,2.383647,1.423027,32,1.379905,instagram,instagram_stories,1.0,,10.0,,78.660364,0.03125
2026-06-30,2026-06-30,0.680003,55,55,1.0,12.363694,0,,0.0,0,,threads,threads_feed,,,,,,
2026-06-30,2026-06-30,2.800013,108,98,1.102041,25.926046,1,2.800013,0.925926,1,0.925926,unknown,unknown,,,,,,
2026-07-01,2026-07-01,11.688285,1091,163,6.693252,10.713368,64,0.182629,5.866178,76,6.966086,audience_network,an_classic,,,,,,
2026-07-01,2026-07-01,0.119982,3,3,1.0,39.994131,1,0.119982,33.333333,1,33.333333,audience_network,rewarded_video,,,,,,
2026-07-01,2026-07-01,1.08984,29,28,1.035714,37.580692,0,,0.0,0,,facebook,facebook_notification,,,,,,
2026-07-01,2026-07-01,1.42979,209,199,1.050251,6.841101,1,1.42979,0.478469,1,0.478469,facebook,facebook_profile_feed,,,,,,
2026-07-01,2026-07-01,129.940933,4987,4106,1.214564,26.055932,101,1.286544,2.025266,90,1.804692,facebook,facebook_reels,2.0,164.78,33.0,1.268115,64.9704665,0.022222222222222223
2026-07-01,2026-07-01,14.207915,4718,3326,1.418521,3.011428,10,1.420792,0.211954,10,0.211954,facebook,facebook_reels_overlay,,,1.0,,,
2026-07-01,2026-07-01,13.21806,268,250,1.072,49.321121,13,1.016774,4.850746,13,4.850746,facebook,facebook_stories,,,2.0,,,
2026-07-01,2026-07-01,1328.605043,63039,50685,1.243741,21.075922,919,1.445707,1.457828,676,1.072352,facebook,feed,22.0,1062.62,239.0,0.799801,60.39113831818182,0.03254437869822485
2026-07-01,2026-07-01,3.689459,461,360,1.280556,8.003164,3,1.22982,0.650759,3,0.650759,facebook,instream_video,1.0,,,,3.689459,0.3333333333333333
2026-07-01,2026-07-01,9.60859,1535,1245,1.232932,6.259668,8,1.201074,0.521173,8,0.521173,facebook,marketplace,,,,,,
2026-07-01,2026-07-01,3.33951,2133,538,3.964684,1.56564,2,1.669755,0.093765,2,0.093765,facebook,right_hand_column,,,,,,
2026-07-01,2026-07-01,4.90928,901,828,1.088164,5.448701,6,0.818213,0.665927,6,0.665927,facebook,search,,,,,,
2026-07-01,2026-07-01,296.976422,9483,8387,1.130678,31.316716,128,2.320128,1.349784,118,1.244332,instagram,feed,3.0,194.81,43.0,0.655978,98.99214066666667,0.025423728813559324
2026-07-01,2026-07-01,71.589495,2254,2028,1.11144,31.761089,45,1.590878,1.996451,40,1.774623,instagram,instagram_reels,3.0,159.79,13.0,2.232031,23.863165,0.075
2026-07-01,2026-07-01,0.029996,5,5,1.0,5.99912,0,,0.0,0,,instagram,instagram_search,,,,,,
2026-07-01,2026-07-01,84.02767,2328,2140,1.08785,36.09436,48,1.750576,2.061856,48,2.061856,instagram,instagram_stories,1.0,59.92,18.0,0.713098,84.02767,0.020833333333333332
2026-07-01,2026-07-01,0.709896,63,62,1.016129,11.268188,0,,0.0,0,,threads,threads_feed,,,,,,
2026-07-01,2026-07-01,1.129834,42,39,1.076923,26.900815,0,,0.0,0,,unknown,unknown,,,,,,
2026-07-02,2026-07-02,10.929801,902,113,7.982301,12.117296,34,0.321465,3.769401,39,4.323725,audience_network,an_classic,,,1.0,,,
2026-07-02,2026-07-02,2.619952,38,9,4.222222,68.946115,7,0.374279,18.421053,8,21.052632,audience_network,rewarded_video,,,,,,
2026-07-02,2026-07-02,1.399975,42,40,1.05,33.332727,5,0.279995,11.904762,5,11.904762,facebook,facebook_notification,,,,,,
2026-07-02,2026-07-02,1.499973,95,87,1.091954,15.789187,0,,0.0,0,,facebook,facebook_profile_feed,,,,,,
2026-07-02,2026-07-02,114.657916,3856,3203,1.203871,29.734937,80,1.433224,2.074689,70,1.815353,facebook,facebook_reels,1.0,45.93,31.0,0.400583,114.657916,0.014285714285714285
2026-07-02,2026-07-02,11.099798,3827,1987,1.926019,2.900391,10,1.10998,0.261301,10,0.261301,facebook,facebook_reels_overlay,1.0,103.46,4.0,9.32089,11.099798,0.1
2026-07-02,2026-07-02,10.309813,189,183,1.032787,54.549273,12,0.859151,6.349206,12,6.349206,facebook,facebook_stories,,,1.0,,,
2026-07-02,2026-07-02,1498.062767,68722,58199,1.180811,21.798882,995,1.505591,1.447862,735,1.069527,facebook,feed,9.0,430.42,232.0,0.287318,166.45141855555553,0.012244897959183673
2026-07-02,2026-07-02,3.399938,491,322,1.524845,6.924518,1,3.399938,0.203666,1,0.203666,facebook,instream_video,,,1.0,,,
2026-07-02,2026-07-02,6.519881,810,613,1.32137,8.049236,0,,0.0,0,,facebook,marketplace,,,,,,
2026-07-02,2026-07-02,2.459955,1695,476,3.560924,1.451301,2,1.229978,0.117994,2,0.117994,facebook,right_hand_column,,,,,,
2026-07-02,2026-07-02,6.679879,923,852,1.083333,7.237138,7,0.954268,0.758397,7,0.758397,facebook,search,,,1.0,,,
2026-07-02,2026-07-02,379.383103,12140,10940,1.109689,31.250667,156,2.431943,1.285008,141,1.16145,instagram,feed,7.0,364.59,56.0,0.961007,54.19758614285714,0.04964539007092199
2026-07-02,2026-07-02,0.0,1,1,1.0,0.0,0,,0.0,0,,instagram,instagram_explore_grid_home,,,,,,
2026-07-02,2026-07-02,70.348721,1990,1659,1.199518,35.351116,42,1.67497,2.110553,37,1.859296,instagram,instagram_reels,1.0,59.92,11.0,0.851757,70.348721,0.02702702702702703
2026-07-02,2026-07-02,0.069999,5,5,1.0,13.999746,0,,0.0,0,,instagram,instagram_search,,,,,,
2026-07-02,2026-07-02,78.67857,2156,1919,1.123502,36.492843,32,2.458705,1.48423,32,1.48423,instagram,instagram_stories,1.0,27.96,11.0,0.35537,78.67857,0.03125
2026-07-02,2026-07-02,0.859984,36,36,1.0,23.888455,0,,0.0,0,,threads,threads_feed,,,,,,
2026-07-02,2026-07-02,1.389975,57,50,1.14,24.385522,0,,0.0,0,,unknown,unknown,,,,,,
2026-07-03,2026-07-03,11.230154,1132,171,6.619883,9.92063,53,0.21189,4.681979,74,6.537102,audience_network,an_classic,1.0,33.95,2.0,3.023111,11.230154,0.013513513513513514
2026-07-03,2026-07-03,4.560062,59,21,2.809524,77.289193,13,0.350774,22.033898,13,22.033898,audience_network,rewarded_video,,,,,,
2026-07-03,2026-07-03,2.95004,53,51,1.039216,55.661139,1,2.95004,1.886792,1,1.886792,facebook,facebook_notification,,,,,,
2026-07-03,2026-07-03,1.990027,158,154,1.025974,12.595109,0,,0.0,0,,facebook,facebook_profile_feed,,,,,,
2026-07-03,2026-07-03,123.321687,3733,3168,1.178346,33.035544,76,1.622654,2.035896,62,1.660863,facebook,facebook_reels,2.0,84.89,27.0,0.688362,61.6608435,0.03225806451612903
2026-07-03,2026-07-03,20.920286,7246,4405,1.644949,2.88715,20,1.046014,0.276014,20,0.276014,facebook,facebook_reels_overlay,1.0,23.96,1.0,1.1453,20.920286,0.05
2026-07-03,2026-07-03,17.190235,306,293,1.044369,56.177239,17,1.01119,5.555556,17,5.555556,facebook,facebook_stories,,,6.0,,,
2026-07-03,2026-07-03,1397.279117,58109,45646,1.273036,24.04583,810,1.725036,1.393932,618,1.063519,facebook,feed,15.0,821.11,212.0,0.587649,93.15194113333334,0.024271844660194174
2026-07-03,2026-07-03,5.470075,821,537,1.528864,6.662698,4,1.367519,0.487211,3,0.365408,facebook,instream_video,,,,,,
2026-07-03,2026-07-03,10.060138,1749,1382,1.265557,5.751937,2,5.030069,0.114351,2,0.114351,facebook,marketplace,,,,,,
2026-07-03,2026-07-03,1.510021,1085,264,4.109848,1.391724,1,1.510021,0.092166,1,0.092166,facebook,right_hand_column,,,,,,
2026-07-03,2026-07-03,5.370073,1223,1112,1.09982,4.390902,3,1.790024,0.245298,3,0.245298,facebook,search,,,,,,
2026-07-03,2026-07-03,431.835908,13866,12248,1.132103,31.14351,168,2.570452,1.211597,157,1.132266,instagram,feed,8.0,546.49,82.0,1.265504,53.9794885,0.050955414012738856
2026-07-03,2026-07-03,0.01,1,1,1.0,10.000137,0,,0.0,0,,instagram,instagram_explore_grid_home,,,,,,
2026-07-03,2026-07-03,71.66098,2669,2342,1.139624,26.849374,48,1.492937,1.798426,46,1.723492,instagram,instagram_reels,,,17.0,,,
2026-07-03,2026-07-03,0.090001,7,7,1.0,12.857319,0,,0.0,0,,instagram,instagram_search,,,,,,
2026-07-03,2026-07-03,84.261153,2437,2187,1.114312,34.575771,39,2.160542,1.600328,37,1.51826,instagram,instagram_stories,1.0,89.88,13.0,1.066684,84.261153,0.02702702702702703
2026-07-03,2026-07-03,1.46002,107,106,1.009434,13.645047,2,0.73001,1.869159,2,1.869159,threads,threads_feed,,,,,,
2026-07-03,2026-07-03,1.530021,67,52,1.288462,22.836133,2,0.76501,2.985075,2,2.985075,unknown,unknown,,,,,,
2026-07-04,2026-07-04,13.46255,1455,125,11.64,9.252612,59,0.228179,4.054983,69,4.742268,audience_network,an_classic,,,3.0,,,
2026-07-04,2026-07-04,2.790529,57,9,6.333333,48.956641,15,0.186035,26.315789,19,33.333333,audience_network,rewarded_video,,,,,,
2026-07-04,2026-07-04,2.740519,58,58,1.0,47.250329,0,,0.0,0,,facebook,facebook_notification,,,,,,
2026-07-04,2026-07-04,1.330252,85,83,1.024096,15.650023,0,,0.0,0,,facebook,facebook_profile_feed,,,,,,
2026-07-04,2026-07-04,127.784203,3976,3267,1.217019,32.138884,67,1.907227,1.685111,59,1.483903,facebook,facebook_reels,7.0,319.12,45.0,2.497335,18.254886142857142,0.11864406779661017
2026-07-04,2026-07-04,20.083804,6869,4900,1.401837,2.923832,19,1.057042,0.276605,19,0.276605,facebook,facebook_reels_overlay,2.0,94.88,4.0,4.724205,10.041902,0.10526315789473684
2026-07-04,2026-07-04,19.103618,338,314,1.076433,56.519581,9,2.122624,2.662722,9,2.662722,facebook,facebook_stories,,,2.0,,,
2026-07-04,2026-07-04,1349.195547,57344,47073,1.218193,23.528103,830,1.625537,1.447405,636,1.109096,facebook,feed,22.0,1272.8,229.0,0.943377,61.32707031818182,0.03459119496855346
2026-07-04,2026-07-04,4.950938,499,374,1.334225,9.921719,2,2.475469,0.400802,2,0.400802,facebook,instream_video,,,,,,
2026-07-04,2026-07-04,8.161546,1237,1034,1.196325,6.597854,6,1.360258,0.485044,7,0.565885,facebook,marketplace,,,1.0,,,
2026-07-04,2026-07-04,1.440273,1099,279,3.939068,1.31053,0,,0.0,0,,facebook,right_hand_column,,,,,,
2026-07-04,2026-07-04,10.291949,1250,1155,1.082251,8.233559,16,0.643247,1.28,16,1.28,facebook,search,,,4.0,,,
2026-07-04,2026-07-04,439.243196,13207,11661,1.132579,33.258363,155,2.833827,1.17362,148,1.120618,instagram,feed,5.0,369.51,60.0,0.841242,87.84863920000001,0.033783783783783786
2026-07-04,2026-07-04,0.0,1,1,1.0,0.0,0,,0.0,0,,instagram,instagram_explore_grid_home,,,,,,
2026-07-04,2026-07-04,72.553742,2351,2022,1.16271,30.860801,59,1.229724,2.50957,53,2.25436,instagram,instagram_reels,1.0,59.92,23.0,0.825871,72.553742,0.018867924528301886
2026-07-04,2026-07-04,0.020004,7,7,1.0,2.857684,1,0.020004,14.285714,1,14.285714,instagram,instagram_search,,,,,,
2026-07-04,2026-07-04,87.876644,2358,2075,1.136386,37.267449,47,1.869716,1.993215,42,1.78117,instagram,instagram_stories,,,8.0,,,
2026-07-04,2026-07-04,1.070203,60,60,1.0,17.836712,2,0.535101,3.333333,2,3.333333,threads,threads_feed,,,,,,
2026-07-04,2026-07-04,2.550483,100,90,1.111111,25.504831,0,,0.0,0,,unknown,unknown,,,,,,
2026-07-05,2026-07-05,21.258521,2114,218,9.697248,10.056065,115,0.184857,5.439924,146,6.906339,audience_network,an_classic,,,1.0,,,
2026-07-05,2026-07-05,1.599889,32,18,1.777778,49.996521,7,0.228556,21.875,9,28.125,audience_network,rewarded_video,,,,,,
2026-07-05,2026-07-05,1.989862,38,38,1.0,52.364778,1,1.989862,2.631579,2,5.263158,facebook,facebook_notification,,,,,,
2026-07-05,2026-07-05,1.499896,151,139,1.086331,9.933084,1,1.499896,0.662252,0,,facebook,facebook_profile_feed,,,,,,
2026-07-05,2026-07-05,131.670838,3816,3024,1.261905,34.504937,77,1.710011,2.01782,73,1.912998,facebook,facebook_reels,1.0,59.92,26.0,0.455074,131.670838,0.0136986301369863
2026-07-05,2026-07-05,36.267477,11933,9195,1.297771,3.039259,22,1.648522,0.184363,22,0.184363,facebook,facebook_reels_overlay,1.0,101.47,9.0,2.797824,36.267477,0.045454545454545456
2026-07-05,2026-07-05,22.638425,456,423,1.078014,49.645669,16,1.414902,3.508772,17,3.72807,facebook,facebook_stories,,,1.0,,,
2026-07-05,2026-07-05,1253.052814,49441,38404,1.287392,25.344407,737,1.700207,1.490666,555,1.12255,facebook,feed,12.0,764.27,225.0,0.609926,104.42106783333332,0.021621621621621623
2026-07-05,2026-07-05,8.279424,1246,1071,1.163399,6.644803,5,1.655885,0.401284,5,0.401284,facebook,instream_video,,,,,,
2026-07-05,2026-07-05,13.109088,1962,1612,1.217122,6.681492,7,1.872727,0.356779,7,0.356779,facebook,marketplace,,,5.0,,,
2026-07-05,2026-07-05,1.969863,1169,333,3.510511,1.685084,1,1.969863,0.085543,1,0.085543,facebook,right_hand_column,,,,,,
2026-07-05,2026-07-05,7.849454,1668,1560,1.069231,4.705908,19,0.413129,1.139089,19,1.139089,facebook,search,,,4.0,,,
2026-07-05,2026-07-05,451.888558,13604,11768,1.156016,33.21733,167,2.70592,1.22758,159,1.168774,instagram,feed,8.0,456.4,74.0,1.009984,56.48606975,0.050314465408805034
2026-07-05,2026-07-05,89.853748,3150,2723,1.156812,28.524999,61,1.473012,1.936508,53,1.68254,instagram,instagram_reels,2.0,134.68,20.0,1.49888,44.926874,0.03773584905660377
2026-07-05,2026-07-05,0.089994,12,12,1.0,7.499478,0,,0.0,0,,instagram,instagram_search,,,,,,
2026-07-05,2026-07-05,108.132476,2816,2482,1.134569,38.399317,49,2.206785,1.740057,49,1.740057,instagram,instagram_stories,3.0,154.8,19.0,1.431577,36.04415866666667,0.061224489795918366
2026-07-05,2026-07-05,1.57989,79,78,1.012821,19.998609,2,0.789945,2.531646,2,2.531646,threads,threads_feed,,,,,,
2026-07-05,2026-07-05,3.089785,91,89,1.022472,33.953681,2,1.544893,2.197802,2,2.197802,unknown,unknown,,,,,,
2026-07-06,2026-07-06,19.038946,2194,226,9.707965,8.677733,101,0.188504,4.603464,119,5.423883,audience_network,an_classic,1.0,59.92,3.0,3.147233,19.038946,0.008403361344537815
2026-07-06,2026-07-06,1.389923,35,14,2.5,39.712088,8,0.17374,22.857143,8,22.857143,audience_network,rewarded_video,,,,,,
2026-07-06,2026-07-06,2.259875,59,58,1.017241,38.302965,2,1.129937,3.389831,2,3.389831,facebook,facebook_notification,,,3.0,,,
2026-07-06,2026-07-06,1.739904,125,119,1.05042,13.91923,1,1.739904,0.8,1,0.8,facebook,facebook_profile_feed,,,,,,
2026-07-06,2026-07-06,128.852868,3663,2846,1.28707,35.176868,99,1.301544,2.702703,82,2.238602,facebook,facebook_reels,1.0,81.32,40.0,0.631107,128.852868,0.012195121951219513
2026-07-06,2026-07-06,29.80835,10084,5955,1.693367,2.956005,27,1.104013,0.267751,27,0.267751,facebook,facebook_reels_overlay,2.0,81.89,16.0,2.747217,14.904175,0.07407407407407407
2026-07-06,2026-07-06,18.108998,433,400,1.0825,41.822166,6,3.018166,1.385681,6,1.385681,facebook,facebook_stories,,,2.0,,,
2026-07-06,2026-07-06,1194.513887,51826,41343,1.253562,23.048545,749,1.594812,1.445221,545,1.051596,facebook,feed,24.0,1532.48,267.0,1.282932,49.77141195833334,0.044036697247706424
2026-07-06,2026-07-06,8.689519,1441,1066,1.351782,6.030201,8,1.08619,0.55517,8,0.55517,facebook,instream_video,,,,,,
2026-07-06,2026-07-06,10.719407,1961,1595,1.229467,5.466296,8,1.339926,0.407955,8,0.407955,facebook,marketplace,,,5.0,,,
2026-07-06,2026-07-06,3.099828,2014,592,3.402027,1.53914,0,,0.0,0,,facebook,right_hand_column,,,1.0,,,
2026-07-06,2026-07-06,5.649687,1554,1408,1.103693,3.635577,6,0.941615,0.3861,6,0.3861,facebook,search,,,1.0,,,
2026-07-06,2026-07-06,414.677049,13243,12077,1.096547,31.312924,160,2.591732,1.208185,154,1.162879,instagram,feed,9.0,540.49,91.0,1.3034,46.07522766666667,0.05844155844155844
2026-07-06,2026-07-06,0.0,3,3,1.0,0.0,0,,0.0,0,,instagram,instagram_explore_grid_home,,,,,,
2026-07-06,2026-07-06,65.996347,2614,2176,1.201287,25.247264,51,1.294046,1.951033,45,1.7215,instagram,instagram_reels,,,16.0,,,
2026-07-06,2026-07-06,0.059997,6,6,1.0,9.999447,0,,0.0,0,,instagram,instagram_search,,,,,,
2026-07-06,2026-07-06,78.535653,2241,1902,1.178233,35.044914,36,2.181546,1.606426,36,1.606426,instagram,instagram_stories,2.0,84.89,13.0,1.08091,39.2678265,0.05555555555555555
2026-07-06,2026-07-06,1.189934,50,50,1.0,23.798683,0,,0.0,0,,threads,threads_feed,,,,,,
2026-07-06,2026-07-06,3.119827,88,80,1.1,35.452583,1,3.119827,1.136364,0,,unknown,unknown,,,,,,
2026-07-07,2026-07-07,11.759443,1104,162,6.814815,10.65167,65,0.180915,5.887681,93,8.423913,audience_network,an_classic,3.0,159.79,3.0,13.588228,3.919814333333333,0.03225806451612903
2026-07-07,2026-07-07,3.539832,69,19,3.631579,51.30192,26,0.136147,37.681159,40,57.971014,audience_network,rewarded_video,,,,,,
2026-07-07,2026-07-07,3.339842,59,57,1.035088,56.60749,1,3.339842,1.694915,1,1.694915,facebook,facebook_notification,,,,,,
2026-07-07,2026-07-07,1.369935,101,97,1.041237,13.563714,1,1.369935,0.990099,0,,facebook,facebook_profile_feed,,,,,,
2026-07-07,2026-07-07,118.53439,4186,3519,1.189542,28.316863,75,1.580459,1.791687,67,1.600573,facebook,facebook_reels,2.0,105.85,27.0,0.89299,59.267195,0.029850746268656716
2026-07-07,2026-07-07,29.028626,8679,6043,1.436207,3.344697,19,1.527822,0.218919,19,0.218919,facebook,facebook_reels_overlay,1.0,189.69,8.0,6.534584,29.028626,0.05263157894736842
2026-07-07,2026-07-07,20.869012,300,288,1.041667,69.563374,12,1.739084,4.0,12,4.0,facebook,facebook_stories,1.0,39.95,2.0,1.914322,20.869012,0.08333333333333333
2026-07-07,2026-07-07,1426.932464,55949,42872,1.305024,25.504164,831,1.717127,1.485281,603,1.077767,facebook,feed,16.0,1036.24,240.0,0.726201,89.183279,0.026533996683250415
2026-07-07,2026-07-07,4.569784,641,479,1.338205,7.129148,5,0.913957,0.780031,4,0.624025,facebook,instream_video,,,,,,
2026-07-07,2026-07-07,11.18947,1180,909,1.29813,9.482602,8,1.398684,0.677966,9,0.762712,facebook,marketplace,,,2.0,,,
2026-07-07,2026-07-07,3.349841,1695,484,3.502066,1.976308,0,,0.0,0,,facebook,right_hand_column,,,,,,
2026-07-07,2026-07-07,6.76968,1361,1292,1.053406,4.974048,14,0.483549,1.028655,14,1.028655,facebook,search,,,2.0,,,
2026-07-07,2026-07-07,511.705781,16498,15179,1.086896,31.016231,206,2.484009,1.248636,192,1.163777,instagram,feed,5.0,355.81,88.0,0.695341,102.3411562,0.026041666666666668
2026-07-07,2026-07-07,72.46657,2193,1865,1.175871,33.044492,46,1.57536,2.097583,47,2.143183,instagram,instagram_reels,4.0,164.79,21.0,2.274014,18.1166425,0.0851063829787234
2026-07-07,2026-07-07,0.019999,3,3,1.0,6.666351,0,,0.0,0,,instagram,instagram_search,,,,,,
2026-07-07,2026-07-07,94.735516,2455,2214,1.108853,38.588805,46,2.059468,1.873727,44,1.792261,instagram,instagram_stories,2.0,159.88,21.0,1.687646,47.367758,0.045454545454545456
2026-07-07,2026-07-07,1.409933,42,42,1.0,33.56984,0,,0.0,0,,threads,threads_feed,,,,,,
2026-07-07,2026-07-07,2.52988,112,96,1.166667,22.588217,1,2.52988,0.892857,1,0.892857,unknown,unknown,,,,,,
2026-07-08,2026-07-08,12.75034,1157,134,8.634328,11.020173,81,0.157412,7.000864,96,8.297321,audience_network,an_classic,1.0,45.93,3.0,3.602257,12.75034,0.010416666666666666
2026-07-08,2026-07-08,1.430038,48,12,4.0,29.792461,13,0.110003,27.083333,19,39.583333,audience_network,rewarded_video,,,,,,
2026-07-08,2026-07-08,1.930051,45,44,1.022727,42.890033,1,1.930051,2.222222,1,2.222222,facebook,facebook_notification,,,1.0,,,
2026-07-08,2026-07-08,1.320035,98,93,1.053763,13.469747,0,,0.0,0,,facebook,facebook_profile_feed,,,,,,
2026-07-08,2026-07-08,121.623244,3343,2724,1.227239,36.381467,88,1.382082,2.632366,71,2.123841,facebook,facebook_reels,4.0,211.22,31.0,1.736675,30.405811,0.056338028169014086
2026-07-08,2026-07-08,11.680312,3866,2091,1.848876,3.021291,12,0.973359,0.310398,12,0.310398,facebook,facebook_reels_overlay,1.0,129.79,2.0,11.111861,11.680312,0.08333333333333333
2026-07-08,2026-07-08,19.180512,333,316,1.053797,57.599134,7,2.740073,2.102102,7,2.102102,facebook,facebook_stories,,,3.0,,,
2026-07-08,2026-07-08,1374.756664,55184,42691,1.292638,24.912233,820,1.676533,1.485938,621,1.125326,facebook,feed,15.0,859.14,217.0,0.62494,91.65044426666667,0.024154589371980676
2026-07-08,2026-07-08,3.040081,414,290,1.427586,7.343191,2,1.520041,0.483092,1,0.241546,facebook,instream_video,,,2.0,,,
2026-07-08,2026-07-08,8.830236,977,744,1.313172,9.038112,6,1.471706,0.614125,6,0.614125,facebook,marketplace,,,1.0,,,
2026-07-08,2026-07-08,2.680071,1407,373,3.772118,1.904813,1,2.680071,0.071073,1,0.071073,facebook,right_hand_column,,,,,,
2026-07-08,2026-07-08,8.090216,1222,1140,1.07193,6.620471,15,0.539348,1.227496,14,1.145663,facebook,search,,,2.0,,,
2026-07-08,2026-07-08,519.293849,16572,15558,1.065175,31.335617,230,2.257799,1.387883,210,1.267198,instagram,feed,7.0,449.61,91.0,0.86581,74.18483557142858,0.03333333333333333
2026-07-08,2026-07-08,65.521747,1939,1718,1.128638,33.791515,51,1.28474,2.630222,48,2.475503,instagram,instagram_reels,1.0,59.92,14.0,0.914506,65.521747,0.020833333333333332
2026-07-08,2026-07-08,0.030001,4,4,1.0,7.5002,0,,0.0,0,,instagram,instagram_search,,,,,,
2026-07-08,2026-07-08,95.042535,2517,2288,1.100087,37.760244,52,1.827741,2.065952,51,2.026222,instagram,instagram_stories,,,18.0,,,
2026-07-08,2026-07-08,1.13003,47,44,1.068182,24.043194,1,1.13003,2.12766,1,2.12766,threads,threads_feed,,,,,,
2026-07-08,2026-07-08,1.410038,73,69,1.057971,19.315584,0,,0.0,0,,unknown,unknown,,,,,,
2026-07-09,2026-07-09,11.020158,1319,108,12.212963,8.354934,79,0.139496,5.989386,92,6.974981,audience_network,an_classic,,,,,,
2026-07-09,2026-07-09,2.210032,51,11,4.636364,43.333956,22,0.100456,43.137255,28,54.901961,audience_network,rewarded_video,,,,,,
2026-07-09,2026-07-09,1.880027,37,36,1.027778,50.811541,1,1.880027,2.702703,1,2.702703,facebook,facebook_notification,,,,,,
2026-07-09,2026-07-09,1.880027,64,62,1.032258,29.375422,0,,0.0,0,,facebook,facebook_profile_feed,,,,,,
2026-07-09,2026-07-09,105.531516,3161,2543,1.24302,33.385484,62,1.702121,1.961405,60,1.898134,facebook,facebook_reels,2.0,84.89,27.0,0.804404,52.765758,0.03333333333333333
2026-07-09,2026-07-09,10.300148,3072,1516,2.026385,3.352913,10,1.030015,0.325521,10,0.325521,facebook,facebook_reels_overlay,,,1.0,,,
2026-07-09,2026-07-09,14.150203,316,301,1.049834,44.779124,7,2.021458,2.21519,7,2.21519,facebook,facebook_stories,,,1.0,,,
2026-07-09,2026-07-09,1286.078469,52652,42463,1.23995,24.426014,784,1.640406,1.489022,561,1.065487,facebook,feed,17.0,885.9,191.0,0.688838,75.65167464705883,0.030303030303030304
2026-07-09,2026-07-09,2.370034,333,232,1.435345,7.117219,1,2.370034,0.3003,1,0.3003,facebook,instream_video,,,,,,
2026-07-09,2026-07-09,9.420135,1135,873,1.300115,8.299679,6,1.570023,0.528634,6,0.528634,facebook,marketplace,2.0,55.92,5.0,5.93622,4.7100675,0.3333333333333333
2026-07-09,2026-07-09,3.100045,1337,354,3.776836,2.318657,0,,0.0,0,,facebook,right_hand_column,,,,,,
2026-07-09,2026-07-09,6.9601,1226,1114,1.100539,5.67708,9,0.773344,0.734095,9,0.734095,facebook,search,2.0,119.84,5.0,17.218144,3.48005,0.2222222222222222
2026-07-09,2026-07-09,488.677018,15875,14680,1.081403,30.782804,207,2.360759,1.303937,199,1.253543,instagram,feed,13.0,691.71,101.0,1.415475,37.590539846153845,0.06532663316582915
2026-07-09,2026-07-09,60.280866,1983,1753,1.131204,30.398823,38,1.586339,1.916288,34,1.714574,instagram,instagram_reels,2.0,114.85,14.0,1.905248,30.140433,0.058823529411764705
2026-07-09,2026-07-09,0.01,4,4,1.0,2.500036,0,,0.0,0,,instagram,instagram_search,,,,,,
2026-07-09,2026-07-09,82.401183,2341,2125,1.101647,35.199139,43,1.916307,1.836822,43,1.836822,instagram,instagram_stories,1.0,89.88,15.0,1.090761,82.401183,0.023255813953488372
2026-07-09,2026-07-09,1.42002,50,49,1.020408,28.400408,1,1.42002,2.0,1,2.0,threads,threads_feed,,,,,,
2026-07-09,2026-07-09,1.340019,67,63,1.063492,20.000287,0,,0.0,0,,unknown,unknown,,,,,,
2026-07-10,2026-07-10,10.060109,1043,139,7.503597,9.645358,57,0.176493,5.465005,66,6.3279,audience_network,an_classic,,,2.0,,,
2026-07-10,2026-07-10,0.100001,3,3,1.0,33.333694,0,,0.0,0,,audience_network,rewarded_video,,,,,,
2026-07-10,2026-07-10,1.540017,36,36,1.0,42.778241,1,1.540017,2.777778,1,2.777778,facebook,facebook_notification,,,,,,
2026-07-10,2026-07-10,0.660007,70,69,1.014493,9.428673,0,,0.0,0,,facebook,facebook_profile_feed,,,,,,
2026-07-10,2026-07-10,100.76109,3005,2591,1.159784,33.531145,59,1.707815,1.963394,52,1.730449,facebook,facebook_reels,,,18.0,,,
2026-07-10,2026-07-10,18.5302,5379,4002,1.344078,3.444916,15,1.235347,0.278862,15,0.278862,facebook,facebook_reels_overlay,1.0,59.92,4.0,3.23364,18.5302,0.06666666666666667
2026-07-10,2026-07-10,13.250143,252,230,1.095652,52.579934,6,2.208357,2.380952,6,2.380952,facebook,facebook_stories,,,,,,
2026-07-10,2026-07-10,1028.121123,39976,31625,1.264063,25.718459,608,1.690989,1.520913,471,1.178207,facebook,feed,20.0,1069.9,194.0,1.040636,51.40605615,0.04246284501061571
2026-07-10,2026-07-10,1.480016,250,186,1.344086,5.920064,5,0.296003,2.0,4,1.6,facebook,instream_video,,,,,,
2026-07-10,2026-07-10,6.410069,692,557,1.24237,9.263106,7,0.915724,1.011561,7,1.011561,facebook,marketplace,1.0,33.95,6.0,5.296355,6.410069,0.14285714285714285
2026-07-10,2026-07-10,3.410037,1215,347,3.501441,2.806615,3,1.136679,0.246914,3,0.246914,facebook,right_hand_column,3.0,234.69,5.0,68.823302,1.136679,1.0
2026-07-10,2026-07-10,5.950064,1105,1018,1.085462,5.384674,7,0.850009,0.633484,6,0.542986,facebook,search,,,,,,
2026-07-10,2026-07-10,500.415414,15919,14120,1.127408,31.435104,215,2.327514,1.350587,203,1.275206,instagram,feed,10.0,647.97,105.0,1.294864,50.0415414,0.04926108374384237
2026-07-10,2026-07-10,66.250717,1862,1655,1.125076,35.580406,37,1.79056,1.987111,33,1.772288,instagram,instagram_reels,,,7.0,,,
2026-07-10,2026-07-10,0.090001,9,9,1.0,10.000108,0,,0.0,0,,instagram,instagram_search,,,,,,
2026-07-10,2026-07-10,88.670959,2410,2176,1.107537,36.792929,46,1.92763,1.908714,45,1.86722,instagram,instagram_stories,2.0,135.42,15.0,1.527219,44.3354795,0.044444444444444446
2026-07-10,2026-07-10,1.190013,42,40,1.05,28.33364,1,1.190013,2.380952,1,2.380952,threads,threads_feed,,,,,,
2026-07-10,2026-07-10,1.740019,74,63,1.174603,23.513768,2,0.870009,2.702703,2,2.702703,unknown,unknown,1.0,59.92,2.0,34.436409,1.740019,0.5
2026-07-11,2026-07-11,7.339701,1047,112,9.348214,7.010221,46,0.159559,4.393505,59,5.635148,audience_network,an_classic,,,,,,
2026-07-11,2026-07-11,0.079997,5,4,1.25,15.999348,1,0.079997,20.0,2,40.0,audience_network,rewarded_video,,,,,,
2026-07-11,2026-07-11,1.579936,42,42,1.0,37.617515,0,,0.0,0,,facebook,facebook_notification,,,,,,
2026-07-11,2026-07-11,0.959961,66,63,1.047619,14.544862,0,,0.0,0,,facebook,facebook_profile_feed,,,,,,
2026-07-11,2026-07-11,116.365258,3308,2866,1.154222,35.176922,82,1.419089,2.478839,69,2.085852,facebook,facebook_reels,1.0,39.94,20.0,0.34323,116.365258,0.014492753623188406
2026-07-11,2026-07-11,6.199747,1996,1019,1.958783,3.106086,4,1.549937,0.200401,5,0.250501,facebook,facebook_reels_overlay,,,1.0,,,
2026-07-11,2026-07-11,15.339375,335,315,1.063492,45.789179,7,2.191339,2.089552,6,1.791045,facebook,facebook_stories,,,1.0,,,
2026-07-11,2026-07-11,1329.605816,61698,51565,1.196509,21.550226,890,1.493939,1.44251,666,1.079452,facebook,feed,16.0,1430.58,218.0,1.075943,83.1003635,0.024024024024024024
2026-07-11,2026-07-11,1.579936,177,148,1.195946,8.92619,1,1.579936,0.564972,0,,facebook,instream_video,,,,,,
2026-07-11,2026-07-11,7.389699,716,599,1.195326,10.320808,7,1.055671,0.977654,7,0.977654,facebook,marketplace,,,1.0,,,
2026-07-11,2026-07-11,3.079874,913,256,3.566406,3.373357,1,3.079874,0.109529,1,0.109529,facebook,right_hand_column,,,,,,
2026-07-11,2026-07-11,7.699686,1357,1231,1.102356,5.67405,8,0.962461,0.589536,8,0.589536,facebook,search,1.0,59.92,7.0,7.782135,7.699686,0.125
2026-07-11,2026-07-11,537.838082,17382,16327,1.064617,30.942244,186,2.891603,1.070072,183,1.052813,instagram,feed,7.0,363.81,80.0,0.67643,76.83401171428571,0.03825136612021858
2026-07-11,2026-07-11,0.0,1,1,1.0,0.0,0,,0.0,0,,instagram,instagram_explore_grid_home,,,,,,
2026-07-11,2026-07-11,63.667405,1854,1659,1.117541,34.340564,40,1.591685,2.157497,39,2.10356,instagram,instagram_reels,,,11.0,,,
2026-07-11,2026-07-11,0.039998,6,5,1.2,6.666395,0,,0.0,0,,instagram,instagram_search,,,,,,
2026-07-11,2026-07-11,107.805607,2983,2740,1.088686,36.139996,61,1.767305,2.044921,60,2.011398,instagram,instagram_stories,2.0,85.61,31.0,0.794115,53.9028035,0.03333333333333333
2026-07-11,2026-07-11,0.72997,43,42,1.02381,16.976052,0,,0.0,0,,threads,threads_feed,,,,,,
2026-07-11,2026-07-11,1.199951,81,72,1.125,14.814211,2,0.599976,2.469136,1,1.234568,unknown,unknown,,,,,,
2026-07-12,2026-07-12,9.210231,1059,91,11.637363,8.697102,64,0.14391,6.043437,84,7.932011,audience_network,an_classic,,,,,,
2026-07-12,2026-07-12,0.190005,7,3,2.333333,27.143537,1,0.190005,14.285714,1,14.285714,audience_network,rewarded_video,,,,,,
2026-07-12,2026-07-12,1.640041,43,43,1.0,38.14049,1,1.640041,2.325581,1,2.325581,facebook,facebook_notification,,,,,,
2026-07-12,2026-07-12,2.270057,78,76,1.026316,29.103293,2,1.135028,2.564103,2,2.564103,facebook,facebook_profile_feed,,,1.0,,,
2026-07-12,2026-07-12,170.244265,4171,3297,1.265089,40.816175,125,1.361954,2.996883,105,2.517382,facebook,facebook_reels,3.0,202.48,33.0,1.18935,56.748088333333335,0.02857142857142857
2026-07-12,2026-07-12,8.110203,2294,1079,2.126043,3.535398,8,1.013775,0.348736,8,0.348736,facebook,facebook_reels_overlay,1.0,54.93,2.0,6.77295,8.110203,0.125
2026-07-12,2026-07-12,21.390536,380,357,1.064426,56.290884,15,1.426036,3.947368,15,3.947368,facebook,facebook_stories,,,5.0,,,
2026-07-12,2026-07-12,1483.777168,51764,39628,1.306248,28.664268,913,1.625167,1.763774,694,1.3407,facebook,feed,28.0,1475.97,319.0,0.994738,52.99204171428572,0.040345821325648415
2026-07-12,2026-07-12,2.660067,241,178,1.353933,11.037621,1,2.660067,0.414938,1,0.414938,facebook,instream_video,,,,,,
2026-07-12,2026-07-12,9.410236,968,791,1.223767,9.721318,5,1.882047,0.516529,5,0.516529,facebook,marketplace,,,,,,
2026-07-12,2026-07-12,3.360084,1238,275,4.501818,2.714123,0,,0.0,0,,facebook,right_hand_column,1.0,119.84,1.0,35.665773,3.360084,
2026-07-12,2026-07-12,7.280182,1173,1059,1.107649,6.206464,11,0.661835,0.937766,11,0.937766,facebook,search,,,3.0,,,
2026-07-12,2026-07-12,518.352985,14240,12352,1.15285,36.401193,224,2.314076,1.573034,213,1.495787,instagram,feed,5.0,295.65,105.0,0.570364,103.670597,0.023474178403755867
2026-07-12,2026-07-12,65.231634,1840,1595,1.153605,35.451975,55,1.18603,2.98913,52,2.826087,instagram,instagram_reels,3.0,172.63,19.0,2.646415,21.743878,0.057692307692307696
2026-07-12,2026-07-12,86.652171,2208,1953,1.130568,39.244642,48,1.805254,2.173913,46,2.083333,instagram,instagram_stories,1.0,39.95,17.0,0.461039,86.652171,0.021739130434782608
2026-07-12,2026-07-12,1.480037,55,53,1.037736,26.909765,2,0.740019,3.636364,2,3.636364,threads,threads_feed,,,,,,
2026-07-12,2026-07-12,3.960099,136,114,1.192982,29.118376,0,,0.0,0,,unknown,unknown,,,,,,
2026-07-13,2026-07-13,13.588796,1154,115,10.034783,11.775386,89,0.152683,7.712305,100,8.665511,audience_network,an_classic,,,,,,
2026-07-13,2026-07-13,4.639589,73,21,3.47619,63.556011,11,0.421781,15.068493,23,31.506849,audience_network,rewarded_video,,,,,,
2026-07-13,2026-07-13,2.199805,46,43,1.069767,47.821849,3,0.733268,6.521739,3,6.521739,facebook,facebook_notification,,,,,,
2026-07-13,2026-07-13,1.739846,80,80,1.0,21.748072,1,1.739846,1.25,1,1.25,facebook,facebook_profile_feed,,,,,,
2026-07-13,2026-07-13,190.323132,4684,3675,1.274558,40.632607,110,1.73021,2.34842,91,1.942784,facebook,facebook_reels,2.0,149.8,30.0,0.787082,95.161566,0.02197802197802198
2026-07-13,2026-07-13,7.729315,2626,1382,1.900145,2.94338,12,0.64411,0.456969,12,0.456969,facebook,facebook_reels_overlay,2.0,99.87,10.0,12.920938,3.8646575,0.16666666666666666
2026-07-13,2026-07-13,24.117862,392,368,1.065217,61.525159,18,1.339881,4.591837,18,4.591837,facebook,facebook_stories,,,4.0,,,
2026-07-13,2026-07-13,1478.268983,59688,47018,1.269471,24.766603,978,1.511522,1.63852,725,1.21465,facebook,feed,26.0,1650.81,297.0,1.116718,56.856499346153846,0.03586206896551724
2026-07-13,2026-07-13,3.659676,425,322,1.319876,8.611002,2,1.829838,0.470588,0,,facebook,instream_video,,,,,,
2026-07-13,2026-07-13,10.129102,1223,942,1.298301,8.282177,6,1.688184,0.490597,6,0.490597,facebook,marketplace,1.0,33.95,4.0,3.351728,10.129102,0.16666666666666666
2026-07-13,2026-07-13,3.729669,1581,398,3.972362,2.359057,4,0.932417,0.253004,4,0.253004,facebook,right_hand_column,,,,,,
2026-07-13,2026-07-13,7.66932,1470,1351,1.088083,5.217225,11,0.697211,0.748299,10,0.680272,facebook,search,,,1.0,,,
2026-07-13,2026-07-13,455.099665,13336,12268,1.087056,34.12565,210,2.167141,1.574685,198,1.484703,instagram,feed,13.0,716.89,108.0,1.575237,35.00766653846154,0.06565656565656566
2026-07-13,2026-07-13,0.0,1,1,1.0,0.0,0,,0.0,0,,instagram,instagram_explore_grid_home,,,,,,
2026-07-13,2026-07-13,69.113875,2269,2036,1.11444,30.460059,53,1.304035,2.335831,51,2.247686,instagram,instagram_reels,,,16.0,,,
2026-07-13,2026-07-13,0.039996,3,3,1.0,13.332152,0,,0.0,0,,instagram,instagram_search,,,,,,
2026-07-13,2026-07-13,88.762133,2324,2042,1.1381,38.193689,51,1.740434,2.194492,51,2.194492,instagram,instagram_stories,4.0,246.46,25.0,2.776634,22.19053325,0.0784313725490196
2026-07-13,2026-07-13,1.049907,50,50,1.0,20.998139,3,0.349969,6.0,3,6.0,threads,threads_feed,,,1.0,,,
2026-07-13,2026-07-13,7.569329,153,129,1.186047,49.472739,2,3.784665,1.30719,2,1.30719,unknown,unknown,,,1.0,,,
2026-07-14,2026-07-14,2.739811,422,66,6.393939,6.492443,37,0.074049,8.767773,40,9.478673,audience_network,an_classic,,,1.0,,,
2026-07-14,2026-07-14,2.329839,45,15,3.0,51.774202,17,0.137049,37.777778,17,37.777778,audience_network,rewarded_video,,,,,,
2026-07-14,2026-07-14,2.099855,48,48,1.0,43.746979,3,0.699952,6.25,3,6.25,facebook,facebook_notification,,,,,,
2026-07-14,2026-07-14,1.01993,69,67,1.029851,14.781588,1,1.01993,1.449275,1,1.449275,facebook,facebook_profile_feed,,,,,,
2026-07-14,2026-07-14,161.988813,4274,3422,1.248977,37.900986,116,1.396455,2.714085,103,2.40992,facebook,facebook_reels,6.0,333.55,40.0,2.059093,26.9981355,0.05825242718446602
2026-07-14,2026-07-14,10.799254,3320,1970,1.685279,3.252787,12,0.899938,0.361446,12,0.361446,facebook,facebook_reels_overlay,1.0,39.95,6.0,3.69933,10.799254,0.08333333333333333
2026-07-14,2026-07-14,15.78891,260,241,1.078838,60.726576,9,1.754323,3.461538,9,3.461538,facebook,facebook_stories,1.0,39.95,3.0,2.530257,15.78891,0.1111111111111111
2026-07-14,2026-07-14,1607.259006,72306,56159,1.287523,22.22857,1331,1.207557,1.840788,979,1.353968,facebook,feed,39.0,2357.75,396.0,1.466938,41.21176938461539,0.03983656792645557
2026-07-14,2026-07-14,2.069857,235,168,1.39881,8.807902,4,0.517464,1.702128,3,1.276596,facebook,instream_video,,,1.0,,,
2026-07-14,2026-07-14,8.189434,1004,809,1.241038,8.156807,6,1.364906,0.59761,6,0.59761,facebook,marketplace,,,4.0,,,
2026-07-14,2026-07-14,3.169781,1398,488,2.864754,2.267368,3,1.056594,0.214592,3,0.214592,facebook,right_hand_column,,,,,,
2026-07-14,2026-07-14,9.479345,1355,1251,1.083133,6.995827,6,1.579891,0.442804,6,0.442804,facebook,search,,,1.0,,,
2026-07-14,2026-07-14,364.834805,12228,11064,1.105206,29.836016,192,1.900181,1.570167,175,1.431142,instagram,feed,7.0,468.31,90.0,1.283622,52.11925785714286,0.04
2026-07-14,2026-07-14,0.0,2,2,1.0,0.0,0,,0.0,0,,instagram,instagram_explore_grid_home,,,,,,
2026-07-14,2026-07-14,57.846005,1363,1212,1.124587,42.440209,35,1.652743,2.567865,34,2.494497,instagram,instagram_reels,,,11.0,,,
2026-07-14,2026-07-14,0.059996,3,3,1.0,19.998619,0,,0.0,0,,instagram,instagram_search,,,,,,
2026-07-14,2026-07-14,62.305697,1388,1231,1.127539,44.888831,23,2.708943,1.657061,23,1.657061,instagram,instagram_stories,1.0,24.97,10.0,0.400766,62.305697,0.043478260869565216
2026-07-14,2026-07-14,1.409903,100,99,1.010101,14.099026,0,,0.0,0,,threads,threads_feed,,,,,,
2026-07-14,2026-07-14,3.509758,104,87,1.195402,33.747669,0,,0.0,0,,unknown,unknown,,,,,,
2026-07-15,2026-07-15,7.840099,919,74,12.418919,8.53112,21,0.373338,2.285092,22,2.393906,audience_network,an_classic,,,1.0,,,
2026-07-15,2026-07-15,7.840099,113,26,4.346154,69.38141,40,0.196002,35.39823,56,49.557522,audience_network,rewarded_video,1.0,33.95,7.0,4.330302,7.840099,0.017857142857142856
2026-07-15,2026-07-15,0.01,1,1,1.0,10.000127,0,,0.0,0,,facebook,biz_disco_feed,,,,,,
2026-07-15,2026-07-15,3.200041,67,63,1.063492,47.761799,2,1.60002,2.985075,2,2.985075,facebook,facebook_notification,,,,,,
2026-07-15,2026-07-15,0.680009,88,87,1.011494,7.727371,0,,0.0,0,,facebook,facebook_profile_feed,,,,,,
2026-07-15,2026-07-15,188.51239,4951,3956,1.251517,38.075619,131,1.439026,2.64593,104,2.100586,facebook,facebook_reels,5.0,294.67,45.0,1.563133,37.702478,0.04807692307692308
2026-07-15,2026-07-15,11.880151,3222,1545,2.085437,3.687198,7,1.697164,0.217256,7,0.217256,facebook,facebook_reels_overlay,1.0,39.95,2.0,3.362752,11.880151,0.14285714285714285
2026-07-15,2026-07-15,14.580185,299,273,1.095238,48.76316,13,1.121553,4.347826,13,4.347826,facebook,facebook_stories,,,1.0,,,
2026-07-15,2026-07-15,1587.060118,81514,66567,1.224541,19.469786,1334,1.1897,1.636529,959,1.176485,facebook,feed,28.0,1531.31,383.0,0.964872,56.680718500000005,0.029197080291970802
2026-07-15,2026-07-15,3.340042,345,215,1.604651,9.681282,6,0.556674,1.73913,6,1.73913,facebook,instream_video,,,2.0,,,
2026-07-15,2026-07-15,8.940113,954,723,1.319502,9.371188,4,2.235028,0.419287,4,0.419287,facebook,marketplace,,,1.0,,,
2026-07-15,2026-07-15,4.010051,1816,581,3.125645,2.208178,1,4.010051,0.055066,1,0.055066,facebook,right_hand_column,,,,,,
2026-07-15,2026-07-15,13.720174,1358,1211,1.121387,10.103221,5,2.744035,0.368189,6,0.441826,facebook,search,,,,,,
2026-07-15,2026-07-15,402.125098,13799,12827,1.075778,29.141612,202,1.990718,1.463874,192,1.391405,instagram,feed,5.0,300.42,87.0,0.747081,80.4250196,0.026041666666666668
2026-07-15,2026-07-15,53.65068,1360,1175,1.157447,39.449029,38,1.41186,2.794118,34,2.5,instagram,instagram_reels,,,11.0,,,
2026-07-15,2026-07-15,0.01,1,1,1.0,10.000127,0,,0.0,0,,instagram,instagram_search,,,,,,
2026-07-15,2026-07-15,54.750694,1331,1185,1.123207,41.135007,38,1.440808,2.854996,38,2.854996,instagram,instagram_stories,4.0,213.53,13.0,3.900042,13.6876735,0.10526315789473684
2026-07-15,2026-07-15,2.100027,166,164,1.012195,12.650763,2,1.050013,1.204819,3,1.807229,threads,threads_feed,,,,,,
2026-07-15,2026-07-15,2.35003,134,120,1.116667,17.537536,3,0.783343,2.238806,3,2.238806,unknown,unknown,,,,,,
2026-07-16,2026-07-16,4.499429,679,85,7.988235,6.626552,23,0.195627,3.387334,32,4.712813,audience_network,an_classic,,,,,,
2026-07-16,2026-07-16,8.528918,91,24,3.791667,93.724372,19,0.44889,20.879121,21,23.076923,audience_network,rewarded_video,,,,,,
2026-07-16,2026-07-16,1.659789,38,38,1.0,43.678669,4,0.414947,10.526316,4,10.526316,facebook,facebook_notification,,,5.0,,,
2026-07-16,2026-07-16,2.289709,70,69,1.014493,32.710136,0,,0.0,0,,facebook,facebook_profile_feed,,,,,,
2026-07-16,2026-07-16,184.686567,5385,4326,1.244799,34.296484,164,1.126138,3.045497,129,2.395543,facebook,facebook_reels,,,53.0,,,
2026-07-16,2026-07-16,8.548915,2461,1112,2.21313,3.473757,7,1.221274,0.284437,7,0.284437,facebook,facebook_reels_overlay,1.0,24.97,3.0,2.920838,8.548915,0.14285714285714285
2026-07-16,2026-07-16,18.537648,357,319,1.119122,51.926185,11,1.685241,3.081232,10,2.80112,facebook,facebook_stories,,,2.0,,,
2026-07-16,2026-07-16,1688.695742,99179,79956,1.24042,17.026747,1654,1.020977,1.667692,1190,1.199851,facebook,feed,25.0,1492.02,467.0,0.883534,67.54782968,0.02100840336134454
2026-07-16,2026-07-16,4.799391,332,227,1.462555,14.455997,4,1.199848,1.204819,3,0.903614,facebook,instream_video,,,,,,
2026-07-16,2026-07-16,10.648649,946,682,1.387097,11.2565,11,0.968059,1.162791,12,1.268499,facebook,marketplace,,,,,,
2026-07-16,2026-07-16,3.219592,1401,460,3.045652,2.298067,2,1.609796,0.142755,2,0.142755,facebook,right_hand_column,,,,,,
2026-07-16,2026-07-16,9.008857,1049,961,1.091571,8.588043,6,1.501476,0.571973,6,0.571973,facebook,search,,,,,,
2026-07-16,2026-07-16,452.272617,16324,15054,1.084363,27.705992,254,1.780601,1.555991,246,1.506984,instagram,feed,10.0,605.19,129.0,1.338109,45.2272617,0.04065040650406504
2026-07-16,2026-07-16,0.009999,1,1,1.0,9.998731,0,,0.0,0,,instagram,instagram_explore_grid_home,,,,,,
2026-07-16,2026-07-16,61.702171,1596,1474,1.082768,38.660508,32,1.928193,2.005013,30,1.879699,instagram,instagram_reels,,,13.0,,,
2026-07-16,2026-07-16,0.049994,3,3,1.0,16.664552,0,,0.0,0,,instagram,instagram_search,,,,,,
2026-07-16,2026-07-16,54.893035,1494,1277,1.16993,36.742326,31,1.770743,2.074967,30,2.008032,instagram,instagram_stories,,,6.0,,,
2026-07-16,2026-07-16,2.249715,183,182,1.005495,12.293522,2,1.124857,1.092896,2,1.092896,threads,threads_feed,,,,,,
2026-07-16,2026-07-16,5.809263,152,140,1.085714,38.218835,4,1.452316,2.631579,3,1.973684,unknown,unknown,,,3.0,,,
2026-07-17,2026-07-17,6.300097,832,60,13.866667,7.572232,38,0.165792,4.567308,41,4.927885,audience_network,an_classic,1.0,89.88,3.0,14.266447,6.300097,0.024390243902439025
2026-07-17,2026-07-17,12.620195,139,37,3.756757,90.792767,26,0.485392,18.705036,35,25.179856,audience_network,rewarded_video,1.0,59.92,2.0,4.747946,12.620195,0.02857142857142857
2026-07-17,2026-07-17,2.280035,51,49,1.040816,44.706572,3,0.760012,5.882353,3,5.882353,facebook,facebook_notification,,,,,,
2026-07-17,2026-07-17,1.810028,99,95,1.042105,18.28311,2,0.905014,2.020202,1,1.010101,facebook,facebook_profile_feed,,,1.0,,,
2026-07-17,2026-07-17,160.942483,4479,3601,1.243821,35.932682,127,1.267264,2.835454,92,2.05403,facebook,facebook_reels,2.0,105.85,46.0,0.657688,80.4712415,0.021739130434782608
2026-07-17,2026-07-17,8.640133,2571,1133,2.269197,3.360612,10,0.864013,0.388954,10,0.388954,facebook,facebook_reels_overlay,,,,,,
2026-07-17,2026-07-17,16.720258,305,283,1.077739,54.820518,8,2.090032,2.622951,8,2.622951,facebook,facebook_stories,,,,,,
2026-07-17,2026-07-17,1721.876562,103970,85893,1.21046,16.561283,1772,0.971714,1.704338,1276,1.227277,facebook,feed,24.0,1621.7,486.0,0.941821,71.74485675,0.018808777429467086
2026-07-17,2026-07-17,5.430084,345,226,1.526549,15.739373,4,1.357521,1.15942,3,0.869565,facebook,instream_video,,,,,,
2026-07-17,2026-07-17,10.890168,1023,747,1.369478,10.645326,7,1.555738,0.684262,7,0.684262,facebook,marketplace,,,,,,
2026-07-17,2026-07-17,2.990046,1288,401,3.21197,2.321464,0,,0.0,0,,facebook,right_hand_column,,,,,,
2026-07-17,2026-07-17,11.990185,1110,1086,1.022099,10.801968,13,0.922322,1.171171,14,1.261261,facebook,search,1.0,59.92,7.0,4.997421,11.990185,0.07142857142857142
2026-07-17,2026-07-17,513.477921,19182,17180,1.116531,26.768737,282,1.820844,1.470128,270,1.40757,instagram,feed,11.0,676.86,119.0,1.318187,46.679811,0.040740740740740744
2026-07-17,2026-07-17,56.220867,1601,1414,1.132249,35.116094,35,1.60631,2.186134,34,2.123673,instagram,instagram_reels,,,8.0,,,
2026-07-17,2026-07-17,0.0,1,1,1.0,0.0,0,,0.0,0,,instagram,instagram_search,,,,,,
2026-07-17,2026-07-17,55.280853,1458,1254,1.162679,37.915537,31,1.783253,2.1262,30,2.057613,instagram,instagram_stories,1.0,33.95,13.0,0.614137,55.280853,0.03333333333333333
2026-07-17,2026-07-17,2.560039,193,193,1.0,13.264453,2,1.28002,1.036269,2,1.036269,threads,threads_feed,,,,,,
2026-07-17,2026-07-17,2.980046,133,121,1.099174,22.406361,0,,0.0,0,,unknown,unknown,,,,,,
2026-07-18,2026-07-18,5.45,782,83,9.421687,6.969309,35,0.155714,4.475703,42,5.370844,audience_network,an_classic,,,1.0,,,
2026-07-18,2026-07-18,3.51,64,21,3.047619,54.84375,16,0.219375,25.0,23,35.9375,audience_network,rewarded_video,,,2.0,,,
2026-07-18,2026-07-18,2.99,48,48,1.0,62.291667,2,1.495,4.166667,2,4.166667,facebook,facebook_notification,,,,,,
2026-07-18,2026-07-18,0.77,53,53,1.0,14.528302,0,,0.0,0,,facebook,facebook_profile_feed,,,,,,
2026-07-18,2026-07-18,141.67,4225,3380,1.25,33.531361,104,1.362212,2.461538,85,2.011834,facebook,facebook_reels,2.0,149.8,33.0,1.057387,70.835,0.023529411764705882
2026-07-18,2026-07-18,10.01,2883,1288,2.238354,3.472078,6,1.668333,0.208117,6,0.208117,facebook,facebook_reels_overlay,,,,,,
2026-07-18,2026-07-18,16.26,313,298,1.050336,51.948882,11,1.478182,3.514377,11,3.514377,facebook,facebook_stories,,,4.0,,,
2026-07-18,2026-07-18,1667.99,107178,88930,1.205195,15.562802,1815,0.919003,1.693445,1333,1.243725,facebook,feed,28.0,1997.94,475.0,1.197813,59.57107142857143,0.021005251312828207
2026-07-18,2026-07-18,3.09,288,186,1.548387,10.729167,3,1.03,1.041667,1,0.347222,facebook,instream_video,,,,,,
2026-07-18,2026-07-18,7.37,871,661,1.3177,8.461538,3,2.456667,0.344432,3,0.344432,facebook,marketplace,,,,,,
2026-07-18,2026-07-18,2.73,1226,409,2.997555,2.226754,1,2.73,0.081566,1,0.081566,facebook,right_hand_column,,,,,,
2026-07-18,2026-07-18,12.82,1287,1194,1.077889,9.96115,9,1.424444,0.699301,13,1.010101,facebook,search,,,6.0,,,
2026-07-18,2026-07-18,405.83,13970,12793,1.092003,29.050107,200,2.02915,1.431639,192,1.374374,instagram,feed,6.0,319.58,83.0,0.787473,67.63833333333334,0.03125
2026-07-18,2026-07-18,66.53,1650,1466,1.125512,40.321212,43,1.547209,2.606061,40,2.424242,instagram,instagram_reels,3.0,144.81,23.0,2.176612,22.176666666666666,0.075
2026-07-18,2026-07-18,0.08,3,3,1.0,26.666667,0,,0.0,0,,instagram,instagram_search,,,,,,
2026-07-18,2026-07-18,60.07,1596,1408,1.133523,37.637845,29,2.071379,1.817043,29,1.817043,instagram,instagram_stories,,,9.0,,,
2026-07-18,2026-07-18,2.13,153,153,1.0,13.921569,0,,0.0,0,,threads,threads_feed,,,,,,
2026-07-18,2026-07-18,3.87,130,124,1.048387,29.769231,2,1.935,1.538462,2,1.538462,unknown,unknown,,,1.0,,,
2026-07-19,2026-07-19,5.02,684,87,7.862069,7.339181,38,0.132105,5.555556,40,5.847953,audience_network,an_classic,,,1.0,,,
2026-07-19,2026-07-19,7.78,197,50,3.94,39.492386,47,0.165532,23.857868,62,31.472081,audience_network,rewarded_video,,,,,,
2026-07-19,2026-07-19,2.06,54,53,1.018868,38.148148,2,1.03,3.703704,2,3.703704,facebook,facebook_notification,,,,,,
2026-07-19,2026-07-19,0.57,52,48,1.083333,10.961538,0,,0.0,0,,facebook,facebook_profile_feed,,,,,,
2026-07-19,2026-07-19,150.91,3740,3067,1.219433,40.350267,90,1.676778,2.406417,80,2.139037,facebook,facebook_reels,1.0,61.25,35.0,0.405871,150.91,0.0125
2026-07-19,2026-07-19,10.0,3484,1432,2.432961,2.870264,15,0.666667,0.43054,17,0.487945,facebook,facebook_reels_overlay,1.0,59.92,1.0,5.992,10.0,0.058823529411764705
2026-07-19,2026-07-19,16.27,334,292,1.143836,48.712575,15,1.084667,4.491018,16,4.790419,facebook,facebook_stories,1.0,54.93,8.0,3.376152,16.27,0.0625
2026-07-19,2026-07-19,1758.07,97128,73896,1.314388,18.100548,1588,1.107097,1.634956,1169,1.203566,facebook,feed,26.0,1683.58,477.0,0.95763,67.61807692307693,0.022241231822070145
2026-07-19,2026-07-19,3.55,279,180,1.55,12.724014,3,1.183333,1.075269,3,1.075269,facebook,instream_video,,,3.0,,,
2026-07-19,2026-07-19,9.08,884,640,1.38125,10.271493,5,1.816,0.565611,5,0.565611,facebook,marketplace,1.0,,,,9.08,0.2
2026-07-19,2026-07-19,2.89,1342,343,3.912536,2.153502,1,2.89,0.074516,1,0.074516,facebook,right_hand_column,,,,,,
2026-07-19,2026-07-19,13.17,1377,1288,1.069099,9.56427,21,0.627143,1.525054,20,1.452433,facebook,search,1.0,119.84,5.0,9.099468,13.17,0.05
2026-07-19,2026-07-19,346.58,10201,9006,1.132689,33.9751,173,2.003353,1.695912,165,1.617488,instagram,feed,7.0,473.83,80.0,1.367159,49.51142857142857,0.04242424242424243
2026-07-19,2026-07-19,40.03,1084,920,1.178261,36.928044,34,1.177353,3.136531,36,3.321033,instagram,instagram_reels,4.0,254.88,15.0,6.367225,10.0075,0.1111111111111111
2026-07-19,2026-07-19,0.0,1,1,1.0,0.0,0,,0.0,0,,instagram,instagram_search,,,,,,
2026-07-19,2026-07-19,53.21,1290,1122,1.149733,41.248062,20,2.6605,1.550388,20,1.550388,instagram,instagram_stories,,,14.0,,,
2026-07-19,2026-07-19,3.09,182,181,1.005525,16.978022,4,0.7725,2.197802,4,2.197802,threads,threads_feed,,,1.0,,,
2026-07-19,2026-07-19,2.82,159,143,1.111888,17.735849,2,1.41,1.257862,2,1.257862,unknown,unknown,,,,,,
2026-07-20,2026-07-20,8.770339,932,108,8.62963,9.410235,47,0.186603,5.042918,52,5.579399,audience_network,an_classic,,,,,,
2026-07-20,2026-07-20,10.130392,252,54,4.666667,40.199967,83,0.122053,32.936508,96,38.095238,audience_network,rewarded_video,,,,,,
2026-07-20,2026-07-20,2.640102,48,47,1.021277,55.002127,0,,0.0,0,,facebook,facebook_notification,,,,,,
2026-07-20,2026-07-20,1.880073,85,76,1.118421,22.118502,0,,0.0,0,,facebook,facebook_profile_feed,,,,,,
2026-07-20,2026-07-20,148.715751,3988,3144,1.268448,37.29081,110,1.351961,2.758275,100,2.507523,facebook,facebook_reels,1.0,69.91,50.0,0.470091,148.715751,0.01
2026-07-20,2026-07-20,18.050698,6065,3563,1.702217,2.976207,22,0.820486,0.362737,22,0.362737,facebook,facebook_reels_overlay,1.0,,4.0,,18.050698,0.045454545454545456
2026-07-20,2026-07-20,24.540949,350,330,1.060606,70.116997,15,1.636063,4.285714,16,4.571429,facebook,facebook_stories,,,8.0,,,
2026-07-20,2026-07-20,1569.170684,92630,74632,1.241157,16.9402,1493,1.051019,1.611789,1070,1.155133,facebook,feed,24.0,1493.39,408.0,0.951707,65.38211183333333,0.022429906542056073
2026-07-20,2026-07-20,7.100275,825,507,1.627219,8.606393,6,1.183379,0.727273,3,0.363636,facebook,instream_video,,,,,,
2026-07-20,2026-07-20,9.290359,1123,884,1.270362,8.272804,13,0.714643,1.157614,13,1.157614,facebook,marketplace,,,1.0,,,
2026-07-20,2026-07-20,1.830071,1031,323,3.19195,1.775044,1,1.830071,0.096993,1,0.096993,facebook,right_hand_column,,,,,,
2026-07-20,2026-07-20,4.880189,1031,975,1.057436,4.733452,13,0.375399,1.260912,13,1.260912,facebook,search,,,7.0,,,
2026-07-20,2026-07-20,404.265634,14756,13634,1.082294,27.396695,194,2.083843,1.314719,190,1.287612,instagram,feed,11.0,614.34,95.0,1.519644,36.75142127272727,0.05789473684210526
2026-07-20,2026-07-20,0.020001,2,2,1.0,10.000387,0,,0.0,0,,instagram,instagram_explore_grid_home,,,,,,
2026-07-20,2026-07-20,53.632074,1361,1157,1.176318,39.406373,32,1.676002,2.351212,31,2.277737,instagram,instagram_reels,,,7.0,,,
2026-07-20,2026-07-20,0.01,1,1,1.0,10.000387,0,,0.0,0,,instagram,instagram_search,,,,,,
2026-07-20,2026-07-20,55.942163,1493,1324,1.127644,37.469634,26,2.151622,1.74146,25,1.674481,instagram,instagram_stories,2.0,117.43,16.0,2.099132,27.9710815,0.08
2026-07-20,2026-07-20,2.660103,271,264,1.026515,9.815878,6,0.44335,2.214022,7,2.583026,threads,threads_feed,,,,,,
2026-07-20,2026-07-20,3.700143,155,134,1.156716,23.871891,2,1.850072,1.290323,3,1.935484,unknown,unknown,,,,,,
2026-07-21,2026-07-21,4.467378,548,99,5.535354,8.152149,21,0.212732,3.832117,23,4.19708,audience_network,an_classic,,,2.0,,,
2026-07-21,2026-07-21,10.174028,216,43,5.023256,47.101982,60,0.169567,27.777778,79,36.574074,audience_network,rewarded_video,,,,,,
2026-07-21,2026-07-21,6.736046,158,151,1.046358,42.633203,10,0.673605,6.329114,10,6.329114,facebook,facebook_notification,,,1.0,,,
2026-07-21,2026-07-21,1.299237,140,130,1.076923,9.280267,2,0.649619,1.428571,2,1.428571,facebook,facebook_profile_feed,,,,,,
2026-07-21,2026-07-21,136.959608,3692,2930,1.260068,37.096318,98,1.397547,2.654388,89,2.410618,facebook,facebook_reels,1.0,134.82,32.0,0.984378,136.959608,0.011235955056179775
2026-07-21,2026-07-21,25.824841,8531,4456,1.914497,3.027176,27,0.956476,0.316493,27,0.316493,facebook,facebook_reels_overlay,,,2.0,,,
2026-07-21,2026-07-21,16.61025,365,338,1.079882,45.507535,18,0.922792,4.931507,19,5.205479,facebook,facebook_stories,4.0,253.35,14.0,15.25263,4.1525625,0.21052631578947367
2026-07-21,2026-07-21,1690.767555,94896,74517,1.273481,17.817058,1637,1.032845,1.725046,1136,1.1971,facebook,feed,33.0,2141.55,431.0,1.266614,51.23538045454545,0.029049295774647887
2026-07-21,2026-07-21,9.904186,1475,886,1.664786,6.714703,12,0.825349,0.813559,11,0.745763,facebook,instream_video,1.0,153.75,2.0,15.523738,9.904186,0.09090909090909091
2026-07-21,2026-07-21,11.683142,1532,1136,1.348592,7.626072,8,1.460393,0.522193,7,0.456919,facebook,marketplace,,,1.0,,,
2026-07-21,2026-07-21,1.798944,1020,344,2.965116,1.763671,0,,0.0,0,,facebook,right_hand_column,,,,,,
2026-07-21,2026-07-21,6.815999,1024,937,1.09285,6.656249,6,1.136,0.585938,6,0.585938,facebook,search,,,1.0,,,
2026-07-21,2026-07-21,435.664274,15420,13388,1.151778,28.253195,249,1.749656,1.614786,242,1.56939,instagram,feed,10.0,663.55,103.0,1.523076,43.566427399999995,0.04132231404958678
2026-07-21,2026-07-21,45.223455,1098,972,1.12963,41.187117,24,1.884311,2.185792,25,2.276867,instagram,instagram_reels,1.0,61.95,7.0,1.369864,45.223455,0.04
2026-07-21,2026-07-21,0.129924,8,8,1.0,16.240467,0,,0.0,0,,instagram,instagram_search,,,,,,
2026-07-21,2026-07-21,41.465661,1110,992,1.118952,37.356451,21,1.974555,1.891892,20,1.801802,instagram,instagram_stories,,,8.0,,,
2026-07-21,2026-07-21,2.968258,239,235,1.017021,12.419488,3,0.989419,1.25523,3,1.25523,threads,threads_feed,,,,,,
2026-07-21,2026-07-21,4.747213,153,135,1.133333,31.027539,3,1.582405,1.960784,2,1.30719,unknown,unknown,,,2.0,,,
2026-07-22,2026-07-22,7.782208,915,167,5.479042,8.505146,55,0.141495,6.010929,59,6.448087,audience_network,an_classic,,,,,,
2026-07-22,2026-07-22,10.25291,321,105,3.057143,31.940528,65,0.157737,20.249221,75,23.364486,audience_network,rewarded_video,,,2.0,,,
2026-07-22,2026-07-22,8.022277,177,166,1.066265,45.323596,6,1.337046,3.389831,6,3.389831,facebook,facebook_notification,1.0,26.49,2.0,3.302055,8.022277,0.16666666666666666
2026-07-22,2026-07-22,1.050298,89,78,1.141026,11.801102,2,0.525149,2.247191,1,1.123596,facebook,facebook_profile_feed,,,,,,
2026-07-22,2026-07-22,171.738735,5922,4848,1.221535,29.000124,168,1.022254,2.836879,93,1.570415,facebook,facebook_reels,3.0,259.73,27.0,1.512355,57.246244999999995,0.03225806451612903
2026-07-22,2026-07-22,26.657565,9048,4298,2.105165,2.946238,17,1.568092,0.187887,17,0.187887,facebook,facebook_reels_overlay,,,,,,
2026-07-22,2026-07-22,22.926506,394,374,1.053476,58.189101,12,1.910542,3.045685,12,3.045685,facebook,facebook_stories,,,4.0,,,
2026-07-22,2026-07-22,1531.684651,85425,71705,1.19134,17.930169,1401,1.09328,1.640035,1013,1.185836,facebook,feed,20.0,1303.72,352.0,0.851167,76.58423255,0.019743336623889437
2026-07-22,2026-07-22,11.483259,1788,1134,1.57672,6.422404,8,1.435407,0.447427,7,0.391499,facebook,instream_video,,,,,,
2026-07-22,2026-07-22,9.682748,1307,983,1.329603,7.408376,8,1.210343,0.612089,8,0.612089,facebook,marketplace,,,1.0,,,
2026-07-22,2026-07-22,1.510429,877,334,2.625749,1.722268,1,1.510429,0.114025,1,0.114025,facebook,right_hand_column,,,,,,
2026-07-22,2026-07-22,7.882237,1065,975,1.092308,7.401161,9,0.875804,0.84507,9,0.84507,facebook,search,,,1.0,,,
2026-07-22,2026-07-22,509.374547,16428,14670,1.119836,31.006486,193,2.639246,1.174823,186,1.132213,instagram,feed,6.0,285.78,94.0,0.561041,84.89575783333333,0.03225806451612903
2026-07-22,2026-07-22,0.0,1,1,1.0,0.0,0,,0.0,0,,instagram,instagram_explore_grid_home,,,,,,
2026-07-22,2026-07-22,73.58088,1662,1487,1.117687,44.272491,32,2.299403,1.925391,27,1.624549,instagram,instagram_reels,,,11.0,,,
2026-07-22,2026-07-22,0.030009,3,3,1.0,10.002839,0,,0.0,0,,instagram,instagram_search,,,,,,
2026-07-22,2026-07-22,65.548601,1593,1434,1.110879,41.147898,30,2.184953,1.883239,30,1.883239,instagram,instagram_stories,,,13.0,,,
2026-07-22,2026-07-22,4.961408,225,223,1.008969,22.050702,5,0.992282,2.222222,5,2.222222,threads,threads_feed,,,,,,
2026-07-22,2026-07-22,2.590735,142,127,1.11811,18.244614,3,0.863578,2.112676,2,1.408451,unknown,unknown,,,2.0,,,
2026-07-23,2026-07-23,13.960421,1175,176,6.676136,11.881209,59,0.236617,5.021277,75,6.382979,audience_network,an_classic,,,1.0,,,
2026-07-23,2026-07-23,9.9403,345,71,4.859155,28.812463,55,0.180733,15.942029,76,22.028986,audience_network,rewarded_video,,,1.0,,,
2026-07-23,2026-07-23,8.390253,201,195,1.030769,41.742552,8,1.048782,3.9801,8,3.9801,facebook,facebook_notification,,,,,,
2026-07-23,2026-07-23,1.620049,140,130,1.076923,11.571778,2,0.810024,1.428571,1,0.714286,facebook,facebook_profile_feed,,,,,,
2026-07-23,2026-07-23,167.145041,7066,5447,1.297228,23.654832,133,1.25673,1.882253,76,1.075573,facebook,facebook_reels,1.0,69.91,29.0,0.418259,167.145041,0.013157894736842105
2026-07-23,2026-07-23,28.210851,8985,4270,2.104215,3.139772,23,1.226559,0.255982,23,0.255982,facebook,facebook_reels_overlay,,,3.0,,,
2026-07-23,2026-07-23,23.330704,468,433,1.080831,49.851931,14,1.666479,2.991453,14,2.991453,facebook,facebook_stories,,,4.0,,,
2026-07-23,2026-07-23,1705.891446,89045,69513,1.280983,19.157633,1578,1.081047,1.772138,1133,1.27239,facebook,feed,27.0,1597.87,391.0,0.936677,63.18116466666667,0.02383053839364519
2026-07-23,2026-07-23,12.900389,1735,1102,1.57441,7.435383,11,1.172763,0.634006,9,0.518732,facebook,instream_video,,,,,,
2026-07-23,2026-07-23,9.310281,1409,975,1.445128,6.607722,5,1.862056,0.354862,5,0.354862,facebook,marketplace,,,2.0,,,
2026-07-23,2026-07-23,1.640049,923,292,3.160959,1.776868,0,,0.0,0,,facebook,right_hand_column,,,,,,
2026-07-23,2026-07-23,10.380313,1501,1358,1.105302,6.915598,12,0.865026,0.799467,12,0.799467,facebook,search,,,6.0,,,
2026-07-23,2026-07-23,530.285992,17389,15271,1.138694,30.495485,240,2.209525,1.380183,231,1.328426,instagram,feed,8.0,491.28,102.0,0.926443,66.285749,0.03463203463203463
2026-07-23,2026-07-23,0.090003,7,6,1.166667,12.857531,0,,0.0,0,,instagram,instagram_explore_grid_home,,,,,,
2026-07-23,2026-07-23,64.441943,1703,1420,1.199296,37.840249,31,2.078772,1.820317,31,1.820317,instagram,instagram_reels,,,11.0,,,
2026-07-23,2026-07-23,0.0,1,1,1.0,0.0,0,,0.0,0,,instagram,instagram_search,,,,,,
2026-07-23,2026-07-23,59.6718,1444,1253,1.152434,41.323961,34,1.755053,2.354571,33,2.285319,instagram,instagram_stories,1.0,69.91,17.0,1.171575,59.6718,0.030303030303030304
2026-07-23,2026-07-23,2.270068,157,156,1.00641,14.459035,1,2.270068,0.636943,1,0.636943,threads,threads_feed,,,,,,
2026-07-23,2026-07-23,3.220097,171,149,1.147651,18.830977,1,3.220097,0.584795,1,0.584795,unknown,unknown,,,1.0,,,
2026-07-24,2026-07-24,13.27005,1521,203,7.492611,8.724556,70,0.189572,4.602235,76,4.996713,audience_network,an_classic,,,1.0,,,
2026-07-24,2026-07-24,9.440036,289,78,3.705128,32.664483,66,0.143031,22.83737,91,31.487889,audience_network,rewarded_video,,,,,,
2026-07-24,2026-07-24,4.670018,109,108,1.009259,42.844199,8,0.583752,7.33945,8,7.33945,facebook,facebook_notification,,,,,,
2026-07-24,2026-07-24,1.240005,104,99,1.050505,11.923122,0,,0.0,0,,facebook,facebook_profile_feed,,,,,,
2026-07-24,2026-07-24,202.170765,5765,4506,1.279405,35.06865,174,1.161901,3.018213,115,1.994796,facebook,facebook_reels,1.0,74.9,40.0,0.370479,202.170765,0.008695652173913044
2026-07-24,2026-07-24,12.690048,3966,2016,1.967262,3.19971,14,0.906432,0.353001,14,0.353001,facebook,facebook_reels_overlay,,,2.0,,,
2026-07-24,2026-07-24,23.140088,423,380,1.113158,54.704699,17,1.361182,4.018913,18,4.255319,facebook,facebook_stories,2.0,139.58,8.0,6.031956,11.570044,0.1111111111111111
2026-07-24,2026-07-24,1817.856877,88558,68796,1.287255,20.527303,1504,1.208681,1.698322,1053,1.189051,facebook,feed,30.0,2080.16,406.0,1.144293,60.595229233333335,0.02849002849002849
2026-07-24,2026-07-24,7.020027,597,409,1.459658,11.758838,5,1.404005,0.837521,4,0.670017,facebook,instream_video,,,,,,
2026-07-24,2026-07-24,9.630036,1324,992,1.334677,7.273441,8,1.203755,0.60423,7,0.528701,facebook,marketplace,,,,,,
2026-07-24,2026-07-24,1.880007,1062,314,3.382166,1.770252,0,,0.0,0,,facebook,right_hand_column,,,,,,
2026-07-24,2026-07-24,14.080053,1460,1341,1.08874,9.643872,15,0.93867,1.027397,15,1.027397,facebook,search,,,3.0,,,
2026-07-24,2026-07-24,403.641527,11994,10976,1.092748,33.653621,179,2.254981,1.492413,167,1.392363,instagram,feed,7.0,557.52,74.0,1.381226,57.663075285714285,0.041916167664670656
2026-07-24,2026-07-24,0.02,2,2,1.0,10.000038,0,,0.0,0,,instagram,instagram_explore_grid_home,,,,,,
2026-07-24,2026-07-24,58.460221,1283,1114,1.151706,45.565254,23,2.541749,1.792673,21,1.636789,instagram,instagram_reels,,,9.0,,,
2026-07-24,2026-07-24,0.08,6,6,1.0,13.333384,0,,0.0,0,,instagram,instagram_search,,,,,,
2026-07-24,2026-07-24,59.470225,1213,1041,1.165226,49.027391,21,2.831915,1.731245,18,1.483924,instagram,instagram_stories,,,6.0,,,
2026-07-24,2026-07-24,0.05,2,2,1.0,25.000095,0,,0.0,0,,messenger,messenger_stories,,,,,,
2026-07-24,2026-07-24,1.460006,88,88,1.0,16.590972,0,,0.0,0,,threads,threads_feed,,,,,,
2026-07-24,2026-07-24,3.120012,163,147,1.108844,19.141177,1,3.120012,0.613497,1,0.613497,unknown,unknown,,,1.0,,,
2026-07-25,2026-07-25,13.880054,2427,283,8.575972,5.719017,104,0.133462,4.285126,117,4.820766,audience_network,an_classic,,,,,,
2026-07-25,2026-07-25,11.070043,563,122,4.614754,19.662599,101,0.109604,17.939609,128,22.735346,audience_network,rewarded_video,1.0,39.95,2.0,3.608839,11.070043,0.0078125
2026-07-25,2026-07-25,4.260017,96,92,1.043478,44.375173,1,4.260017,1.041667,1,1.041667,facebook,facebook_notification,1.0,69.91,6.0,16.410734,4.260017,1.0
2026-07-25,2026-07-25,1.640006,115,104,1.105769,14.260925,0,,0.0,0,,facebook,facebook_profile_feed,,,,,,
2026-07-25,2026-07-25,210.390822,6151,4945,1.243883,34.204328,201,1.046721,3.267761,106,1.723297,facebook,facebook_reels,3.0,211.15,38.0,1.003608,70.130274,0.02830188679245283
2026-07-25,2026-07-25,12.370048,3966,1815,2.185124,3.119024,11,1.12455,0.277358,11,0.277358,facebook,facebook_reels_overlay,,,5.0,,,
2026-07-25,2026-07-25,30.550119,511,484,1.055785,59.784969,25,1.222005,4.892368,24,4.696673,facebook,facebook_stories,1.0,69.91,6.0,2.288371,30.550119,0.041666666666666664
2026-07-25,2026-07-25,1677.076553,91719,72893,1.258269,18.284942,1585,1.058092,1.728104,1082,1.17969,facebook,feed,35.0,2514.96,437.0,1.49961,47.91647294285715,0.03234750462107209
2026-07-25,2026-07-25,9.190036,450,322,1.397516,20.422302,4,2.297509,0.888889,2,0.444444,facebook,instream_video,,,,,,
2026-07-25,2026-07-25,13.490053,1709,1267,1.348856,7.893536,8,1.686257,0.46811,6,0.351083,facebook,marketplace,,,,,,
2026-07-25,2026-07-25,1.440006,775,267,2.902622,1.858072,1,1.440006,0.129032,1,0.129032,facebook,right_hand_column,,,,,,
2026-07-25,2026-07-25,11.920047,1556,1466,1.061392,7.660698,14,0.851432,0.899743,14,0.899743,facebook,search,1.0,54.93,9.0,4.608203,11.920047,0.07142857142857142
2026-07-25,2026-07-25,410.451604,13093,11404,1.148106,31.348935,190,2.160272,1.451157,182,1.390056,instagram,feed,2.0,139.99,76.0,0.341063,205.225802,0.01098901098901099
2026-07-25,2026-07-25,0.07,2,2,1.0,35.000137,0,,0.0,0,,instagram,instagram_explore_grid_home,,,,,,
2026-07-25,2026-07-25,64.720253,1508,1320,1.142424,42.91794,21,3.081917,1.392573,21,1.392573,instagram,instagram_reels,,,10.0,,,
2026-07-25,2026-07-25,0.01,3,3,1.0,3.333346,0,,0.0,0,,instagram,instagram_search,,,,,,
2026-07-25,2026-07-25,80.530315,1566,1331,1.176559,51.424211,31,2.597752,1.979566,30,1.915709,instagram,instagram_stories,1.0,39.95,6.0,0.496086,80.530315,0.03333333333333333
2026-07-25,2026-07-25,2.120008,100,97,1.030928,21.200083,4,0.530002,4.0,4,4.0,threads,threads_feed,,,,,,
2026-07-25,2026-07-25,3.890015,174,153,1.137255,22.356409,2,1.945008,1.149425,2,1.149425,unknown,unknown,,,1.0,,,
2026-07-26,2026-07-26,27.439899,4336,488,8.885246,6.32839,117,0.234529,2.698339,140,3.228782,audience_network,an_classic,,,4.0,,,
2026-07-26,2026-07-26,21.139922,1272,383,3.321149,16.619436,211,0.100189,16.58805,280,22.012579,audience_network,rewarded_video,1.0,69.91,1.0,3.307013,21.139922,0.0035714285714285713
2026-07-26,2026-07-26,3.529987,85,83,1.024096,41.529259,2,1.764993,2.352941,2,2.352941,facebook,facebook_notification,,,4.0,,,
2026-07-26,2026-07-26,0.539998,77,73,1.054795,7.012961,1,0.539998,1.298701,0,,facebook,facebook_profile_feed,,,,,,
2026-07-26,2026-07-26,260.789039,6831,5619,1.215697,38.177286,274,0.951785,4.011126,162,2.371542,facebook,facebook_reels,5.0,339.29,90.0,1.301013,52.1578078,0.030864197530864196
2026-07-26,2026-07-26,13.279951,4568,2148,2.126629,2.90717,8,1.659994,0.175131,8,0.175131,facebook,facebook_reels_overlay,2.0,129.83,15.0,9.776391,6.6399755,0.25
2026-07-26,2026-07-26,38.07986,557,515,1.081553,68.365996,15,2.538657,2.692998,15,2.692998,facebook,facebook_stories,2.0,164.78,16.0,4.327222,19.03993,0.13333333333333333
2026-07-26,2026-07-26,1629.863991,81306,62058,1.310161,20.046048,1504,1.083686,1.849802,1056,1.298797,facebook,feed,35.0,2269.33,540.0,1.392343,46.567542599999996,0.03314393939393939
2026-07-26,2026-07-26,6.609976,527,328,1.606707,12.542648,12,0.550831,2.27704,8,1.518027,facebook,instream_video,,,1.0,,,
2026-07-26,2026-07-26,15.079944,2137,1659,1.288125,7.056595,8,1.884993,0.374357,8,0.374357,facebook,marketplace,,,,,,
2026-07-26,2026-07-26,1.949993,966,313,3.086262,2.018626,0,,0.0,0,,facebook,right_hand_column,,,,,,
2026-07-26,2026-07-26,15.699942,1577,1466,1.075716,9.955575,19,0.826313,1.204819,19,1.204819,facebook,search,2.0,130.72,6.0,8.326145,7.849971,0.10526315789473684
2026-07-26,2026-07-26,511.618114,15242,13208,1.153998,33.566337,250,2.046472,1.640205,241,1.581157,instagram,feed,6.0,386.07,105.0,0.754606,85.26968566666666,0.024896265560165973
2026-07-26,2026-07-26,0.03,6,6,1.0,4.999982,0,,0.0,0,,instagram,instagram_explore_grid_home,,,,,,
2026-07-26,2026-07-26,85.299686,1597,1372,1.163994,53.412452,39,2.187171,2.442079,37,2.316844,instagram,instagram_reels,2.0,222.6,26.0,2.609623,42.649843,0.05405405405405406
2026-07-26,2026-07-26,0.01,3,3,1.0,3.333321,0,,0.0,0,,instagram,instagram_search,,,,,,
2026-07-26,2026-07-26,74.079727,1559,1330,1.17218,47.517464,35,2.116564,2.245029,33,2.116742,instagram,instagram_stories,1.0,69.91,14.0,0.943713,74.079727,0.030303030303030304
2026-07-26,2026-07-26,0.04,1,1,1.0,39.999853,0,,0.0,0,,messenger,messenger_stories,,,,,,
2026-07-26,2026-07-26,1.679994,110,107,1.028037,15.272671,4,0.419998,3.636364,4,3.636364,threads,threads_feed,,,,,,
2026-07-26,2026-07-26,5.749979,197,167,1.179641,29.18771,12,0.479165,6.091371,4,2.030457,unknown,unknown,,,1.0,,,
2026-07-27,2026-07-27,19.639111,2335,186,12.553763,8.410754,48,0.409148,2.055675,52,2.226981,audience_network,an_classic,1.0,69.91,1.0,3.559733,19.639111,0.019230769230769232
2026-07-27,2026-07-27,15.609293,442,127,3.480315,35.315143,90,0.173437,20.361991,120,27.149321,audience_network,rewarded_video,,,2.0,,,
2026-07-27,2026-07-27,3.989819,78,76,1.026316,51.15153,1,3.989819,1.282051,1,1.282051,facebook,facebook_notification,,,,,,
2026-07-27,2026-07-27,0.719967,61,56,1.089286,11.802744,0,,0.0,0,,facebook,facebook_profile_feed,,,,,,
2026-07-27,2026-07-27,174.25211,4663,3645,1.279287,37.369099,149,1.169477,3.195368,106,2.273215,facebook,facebook_reels,2.0,66.78,50.0,0.383238,87.126055,0.018867924528301886
2026-07-27,2026-07-27,20.249083,5067,2180,2.324312,3.996267,24,0.843712,0.473653,24,0.473653,facebook,facebook_reels_overlay,1.0,89.88,10.0,4.43872,20.249083,0.041666666666666664
2026-07-27,2026-07-27,25.258856,375,328,1.143293,67.35695,12,2.104905,3.2,12,3.2,facebook,facebook_stories,,,4.0,,,
2026-07-27,2026-07-27,1527.380839,84021,67049,1.253128,18.178561,1411,1.082481,1.679342,977,1.162805,facebook,feed,35.0,2048.98,438.0,1.341499,43.63945254285714,0.03582395087001024
2026-07-27,2026-07-27,9.139586,449,276,1.626812,20.355426,8,1.142448,1.781737,7,1.55902,facebook,instream_video,,,,,,
2026-07-27,2026-07-27,17.119225,3064,2479,1.235982,5.587214,11,1.556293,0.359008,11,0.359008,facebook,marketplace,,,3.0,,,
2026-07-27,2026-07-27,3.039862,1363,369,3.693767,2.230273,1,3.039862,0.073368,1,0.073368,facebook,right_hand_column,1.0,89.88,3.0,29.567128,3.039862,1.0
2026-07-27,2026-07-27,8.669607,1380,1258,1.096979,6.282324,7,1.238515,0.507246,7,0.507246,facebook,search,,,,,,
2026-07-27,2026-07-27,463.719002,14808,13057,1.134104,31.315438,227,2.042815,1.532955,214,1.445165,instagram,feed,6.0,325.58,106.0,0.702106,77.28650033333334,0.028037383177570093
2026-07-27,2026-07-27,0.189991,8,8,1.0,23.748925,0,,0.0,0,,instagram,instagram_explore_grid_home,,,,,,
2026-07-27,2026-07-27,70.256819,1611,1390,1.158993,43.610688,34,2.066377,2.11049,32,1.986344,instagram,instagram_reels,2.0,86.15,13.0,1.226216,35.1284095,0.0625
2026-07-27,2026-07-27,0.0,1,1,1.0,0.0,0,,0.0,0,,instagram,instagram_search,,,,,,
2026-07-27,2026-07-27,60.577257,1409,1178,1.196095,42.993085,38,1.594138,2.696948,37,2.625976,instagram,instagram_stories,2.0,124.71,10.0,2.058693,30.2886285,0.05405405405405406
2026-07-27,2026-07-27,6.529704,466,454,1.026432,14.012241,3,2.176568,0.643777,3,0.643777,threads,threads_feed,,,,,,
2026-07-27,2026-07-27,2.939867,164,145,1.131034,17.926018,2,1.469933,1.219512,2,1.219512,unknown,unknown,,,,,,
2026-07-28,2026-07-28,19.169783,1616,180,8.977778,11.86249,62,0.30919,3.836634,74,4.579208,audience_network,an_classic,,,1.0,,,
2026-07-28,2026-07-28,9.179896,263,84,3.130952,34.904548,53,0.173206,20.152091,73,27.756654,audience_network,rewarded_video,,,,,,
2026-07-28,2026-07-28,0.0,1,1,1.0,0.0,0,,0.0,0,,facebook,biz_disco_feed,,,,,,
2026-07-28,2026-07-28,3.589959,97,93,1.043011,37.009891,3,1.196653,3.092784,3,3.092784,facebook,facebook_notification,,,,,,
2026-07-28,2026-07-28,0.509994,52,46,1.130435,9.807581,0,,0.0,0,,facebook,facebook_profile_feed,,,,,,
2026-07-28,2026-07-28,194.397802,5373,4358,1.232905,36.180495,130,1.495368,2.419505,95,1.7681,facebook,facebook_reels,5.0,278.82,50.0,1.434275,38.8795604,0.05263157894736842
2026-07-28,2026-07-28,21.889752,5435,2191,2.480602,4.027553,16,1.36811,0.294388,16,0.294388,facebook,facebook_reels_overlay,,,4.0,,,
2026-07-28,2026-07-28,23.399735,386,337,1.145401,60.621076,11,2.127249,2.849741,12,3.108808,facebook,facebook_stories,,,2.0,,,
2026-07-28,2026-07-28,1679.481006,90473,75407,1.199796,18.563339,1530,1.0977,1.691112,1069,1.181568,facebook,feed,30.0,1653.34,450.0,0.984435,55.9827002,0.02806361085126286
2026-07-28,2026-07-28,11.429871,467,312,1.496795,24.475098,9,1.269986,1.927195,5,1.070664,facebook,instream_video,,,,,,
2026-07-28,2026-07-28,15.639823,1829,1374,1.33115,8.551024,10,1.563982,0.546747,11,0.601422,facebook,marketplace,,,3.0,,,
2026-07-28,2026-07-28,2.589971,1318,404,3.262376,1.965076,1,2.589971,0.075873,1,0.075873,facebook,right_hand_column,,,,,,
2026-07-28,2026-07-28,7.739912,1433,1305,1.098084,5.401195,10,0.773991,0.697837,10,0.697837,facebook,search,,,3.0,,,
2026-07-28,2026-07-28,513.504193,16822,15704,1.071192,30.525752,256,2.005876,1.521817,231,1.373202,instagram,feed,5.0,328.61,93.0,0.639936,102.7008386,0.021645021645021644
2026-07-28,2026-07-28,0.01,2,2,1.0,4.999943,0,,0.0,0,,instagram,instagram_explore_grid_home,,,,,,
2026-07-28,2026-07-28,68.899221,1817,1582,1.148546,37.919219,38,1.813137,2.091359,33,1.816181,instagram,instagram_reels,,,2.0,,,
2026-07-28,2026-07-28,0.03,4,4,1.0,7.499915,0,,0.0,0,,instagram,instagram_search,,,,,,
2026-07-28,2026-07-28,69.769211,1795,1571,1.142584,38.868641,26,2.683431,1.448468,26,1.448468,instagram,instagram_stories,,,4.0,,,
2026-07-28,2026-07-28,5.809934,362,357,1.014006,16.049542,2,2.904967,0.552486,2,0.552486,threads,threads_feed,,,,,,
2026-07-28,2026-07-28,5.609937,234,202,1.158416,23.974088,2,2.804968,0.854701,1,0.42735,unknown,unknown,,,,,,
2026-07-28,2026-07-28,0.04,4,4,1.0,9.999887,0,,0.0,0,,whatsapp,status,,,,,,
2026-07-29,2026-07-29,13.747236,1732,174,9.954023,7.937203,56,0.245486,3.233256,60,3.464203,audience_network,an_classic,1.0,59.97,1.0,4.362332,13.747236,0.016666666666666666
2026-07-29,2026-07-29,14.277129,337,94,3.585106,42.365368,59,0.241985,17.507418,89,26.409496,audience_network,rewarded_video,,,5.0,,,
2026-07-29,2026-07-29,4.019192,108,106,1.018868,37.214739,6,0.669865,5.555556,6,5.555556,facebook,facebook_notification,,,,,,
2026-07-29,2026-07-29,0.759847,70,66,1.060606,10.85496,3,0.253282,4.285714,2,2.857143,facebook,facebook_profile_feed,,,4.0,,,
2026-07-29,2026-07-29,162.417341,5022,4010,1.252369,32.341167,143,1.135786,2.847471,88,1.75229,facebook,facebook_reels,1.0,96.69,34.0,0.595318,162.417341,0.011363636363636364
2026-07-29,2026-07-29,44.441064,27638,21426,1.289928,1.60797,89,0.499338,0.32202,89,0.32202,facebook,facebook_reels_overlay,1.0,43.97,4.0,0.9894,44.441064,0.011235955056179775
2026-07-29,2026-07-29,25.01497,353,314,1.124204,70.863937,14,1.786784,3.966006,14,3.966006,facebook,facebook_stories,,,5.0,,,
2026-07-29,2026-07-29,1850.137968,120805,99344,1.216027,15.315078,1972,0.938204,1.632383,1346,1.114192,facebook,feed,23.0,1550.36,499.0,0.83797,80.4407812173913,0.017087667161961365
2026-07-29,2026-07-29,11.717644,1511,1203,1.256027,7.754893,25,0.468706,1.654533,13,0.860357,facebook,instream_video,,,6.0,,,
2026-07-29,2026-07-29,15.46689,1729,1220,1.417213,8.94557,9,1.718543,0.520532,8,0.462695,facebook,marketplace,,,2.0,,,
2026-07-29,2026-07-29,2.019594,1233,393,3.137405,1.637951,4,0.504898,0.324412,4,0.324412,facebook,right_hand_column,1.0,49.97,4.0,24.742598,2.019594,0.25
2026-07-29,2026-07-29,8.708249,1095,1044,1.048851,7.952739,11,0.791659,1.004566,10,0.913242,facebook,search,,,2.0,,,
2026-07-29,2026-07-29,623.194686,21164,19637,1.077761,29.445978,322,1.935387,1.521452,304,1.436401,instagram,feed,6.0,493.47,110.0,0.791839,103.86578100000001,0.019736842105263157
2026-07-29,2026-07-29,69.236078,1810,1541,1.174562,38.251977,39,1.775284,2.154696,31,1.712707,instagram,instagram_reels,,,10.0,,,
2026-07-29,2026-07-29,0.0,2,2,1.0,0.0,0,,0.0,0,,instagram,instagram_search,,,,,,
2026-07-29,2026-07-29,78.634188,2843,2503,1.135837,27.658877,56,1.404182,1.96975,52,1.829054,instagram,instagram_stories,2.0,105.86,14.0,1.346234,39.317094,0.038461538461538464
2026-07-29,2026-07-29,5.41891,287,284,1.010563,18.881221,3,1.806303,1.045296,3,1.045296,threads,threads_feed,,,,,,
2026-07-29,2026-07-29,4.789037,276,237,1.164557,17.351583,3,1.596346,1.086957,2,0.724638,unknown,unknown,,,,,,
2026-07-29,2026-07-29,0.109978,15,15,1.0,7.331859,0,,0.0,0,,whatsapp,status,,,,,,
2026-07-30,2026-07-30,9.349812,1328,178,7.460674,7.040521,34,0.274994,2.560241,35,2.635542,audience_network,an_classic,,,,,,
2026-07-30,2026-07-30,13.119736,221,65,3.4,59.36532,47,0.279143,21.266968,59,26.696833,audience_network,rewarded_video,,,4.0,,,
2026-07-30,2026-07-30,3.789924,107,104,1.028846,35.419848,5,0.757985,4.672897,5,4.672897,facebook,facebook_notification,,,,,,
2026-07-30,2026-07-30,0.339993,57,48,1.1875,5.964792,1,0.339993,1.754386,0,,facebook,facebook_profile_feed,,,,,,
2026-07-30,2026-07-30,144.617088,5329,4372,1.218893,27.137753,152,0.951428,2.852318,84,1.576281,facebook,facebook_reels,2.0,131.58,34.0,0.909851,72.308544,0.023809523809523808
2026-07-30,2026-07-30,84.698294,55974,36872,1.518062,1.513172,248,0.341525,0.443063,248,0.443063,facebook,facebook_reels_overlay,1.0,21.97,4.0,0.259391,84.698294,0.004032258064516129
2026-07-30,2026-07-30,20.489587,397,353,1.124646,51.611051,17,1.20527,4.282116,16,4.030227,facebook,facebook_stories,1.0,74.9,4.0,3.655515,20.489587,0.0625
2026-07-30,2026-07-30,2113.097449,134091,105638,1.269344,15.758682,2587,0.816814,1.929287,1597,1.190982,facebook,feed,21.0,1585.89,472.0,0.750505,100.62368804761904,0.013149655604257984
2026-07-30,2026-07-30,3.999919,346,234,1.478632,11.560461,8,0.49999,2.312139,7,2.023121,facebook,instream_video,,,1.0,,,
2026-07-30,2026-07-30,12.819742,1532,1071,1.430439,8.367978,4,3.204935,0.261097,3,0.195822,facebook,marketplace,1.0,27.96,1.0,2.181011,12.819742,0.3333333333333333
2026-07-30,2026-07-30,3.159936,2026,704,2.877841,1.559692,0,,0.0,0,,facebook,right_hand_column,,,,,,
2026-07-30,2026-07-30,12.709744,1521,1406,1.081792,8.356176,6,2.118291,0.394477,6,0.394477,facebook,search,,,,,,
2026-07-30,2026-07-30,443.701065,14360,12548,1.144405,30.898403,182,2.437918,1.267409,168,1.169916,instagram,feed,10.0,810.24,96.0,1.826094,44.370106500000006,0.05952380952380952
2026-07-30,2026-07-30,0.0,0,0,0.0,,0,,,0,,instagram,instagram_explore_grid_home,,,,,,
2026-07-30,2026-07-30,49.619001,1353,1193,1.134116,36.673319,46,1.078674,3.399852,43,3.178123,instagram,instagram_reels,1.0,24.97,10.0,0.503235,49.619001,0.023255813953488372
2026-07-30,2026-07-30,0.01,2,2,1.0,4.999899,0,,0.0,0,,instagram,instagram_search,,,,,,
2026-07-30,2026-07-30,54.828896,1883,1632,1.153799,29.117842,28,1.958175,1.486989,28,1.486989,instagram,instagram_stories,1.0,49.69,11.0,0.906274,54.828896,0.03571428571428571
2026-07-30,2026-07-30,4.319913,404,384,1.052083,10.692854,4,1.079978,0.990099,4,0.990099,threads,threads_feed,,,,,,
2026-07-30,2026-07-30,4.769904,242,210,1.152381,19.710347,2,2.384952,0.826446,2,0.826446,unknown,unknown,,,,,,
2026-07-30,2026-07-30,0.179996,22,22,1.0,8.181653,0,,0.0,0,,whatsapp,status,,,,,,
2026-07-31,2026-07-31,23.639511,2223,235,9.459574,10.634058,68,0.34764,3.058929,86,3.868646,audience_network,an_classic,1.0,69.91,3.0,2.957337,23.639511,0.011627906976744186
2026-07-31,2026-07-31,20.31958,311,103,3.019417,65.33627,62,0.327735,19.935691,88,28.29582,audience_network,rewarded_video,,,2.0,,,
2026-07-31,2026-07-31,5.719882,123,121,1.016529,46.503104,2,2.859941,1.626016,2,1.626016,facebook,facebook_notification,,,,,,
2026-07-31,2026-07-31,0.519989,62,60,1.033333,8.386923,0,,0.0,0,,facebook,facebook_profile_feed,,,,,,
2026-07-31,2026-07-31,121.487489,5144,4202,1.224179,23.617319,172,0.706323,3.343701,99,1.924572,facebook,facebook_reels,2.0,195.42,38.0,1.608561,60.7437445,0.020202020202020204
2026-07-31,2026-07-31,85.978223,58021,41751,1.389691,1.481847,235,0.365865,0.405026,236,0.406749,facebook,facebook_reels_overlay,1.0,54.93,8.0,0.638883,85.978223,0.00423728813559322
2026-07-31,2026-07-31,22.979525,451,413,1.09201,50.952384,11,2.089048,2.439024,11,2.439024,facebook,facebook_stories,,,3.0,,,
2026-07-31,2026-07-31,2072.177177,119637,92751,1.289873,17.320538,2107,0.983473,1.761161,1424,1.190267,facebook,feed,47.0,3636.97,518.0,1.755144,44.088876106382976,0.03300561797752809
2026-07-31,2026-07-31,3.749923,252,191,1.319372,14.880645,9,0.416658,3.571429,8,3.174603,facebook,instream_video,,,2.0,,,
2026-07-31,2026-07-31,13.699717,1323,953,1.388248,10.355039,5,2.739943,0.377929,5,0.377929,facebook,marketplace,1.0,259.48,4.0,18.940537,13.699717,0.2
2026-07-31,2026-07-31,3.099936,1909,520,3.671154,1.623853,2,1.549968,0.104767,2,0.104767,facebook,right_hand_column,,,10.0,,,
2026-07-31,2026-07-31,12.219747,2042,1907,1.070792,5.984205,23,0.531293,1.126347,23,1.126347,facebook,search,,,5.0,,,
2026-07-31,2026-07-31,376.822213,11487,10263,1.119263,32.804232,182,2.070452,1.5844,172,1.497345,instagram,feed,5.0,244.69,74.0,0.649351,75.36444259999999,0.029069767441860465
2026-07-31,2026-07-31,0.0,1,1,1.0,0.0,0,,0.0,0,,instagram,instagram_explore_grid_home,,,,,,
2026-07-31,2026-07-31,61.358732,1613,1414,1.140736,38.040131,43,1.426947,2.66584,39,2.417855,instagram,instagram_reels,1.0,58.16,6.0,0.947868,61.358732,0.02564102564102564
2026-07-31,2026-07-31,0.069999,5,5,1.0,13.999711,0,,0.0,0,,instagram,instagram_search,,,,,,
2026-07-31,2026-07-31,71.988512,2061,1855,1.111051,34.928924,42,1.714012,2.037846,40,1.940805,instagram,instagram_stories,2.0,175.59,18.0,2.439139,35.994256,0.05
2026-07-31,2026-07-31,3.269932,244,237,1.029536,13.401362,1,3.269932,0.409836,1,0.409836,threads,threads_feed,,,,,,
2026-07-31,2026-07-31,4.289911,206,188,1.095745,20.824812,5,0.857982,2.427184,2,0.970874,unknown,unknown,,,2.0,,,
2026-08-01,2026-08-01,15.590406,1840,278,6.618705,8.473047,61,0.25558,3.315217,69,3.75,audience_network,an_classic,,,,,,
2026-08-01,2026-08-01,14.380375,494,153,3.228758,29.11007,54,0.266303,10.931174,82,16.59919,audience_network,rewarded_video,,,4.0,,,
2026-08-01,2026-08-01,2.840074,66,66,1.0,43.031424,3,0.946691,4.545455,3,4.545455,facebook,facebook_notification,,,,,,
2026-08-01,2026-08-01,1.16003,81,74,1.094595,14.321361,0,,0.0,0,,facebook,facebook_profile_feed,,,,,,
2026-08-01,2026-08-01,152.583976,4960,3875,1.28,30.762898,188,0.811617,3.790323,103,2.076613,facebook,facebook_reels,1.0,54.93,40.0,0.359998,152.583976,0.009708737864077669
2026-08-01,2026-08-01,90.402356,59003,40499,1.4569,1.532165,270,0.334824,0.457604,270,0.457604,facebook,facebook_reels_overlay,1.0,69.91,4.0,0.773321,90.402356,0.003703703703703704
2026-08-01,2026-08-01,19.260502,359,302,1.188742,53.650423,9,2.140056,2.506964,9,2.506964,facebook,facebook_stories,,,2.0,,,
2026-08-01,2026-08-01,1914.719897,104026,86155,1.207428,18.406167,1903,1.006159,1.82935,1348,1.29583,facebook,feed,25.0,1670.47,499.0,0.872436,76.58879587999999,0.018545994065281898
2026-08-01,2026-08-01,3.310086,264,205,1.287805,12.538206,4,0.827522,1.515152,1,0.378788,facebook,instream_video,,,,,,
2026-08-01,2026-08-01,10.790281,1184,858,1.379953,9.113413,12,0.89919,1.013514,12,1.013514,facebook,marketplace,1.0,33.95,5.0,3.14635,10.790281,0.08333333333333333
2026-08-01,2026-08-01,2.020053,1169,378,3.092593,1.728018,0,,0.0,0,,facebook,right_hand_column,,,,,,
2026-08-01,2026-08-01,12.010313,1897,1737,1.092113,6.331214,14,0.85788,0.738007,14,0.738007,facebook,search,,,4.0,,,
2026-08-01,2026-08-01,344.748984,10050,9071,1.107926,34.303382,198,1.741156,1.970149,184,1.830846,instagram,feed,6.0,360.84,92.0,1.046675,57.458164000000004,0.03260869565217391
2026-08-01,2026-08-01,0.0,0,0,0.0,,0,,,0,,instagram,instagram_explore_grid_home,,,,,,
2026-08-01,2026-08-01,36.000938,941,813,1.157442,38.25817,24,1.500039,2.550478,22,2.337938,instagram,instagram_reels,,,12.0,,,
2026-08-01,2026-08-01,59.731557,1711,1510,1.133113,34.910319,26,2.297368,1.519579,25,1.461134,instagram,instagram_stories,2.0,119.88,12.0,2.006979,29.8657785,0.08
2026-08-01,2026-08-01,2.610068,127,127,1.0,20.551717,1,2.610068,0.787402,1,0.787402,threads,threads_feed,,,,,,
2026-08-01,2026-08-01,3.980104,169,151,1.119205,23.55091,6,0.663351,3.550296,3,1.775148,unknown,unknown,,,,,,
2026-08-02,2026-08-02,19.160295,3301,226,14.606195,5.804391,58,0.33035,1.757043,72,2.181157,audience_network,an_classic,,,1.0,,,
2026-08-02,2026-08-02,17.340267,379,99,3.828283,45.752683,66,0.262731,17.414248,81,21.372032,audience_network,rewarded_video,,,2.0,,,
2026-08-02,2026-08-02,2.700042,94,90,1.044444,28.723847,1,2.700042,1.06383,1,1.06383,facebook,facebook_notification,1.0,54.93,1.0,20.344131,2.700042,1.0
2026-08-02,2026-08-02,0.910014,92,90,1.022222,9.891457,1,0.910014,1.086957,1,1.086957,facebook,facebook_profile_feed,,,1.0,,,
2026-08-02,2026-08-02,190.322931,5649,4471,1.263476,33.691438,158,1.204576,2.796955,95,1.681714,facebook,facebook_reels,2.0,95.82,32.0,0.50346,95.1614655,0.021052631578947368
2026-08-02,2026-08-02,93.391438,59449,39255,1.514431,1.570951,247,0.378103,0.415482,247,0.415482,facebook,facebook_reels_overlay,,,8.0,,,
2026-08-02,2026-08-02,20.990323,400,359,1.114206,52.475808,13,1.61464,3.25,13,3.25,facebook,facebook_stories,1.0,102.05,4.0,4.861764,20.990323,0.07692307692307693
2026-08-02,2026-08-02,2285.315192,124424,99062,1.256021,18.367157,2167,1.054599,1.741625,1515,1.217611,facebook,feed,40.0,2822.78,581.0,1.235182,57.1328798,0.026402640264026403
2026-08-02,2026-08-02,5.750089,302,208,1.451923,19.040028,4,1.437522,1.324503,4,1.324503,facebook,instream_video,,,,,,
2026-08-02,2026-08-02,15.470238,1693,1200,1.410833,9.137766,9,1.718915,0.531601,9,0.531601,facebook,marketplace,,,3.0,,,
2026-08-02,2026-08-02,2.61004,1634,495,3.30101,1.597332,1,2.61004,0.0612,1,0.0612,facebook,right_hand_column,,,,,,
2026-08-02,2026-08-02,11.430176,1763,1661,1.061409,6.483367,19,0.601588,1.077708,19,1.077708,facebook,search,2.0,149.85,11.0,13.110034,5.715088,0.10526315789473684
2026-08-02,2026-08-02,464.427152,14477,12513,1.156957,32.080345,262,1.772623,1.809767,246,1.699247,instagram,feed,11.0,510.72,126.0,1.099677,42.22065018181818,0.044715447154471545
2026-08-02,2026-08-02,51.610795,1318,1095,1.203653,39.158418,40,1.29027,3.034901,36,2.731411,instagram,instagram_reels,,,21.0,,,
2026-08-02,2026-08-02,0.01,3,3,1.0,3.333385,0,,0.0,0,,instagram,instagram_search,,,,,,
2026-08-02,2026-08-02,57.850891,1549,1331,1.163787,37.34725,42,1.377402,2.711427,41,2.646869,instagram,instagram_stories,,,13.0,,,
2026-08-02,2026-08-02,0.0,1,1,1.0,0.0,0,,0.0,0,,messenger,messenger_stories,,,,,,
2026-08-02,2026-08-02,2.790043,182,178,1.022472,15.329906,6,0.465007,3.296703,6,3.296703,threads,threads_feed,,,1.0,,,
2026-08-02,2026-08-02,4.870075,220,191,1.151832,22.136705,4,1.217519,1.818182,4,1.818182,unknown,unknown,,,,,,
2026-08-03,2026-08-03,14.409891,2889,204,14.161765,4.987848,54,0.26685,1.869159,62,2.146071,audience_network,an_classic,,,2.0,,,
2026-08-03,2026-08-03,11.249915,336,72,4.666667,33.481891,56,0.200891,16.666667,79,23.511905,audience_network,rewarded_video,,,1.0,,,
2026-08-03,2026-08-03,4.639965,97,94,1.031915,47.834691,7,0.662852,7.216495,7,7.216495,facebook,facebook_notification,,,,,,
2026-08-03,2026-08-03,1.079992,87,80,1.0875,12.4137,3,0.359997,3.448276,0,,facebook,facebook_profile_feed,,,,,,
2026-08-03,2026-08-03,142.838924,4673,3815,1.224902,30.566857,124,1.151927,2.653542,78,1.669163,facebook,facebook_reels,1.0,89.88,36.0,0.62924,142.838924,0.01282051282051282
2026-08-03,2026-08-03,13.889895,3722,1573,2.366179,3.731836,21,0.661424,0.564213,21,0.564213,facebook,facebook_reels_overlay,1.0,89.88,8.0,6.470891,13.889895,0.047619047619047616
2026-08-03,2026-08-03,15.689882,344,302,1.139073,45.610122,8,1.961235,2.325581,8,2.325581,facebook,facebook_stories,,,,,,
2026-08-03,2026-08-03,1809.106378,108847,90364,1.204539,16.620636,1802,1.003944,1.655535,1240,1.139214,facebook,feed,32.0,2455.37,451.0,1.357228,56.5345743125,0.025806451612903226
2026-08-03,2026-08-03,5.24996,286,183,1.562842,18.356505,7,0.749994,2.447552,5,1.748252,facebook,instream_video,,,,,,
2026-08-03,2026-08-03,13.069902,1621,1216,1.333059,8.062863,7,1.867129,0.431832,7,0.431832,facebook,marketplace,,,3.0,,,
2026-08-03,2026-08-03,3.339975,1995,581,3.433735,1.674173,1,3.339975,0.050125,1,0.050125,facebook,right_hand_column,1.0,194.88,,58.347745,3.339975,1.0
2026-08-03,2026-08-03,10.969917,1729,1560,1.108333,6.34466,14,0.783566,0.809717,14,0.809717,facebook,search,,,3.0,,,
2026-08-03,2026-08-03,494.196279,17300,15904,1.087777,28.566259,246,2.008928,1.421965,225,1.300578,instagram,feed,3.0,169.78,107.0,0.343548,164.732093,0.013333333333333334
2026-08-03,2026-08-03,44.079668,1203,1003,1.199402,36.641453,27,1.63258,2.244389,24,1.995012,instagram,instagram_reels,,,4.0,,,
2026-08-03,2026-08-03,66.159502,2059,1823,1.129457,32.131861,47,1.407649,2.282661,44,2.13696,instagram,instagram_stories,3.0,222.97,16.0,3.370189,22.053167333333334,0.06818181818181818
2026-08-03,2026-08-03,0.0,2,2,1.0,0.0,0,,0.0,0,,messenger,messenger_stories,,,,,,
2026-08-03,2026-08-03,3.229976,266,261,1.019157,12.142766,2,1.614988,0.75188,2,0.75188,threads,threads_feed,,,,,,
2026-08-03,2026-08-03,2.859978,177,154,1.149351,16.15807,2,1.429989,1.129944,2,1.129944,unknown,unknown,,,1.0,,,
2026-08-03,2026-08-03,0.01,5,5,1.0,1.999985,0,,0.0,0,,whatsapp,status,,,,,,
2026-08-04,2026-08-04,23.188339,2208,188,11.744681,10.501965,71,0.326596,3.21558,81,3.668478,audience_network,an_classic,,,1.0,,,
2026-08-04,2026-08-04,11.489177,386,85,4.541176,29.764707,63,0.182368,16.321244,92,23.834197,audience_network,rewarded_video,,,1.0,,,
2026-08-04,2026-08-04,0.039997,1,1,1.0,39.997134,0,,0.0,0,,facebook,biz_disco_feed,,,,,,
2026-08-04,2026-08-04,3.229769,92,91,1.010989,35.10618,2,1.614884,2.173913,2,2.173913,facebook,facebook_notification,,,,,,
2026-08-04,2026-08-04,0.329976,42,39,1.076923,7.85658,0,,0.0,0,,facebook,facebook_profile_feed,,,,,,
2026-08-04,2026-08-04,96.053118,2182,1779,1.226532,44.020677,69,1.392074,3.162236,54,2.474794,facebook,facebook_reels,3.0,246.3,28.0,2.564206,32.017706,0.05555555555555555
2026-08-04,2026-08-04,14.998925,3992,1567,2.547543,3.757246,15,0.999928,0.375752,15,0.375752,facebook,facebook_reels_overlay,3.0,139.78,8.0,9.319334,4.999641666666666,0.2
2026-08-04,2026-08-04,17.988711,270,233,1.158798,66.624856,16,1.124294,5.925926,17,6.296296,facebook,facebook_stories,1.0,219.64,4.0,12.20988,17.988711,0.058823529411764705
2026-08-04,2026-08-04,1475.744261,63630,51705,1.230635,23.192586,1233,1.196873,1.937765,795,1.249411,facebook,feed,28.0,1899.25,318.0,1.286978,52.70515217857143,0.03522012578616352
2026-08-04,2026-08-04,4.60967,252,136,1.852941,18.29234,8,0.576209,3.174603,5,1.984127,facebook,instream_video,,,,,,
2026-08-04,2026-08-04,15.408896,2022,1374,1.471616,7.620621,6,2.568149,0.296736,5,0.24728,facebook,marketplace,,,,,,
2026-08-04,2026-08-04,2.779801,1545,506,3.05336,1.799224,0,,0.0,0,,facebook,right_hand_column,,,,,,
2026-08-04,2026-08-04,8.829367,1294,1182,1.094755,6.823313,13,0.679182,1.004637,14,1.081917,facebook,search,,,3.0,,,
2026-08-04,2026-08-04,515.743046,13199,12084,1.092271,39.074403,175,2.947103,1.325858,170,1.287976,instagram,feed,4.0,259.66,78.0,0.503468,128.9357615,0.023529411764705882
2026-08-04,2026-08-04,65.585301,1118,971,1.15139,58.66306,22,2.98115,1.9678,21,1.878354,instagram,instagram_reels,,,10.0,,,
2026-08-04,2026-08-04,0.009999,4,4,1.0,2.499821,0,,0.0,0,,instagram,instagram_search,,,,,,
2026-08-04,2026-08-04,107.572292,2892,2714,1.065586,37.196505,68,1.581945,2.351314,64,2.213001,instagram,instagram_stories,2.0,164.01,25.0,1.524649,53.786146,0.03125
2026-08-04,2026-08-04,5.469608,246,244,1.008197,22.234179,7,0.781373,2.845528,7,2.845528,threads,threads_feed,,,2.0,,,
2026-08-04,2026-08-04,3.529747,132,116,1.137931,26.740508,1,3.529747,0.757576,1,0.757576,unknown,unknown,,,,,,
2026-08-04,2026-08-04,0.0,2,2,1.0,0.0,0,,0.0,0,,whatsapp,status,,,,,,
2026-08-05,2026-08-05,19.219931,2826,194,14.56701,6.801108,76,0.252894,2.689314,90,3.184713,audience_network,an_classic,,,2.0,,,
2026-08-05,2026-08-05,7.229974,281,72,3.902778,25.729445,50,0.144599,17.793594,67,23.843416,audience_network,rewarded_video,,,,,,
2026-08-05,2026-08-05,2.91999,88,86,1.023256,33.1817,2,1.459995,2.272727,2,2.272727,facebook,facebook_notification,,,,,,
2026-08-05,2026-08-05,1.429995,98,93,1.053763,14.591785,1,1.429995,1.020408,1,1.020408,facebook,facebook_profile_feed,,,,,,
2026-08-05,2026-08-05,142.999489,3906,3116,1.25353,36.610212,109,1.311922,2.790579,93,2.380952,facebook,facebook_reels,1.0,31.55,34.0,0.22063,142.999489,0.010752688172043012
2026-08-05,2026-08-05,13.229953,3638,1716,2.120047,3.636601,14,0.944997,0.384827,14,0.384827,facebook,facebook_reels_overlay,2.0,89.95,4.0,6.798966,6.6149765,0.14285714285714285
2026-08-05,2026-08-05,21.609923,305,281,1.085409,70.852206,11,1.964538,3.606557,11,3.606557,facebook,facebook_stories,,,2.0,,,
2026-08-05,2026-08-05,1728.353827,75055,58532,1.28229,23.027831,1383,1.249714,1.842649,935,1.245753,facebook,feed,23.0,1436.87,348.0,0.831352,75.14581856521738,0.02459893048128342
2026-08-05,2026-08-05,2.539991,176,130,1.353846,14.431767,2,1.269995,1.136364,2,1.136364,facebook,instream_video,,,,,,
2026-08-05,2026-08-05,14.11995,1464,1085,1.349309,9.644774,8,1.764994,0.546448,8,0.546448,facebook,marketplace,,,1.0,,,
2026-08-05,2026-08-05,2.429991,1566,535,2.927103,1.551719,2,1.214996,0.127714,2,0.127714,facebook,right_hand_column,,,,,,
2026-08-05,2026-08-05,9.189967,1392,1318,1.056146,6.601988,11,0.835452,0.79023,11,0.79023,facebook,search,,,3.0,,,
2026-08-05,2026-08-05,571.517959,14490,12437,1.165072,39.442233,193,2.961233,1.331953,181,1.249137,instagram,feed,11.0,795.51,85.0,1.391925,51.95617809090909,0.06077348066298342
2026-08-05,2026-08-05,74.759733,1259,1122,1.122103,59.380249,36,2.076659,2.859412,33,2.621128,instagram,instagram_reels,1.0,53.19,15.0,0.711479,74.759733,0.030303030303030304
2026-08-05,2026-08-05,0.01,2,2,1.0,4.999982,0,,0.0,0,,instagram,instagram_search,,,,,,
2026-08-05,2026-08-05,178.099364,3358,2979,1.127224,53.037333,74,2.406748,2.203693,71,2.114354,instagram,instagram_stories,1.0,100.82,16.0,0.566088,178.099364,0.014084507042253521
2026-08-05,2026-08-05,5.159982,239,236,1.012712,21.589881,3,1.719994,1.25523,3,1.25523,threads,threads_feed,1.0,51.11,1.0,9.905074,5.159982,0.3333333333333333
2026-08-05,2026-08-05,4.959982,232,203,1.142857,21.379234,0,,0.0,0,,unknown,unknown,,,1.0,,,
2026-08-06,2026-08-06,1.469847,353,34,10.382353,4.163872,5,0.293969,1.416431,6,1.699717,audience_network,an_classic,,,1.0,,,
2026-08-06,2026-08-06,0.179981,6,5,1.2,29.996875,1,0.179981,16.666667,1,16.666667,audience_network,rewarded_video,,,,,,
2026-08-06,2026-08-06,1.519842,42,41,1.02439,36.186706,1,1.519842,2.380952,1,2.380952,facebook,facebook_notification,,,,,,
2026-08-06,2026-08-06,0.729924,43,41,1.04878,16.974976,0,,0.0,0,,facebook,facebook_profile_feed,,,,,,
2026-08-06,2026-08-06,228.146233,5103,4018,1.270035,44.708256,161,1.417057,3.155007,132,2.586714,facebook,facebook_reels,2.0,132.96,47.0,0.582784,114.0731165,0.015151515151515152
2026-08-06,2026-08-06,6.889282,1940,1000,1.94,3.551176,8,0.86116,0.412371,8,0.412371,facebook,facebook_reels_overlay,,,1.0,,,
2026-08-06,2026-08-06,20.667847,294,276,1.065217,70.298799,16,1.29174,5.442177,16,5.442177,facebook,facebook_stories,,,5.0,,,
2026-08-06,2026-08-06,1730.629709,76766,60843,1.261706,22.544222,1560,1.109378,2.03215,1005,1.309173,facebook,feed,25.0,1819.01,375.0,1.051068,69.22518836,0.024875621890547265
2026-08-06,2026-08-06,3.149672,120,89,1.348315,26.247266,3,1.049891,2.5,3,2.5,facebook,instream_video,,,,,,
2026-08-06,2026-08-06,5.819394,529,365,1.449315,11.000744,2,2.909697,0.378072,3,0.567108,facebook,marketplace,1.0,74.79,5.0,12.851854,5.819394,0.3333333333333333
2026-08-06,2026-08-06,1.239871,934,439,2.127563,1.327485,1,1.239871,0.107066,1,0.107066,facebook,right_hand_column,,,,,,
2026-08-06,2026-08-06,4.829497,637,596,1.068792,7.581628,10,0.48295,1.569859,10,1.569859,facebook,search,,,3.0,,,
2026-08-06,2026-08-06,388.919484,9132,8272,1.103965,42.588643,136,2.859702,1.489269,132,1.445466,instagram,feed,7.0,623.64,61.0,1.60352,55.55992628571429,0.05303030303030303
2026-08-06,2026-08-06,67.732944,1328,1171,1.134073,51.003723,42,1.612689,3.162651,36,2.710843,instagram,instagram_reels,,,7.0,,,
2026-08-06,2026-08-06,123.217164,2290,2004,1.142715,53.806622,59,2.088427,2.576419,58,2.532751,instagram,instagram_stories,3.0,261.84,17.0,2.125029,41.072388,0.05172413793103448
2026-08-06,2026-08-06,3.049682,126,124,1.016129,24.203828,1,3.049682,0.793651,1,0.793651,threads,threads_feed,,,1.0,,,
2026-08-06,2026-08-06,3.569628,123,109,1.12844,29.021367,2,1.784814,1.626016,2,1.626016,unknown,unknown,,,,,,
2026-08-06,2026-08-06,0.0,2,2,1.0,0.0,0,,0.0,0,,whatsapp,status,,,,,,
2026-08-07,2026-08-07,2.01,52,52,1.0,38.653846,3,0.67,5.769231,3,5.769231,facebook,facebook_notification,,,,,,
2026-08-07,2026-08-07,0.79,65,60,1.083333,12.153846,0,,0.0,0,,facebook,facebook_profile_feed,,,,,,
2026-08-07,2026-08-07,220.68,5831,4585,1.271756,37.845996,134,1.646866,2.298062,112,1.920768,facebook,facebook_reels,5.0,283.82,48.0,1.286116,44.136,0.044642857142857144
2026-08-07,2026-08-07,10.87,3133,1440,2.175694,3.469518,11,0.988182,0.351101,11,0.351101,facebook,facebook_reels_overlay,,,2.0,,,
2026-08-07,2026-08-07,18.79,387,353,1.096317,48.552972,15,1.252667,3.875969,16,4.134367,facebook,facebook_stories,,,8.0,,,
2026-08-07,2026-08-07,1619.81,73364,59120,1.240934,22.079085,1157,1.400009,1.577068,837,1.140887,facebook,feed,27.0,2034.62,309.0,1.256086,59.99296296296296,0.03225806451612903
2026-08-07,2026-08-07,4.98,183,147,1.244898,27.213115,2,2.49,1.092896,2,1.092896,facebook,instream_video,,,,,,
2026-08-07,2026-08-07,11.72,1061,817,1.298654,11.046183,8,1.465,0.754006,8,0.754006,facebook,marketplace,,,,,,
2026-08-07,2026-08-07,3.2,1108,498,2.2249,2.888087,0,,0.0,0,,facebook,right_hand_column,,,1.0,,,
2026-08-07,2026-08-07,11.86,1635,1541,1.060999,7.253823,7,1.694286,0.428135,7,0.428135,facebook,search,,,1.0,,,
2026-08-07,2026-08-07,491.44,12113,10512,1.152302,40.571287,138,3.561159,1.139272,131,1.081483,instagram,feed,3.0,217.87,43.0,0.44333,163.81333333333333,0.022900763358778626
2026-08-07,2026-08-07,80.5,1675,1483,1.129467,48.059701,48,1.677083,2.865672,41,2.447761,instagram,instagram_reels,3.0,243.08,20.0,3.019627,26.833333333333332,0.07317073170731707
2026-08-07,2026-08-07,0.01,2,2,1.0,5.0,0,,0.0,0,,instagram,instagram_search,,,,,,
2026-08-07,2026-08-07,151.19,2926,2505,1.168064,51.671224,61,2.478525,2.084757,62,2.118934,instagram,instagram_stories,1.0,107.94,15.0,0.713936,151.19,0.016129032258064516
2026-08-07,2026-08-07,3.32,139,138,1.007246,23.884892,0,,0.0,0,,threads,threads_feed,,,,,,
2026-08-07,2026-08-07,4.59,168,153,1.098039,27.321429,1,4.59,0.595238,1,0.595238,unknown,unknown,,,3.0,,,
2026-08-07,2026-08-07,0.03,8,8,1.0,3.75,0,,0.0,0,,whatsapp,status,,,,,,
2026-08-08,2026-08-08,0.0,0,0,0.0,,0,,,0,,audience_network,an_classic,,,4.0,,,
2026-08-08,2026-08-08,3.269861,59,57,1.035088,55.421378,1,3.269861,1.694915,1,1.694915,facebook,facebook_notification,,,,,,
2026-08-08,2026-08-08,1.269946,81,78,1.038462,15.678347,0,,0.0,0,,facebook,facebook_profile_feed,,,,,,
2026-08-08,2026-08-08,233.840083,7346,5933,1.238159,31.832301,169,1.383669,2.300572,127,1.728832,facebook,facebook_reels,3.0,199.88,51.0,0.854772,77.94669433333333,0.023622047244094488
2026-08-08,2026-08-08,13.869412,3946,1796,2.197105,3.514803,10,1.386941,0.253421,10,0.253421,facebook,facebook_reels_overlay,,,,,,
2026-08-08,2026-08-08,24.968941,612,557,1.098743,40.798923,19,1.314155,3.104575,21,3.431373,facebook,facebook_stories,,,3.0,,,
2026-08-08,2026-08-08,1623.701139,74605,59202,1.260177,21.763972,1410,1.151561,1.889954,869,1.164801,facebook,feed,20.0,1532.78,274.0,0.944004,81.18505695,0.023014959723820484
2026-08-08,2026-08-08,4.839795,204,149,1.369128,23.724484,5,0.967959,2.45098,3,1.470588,facebook,instream_video,,,,,,
2026-08-08,2026-08-08,12.97945,1398,1026,1.362573,9.284299,2,6.489725,0.143062,3,0.214592,facebook,marketplace,,,,,,
2026-08-08,2026-08-08,2.299902,1009,474,2.128692,2.279388,1,2.299902,0.099108,1,0.099108,facebook,right_hand_column,,,,,,
2026-08-08,2026-08-08,8.769628,1533,1396,1.098138,5.720566,14,0.626402,0.913242,14,0.913242,facebook,search,,,,,,
2026-08-08,2026-08-08,442.191247,11930,10498,1.136407,37.065486,143,3.092246,1.198659,133,1.114837,instagram,feed,6.0,417.75,59.0,0.944727,73.69854116666666,0.045112781954887216
2026-08-08,2026-08-08,82.876485,1975,1796,1.099666,41.962777,34,2.437544,1.721519,31,1.56962,instagram,instagram_reels,1.0,107.94,16.0,1.30242,82.876485,0.03225806451612903
2026-08-08,2026-08-08,0.0,1,1,1.0,0.0,0,,0.0,0,,instagram,instagram_search,,,,,,
2026-08-08,2026-08-08,132.52438,3045,2643,1.1521,43.521964,53,2.50046,1.740558,54,1.773399,instagram,instagram_stories,,,15.0,,,
2026-08-08,2026-08-08,2.089911,106,106,1.0,19.716145,3,0.696637,2.830189,3,2.830189,threads,threads_feed,,,,,,
2026-08-08,2026-08-08,4.229821,173,156,1.108974,24.44983,3,1.40994,1.734104,2,1.156069,unknown,unknown,,,,,,
2026-08-08,2026-08-08,0.01,7,6,1.166667,1.428511,0,,0.0,0,,whatsapp,status,,,,,,
2026-08-09,2026-08-09,3.25,71,70,1.014286,45.774648,3,1.083333,4.225352,3,4.225352,facebook,facebook_notification,,,1.0,,,
2026-08-09,2026-08-09,1.28,71,69,1.028986,18.028169,2,0.64,2.816901,1,1.408451,facebook,facebook_profile_feed,,,,,,
2026-08-09,2026-08-09,296.97,7617,6023,1.264652,38.98779,195,1.522923,2.560063,157,2.061179,facebook,facebook_reels,3.0,171.9,58.0,0.578846,98.99000000000001,0.01910828025477707
2026-08-09,2026-08-09,13.94,4154,1732,2.398383,3.355802,11,1.267273,0.264805,11,0.264805,facebook,facebook_reels_overlay,1.0,111.94,4.0,8.030129,13.94,0.09090909090909091
2026-08-09,2026-08-09,28.7,756,697,1.084648,37.962963,24,1.195833,3.174603,24,3.174603,facebook,facebook_stories,,,8.0,,,
2026-08-09,2026-08-09,1751.92,74493,57583,1.293663,23.517914,1518,1.154098,2.037775,933,1.252467,facebook,feed,22.0,1606.18,374.0,0.916811,79.63272727272728,0.023579849946409433
2026-08-09,2026-08-09,9.26,322,234,1.376068,28.757764,5,1.852,1.552795,3,0.931677,facebook,instream_video,,,,,,
2026-08-09,2026-08-09,16.49,1642,1207,1.360398,10.042631,10,1.649,0.609013,10,0.609013,facebook,marketplace,,,2.0,,,
2026-08-09,2026-08-09,2.53,1574,493,3.192698,1.60737,4,0.6325,0.25413,4,0.25413,facebook,right_hand_column,,,1.0,,,
2026-08-09,2026-08-09,17.06,1920,1803,1.064892,8.885417,15,1.137333,0.78125,15,0.78125,facebook,search,,,4.0,,,
2026-08-09,2026-08-09,470.83,11551,10382,1.112599,40.760973,160,2.942688,1.385161,149,1.289932,instagram,feed,7.0,559.67,79.0,1.188688,67.26142857142857,0.04697986577181208
2026-08-09,2026-08-09,86.79,1925,1702,1.131022,45.085714,41,2.116829,2.12987,38,1.974026,instagram,instagram_reels,1.0,107.94,15.0,1.243692,86.79,0.02631578947368421
2026-08-09,2026-08-09,0.05,4,4,1.0,12.5,0,,0.0,0,,instagram,instagram_search,,,,,,
2026-08-09,2026-08-09,128.84,2750,2445,1.124744,46.850909,66,1.952121,2.4,65,2.363636,instagram,instagram_stories,,,24.0,,,
2026-08-09,2026-08-09,4.45,113,111,1.018018,39.380531,0,,0.0,0,,threads,threads_feed,,,,,,
2026-08-09,2026-08-09,4.99,212,192,1.104167,23.537736,0,,0.0,0,,unknown,unknown,,,,,,
2026-08-09,2026-08-09,0.26,65,65,1.0,4.0,0,,0.0,0,,whatsapp,status,,,,,,
2026-08-10,2026-08-10,2.16,55,54,1.018519,39.272727,2,1.08,3.636364,2,3.636364,facebook,facebook_notification,,,,,,
2026-08-10,2026-08-10,0.92,65,64,1.015625,14.153846,0,,0.0,0,,facebook,facebook_profile_feed,,,,,,
2026-08-10,2026-08-10,235.4,6321,5231,1.208373,37.240943,149,1.579866,2.357222,124,1.961715,facebook,facebook_reels,2.0,140.95,37.0,0.598768,117.7,0.016129032258064516
2026-08-10,2026-08-10,10.49,3136,1524,2.057743,3.345026,12,0.874167,0.382653,12,0.382653,facebook,facebook_reels_overlay,,,7.0,,,
2026-08-10,2026-08-10,25.31,475,441,1.077098,53.284211,26,0.973462,5.473684,26,5.473684,facebook,facebook_stories,,,3.0,,,
2026-08-10,2026-08-10,1302.93,67768,54375,1.246308,19.226331,1100,1.184482,1.623185,810,1.195254,facebook,feed,22.0,1379.11,302.0,1.058468,59.22409090909091,0.027160493827160494
2026-08-10,2026-08-10,4.52,208,149,1.395973,21.730769,3,1.506667,1.442308,2,0.961538,facebook,instream_video,,,,,,
2026-08-10,2026-08-10,10.97,1338,917,1.459106,8.198804,5,2.194,0.373692,5,0.373692,facebook,marketplace,1.0,,1.0,,10.97,0.2
2026-08-10,2026-08-10,1.33,1088,379,2.870712,1.222426,0,,0.0,0,,facebook,right_hand_column,,,,,,
2026-08-10,2026-08-10,5.86,1086,1039,1.045236,5.395948,8,0.7325,0.736648,9,0.828729,facebook,search,,,,,,
2026-08-10,2026-08-10,379.49,10318,9186,1.123231,36.779415,144,2.635347,1.395619,136,1.318085,instagram,feed,5.0,425.55,61.0,1.121373,75.898,0.03676470588235294
2026-08-10,2026-08-10,77.46,1781,1539,1.157245,43.49242,39,1.986154,2.189781,35,1.965188,instagram,instagram_reels,3.0,109.17,21.0,1.409373,25.819999999999997,0.08571428571428572
2026-08-10,2026-08-10,0.09,3,3,1.0,30.0,0,,0.0,0,,instagram,instagram_search,,,,,,
2026-08-10,2026-08-10,115.66,2621,2333,1.123446,44.128195,54,2.141852,2.060282,52,1.983976,instagram,instagram_stories,1.0,94.98,23.0,0.8212,115.66,0.019230769230769232
2026-08-10,2026-08-10,2.22,102,99,1.030303,21.764706,1,2.22,0.980392,1,0.980392,threads,threads_feed,,,,,,
2026-08-10,2026-08-10,3.78,137,121,1.132231,27.591241,0,,0.0,0,,unknown,unknown,,,,,,
2026-08-10,2026-08-10,0.04,15,15,1.0,2.666667,0,,0.0,0,,whatsapp,status,,,,,,
2026-08-11,2026-08-11,3.039938,49,49,1.0,62.039546,2,1.519969,4.081633,2,4.081633,facebook,facebook_notification,,,,,,
2026-08-11,2026-08-11,0.609988,45,44,1.022727,13.555278,0,,0.0,0,,facebook,facebook_profile_feed,,,,,,
2026-08-11,2026-08-11,183.066252,6055,4870,1.243326,30.233898,119,1.538372,1.965318,94,1.552436,facebook,facebook_reels,3.0,265.1,38.0,1.44811,61.022084,0.031914893617021274
2026-08-11,2026-08-11,9.659802,2701,1522,1.774639,3.57638,8,1.207475,0.296187,8,0.296187,facebook,facebook_reels_overlay,1.0,229.5,14.0,23.75825,9.659802,0.125
2026-08-11,2026-08-11,20.899572,473,441,1.072562,44.185142,14,1.492827,2.959831,14,2.959831,facebook,facebook_stories,,,2.0,,,
2026-08-11,2026-08-11,1153.826379,57703,47730,1.208946,19.995951,1080,1.068358,1.871653,749,1.298026,facebook,feed,22.0,1628.67,272.0,1.411538,52.446653590909094,0.029372496662216287
2026-08-11,2026-08-11,4.259913,156,117,1.333333,27.307133,3,1.419971,1.923077,3,1.923077,facebook,instream_video,,,,,,
2026-08-11,2026-08-11,8.79982,1082,776,1.39433,8.13292,7,1.257117,0.64695,7,0.64695,facebook,marketplace,,,,,,
2026-08-11,2026-08-11,1.259974,1334,488,2.733607,0.944508,1,1.259974,0.074963,1,0.074963,facebook,right_hand_column,,,1.0,,,
2026-08-11,2026-08-11,5.629885,1234,1177,1.048428,4.562305,7,0.804269,0.567261,7,0.567261,facebook,search,,,1.0,,,
2026-08-11,2026-08-11,364.512538,9460,8209,1.152394,38.531981,135,2.700093,1.427061,132,1.395349,instagram,feed,6.0,423.54,67.0,1.161935,60.75208966666667,0.045454545454545456
2026-08-11,2026-08-11,90.158154,2016,1842,1.094463,44.721307,49,1.839962,2.430556,43,2.132937,instagram,instagram_reels,2.0,81.95,16.0,0.908958,45.079077,0.046511627906976744
2026-08-11,2026-08-11,0.02,6,6,1.0,3.333265,0,,0.0,0,,instagram,instagram_search,,,,,,
2026-08-11,2026-08-11,103.317885,2402,2104,1.141635,43.013274,46,2.246041,1.915071,45,1.873439,instagram,instagram_stories,1.0,27.98,13.0,0.270815,103.317885,0.022222222222222223
2026-08-11,2026-08-11,2.639946,80,80,1.0,32.999324,1,2.639946,1.25,1,1.25,threads,threads_feed,,,,,,
2026-08-11,2026-08-11,2.169956,89,80,1.1125,24.381523,0,,0.0,0,,unknown,unknown,,,,,,
2026-08-11,2026-08-11,0.029999,14,14,1.0,2.142813,0,,0.0,0,,whatsapp,status,,,,,,
2026-08-12,2026-08-12,0.0,0,0,0.0,,0,,,0,,audience_network,an_classic,,,,,,
2026-08-12,2026-08-12,2.059897,63,61,1.032787,32.69678,2,1.029949,3.174603,2,3.174603,facebook,facebook_notification,,,,,,
2026-08-12,2026-08-12,0.319984,33,33,1.0,9.696486,0,,0.0,0,,facebook,facebook_profile_feed,,,,,,
2026-08-12,2026-08-12,189.170554,5218,4161,1.254025,36.25346,171,1.106261,3.277118,132,2.529705,facebook,facebook_reels,1.0,45.97,44.0,0.243008,189.170554,0.007575757575757576
2026-08-12,2026-08-12,8.939554,2717,1468,1.850817,3.29023,9,0.993284,0.331248,9,0.331248,facebook,facebook_reels_overlay,1.0,,7.0,,8.939554,0.1111111111111111
2026-08-12,2026-08-12,25.328735,417,392,1.063776,60.740372,23,1.101249,5.515588,22,5.275779,facebook,facebook_stories,,,2.0,,,
2026-08-12,2026-08-12,1167.181717,57818,45943,1.258472,20.187169,1061,1.100077,1.835069,701,1.212425,facebook,feed,17.0,1579.87,302.0,1.353577,68.65774805882353,0.024251069900142655
2026-08-12,2026-08-12,4.579771,175,138,1.268116,26.170122,6,0.763295,3.428571,4,2.285714,facebook,instream_video,,,,,,
2026-08-12,2026-08-12,7.789611,927,664,1.396084,8.403032,7,1.112802,0.755124,7,0.755124,facebook,marketplace,,,3.0,,,
2026-08-12,2026-08-12,2.109895,1494,513,2.912281,1.412245,0,,0.0,0,,facebook,right_hand_column,,,,,,
2026-08-12,2026-08-12,11.689416,1187,1066,1.113508,9.847865,14,0.834958,1.179444,14,1.179444,facebook,search,,,3.0,,,
2026-08-12,2026-08-12,393.51035,9179,8456,1.085501,42.870721,130,3.027003,1.416276,119,1.296438,instagram,feed,7.0,564.12,59.0,1.433558,56.215764285714286,0.058823529411764705
2026-08-12,2026-08-12,74.566277,1481,1286,1.151633,50.3486,32,2.330196,2.160702,29,1.958136,instagram,instagram_reels,3.0,317.81,11.0,4.262114,24.855425666666665,0.10344827586206896
2026-08-12,2026-08-12,0.01,3,3,1.0,3.333167,0,,0.0,0,,instagram,instagram_search,,,,,,
2026-08-12,2026-08-12,111.184448,2418,2179,1.109683,45.981988,54,2.058971,2.233251,54,2.233251,instagram,instagram_stories,3.0,269.44,28.0,2.423361,37.06148266666667,0.05555555555555555
2026-08-12,2026-08-12,1.60992,62,60,1.033333,25.966445,2,0.80496,3.225806,2,3.225806,threads,threads_feed,,,,,,
2026-08-12,2026-08-12,2.439878,92,83,1.108434,26.520415,0,,0.0,0,,unknown,unknown,,,,,,
2026-08-12,2026-08-12,0.129994,41,41,1.0,3.170573,0,,0.0,0,,whatsapp,status,,,,,,
2026-08-13,2026-08-13,1.559788,41,40,1.025,38.043608,3,0.519929,7.317073,3,7.317073,facebook,facebook_notification,,,,,,
2026-08-13,2026-08-13,1.019861,39,38,1.026316,26.150291,0,,0.0,0,,facebook,facebook_profile_feed,,,,,,
2026-08-13,2026-08-13,189.214274,5127,4314,1.188456,36.905456,132,1.433441,2.574605,119,2.321045,facebook,facebook_reels,,,51.0,,,
2026-08-13,2026-08-13,7.289009,1912,1021,1.872674,3.812243,7,1.041287,0.366109,8,0.41841,facebook,facebook_reels_overlay,,,3.0,,,
2026-08-13,2026-08-13,16.9177,340,319,1.065831,49.757941,11,1.537973,3.235294,11,3.235294,facebook,facebook_stories,1.0,88.78,5.0,5.247758,16.9177,0.09090909090909091
2026-08-13,2026-08-13,1228.922911,53211,44217,1.203406,23.095279,1054,1.165961,1.980793,721,1.354983,facebook,feed,21.0,1535.78,338.0,1.249696,58.52013861904762,0.02912621359223301
2026-08-13,2026-08-13,2.71963,137,105,1.304762,19.851316,1,2.71963,0.729927,1,0.729927,facebook,instream_video,,,,,,
2026-08-13,2026-08-13,8.198885,879,613,1.433931,9.327515,3,2.732962,0.341297,2,0.227531,facebook,marketplace,1.0,67.56,3.0,8.240145,8.198885,0.5
2026-08-13,2026-08-13,1.749762,1361,428,3.179907,1.285644,1,1.749762,0.073475,1,0.073475,facebook,right_hand_column,,,,,,
2026-08-13,2026-08-13,7.928922,979,917,1.067612,8.099001,12,0.660744,1.225741,13,1.327886,facebook,search,,,3.0,,,
2026-08-13,2026-08-13,455.078126,11116,9709,1.144917,40.939018,182,2.500429,1.63728,165,1.484347,instagram,feed,6.0,388.26,84.0,0.853172,75.84635433333334,0.03636363636363636
2026-08-13,2026-08-13,65.391109,1540,1330,1.157895,42.461759,47,1.3913,3.051948,44,2.857143,instagram,instagram_reels,,,17.0,,,
2026-08-13,2026-08-13,0.019997,3,3,1.0,6.66576,0,,0.0,0,,instagram,instagram_search,,,,,,
2026-08-13,2026-08-13,142.650605,3158,2931,1.077448,45.171186,67,2.129114,2.121596,65,2.058265,instagram,instagram_stories,,,26.0,,,
2026-08-13,2026-08-13,2.189702,65,64,1.015625,33.687727,0,,0.0,0,,threads,threads_feed,,,1.0,,,
2026-08-13,2026-08-13,1.779758,94,85,1.105882,18.933596,4,0.44494,4.255319,3,3.191489,unknown,unknown,,,2.0,,,
2026-08-13,2026-08-13,0.289961,38,37,1.027027,7.630541,0,,0.0,0,,whatsapp,status,,,,,,
2026-08-14,2026-08-14,1.380014,32,30,1.066667,43.125444,2,0.690007,6.25,2,6.25,facebook,facebook_notification,,,,,,
2026-08-14,2026-08-14,0.310003,28,28,1.0,11.071543,0,,0.0,0,,facebook,facebook_profile_feed,,,,,,
2026-08-14,2026-08-14,170.711757,3916,3170,1.235331,43.593401,117,1.459075,2.987743,97,2.477017,facebook,facebook_reels,3.0,695.66,65.0,4.075056,56.903919,0.030927835051546393
2026-08-14,2026-08-14,5.550057,1487,813,1.829028,3.732385,6,0.92501,0.403497,6,0.403497,facebook,facebook_reels_overlay,,,1.0,,,
2026-08-14,2026-08-14,18.920195,369,343,1.075802,51.27424,15,1.261346,4.065041,15,4.065041,facebook,facebook_stories,1.0,89.95,9.0,4.754179,18.920195,0.06666666666666667
2026-08-14,2026-08-14,1149.361827,49470,40113,1.233266,23.233512,1033,1.112645,2.088134,735,1.485749,facebook,feed,18.0,1604.72,337.0,1.396183,63.85343483333333,0.024489795918367346
2026-08-14,2026-08-14,1.270013,89,68,1.308824,14.26981,2,0.635007,2.247191,2,2.247191,facebook,instream_video,,,,,,
2026-08-14,2026-08-14,8.110083,667,485,1.375258,12.159046,7,1.158583,1.049475,7,1.049475,facebook,marketplace,1.0,81.95,5.0,10.104705,8.110083,0.14285714285714285
2026-08-14,2026-08-14,1.340014,1155,334,3.458084,1.160185,0,,0.0,0,,facebook,right_hand_column,,,,,,
2026-08-14,2026-08-14,7.430076,1037,951,1.090431,7.164972,12,0.619173,1.157184,12,1.157184,facebook,search,,,6.0,,,
2026-08-14,2026-08-14,376.153871,9292,8536,1.088566,40.481476,156,2.411243,1.678864,147,1.582006,instagram,feed,4.0,295.59,95.0,0.785822,94.03846775,0.027210884353741496
2026-08-14,2026-08-14,72.89075,1541,1357,1.135593,47.300941,38,1.918178,2.465931,33,2.141467,instagram,instagram_reels,1.0,81.95,12.0,1.124285,72.89075,0.030303030303030304
2026-08-14,2026-08-14,0.01,1,1,1.0,10.000103,0,,0.0,0,,instagram,instagram_search,,,,,,
2026-08-14,2026-08-14,125.701294,3035,2882,1.053088,41.41723,72,1.745851,2.372323,71,2.339374,instagram,instagram_stories,1.0,79.08,27.0,0.62911,125.701294,0.014084507042253521
2026-08-14,2026-08-14,1.95002,94,91,1.032967,20.744894,3,0.650007,3.191489,3,3.191489,threads,threads_feed,,,,,,
2026-08-14,2026-08-14,2.230023,100,89,1.123596,22.300229,0,,0.0,0,,unknown,unknown,,,,,,
2026-08-14,2026-08-14,0.270003,65,63,1.031746,4.153889,1,0.270003,1.538462,0,,whatsapp,status,,,,,,
2026-08-15,2026-08-15,0.970241,20,20,1.0,48.51204,1,0.970241,5.0,1,5.0,facebook,facebook_notification,,,,,,
2026-08-15,2026-08-15,0.250062,34,33,1.030303,7.354767,0,,0.0,0,,facebook,facebook_profile_feed,,,,,,
2026-08-15,2026-08-15,137.23406,3739,3128,1.195332,36.703413,111,1.236343,2.968708,95,2.540786,facebook,facebook_reels,1.0,94.98,38.0,0.692102,137.23406,0.010526315789473684
2026-08-15,2026-08-15,3.320824,910,524,1.736641,3.649257,3,1.106941,0.32967,3,0.32967,facebook,facebook_reels_overlay,,,1.0,,,
2026-08-15,2026-08-15,13.853438,331,310,1.067742,41.853288,16,0.86584,4.833837,17,5.135952,facebook,facebook_stories,,,4.0,,,
2026-08-15,2026-08-15,1161.028156,51391,41685,1.232842,22.592052,997,1.164522,1.940028,738,1.436049,facebook,feed,20.0,1645.71,392.0,1.417459,58.05140780000001,0.02710027100271003
2026-08-15,2026-08-15,1.25031,69,66,1.045455,18.120439,1,1.25031,1.449275,1,1.449275,facebook,instream_video,,,,,,
2026-08-15,2026-08-15,8.78218,656,473,1.386892,13.387469,5,1.756436,0.762195,5,0.762195,facebook,marketplace,,,,,,
2026-08-15,2026-08-15,1.070266,849,334,2.541916,1.260619,1,1.070266,0.117786,1,0.117786,facebook,right_hand_column,1.0,,2.0,,1.070266,1.0
2026-08-15,2026-08-15,7.101763,1299,1202,1.080699,5.4671,12,0.591814,0.923788,12,0.923788,facebook,search,,,3.0,,,
2026-08-15,2026-08-15,380.704487,8980,8205,1.094455,42.394709,173,2.200604,1.926503,162,1.804009,instagram,feed,8.0,541.42,104.0,1.422153,47.588060875,0.04938271604938271
2026-08-15,2026-08-15,67.32671,1268,1124,1.128114,53.096774,41,1.642115,3.233438,40,3.154574,instagram,instagram_reels,,,11.0,,,
2026-08-15,2026-08-15,0.100025,3,3,1.0,33.341608,0,,0.0,0,,instagram,instagram_search,,,,,,
2026-08-15,2026-08-15,106.00631,2457,2249,1.092486,43.144611,54,1.96308,2.197802,51,2.075702,instagram,instagram_stories,1.0,79.48,18.0,0.749767,106.00631,0.0196078431372549
2026-08-15,2026-08-15,2.290569,111,109,1.018349,20.635752,3,0.763523,2.702703,3,2.702703,threads,threads_feed,,,1.0,,,
2026-08-15,2026-08-15,2.350583,105,92,1.141304,22.386508,3,0.783528,2.857143,3,2.857143,unknown,unknown,,,,,,
2026-08-15,2026-08-15,0.070017,22,22,1.0,3.182608,0,,0.0,0,,whatsapp,status,,,,,,
2026-08-16,2026-08-16,1.049964,32,31,1.032258,32.811386,2,0.524982,6.25,2,6.25,facebook,facebook_notification,,,,,,
2026-08-16,2026-08-16,0.719976,52,50,1.04,13.845684,1,0.719976,1.923077,0,,facebook,facebook_profile_feed,,,,,,
2026-08-16,2026-08-16,186.093683,5187,4319,1.200972,35.876939,152,1.224301,2.930403,124,2.390592,facebook,facebook_reels,3.0,181.65,58.0,0.976121,62.031227666666666,0.024193548387096774
2026-08-16,2026-08-16,4.299854,1319,704,1.87358,3.259935,8,0.537482,0.60652,8,0.60652,facebook,facebook_reels_overlay,3.0,,1.0,,1.4332846666666665,0.375
2026-08-16,2026-08-16,17.319412,420,413,1.016949,41.236696,11,1.574492,2.619048,11,2.619048,facebook,facebook_stories,,,1.0,,,
2026-08-16,2026-08-16,1526.018202,73984,60963,1.213589,20.626327,1445,1.056068,1.953125,940,1.270545,facebook,feed,32.0,1950.89,339.0,1.278419,47.6880688125,0.03404255319148936
2026-08-16,2026-08-16,3.199891,113,89,1.269663,28.317623,4,0.799973,3.539823,4,3.539823,facebook,instream_video,,,1.0,,,
2026-08-16,2026-08-16,7.549744,842,647,1.301391,8.966441,9,0.83886,1.068884,8,0.950119,facebook,marketplace,,,4.0,,,
2026-08-16,2026-08-16,1.499949,1358,428,3.172897,1.104528,0,,0.0,0,,facebook,right_hand_column,,,,,,
2026-08-16,2026-08-16,12.649571,1704,1578,1.079848,7.423457,20,0.632479,1.173709,18,1.056338,facebook,search,,,6.0,,,
2026-08-16,2026-08-16,413.855952,10554,9219,1.14481,39.213185,182,2.273934,1.724465,172,1.629714,instagram,feed,5.0,425.77,76.0,1.028788,82.7711904,0.029069767441860465
2026-08-16,2026-08-16,74.667466,1639,1416,1.157486,45.556721,38,1.964933,2.318487,38,2.318487,instagram,instagram_reels,1.0,94.98,13.0,1.27204,74.667466,0.02631578947368421
2026-08-16,2026-08-16,0.049998,6,6,1.0,8.33305,0,,0.0,0,,instagram,instagram_search,,,,,,
2026-08-16,2026-08-16,100.696582,2413,2210,1.091855,41.730867,58,1.736148,2.403647,55,2.27932,instagram,instagram_stories,,,15.0,,,
2026-08-16,2026-08-16,2.489915,128,126,1.015873,19.452465,3,0.829972,2.34375,3,2.34375,threads,threads_feed,,,1.0,,,
2026-08-16,2026-08-16,4.289854,136,118,1.152542,31.543047,3,1.429951,2.205882,2,1.470588,unknown,unknown,2.0,55.96,4.0,13.044732,2.144927,1.0
2026-08-16,2026-08-16,0.439985,97,97,1.0,4.535929,0,,0.0,0,,whatsapp,status,,,,,,
2026-08-17,2026-08-17,1.829745,46,45,1.022222,39.77707,5,0.365949,10.869565,5,10.869565,facebook,facebook_notification,,,,,,
2026-08-17,2026-08-17,0.409943,37,35,1.057143,11.079538,2,0.204971,5.405405,1,2.702703,facebook,facebook_profile_feed,,,,,,
2026-08-17,2026-08-17,170.786218,5129,4132,1.241288,33.298151,128,1.334267,2.495613,106,2.06668,facebook,facebook_reels,,,30.0,,,
2026-08-17,2026-08-17,5.659212,1630,873,1.867125,3.471909,6,0.943202,0.368098,6,0.368098,facebook,facebook_reels_overlay,2.0,157.42,3.0,27.816594,2.829606,0.3333333333333333
2026-08-17,2026-08-17,16.5177,418,402,1.039801,39.516029,10,1.65177,2.392345,10,2.392345,facebook,facebook_stories,,,4.0,,,
2026-08-17,2026-08-17,1371.039086,81792,65832,1.242435,16.762508,1405,0.975829,1.717772,911,1.113801,facebook,feed,18.0,1229.28,298.0,0.896605,76.16883811111111,0.019758507135016465
2026-08-17,2026-08-17,4.229411,157,113,1.389381,26.938924,4,1.057353,2.547771,1,0.636943,facebook,instream_video,,,,,,
2026-08-17,2026-08-17,9.608662,1002,785,1.276433,9.589483,8,1.201083,0.798403,9,0.898204,facebook,marketplace,,,,,,
2026-08-17,2026-08-17,2.099708,1768,620,2.851613,1.187617,4,0.524927,0.226244,4,0.226244,facebook,right_hand_column,,,2.0,,,
2026-08-17,2026-08-17,12.308286,1738,1601,1.085572,7.081868,26,0.473396,1.495972,27,1.55351,facebook,search,,,8.0,,,
2026-08-17,2026-08-17,327.754361,9989,8792,1.136147,32.811529,137,2.392368,1.371509,126,1.261388,instagram,feed,4.0,367.85,54.0,1.122334,81.93859025,0.031746031746031744
2026-08-17,2026-08-17,65.910822,1861,1657,1.123114,35.416885,34,1.938554,1.826975,32,1.719506,instagram,instagram_reels,1.0,118.96,8.0,1.804863,65.910822,0.03125
2026-08-17,2026-08-17,0.029996,3,3,1.0,9.998608,0,,0.0,0,,instagram,instagram_search,,,,,,
2026-08-17,2026-08-17,90.217437,2264,2100,1.078095,39.848691,47,1.91952,2.075972,47,2.075972,instagram,instagram_stories,1.0,16.11,10.0,0.178569,90.217437,0.02127659574468085
2026-08-17,2026-08-17,1.779752,128,127,1.007874,13.904314,2,0.889876,1.5625,2,1.5625,threads,threads_feed,,,,,,
2026-08-17,2026-08-17,2.089709,131,115,1.13913,15.951977,4,0.522427,3.053435,2,1.526718,unknown,unknown,,,1.0,,,
2026-08-17,2026-08-17,0.349951,160,158,1.012658,2.187195,1,0.349951,0.625,1,0.625,whatsapp,status,,,,,,
2026-08-18,2026-08-18,1.869701,44,43,1.023256,42.493216,1,1.869701,2.272727,1,2.272727,facebook,facebook_notification,,,,,,
2026-08-18,2026-08-18,0.289954,38,37,1.027027,7.630361,0,,0.0,0,,facebook,facebook_profile_feed,,,,,,
2026-08-18,2026-08-18,148.056362,3814,2985,1.277722,38.819182,105,1.410061,2.753015,76,1.992659,facebook,facebook_reels,1.0,94.98,37.0,0.641512,148.056362,0.013157894736842105
2026-08-18,2026-08-18,6.069031,1542,727,2.121045,3.935818,3,2.02301,0.194553,3,0.194553,facebook,facebook_reels_overlay,,,4.0,,,
2026-08-18,2026-08-18,11.408179,270,252,1.071429,42.252513,5,2.281636,1.851852,5,1.851852,facebook,facebook_stories,,,1.0,,,
2026-08-18,2026-08-18,1110.362722,49882,39759,1.254609,22.259788,1099,1.010339,2.2032,731,1.465458,facebook,feed,21.0,1618.56,253.0,1.457686,52.87441533333334,0.028727770177838577
2026-08-18,2026-08-18,2.489603,129,100,1.29,19.299244,1,2.489603,0.775194,1,0.775194,facebook,instream_video,,,,,,
2026-08-18,2026-08-18,8.028718,920,665,1.383459,8.726868,6,1.33812,0.652174,7,0.76087,facebook,marketplace,,,2.0,,,
2026-08-18,2026-08-18,2.12966,1362,480,2.8375,1.563627,1,2.12966,0.073421,1,0.073421,facebook,right_hand_column,,,,,,
2026-08-18,2026-08-18,13.417858,1350,1242,1.086957,9.939154,12,1.118155,0.888889,12,0.888889,facebook,search,,,2.0,,,
2026-08-18,2026-08-18,266.657426,6367,5589,1.139202,41.881173,113,2.3598,1.774776,111,1.743364,instagram,feed,3.0,153.6,46.0,0.57602,88.88580866666666,0.02702702702702703
2026-08-18,2026-08-18,46.91251,1132,992,1.141129,41.442147,37,1.267906,3.268551,36,3.180212,instagram,instagram_reels,1.0,89.1,12.0,1.89928,46.91251,0.027777777777777776
2026-08-18,2026-08-18,0.019997,4,4,1.0,4.999202,0,,0.0,0,,instagram,instagram_search,,,,,,
2026-08-18,2026-08-18,68.95899,1267,1136,1.115317,54.426985,33,2.089666,2.604578,33,2.604578,instagram,instagram_stories,,,7.0,,,
2026-08-18,2026-08-18,1.159815,69,68,1.014706,16.808911,5,0.231963,7.246377,5,7.246377,threads,threads_feed,,,,,,
2026-08-18,2026-08-18,3.059512,90,82,1.097561,33.994573,1,3.059512,1.111111,1,1.111111,unknown,unknown,,,1.0,,,
2026-08-18,2026-08-18,0.229963,83,82,1.012195,2.770642,0,,0.0,0,,whatsapp,status,,,,,,
2026-08-19,2026-08-19,2.53,81,80,1.0125,31.234568,1,2.53,1.234568,1,1.234568,facebook,facebook_notification,,,,,,
2026-08-19,2026-08-19,0.32,26,24,1.083333,12.307692,0,,0.0,0,,facebook,facebook_profile_feed,,,,,,
2026-08-19,2026-08-19,179.06,6152,5260,1.169582,29.105982,143,1.252168,2.324447,109,1.771782,facebook,facebook_reels,1.0,94.98,39.0,0.530437,179.06,0.009174311926605505
2026-08-19,2026-08-19,6.35,1815,898,2.021158,3.498623,8,0.79375,0.440771,8,0.440771,facebook,facebook_reels_overlay,2.0,165.7,7.0,26.094488,3.175,0.25
2026-08-19,2026-08-19,14.69,346,331,1.045317,42.456647,11,1.335455,3.179191,11,3.179191,facebook,facebook_stories,,,2.0,,,
2026-08-19,2026-08-19,1227.04,55892,47363,1.180077,21.953768,952,1.288908,1.703285,712,1.273885,facebook,feed,16.0,1118.97,249.0,0.911926,76.69,0.02247191011235955
2026-08-19,2026-08-19,2.48,149,117,1.273504,16.644295,0,,0.0,0,,facebook,instream_video,,,,,,
2026-08-19,2026-08-19,9.88,1051,819,1.283272,9.400571,9,1.097778,0.856327,8,0.76118,facebook,marketplace,1.0,142.67,4.0,14.440283,9.88,0.125
2026-08-19,2026-08-19,1.8,1318,455,2.896703,1.365706,1,1.8,0.075873,1,0.075873,facebook,right_hand_column,1.0,43.9,1.0,24.388889,1.8,1.0
2026-08-19,2026-08-19,8.75,1010,953,1.059811,8.663366,10,0.875,0.990099,10,0.990099,facebook,search,,,1.0,,,
2026-08-19,2026-08-19,332.7,8811,7699,1.144434,37.759619,125,2.6616,1.418681,114,1.293837,instagram,feed,2.0,127.06,45.0,0.381906,166.35,0.017543859649122806
2026-08-19,2026-08-19,59.26,1650,1470,1.122449,35.915152,34,1.742941,2.060606,33,2.0,instagram,instagram_reels,1.0,90.89,7.0,1.53375,59.26,0.030303030303030304
2026-08-19,2026-08-19,0.06,3,3,1.0,20.0,0,,0.0,0,,instagram,instagram_search,,,,,,
2026-08-19,2026-08-19,88.21,2174,2036,1.06778,40.574977,46,1.917609,2.115915,44,2.023919,instagram,instagram_stories,,,11.0,,,
2026-08-19,2026-08-19,1.74,69,67,1.029851,25.217391,2,0.87,2.898551,2,2.898551,threads,threads_feed,,,,,,
2026-08-19,2026-08-19,5.76,120,111,1.081081,48.0,2,2.88,1.666667,2,1.666667,unknown,unknown,,,,,,
2026-08-19,2026-08-19,0.15,49,48,1.020833,3.061224,1,0.15,2.040816,1,2.040816,whatsapp,status,,,,,,
2026-08-20,2026-08-20,1.999633,63,62,1.016129,31.740203,3,0.666544,4.761905,3,4.761905,facebook,facebook_notification,,,,,,
2026-08-20,2026-08-20,0.21996,28,27,1.037037,7.8557,0,,0.0,0,,facebook,facebook_profile_feed,,,,,,
2026-08-20,2026-08-20,115.718748,4175,3424,1.219334,27.717065,97,1.192977,2.323353,79,1.892216,facebook,facebook_reels,8.0,387.59,46.0,3.349414,14.4648435,0.10126582278481013
2026-08-20,2026-08-20,6.448816,1805,931,1.938776,3.572751,9,0.716535,0.498615,9,0.498615,facebook,facebook_reels_overlay,1.0,,12.0,,6.448816,0.1111111111111111
2026-08-20,2026-08-20,11.737844,302,292,1.034247,38.867034,8,1.467231,2.649007,8,2.649007,facebook,facebook_stories,,,1.0,,,
2026-08-20,2026-08-20,1153.168215,54705,41722,1.311179,21.079759,981,1.175503,1.793255,717,1.310666,facebook,feed,23.0,1555.53,259.0,1.348919,50.13774847826087,0.03207810320781032
2026-08-20,2026-08-20,2.44955,137,99,1.383838,17.879928,5,0.48991,3.649635,4,2.919708,facebook,instream_video,,,1.0,,,
2026-08-20,2026-08-20,11.087964,1002,736,1.361413,11.065832,4,2.771991,0.399202,4,0.399202,facebook,marketplace,,,1.0,,,
2026-08-20,2026-08-20,1.449734,1169,403,2.900744,1.240149,0,,0.0,0,,facebook,right_hand_column,,,,,,
2026-08-20,2026-08-20,7.378645,1087,1008,1.078373,6.788082,12,0.614887,1.103956,12,1.103956,facebook,search,,,6.0,,,
2026-08-20,2026-08-20,254.143325,7407,6589,1.124146,34.311236,117,2.172165,1.579587,110,1.485082,instagram,feed,5.0,296.85,45.0,1.168042,50.828665,0.045454545454545456
2026-08-20,2026-08-20,42.022282,1232,1102,1.117967,34.108995,29,1.449044,2.353896,29,2.353896,instagram,instagram_reels,,,6.0,,,
2026-08-20,2026-08-20,0.019996,1,1,1.0,19.996328,0,,0.0,0,,instagram,instagram_search,,,,,,
2026-08-20,2026-08-20,73.906427,1990,1815,1.096419,37.138908,47,1.572477,2.361809,47,2.361809,instagram,instagram_stories,1.0,26.43,14.0,0.357614,73.906427,0.02127659574468085
2026-08-20,2026-08-20,3.559346,86,84,1.02381,41.387748,2,1.779673,2.325581,2,2.325581,threads,threads_feed,,,,,,
2026-08-20,2026-08-20,2.499541,97,87,1.114943,25.768463,0,,0.0,0,,unknown,unknown,,,,,,
2026-08-20,2026-08-20,0.139974,35,34,1.029412,3.999266,0,,0.0,0,,whatsapp,status,,,,,,
2026-08-21,2026-08-21,1.359913,40,38,1.052632,33.997822,3,0.453304,7.5,3,7.5,facebook,facebook_notification,,,,,,
2026-08-21,2026-08-21,0.809948,57,56,1.017857,14.209616,2,0.404974,3.508772,2,3.508772,facebook,facebook_profile_feed,,,,,,
2026-08-21,2026-08-21,129.931676,9039,7020,1.287607,14.374563,108,1.203071,1.194822,76,0.840801,facebook,facebook_reels,2.0,88.89,30.0,0.684129,64.965838,0.02631578947368421
2026-08-21,2026-08-21,19.918724,16555,14168,1.168478,1.203185,91,0.218887,0.549683,91,0.549683,facebook,facebook_reels_overlay,,,1.0,,,
2026-08-21,2026-08-21,14.169092,286,271,1.055351,49.542281,9,1.574344,3.146853,9,3.146853,facebook,facebook_stories,1.0,89.7,6.0,6.330681,14.169092,0.1111111111111111
2026-08-21,2026-08-21,1179.22445,62470,50865,1.228153,18.876652,1084,1.087845,1.735233,806,1.290219,facebook,feed,16.0,858.05,212.0,0.727639,73.701528125,0.019851116625310174
2026-08-21,2026-08-21,7.559516,1399,1269,1.102443,5.403514,21,0.359977,1.501072,17,1.215154,facebook,instream_video,,,,,,
2026-08-21,2026-08-21,7.269534,800,565,1.415929,9.086918,5,1.453907,0.625,7,0.875,facebook,marketplace,,,5.0,,,
2026-08-21,2026-08-21,1.489905,1281,393,3.259542,1.163079,1,1.489905,0.078064,1,0.078064,facebook,right_hand_column,,,,,,
2026-08-21,2026-08-21,6.479585,1196,1105,1.082353,5.417713,8,0.809948,0.668896,8,0.668896,facebook,search,,,2.0,,,
2026-08-21,2026-08-21,244.204354,7184,6315,1.137609,33.992811,107,2.282284,1.489421,99,1.378062,instagram,feed,5.0,285.41,49.0,1.168734,48.8408708,0.050505050505050504
2026-08-21,2026-08-21,0.039997,15,15,1.0,2.666496,0,,0.0,0,,instagram,instagram_explore_grid_home,,,,,,
2026-08-21,2026-08-21,44.587143,1478,1366,1.081991,30.167215,22,2.026688,1.488498,21,1.420839,instagram,instagram_reels,,,5.0,,,
2026-08-21,2026-08-21,0.039997,11,11,1.0,3.636131,0,,0.0,0,,instagram,instagram_search,,,,,,
2026-08-21,2026-08-21,54.336519,1903,1756,1.083713,28.553084,45,1.207478,2.364687,43,2.25959,instagram,instagram_stories,1.0,81.95,10.0,1.508194,54.336519,0.023255813953488372
2026-08-21,2026-08-21,1.039933,59,58,1.017241,17.625989,0,,0.0,0,,threads,threads_feed,,,,,,
2026-08-21,2026-08-21,4.409717,70,64,1.09375,62.995964,1,4.409717,1.428571,1,1.428571,unknown,unknown,,,,,,
2026-08-21,2026-08-21,0.069996,35,34,1.029412,1.999872,0,,0.0,0,,whatsapp,status,,,,,,
2026-08-22,2026-08-22,1.51,34,34,1.0,44.411765,0,,0.0,0,,facebook,facebook_notification,,,,,,
2026-08-22,2026-08-22,0.58,50,48,1.041667,11.6,3,0.193333,6.0,2,4.0,facebook,facebook_profile_feed,,,,,,
2026-08-22,2026-08-22,104.25,9819,6975,1.407742,10.617171,132,0.789773,1.344332,103,1.048987,facebook,facebook_reels,3.0,137.88,42.0,1.32259,34.75,0.02912621359223301
2026-08-22,2026-08-22,21.62,16600,12609,1.31652,1.30241,88,0.245682,0.53012,88,0.53012,facebook,facebook_reels_overlay,,,4.0,,,
2026-08-22,2026-08-22,14.68,295,275,1.072727,49.762712,12,1.223333,4.067797,11,3.728814,facebook,facebook_stories,1.0,45.97,6.0,3.131471,14.68,0.09090909090909091
2026-08-22,2026-08-22,964.85,54308,42338,1.282725,17.766259,869,1.110299,1.600133,663,1.220815,facebook,feed,11.0,928.77,224.0,0.962606,87.71363636363637,0.016591251885369532
2026-08-22,2026-08-22,5.72,1081,910,1.187912,5.291397,25,0.2288,2.312673,22,2.035153,facebook,instream_video,,,1.0,,,
2026-08-22,2026-08-22,8.05,728,557,1.307002,11.057692,9,0.894444,1.236264,9,1.236264,facebook,marketplace,,,4.0,,,
2026-08-22,2026-08-22,1.05,837,269,3.111524,1.25448,0,,0.0,0,,facebook,right_hand_column,,,,,,
2026-08-22,2026-08-22,10.02,1312,1218,1.077176,7.637195,24,0.4175,1.829268,25,1.905488,facebook,search,2.0,110.3,15.0,11.007984,5.01,0.08
2026-08-22,2026-08-22,186.98,5092,4509,1.129297,36.720346,92,2.032391,1.806756,91,1.787117,instagram,feed,4.0,348.44,38.0,1.863515,46.745,0.04395604395604396
2026-08-22,2026-08-22,0.0,3,3,1.0,0.0,0,,0.0,0,,instagram,instagram_explore_grid_home,,,,,,
2026-08-22,2026-08-22,33.93,1066,947,1.12566,31.829268,32,1.060313,3.001876,32,3.001876,instagram,instagram_reels,,,7.0,,,
2026-08-22,2026-08-22,0.04,5,5,1.0,8.0,0,,0.0,0,,instagram,instagram_search,,,,,,
2026-08-22,2026-08-22,37.6,1117,1034,1.080271,33.661594,20,1.88,1.79051,20,1.79051,instagram,instagram_stories,1.0,63.96,5.0,1.701064,37.6,0.05
2026-08-22,2026-08-22,0.94,49,49,1.0,19.183673,0,,0.0,0,,threads,threads_feed,,,,,,
2026-08-22,2026-08-22,2.49,62,58,1.068966,40.16129,1,2.49,1.612903,1,1.612903,unknown,unknown,,,,,,
2026-08-22,2026-08-22,0.14,38,38,1.0,3.684211,1,0.14,2.631579,1,2.631579,whatsapp,status,,,,,,
2026-08-23,2026-08-23,2.162398,41,40,1.025,52.741407,4,0.540599,9.756098,4,9.756098,facebook,facebook_notification,,,,,,
2026-08-23,2026-08-23,1.09121,76,72,1.055556,14.358026,2,0.545605,2.631579,2,2.631579,facebook,facebook_profile_feed,,,1.0,,,
2026-08-23,2026-08-23,122.776135,5044,3924,1.285423,24.341026,106,1.158265,2.101507,91,1.804124,facebook,facebook_reels,2.0,167.01,31.0,1.360281,61.3880675,0.02197802197802198
2026-08-23,2026-08-23,11.803087,6458,5012,1.288508,1.827669,33,0.357669,0.510994,33,0.510994,facebook,facebook_reels_overlay,1.0,133.83,3.0,11.338559,11.803087,0.030303030303030304
2026-08-23,2026-08-23,14.255807,352,337,1.04451,40.499452,17,0.838577,4.829545,16,4.545455,facebook,facebook_stories,,,2.0,,,
2026-08-23,2026-08-23,1135.028528,52796,40965,1.288808,21.498381,1007,1.127139,1.907341,738,1.397833,facebook,feed,10.0,934.37,267.0,0.823213,113.5028528,0.013550135501355014
2026-08-23,2026-08-23,2.482753,369,321,1.149533,6.728328,8,0.310344,2.168022,6,1.626016,facebook,instream_video,,,,,,
2026-08-23,2026-08-23,8.859824,1055,779,1.3543,8.397937,5,1.771965,0.473934,5,0.473934,facebook,marketplace,,,1.0,,,
2026-08-23,2026-08-23,2.773075,1241,350,3.545714,2.234549,1,2.773075,0.08058,1,0.08058,facebook,right_hand_column,,,,,,
2026-08-23,2026-08-23,7.528347,1281,1254,1.021531,5.87693,15,0.50189,1.17096,15,1.17096,facebook,search,,,8.0,,,
2026-08-23,2026-08-23,189.820474,5303,4612,1.149827,35.794923,90,2.109116,1.697153,85,1.602866,instagram,feed,2.0,143.43,29.0,0.755609,94.910237,0.023529411764705882
2026-08-23,2026-08-23,0.010011,3,3,1.0,3.337033,0,,0.0,0,,instagram,instagram_explore_grid_home,,,,,,
2026-08-23,2026-08-23,42.246844,1093,921,1.186754,38.65219,25,1.689874,2.287283,23,2.1043,instagram,instagram_reels,,,2.0,,,
2026-08-23,2026-08-23,0.140155,5,5,1.0,28.031081,0,,0.0,0,,instagram,instagram_search,,,,,,
2026-08-23,2026-08-23,51.957611,1422,1295,1.09807,36.538404,30,1.73192,2.109705,31,2.180028,instagram,instagram_stories,2.0,202.35,12.0,3.894521,25.9788055,0.06451612903225806
2026-08-23,2026-08-23,1.021132,60,56,1.071429,17.018871,3,0.340377,5.0,3,5.0,threads,threads_feed,,,,,,
2026-08-23,2026-08-23,2.262509,74,65,1.138462,30.574442,1,2.262509,1.351351,1,1.351351,unknown,unknown,,,,,,
2026-08-23,2026-08-23,0.0901,18,17,1.058824,5.00555,1,0.0901,5.555556,1,5.555556,whatsapp,status,,,,,,
