date_start,date_stop,spend,impressions,reach,frequency,cpm,clicks,ctr,inline_link_clicks,age,gender,purchases,purchase_value,checkouts_initiated,purchase_roas,cpc,inline_link_click_ctr,cpa,cvr
2025-11-20,2025-11-20,0.521109,3,3,1.0,173.702993,0,0.0,0,18-24,female,,,,,,,,
2025-11-20,2025-11-20,0.0,1,1,1.0,0.0,0,0.0,0,18-24,male,,,,,,,,
2025-11-20,2025-11-20,0.691472,14,6,2.333333,49.390824,0,0.0,0,25-34,female,,,,,,,,
2025-11-20,2025-11-20,2.034329,27,23,1.173913,75.345529,2,7.407407,2,35-44,female,,,,,1.017165,7.407407,,
2025-11-20,2025-11-20,0.15032,3,3,1.0,50.106633,0,0.0,0,35-44,male,,,,,,,,
2025-11-20,2025-11-20,12.887426,130,81,1.604938,99.134045,9,6.923077,8,45-54,female,,,,,1.431936,6.153846,,
2025-11-20,2025-11-20,0.410874,9,7,1.285714,45.65271,1,11.111111,1,45-54,male,,,,,0.410874,11.111111,,
2025-11-20,2025-11-20,13.969729,202,156,1.294872,69.157075,19,9.405941,20,55-64,female,,,,,0.735249,9.90099,,
2025-11-20,2025-11-20,1.112367,19,14,1.357143,58.545644,0,0.0,0,55-64,male,,,,,,,,
2025-11-20,2025-11-20,0.0,1,1,1.0,0.0,0,0.0,0,55-64,unknown,,,,,,,,
2025-11-20,2025-11-20,14.801499,146,108,1.351852,101.380132,13,8.90411,11,65+,female,1.0,3.99,,0.269567,1.138577,7.534247,14.801499,0.09090909090909091
2025-11-20,2025-11-20,0.390832,9,7,1.285714,43.425748,1,11.111111,1,65+,male,,,,,0.390832,11.111111,,
2025-11-20,2025-11-20,0.020043,1,1,1.0,20.042653,0,0.0,0,65+,unknown,,,,,,,,
2025-11-21,2025-11-21,0.964673,4,4,1.0,241.168315,0,0.0,0,18-24,female,,,,,,,,
2025-11-21,2025-11-21,0.200974,6,3,2.0,33.495599,0,0.0,0,18-24,male,,,,,,,,
2025-11-21,2025-11-21,1.527399,58,32,1.8125,26.334471,1,1.724138,1,25-34,female,,,,,1.527399,1.724138,,
2025-11-21,2025-11-21,0.040195,3,3,1.0,13.39824,0,0.0,0,25-34,male,,,,,,,,
2025-11-21,2025-11-21,16.67076,256,168,1.52381,65.120155,15,5.859375,11,35-44,female,,,,,1.111384,4.296875,,
2025-11-21,2025-11-21,1.256085,25,19,1.315789,50.243399,1,4.0,0,35-44,male,,,,,1.256085,,,
2025-11-21,2025-11-21,0.020097,1,1,1.0,20.09736,0,0.0,0,35-44,unknown,,,,,,,,
2025-11-21,2025-11-21,54.564331,758,504,1.503968,71.984606,55,7.255937,50,45-54,female,3.0,98.87,,1.81199,0.992079,6.596306,18.188110333333334,0.06
2025-11-21,2025-11-21,2.612657,63,35,1.8,41.470742,1,1.587302,1,45-54,male,,,,,2.612657,1.587302,,
2025-11-21,2025-11-21,0.030146,1,1,1.0,30.146039,0,0.0,0,45-54,unknown,,,,,,,,
2025-11-21,2025-11-21,97.512389,1239,800,1.54875,78.702493,127,10.250202,111,55-64,female,6.0,134.71,,1.381465,0.767814,8.958838,16.252064833333332,0.05405405405405406
2025-11-21,2025-11-21,7.958554,107,62,1.725806,74.379013,6,5.607477,6,55-64,male,1.0,19.95,,2.506737,1.326426,5.607477,7.958554,0.16666666666666666
2025-11-21,2025-11-21,0.140682,5,3,1.666667,28.136303,0,0.0,0,55-64,unknown,,,,,,,,
2025-11-21,2025-11-21,69.999104,857,547,1.566728,81.679234,67,7.81797,63,65+,female,2.0,31.92,,0.456006,1.044763,7.351225,34.999552,0.031746031746031744
2025-11-21,2025-11-21,3.979277,64,41,1.560976,62.176206,0,0.0,0,65+,male,,,,,,,,
2025-11-21,2025-11-21,0.552677,9,7,1.285714,61.408599,0,0.0,0,65+,unknown,,,,,,,,
2025-11-22,2025-11-22,0.630056,6,6,1.0,105.009254,0,0.0,0,18-24,female,,,,,,,,
2025-11-22,2025-11-22,0.100009,4,3,1.333333,25.002203,0,0.0,0,18-24,male,,,,,,,,
2025-11-22,2025-11-22,3.410301,88,60,1.466667,38.753415,0,0.0,0,25-34,female,,,,,,,,
2025-11-22,2025-11-22,0.270024,11,8,1.375,24.547618,0,0.0,0,25-34,male,,,,,,,,
2025-11-22,2025-11-22,0.080007,3,3,1.0,26.669017,0,0.0,0,25-34,unknown,,,,,,,,
2025-11-22,2025-11-22,20.08177,393,286,1.374126,51.098651,17,4.3257,15,35-44,female,,,,,1.181281,3.816794,,
2025-11-22,2025-11-22,4.290378,81,46,1.76087,52.967631,4,4.938272,3,35-44,male,,,,,1.072595,3.703704,,
2025-11-22,2025-11-22,0.030003,2,1,2.0,15.001322,0,0.0,0,35-44,unknown,,,,,,,,
2025-11-22,2025-11-22,78.386908,1281,893,1.43449,61.191966,75,5.854801,62,45-54,female,2.0,65.84,,0.839936,1.045159,4.839969,39.193454,0.03225806451612903
2025-11-22,2025-11-22,6.100538,142,95,1.494737,42.961533,8,5.633803,7,45-54,male,,,,,0.762567,4.929577,,
2025-11-22,2025-11-22,0.280025,5,4,1.25,56.004936,0,0.0,0,45-54,unknown,,,,,,,,
2025-11-22,2025-11-22,115.150148,1880,1284,1.464174,61.250079,113,6.010638,98,55-64,female,4.0,108.81,,0.94494,1.019028,5.212766,28.787537,0.04081632653061224
2025-11-22,2025-11-22,14.571284,210,114,1.842105,69.387067,6,2.857143,6,55-64,male,1.0,15.96,,1.095305,2.428547,2.857143,14.571284,0.16666666666666666
2025-11-22,2025-11-22,0.11001,5,5,1.0,22.001939,0,0.0,0,55-64,unknown,,,,,,,,
2025-11-22,2025-11-22,90.387966,1262,829,1.522316,71.622794,91,7.210777,79,65+,female,1.0,23.96,,0.26508,0.993274,6.259905,90.387966,0.012658227848101266
2025-11-22,2025-11-22,6.250551,153,87,1.758621,40.853273,3,1.960784,2,65+,male,,,,,2.083517,1.30719,,
2025-11-22,2025-11-22,0.290026,7,6,1.166667,41.432223,0,0.0,0,65+,unknown,,,,,,,,
2025-11-23,2025-11-23,1.340421,33,28,1.178571,40.618822,0,0.0,0,18-24,female,,,,,,,,
2025-11-23,2025-11-23,0.120038,3,3,1.0,40.012571,0,0.0,0,18-24,male,,,,,,,,
2025-11-23,2025-11-23,12.403897,204,148,1.378378,60.803417,9,4.411765,6,25-34,female,2.0,147.63,,11.901905,1.378211,2.941176,6.2019485,0.3333333333333333
2025-11-23,2025-11-23,1.300409,26,22,1.181818,50.015714,0,0.0,0,25-34,male,,,,,,,,
2025-11-23,2025-11-23,0.330104,3,3,1.0,110.03457,0,0.0,0,25-34,unknown,,,,,,,,
2025-11-23,2025-11-23,63.159843,1095,806,1.358561,57.680222,40,3.652968,28,35-44,female,5.0,221.68,,3.509825,1.578996,2.557078,12.6319686,0.17857142857142858
2025-11-23,2025-11-23,6.171939,131,82,1.597561,47.114039,1,0.763359,1,35-44,male,,,,,6.171939,0.763359,,
2025-11-23,2025-11-23,0.610192,13,10,1.3,46.937824,1,7.692308,1,35-44,unknown,,,,,0.610192,7.692308,,
2025-11-23,2025-11-23,201.1632,3358,2299,1.460635,59.905658,159,4.734961,132,45-54,female,7.0,89.81,,0.446453,1.265177,3.930911,28.737599999999997,0.05303030303030303
2025-11-23,2025-11-23,11.933749,254,197,1.28934,46.983265,7,2.755906,6,45-54,male,,,,,1.704821,2.362205,,
2025-11-23,2025-11-23,0.500157,11,6,1.833333,45.468831,0,0.0,0,45-54,unknown,,,,,,,,
2025-11-23,2025-11-23,292.411868,4243,2981,1.423348,68.916302,225,5.302852,191,55-64,female,17.0,443.41,,1.516389,1.299608,4.501532,17.20069811764706,0.08900523560209424
2025-11-23,2025-11-23,21.16665,378,259,1.459459,55.996429,9,2.380952,9,55-64,male,,,,,2.35185,2.380952,,
2025-11-23,2025-11-23,0.900283,17,11,1.545455,52.957814,0,0.0,0,55-64,unknown,,,,,,,,
2025-11-23,2025-11-23,171.62392,2406,1677,1.434705,71.331637,136,5.652535,124,65+,female,2.0,35.95,,0.20947,1.261941,5.153782,85.81196,0.016129032258064516
2025-11-23,2025-11-23,9.763067,242,162,1.493827,40.343253,6,2.479339,4,65+,male,,,,,1.627178,1.652893,,
2025-11-23,2025-11-23,0.840264,18,16,1.125,46.681333,0,0.0,0,65+,unknown,,,,,,,,
2025-11-24,2025-11-24,1.690059,34,27,1.259259,49.707616,2,5.882353,2,18-24,female,,,,,0.845029,5.882353,,
2025-11-24,2025-11-24,0.170006,8,5,1.6,21.250741,0,0.0,0,18-24,male,,,,,,,,
2025-11-24,2025-11-24,14.680512,408,259,1.57529,35.981647,18,4.411765,16,25-34,female,1.0,16.99,,1.157317,0.815584,3.921569,14.680512,0.0625
2025-11-24,2025-11-24,1.220043,38,35,1.085714,32.106383,1,2.631579,1,25-34,male,,,,,1.220043,2.631579,,
2025-11-24,2025-11-24,0.060002,1,1,1.0,60.002092,0,0.0,0,25-34,unknown,,,,,,,,
2025-11-24,2025-11-24,76.602671,1899,1324,1.43429,40.338426,45,2.369668,34,35-44,female,,,,,1.702282,1.790416,,
2025-11-24,2025-11-24,4.820168,164,106,1.54717,29.391269,3,1.829268,2,35-44,male,,,,,1.606723,1.219512,,
2025-11-24,2025-11-24,0.790028,33,13,2.538462,23.940229,4,12.121212,4,35-44,unknown,,,,,0.197507,12.121212,,
2025-11-24,2025-11-24,244.938541,5257,3527,1.490502,46.592836,211,4.013696,181,45-54,female,8.0,141.4,,0.577288,1.160846,3.443028,30.617317625,0.04419889502762431
2025-11-24,2025-11-24,16.330569,427,291,1.467354,38.244893,15,3.512881,12,45-54,male,,,,,1.088705,2.810304,,
2025-11-24,2025-11-24,1.340047,16,12,1.333333,83.75292,0,0.0,0,45-54,unknown,,,,,,,,
2025-11-24,2025-11-24,286.529991,6053,4057,1.491989,47.336856,295,4.873616,241,55-64,female,7.0,94.09,,0.328377,0.971288,3.981497,40.932855857142854,0.029045643153526972
2025-11-24,2025-11-24,21.990767,583,340,1.714706,37.720012,10,1.715266,11,55-64,male,1.0,31.92,,1.451518,2.199077,1.886792,21.990767,0.09090909090909091
2025-11-24,2025-11-24,1.320046,27,19,1.421053,48.890594,1,3.703704,1,55-64,unknown,,,,,1.320046,3.703704,,
2025-11-24,2025-11-24,171.435978,3448,2334,1.477292,49.720411,151,4.37935,130,65+,female,6.0,139.78,,0.815348,1.135338,3.770302,28.572663000000002,0.046153846153846156
2025-11-24,2025-11-24,15.680547,382,236,1.618644,41.048552,6,1.570681,6,65+,male,,,,,2.613424,1.570681,,
2025-11-24,2025-11-24,0.770027,19,15,1.266667,40.527729,0,0.0,0,65+,unknown,,,,,,,,
2025-11-25,2025-11-25,2.32135,37,33,1.121212,62.739199,2,5.405405,1,18-24,female,,,,,1.160675,2.702703,,
2025-11-25,2025-11-25,0.040023,5,5,1.0,8.004656,0,0.0,0,18-24,male,,,,,,,,
2025-11-25,2025-11-25,0.210122,4,2,2.0,52.530558,0,0.0,0,18-24,unknown,,,,,,,,
2025-11-25,2025-11-25,12.487264,426,292,1.458904,29.312826,4,0.938967,4,25-34,female,,,,,3.121816,0.938967,,
2025-11-25,2025-11-25,1.751019,52,35,1.485714,33.673435,1,1.923077,0,25-34,male,,,,,1.751019,,,
2025-11-25,2025-11-25,0.370215,4,2,2.0,92.55384,0,0.0,0,25-34,unknown,,,,,,,,
2025-11-25,2025-11-25,88.151279,2568,1818,1.412541,34.326822,80,3.115265,60,35-44,female,1.0,51.94,,0.589214,1.101891,2.336449,88.151279,0.016666666666666666
2025-11-25,2025-11-25,7.544389,254,167,1.520958,29.702318,2,0.787402,1,35-44,male,,,,,3.772194,0.393701,,
2025-11-25,2025-11-25,0.590343,34,19,1.789474,17.363042,0,0.0,0,35-44,unknown,,,,,,,,
2025-11-25,2025-11-25,234.476399,6131,4510,1.359424,38.244397,254,4.14288,199,45-54,female,5.0,99.82,,0.425714,0.923135,3.2458,46.8952798,0.02512562814070352
2025-11-25,2025-11-25,18.300646,485,348,1.393678,37.73329,17,3.505155,15,45-54,male,,,,,1.076509,3.092784,,
2025-11-25,2025-11-25,0.630367,22,16,1.375,28.653032,1,4.545455,1,45-54,unknown,,,,,0.630367,4.545455,,
2025-11-25,2025-11-25,261.251975,6401,4701,1.361625,40.814244,213,3.327605,178,55-64,female,10.0,198.64,,0.760339,1.226535,2.780816,26.125197500000002,0.056179775280898875
2025-11-25,2025-11-25,25.18465,621,392,1.584184,40.554993,22,3.542673,18,55-64,male,2.0,39.9,,1.584298,1.144757,2.898551,12.592325,0.1111111111111111
2025-11-25,2025-11-25,1.470856,24,20,1.2,61.285651,2,8.333333,1,55-64,unknown,,,,,0.735428,4.166667,,
2025-11-25,2025-11-25,139.761302,3186,2378,1.339781,43.867326,118,3.703704,92,65+,female,3.0,90.82,,0.649822,1.184418,2.887633,46.587100666666664,0.03260869565217391
2025-11-25,2025-11-25,12.457247,303,223,1.358744,41.113025,10,3.30033,9,65+,male,1.0,3.99,,0.320296,1.245725,2.970297,12.457247,0.1111111111111111
2025-11-25,2025-11-25,0.950553,15,13,1.153846,63.370197,2,13.333333,2,65+,unknown,,,,,0.475276,13.333333,,
2025-11-26,2025-11-26,2.650105,66,50,1.32,40.153113,2,3.030303,2,18-24,female,,,,,1.325053,3.030303,,
2025-11-26,2025-11-26,0.160006,7,5,1.4,22.858052,0,0.0,0,18-24,male,,,,,,,,
2025-11-26,2025-11-26,0.0,2,1,2.0,0.0,0,0.0,0,18-24,unknown,,,,,,,,
2025-11-26,2025-11-26,17.270687,556,389,1.429306,31.062387,13,2.33813,12,25-34,female,1.0,3.99,,0.231027,1.328514,2.158273,17.270687,0.08333333333333333
2025-11-26,2025-11-26,1.200048,67,59,1.135593,17.91116,1,1.492537,1,25-34,male,,,,,1.200048,1.492537,,
2025-11-26,2025-11-26,0.100004,6,6,1.0,16.66733,0,0.0,0,25-34,unknown,,,,,,,,
2025-11-26,2025-11-26,109.194344,3246,2250,1.442667,33.639662,99,3.049908,87,35-44,female,5.0,95.76,,0.876969,1.102973,2.680222,21.8388688,0.05747126436781609
2025-11-26,2025-11-26,10.770428,351,227,1.546256,30.684981,15,4.273504,12,35-44,male,,,,,0.718029,3.418803,,
2025-11-26,2025-11-26,0.790031,28,17,1.647059,28.215408,1,3.571429,1,35-44,unknown,,,,,0.790031,3.571429,,
2025-11-26,2025-11-26,285.81137,7499,5297,1.415707,38.113264,253,3.373783,207,45-54,female,4.0,70.11,,0.245302,1.129689,2.760368,71.4528425,0.01932367149758454
2025-11-26,2025-11-26,22.36089,707,522,1.354406,31.627849,20,2.828854,17,45-54,male,4.0,96.33,,4.307968,1.118044,2.404526,5.5902225,0.23529411764705882
2025-11-26,2025-11-26,2.130085,28,24,1.166667,76.074455,3,10.714286,3,45-54,unknown,,,,,0.710028,10.714286,,
2025-11-26,2025-11-26,330.483148,7889,5378,1.466902,41.89164,315,3.992902,283,55-64,female,12.0,231.26,,0.699763,1.049153,3.587273,27.540262333333335,0.04240282685512368
2025-11-26,2025-11-26,27.761104,809,563,1.436945,34.315333,21,2.595797,21,55-64,male,,,,,1.321957,2.595797,,
2025-11-26,2025-11-26,1.680067,47,34,1.382353,35.746103,2,4.255319,1,55-64,unknown,,,,,0.840033,2.12766,,
2025-11-26,2025-11-26,174.006922,3819,2650,1.441132,45.563478,171,4.477612,145,65+,female,3.0,61.34,,0.352515,1.017584,3.796805,58.002307333333334,0.020689655172413793
2025-11-26,2025-11-26,17.020677,456,336,1.357143,37.326046,12,2.631579,9,65+,male,,,,,1.41839,1.973684,,
2025-11-26,2025-11-26,2.070082,49,35,1.4,42.246579,2,4.081633,2,65+,unknown,,,,,1.035041,4.081633,,
2025-11-27,2025-11-27,3.510877,122,98,1.244898,28.777684,4,3.278689,4,18-24,female,,,,,0.877719,3.278689,,
2025-11-27,2025-11-27,0.580145,24,22,1.090909,24.172708,1,4.166667,1,18-24,male,,,,,0.580145,4.166667,,
2025-11-27,2025-11-27,0.050013,1,1,1.0,50.0125,0,0.0,0,18-24,unknown,,,,,,,,
2025-11-27,2025-11-27,31.097772,1046,707,1.479491,29.730184,23,2.198853,17,25-34,female,,,,,1.352077,1.625239,,
2025-11-27,2025-11-27,4.471117,176,129,1.364341,25.404077,8,4.545455,9,25-34,male,,,,,0.55889,5.113636,,
2025-11-27,2025-11-27,0.4001,14,9,1.555556,28.578571,0,0.0,0,25-34,unknown,,,,,,,,
2025-11-27,2025-11-27,205.161277,6325,4022,1.572601,32.436566,181,2.86166,146,35-44,female,3.0,43.9,,0.213978,1.133488,2.3083,68.38709233333334,0.02054794520547945
2025-11-27,2025-11-27,25.72643,830,513,1.617934,30.995699,17,2.048193,16,35-44,male,2.0,31.92,,1.240747,1.513319,1.927711,12.863215,0.125
2025-11-27,2025-11-27,0.570143,43,25,1.72,13.259128,0,0.0,0,35-44,unknown,,,,,,,,
2025-11-27,2025-11-27,471.117749,13435,8866,1.51534,35.06645,459,3.41645,354,45-54,female,16.0,356.39,,0.756478,1.0264,2.634909,29.4448593125,0.04519774011299435
2025-11-27,2025-11-27,67.026752,1621,1079,1.502317,41.349014,54,3.331277,48,45-54,male,,,,,1.241236,2.961135,,
2025-11-27,2025-11-27,4.391097,87,55,1.581818,50.472385,4,4.597701,4,45-54,unknown,,,,,1.097774,4.597701,,
2025-11-27,2025-11-27,529.792414,13095,8881,1.474496,40.457611,559,4.268805,469,55-64,female,15.0,637.27,,1.202867,0.94775,3.58152,35.319494266666666,0.031982942430703626
2025-11-27,2025-11-27,64.126027,1614,1086,1.486188,39.73112,42,2.60223,38,55-64,male,,,,,1.52681,2.354399,,
2025-11-27,2025-11-27,2.780695,80,43,1.860465,34.758687,8,10.0,4,55-64,unknown,,,,,0.347587,5.0,,
2025-11-27,2025-11-27,237.41934,5799,3863,1.501165,40.941428,254,4.380066,218,65+,female,4.0,108.89,,0.45864,0.934722,3.759269,59.354835,0.01834862385321101
2025-11-27,2025-11-27,31.457862,755,525,1.438095,41.666043,22,2.913907,16,65+,male,,,,,1.429903,2.119205,,
2025-11-27,2025-11-27,0.750188,51,37,1.378378,14.709559,1,1.960784,1,65+,unknown,,,,,0.750188,1.960784,,
2025-11-27,2025-11-27,0.0,0,0,0.0,,0,,0,Unknown,unknown,,,,,,,,
2025-11-28,2025-11-28,4.230974,104,79,1.316456,40.682438,4,3.846154,4,18-24,female,,,,,1.057743,3.846154,,
2025-11-28,2025-11-28,1.140262,44,27,1.62963,25.915054,0,0.0,0,18-24,male,,,,,,,,
2025-11-28,2025-11-28,57.963338,1195,727,1.643741,48.504885,30,2.51046,19,25-34,female,2.0,243.45,,4.200069,1.932111,1.589958,28.981669,0.10526315789473684
2025-11-28,2025-11-28,8.671995,194,110,1.763636,44.701007,5,2.57732,4,25-34,male,,,,,1.734399,2.061856,,
2025-11-28,2025-11-28,0.120028,5,5,1.0,24.005524,0,0.0,0,25-34,unknown,,,,,,,,
2025-11-28,2025-11-28,338.157811,5996,3884,1.543769,56.397233,261,4.352902,215,35-44,female,10.0,248.43,,0.734657,1.295624,3.585724,33.815781099999995,0.046511627906976744
2025-11-28,2025-11-28,35.438154,737,445,1.65618,48.084334,19,2.578019,15,35-44,male,,,,,1.865166,2.035278,,
2025-11-28,2025-11-28,0.950219,17,13,1.307692,55.895215,0,0.0,0,35-44,unknown,,,,,,,,
2025-11-28,2025-11-28,782.049952,12605,8030,1.569738,62.042836,686,5.442285,566,45-54,female,24.0,1172.18,,1.498856,1.140015,4.490282,32.585414666666665,0.04240282685512368
2025-11-28,2025-11-28,82.538992,1391,870,1.598851,59.337881,52,3.738318,45,45-54,male,3.0,43.89,,0.531749,1.587288,3.235083,27.51299733333333,0.06666666666666667
2025-11-28,2025-11-28,3.460796,72,38,1.894737,48.066616,3,4.166667,3,45-54,unknown,,,,,1.153599,4.166667,,
2025-11-28,2025-11-28,851.065833,12698,8054,1.576608,67.023613,744,5.85919,606,55-64,female,27.0,818.02,,0.961171,1.143906,4.772405,31.520956777777776,0.04455445544554455
2025-11-28,2025-11-28,76.517607,1307,858,1.52331,58.544458,46,3.51951,39,55-64,male,2.0,23.94,,0.312869,1.663426,2.983933,38.2588035,0.05128205128205128
2025-11-28,2025-11-28,4.070937,97,50,1.94,41.96842,5,5.154639,5,55-64,unknown,,,,,0.814187,5.154639,,
2025-11-28,2025-11-28,367.534571,5460,3504,1.558219,67.314024,327,5.989011,287,65+,female,15.0,455.21,,1.23855,1.123959,5.25641,24.502304733333336,0.05226480836236934
2025-11-28,2025-11-28,35.388143,677,434,1.559908,52.271998,21,3.10192,23,65+,male,2.0,7.98,,0.225499,1.68515,3.397341,17.6940715,0.08695652173913043
2025-11-28,2025-11-28,1.690389,39,23,1.695652,43.343307,4,10.25641,3,65+,unknown,,,,,0.422597,7.692308,,
2025-11-28,2025-11-28,0.0,0,0,0.0,,0,,0,Unknown,unknown,,,,,,,,
2025-11-29,2025-11-29,4.570648,59,33,1.787879,77.468614,7,11.864407,6,18-24,female,,,,,0.65295,10.169492,,
2025-11-29,2025-11-29,0.320045,17,13,1.307692,18.826199,0,0.0,0,18-24,male,,,,,,,,
2025-11-29,2025-11-29,20.552915,478,250,1.912,42.99773,16,3.34728,11,25-34,female,,,,,1.284557,2.301255,,
2025-11-29,2025-11-29,2.110299,97,52,1.865385,21.755663,1,1.030928,1,25-34,male,,,,,2.110299,1.030928,,
2025-11-29,2025-11-29,0.010001,1,1,1.0,10.001418,0,0.0,0,25-34,unknown,,,,,,,,
2025-11-29,2025-11-29,133.598948,2483,1434,1.73152,53.805456,104,4.188482,80,35-44,female,5.0,156.54,,1.171716,1.284605,3.221909,26.719789600000002,0.0625
2025-11-29,2025-11-29,11.341609,289,142,2.035211,39.24432,8,2.768166,8,35-44,male,2.0,150.85,,13.300583,1.417701,2.768166,5.6708045,0.25
2025-11-29,2025-11-29,0.340048,8,8,1.0,42.506028,0,0.0,0,35-44,unknown,,,,,,,,
2025-11-29,2025-11-29,338.698035,5324,3302,1.612356,63.617212,379,7.118708,307,45-54,female,24.0,628.85,,1.856669,0.893662,5.766341,14.112418125,0.0781758957654723
2025-11-29,2025-11-29,31.684494,503,306,1.643791,62.991041,23,4.572565,19,45-54,male,1.0,15.96,,0.503716,1.377587,3.777336,31.684494,0.05263157894736842
2025-11-29,2025-11-29,3.940559,35,20,1.75,112.587396,5,14.285714,6,45-54,unknown,,,,,0.788112,17.142857,,
2025-11-29,2025-11-29,337.927926,5132,3166,1.620973,65.847219,395,7.696804,336,55-64,female,17.0,436.03,,1.290305,0.855514,6.547155,19.878113294117647,0.050595238095238096
2025-11-29,2025-11-29,30.494325,489,296,1.652027,62.360582,20,4.08998,20,55-64,male,2.0,67.83,,2.224348,1.524716,4.08998,15.2471625,0.1
2025-11-29,2025-11-29,3.820542,46,25,1.84,83.055257,4,8.695652,4,55-64,unknown,,,,,0.955135,8.695652,,
2025-11-29,2025-11-29,127.988152,2210,1320,1.674242,57.913191,154,6.968326,136,65+,female,7.0,199.5,,1.558738,0.831092,6.153846,18.284021714285714,0.051470588235294115
2025-11-29,2025-11-29,9.231309,194,131,1.480916,47.584068,9,4.639175,9,65+,male,,,,,1.025701,4.639175,,
2025-11-29,2025-11-29,1.020145,21,12,1.75,48.578318,1,4.761905,1,65+,unknown,,,,,1.020145,4.761905,,
2025-11-29,2025-11-29,0.0,0,0,0.0,,0,,0,Unknown,unknown,,,,,,,,
2025-11-30,2025-11-30,3.40061,65,44,1.477273,52.317077,1,1.538462,0,18-24,female,,,,,3.40061,,,
2025-11-30,2025-11-30,0.800144,24,18,1.333333,33.339314,1,4.166667,1,18-24,male,,,,,0.800144,4.166667,,
2025-11-30,2025-11-30,27.334904,703,386,1.821244,38.88322,16,2.27596,15,25-34,female,4.0,139.79,,5.113975,1.708431,2.133713,6.833726,0.26666666666666666
2025-11-30,2025-11-30,4.910881,186,79,2.35443,26.402586,2,1.075269,2,25-34,male,,,,,2.45544,1.075269,,
2025-11-30,2025-11-30,0.240043,3,1,3.0,80.014354,0,0.0,0,25-34,unknown,,,,,,,,
2025-11-30,2025-11-30,174.861368,3629,2224,1.631745,48.18445,129,3.554698,98,35-44,female,6.0,415.49,,2.376111,1.355514,2.700468,29.143561333333334,0.061224489795918366
2025-11-30,2025-11-30,16.50296,400,216,1.851852,41.257401,9,2.25,9,35-44,male,2.0,59.85,,3.626622,1.833662,2.25,8.25148,0.2222222222222222
2025-11-30,2025-11-30,2.200395,29,20,1.45,75.87568,3,10.344828,3,35-44,unknown,,,,,0.733465,10.344828,,
2025-11-30,2025-11-30,512.671968,9340,5828,1.602608,54.889932,458,4.90364,381,45-54,female,14.0,611.43,,1.192634,1.119371,4.079229,36.61942628571428,0.03674540682414698
2025-11-30,2025-11-30,39.757132,816,534,1.52809,48.721976,26,3.186275,23,45-54,male,1.0,27.93,,0.702515,1.52912,2.818627,39.757132,0.043478260869565216
2025-11-30,2025-11-30,1.780319,51,27,1.888889,34.908223,3,5.882353,3,45-54,unknown,,,,,0.59344,5.882353,,
2025-11-30,2025-11-30,568.31195,9750,6376,1.529172,58.288405,582,5.969231,492,55-64,female,22.0,788.86,,1.388076,0.976481,5.046154,25.832361363636366,0.044715447154471545
2025-11-30,2025-11-30,49.608899,937,516,1.815891,52.944396,31,3.308431,26,55-64,male,3.0,61.91,,1.247962,1.600287,2.774813,16.536299666666668,0.11538461538461539
2025-11-30,2025-11-30,6.651193,82,48,1.708333,81.112112,2,2.439024,2,55-64,unknown,,,,,3.325597,2.439024,,
2025-11-30,2025-11-30,238.552794,4259,2765,1.540326,56.011457,246,5.776004,209,65+,female,8.0,217.13,,0.910197,0.969727,4.907255,29.81909925,0.03827751196172249
2025-11-30,2025-11-30,22.914111,412,241,1.709544,55.616773,15,3.640777,12,65+,male,,,,,1.527607,2.912621,,
2025-11-30,2025-11-30,1.830328,34,27,1.259259,53.833187,1,2.941176,0,65+,unknown,,,,,1.830328,,,
2025-12-01,2025-12-01,5.889104,98,59,1.661017,60.092894,1,1.020408,1,18-24,female,,,,,5.889104,1.020408,,
2025-12-01,2025-12-01,0.679897,20,13,1.538462,33.994826,0,0.0,0,18-24,male,,,,,,,,
2025-12-01,2025-12-01,0.009998,1,1,1.0,9.998478,0,0.0,0,18-24,unknown,,,,,,,,
2025-12-01,2025-12-01,30.705326,754,428,1.761682,40.723244,17,2.254642,13,25-34,female,3.0,143.64,,4.678016,1.806196,1.724138,10.235108666666667,0.23076923076923078
2025-12-01,2025-12-01,6.778968,182,83,2.192771,37.247078,4,2.197802,4,25-34,male,1.0,101.94,,15.037687,1.694742,2.197802,6.778968,0.25
2025-12-01,2025-12-01,0.239963,6,5,1.2,39.993912,0,0.0,0,25-34,unknown,,,,,,,,
2025-12-01,2025-12-01,216.477049,3664,2228,1.644524,59.082164,190,5.18559,128,35-44,female,5.0,290.0,,1.339634,1.139353,3.49345,43.2954098,0.0390625
2025-12-01,2025-12-01,25.596104,492,296,1.662162,52.024602,25,5.081301,19,35-44,male,2.0,51.9,,2.027652,1.023844,3.861789,12.798052,0.10526315789473684
2025-12-01,2025-12-01,1.109831,26,18,1.444444,42.68581,0,0.0,0,35-44,unknown,,,,,,,,
2025-12-01,2025-12-01,562.524377,9056,5946,1.523041,62.116208,452,4.991166,344,45-54,female,14.0,440.09,,0.782348,1.244523,3.798587,40.18031264285714,0.040697674418604654
2025-12-01,2025-12-01,72.668939,1114,693,1.607504,65.232441,56,5.02693,49,45-54,male,3.0,60.61,,0.834056,1.29766,4.398564,24.222979666666664,0.061224489795918366
2025-12-01,2025-12-01,4.359336,60,44,1.363636,72.655608,0,0.0,0,45-54,unknown,,,,,,,,
2025-12-01,2025-12-01,744.666652,10682,7010,1.523823,69.712287,610,5.710541,524,55-64,female,21.0,698.49,,0.93799,1.220765,4.905448,35.460316761904764,0.04007633587786259
2025-12-01,2025-12-01,62.270522,1109,717,1.546722,56.150155,31,2.795311,29,55-64,male,2.0,89.8,,1.442095,2.008727,2.614968,31.135261,0.06896551724137931
2025-12-01,2025-12-01,3.749429,72,45,1.6,52.075407,6,8.333333,4,55-64,unknown,,,,,0.624905,5.555556,,
2025-12-01,2025-12-01,393.810057,5256,3523,1.49191,74.92581,332,6.316591,285,65+,female,11.0,286.51,,0.727533,1.186175,5.422374,35.80091427272727,0.03859649122807018
2025-12-01,2025-12-01,34.194795,617,383,1.610966,55.421062,11,1.78282,9,65+,male,1.0,3.99,,0.116684,3.108618,1.458671,34.194795,0.1111111111111111
2025-12-01,2025-12-01,2.289651,48,36,1.333333,47.701073,3,6.25,1,65+,unknown,,,,,0.763217,2.083333,,
2025-12-02,2025-12-02,2.830034,78,53,1.471698,36.282493,0,0.0,0,18-24,female,,,,,,,,
2025-12-02,2025-12-02,1.180014,16,10,1.6,73.750897,1,6.25,1,18-24,male,,,,,1.180014,6.25,,
2025-12-02,2025-12-02,27.030329,770,473,1.627907,35.104323,13,1.688312,10,25-34,female,3.0,55.86,,2.066568,2.079256,1.298701,9.010109666666667,0.3
2025-12-02,2025-12-02,6.870084,185,90,2.055556,37.135587,1,0.540541,1,25-34,male,2.0,87.78,,12.777137,6.870084,0.540541,3.435042,2.0
2025-12-02,2025-12-02,0.79001,8,6,1.333333,98.751202,0,0.0,0,25-34,unknown,,,,,,,,
2025-12-02,2025-12-02,140.641711,3806,2591,1.468931,36.95263,104,2.732528,79,35-44,female,6.0,163.59,,1.163168,1.352324,2.07567,23.440285166666666,0.0759493670886076
2025-12-02,2025-12-02,18.020219,502,329,1.525836,35.896851,12,2.390438,9,35-44,male,3.0,81.86,,4.542675,1.501685,1.792829,6.006739666666667,0.3333333333333333
2025-12-02,2025-12-02,1.700021,37,26,1.423077,45.946505,2,5.405405,2,35-44,unknown,,,,,0.85001,5.405405,,
2025-12-02,2025-12-02,417.265077,9772,6560,1.489634,42.700069,434,4.441261,341,45-54,female,13.0,504.88,,1.209974,0.96144,3.489562,32.097313615384614,0.03812316715542522
2025-12-02,2025-12-02,56.360686,1218,797,1.528231,46.273141,49,4.022989,41,45-54,male,1.0,19.95,,0.35397,1.150218,3.366174,56.360686,0.024390243902439025
2025-12-02,2025-12-02,2.46003,59,41,1.439024,41.695423,2,3.389831,2,45-54,unknown,,,,,1.230015,3.389831,,
2025-12-02,2025-12-02,570.32694,11717,8192,1.430298,48.675168,559,4.770846,463,55-64,female,22.0,591.17,,1.036546,1.020263,3.951523,25.92395181818182,0.047516198704103674
2025-12-02,2025-12-02,47.360576,1295,866,1.495381,36.571874,33,2.548263,30,55-64,male,2.0,11.97,,0.252742,1.435169,2.316602,23.680288,0.06666666666666667
2025-12-02,2025-12-02,4.880059,84,58,1.448276,58.095945,3,3.571429,3,55-64,unknown,,,,,1.626686,3.571429,,
2025-12-02,2025-12-02,315.683841,6300,4255,1.480611,50.108546,328,5.206349,268,65+,female,6.0,266.66,,0.844706,0.962451,4.253968,52.61397349999999,0.022388059701492536
2025-12-02,2025-12-02,27.660337,698,474,1.472574,39.627989,22,3.151862,18,65+,male,6.0,100.12,,3.619623,1.257288,2.578797,4.610056166666666,0.3333333333333333
2025-12-02,2025-12-02,2.580031,56,32,1.75,46.071989,2,3.571429,1,65+,unknown,,,,,1.290016,1.785714,,
2025-12-02,2025-12-02,0.0,0,0,0.0,,0,,0,Unknown,unknown,,,,,,,,
2025-12-03,2025-12-03,2.310381,97,69,1.405797,23.818363,1,1.030928,1,18-24,female,,,,,2.310381,1.030928,,
2025-12-03,2025-12-03,1.020168,25,14,1.785714,40.806734,2,8.0,2,18-24,male,,,,,0.510084,8.0,,
2025-12-03,2025-12-03,22.513715,918,611,1.502455,24.524744,8,0.87146,5,25-34,female,1.0,35.91,,1.595028,2.814214,0.544662,22.513715,0.2
2025-12-03,2025-12-03,5.760951,201,115,1.747826,28.661446,7,3.482587,7,25-34,male,,,,,0.822993,3.482587,,
2025-12-03,2025-12-03,0.06001,5,5,1.0,12.001981,0,0.0,0,25-34,unknown,,,,,,,,
2025-12-03,2025-12-03,140.323155,4964,3563,1.393208,28.268162,112,2.256245,80,35-44,female,3.0,127.68,,0.9099,1.252885,1.611604,46.774385,0.0375
2025-12-03,2025-12-03,18.223007,672,425,1.581176,27.11757,12,1.785714,9,35-44,male,,,,,1.518584,1.339286,,
2025-12-03,2025-12-03,0.930153,63,29,2.172414,14.764341,3,4.761905,2,35-44,unknown,,,,,0.310051,3.174603,,
2025-12-03,2025-12-03,447.513847,13226,9633,1.372989,33.835918,444,3.357024,347,45-54,female,17.0,776.51,,1.735164,1.007914,2.62362,26.32434394117647,0.04899135446685879
2025-12-03,2025-12-03,59.959894,1555,1086,1.43186,38.559418,37,2.379421,30,45-54,male,1.0,31.92,,0.532356,1.620538,1.92926,59.959894,0.03333333333333333
2025-12-03,2025-12-03,1.460241,59,49,1.204082,24.749847,2,3.389831,1,45-54,unknown,,,,,0.73012,1.694915,,
2025-12-03,2025-12-03,549.840732,14582,10703,1.362422,37.706812,567,3.888356,460,55-64,female,10.0,528.63,,0.961424,0.969737,3.154574,54.9840732,0.021739130434782608
2025-12-03,2025-12-03,53.668856,1580,1088,1.452206,33.967631,40,2.531646,34,55-64,male,,,,,1.341721,2.151899,,
2025-12-03,2025-12-03,4.340716,110,78,1.410256,39.461057,4,3.636364,2,55-64,unknown,,,,,1.085179,1.818182,,
2025-12-03,2025-12-03,300.949661,7442,5513,1.3499,40.439353,326,4.380543,276,65+,female,14.0,307.24,,1.020902,0.923158,3.70868,21.496404357142858,0.050724637681159424
2025-12-03,2025-12-03,23.843935,749,535,1.4,31.834359,16,2.136182,12,65+,male,,,,,1.490246,1.602136,,
2025-12-03,2025-12-03,3.490576,80,50,1.6,43.6322,6,7.5,4,65+,unknown,,,,,0.581763,5.0,,
2025-12-03,2025-12-03,0.0,0,0,0.0,,0,,0,Unknown,unknown,,,,,,,,
2025-12-04,2025-12-04,3.73046,187,146,1.280822,19.948985,5,2.673797,5,18-24,female,,,,,0.746092,2.673797,,
2025-12-04,2025-12-04,0.370046,21,19,1.105263,17.621221,1,4.761905,1,18-24,male,,,,,0.370046,4.761905,,
2025-12-04,2025-12-04,0.0,1,1,1.0,0.0,0,0.0,0,18-24,unknown,,,,,,,,
2025-12-04,2025-12-04,30.603775,1070,707,1.513437,28.601659,28,2.616822,20,25-34,female,,,,,1.092992,1.869159,,
2025-12-04,2025-12-04,4.950611,220,132,1.666667,22.502775,4,1.818182,4,25-34,male,,,,,1.237653,1.818182,,
2025-12-04,2025-12-04,0.150019,6,6,1.0,25.003084,0,0.0,0,25-34,unknown,,,,,,,,
2025-12-04,2025-12-04,138.207046,5005,3477,1.439459,27.613795,112,2.237762,91,35-44,female,5.0,211.79,,1.532411,1.233991,1.818182,27.6414092,0.054945054945054944
2025-12-04,2025-12-04,19.342386,670,440,1.522727,28.869232,18,2.686567,14,35-44,male,,,,,1.074577,2.089552,,
2025-12-04,2025-12-04,1.130139,53,31,1.709677,21.323385,1,1.886792,1,35-44,unknown,,,,,1.130139,1.886792,,
2025-12-04,2025-12-04,454.236025,13082,9171,1.426453,34.722216,437,3.340468,345,45-54,female,10.0,243.62,,0.536329,1.039442,2.637211,45.4236025,0.028985507246376812
2025-12-04,2025-12-04,53.316576,1412,992,1.423387,37.759615,43,3.045326,37,45-54,male,,,,,1.23992,2.620397,,
2025-12-04,2025-12-04,1.470181,68,44,1.545455,21.620314,2,2.941176,1,45-54,unknown,,,,,0.735091,1.470588,,
2025-12-04,2025-12-04,532.495677,13797,9668,1.427079,38.595034,538,3.899398,455,55-64,female,14.0,559.16,,1.050074,0.989769,3.297818,38.0354055,0.03076923076923077
2025-12-04,2025-12-04,61.557592,1505,1008,1.493056,40.902055,43,2.857143,34,55-64,male,1.0,72.45,,1.176947,1.431572,2.259136,61.557592,0.029411764705882353
2025-12-04,2025-12-04,5.470675,106,76,1.394737,51.610139,3,2.830189,3,55-64,unknown,,,,,1.823558,2.830189,,
2025-12-04,2025-12-04,284.66511,6764,4689,1.442525,42.085321,287,4.243051,224,65+,female,7.0,215.64,,0.757522,0.991865,3.31165,40.66644428571429,0.03125
2025-12-04,2025-12-04,27.913443,784,517,1.516441,35.603881,9,1.147959,7,65+,male,,,,,3.101494,0.892857,,
2025-12-04,2025-12-04,1.940239,68,43,1.581395,28.532931,3,4.411765,1,65+,unknown,,,,,0.646746,1.470588,,
2025-12-05,2025-12-05,2.79131,117,100,1.17,23.857348,0,0.0,0,18-24,female,,,,,,,,
2025-12-05,2025-12-05,0.950446,28,26,1.076923,33.944498,0,0.0,0,18-24,male,,,,,,,,
2025-12-05,2025-12-05,0.020009,2,2,1.0,10.004694,0,0.0,0,18-24,unknown,,,,,,,,
2025-12-05,2025-12-05,27.212768,1030,647,1.591963,26.420163,20,1.941748,15,25-34,female,3.0,68.95,,2.533737,1.360638,1.456311,9.070922666666666,0.2
2025-12-05,2025-12-05,4.692202,203,133,1.526316,23.114293,3,1.477833,2,25-34,male,,,,,1.564067,0.985222,,
2025-12-05,2025-12-05,0.570268,8,4,2.0,71.283446,0,0.0,0,25-34,unknown,,,,,,,,
2025-12-05,2025-12-05,165.477641,4990,3404,1.465922,33.161852,110,2.204409,97,35-44,female,5.0,283.64,,1.714068,1.504342,1.943888,33.095528200000004,0.05154639175257732
2025-12-05,2025-12-05,26.032214,851,551,1.544465,30.590146,25,2.93772,22,35-44,male,1.0,24.82,,0.953434,1.041289,2.585194,26.032214,0.045454545454545456
2025-12-05,2025-12-05,1.260591,52,34,1.529412,24.242143,0,0.0,0,35-44,unknown,,,,,,,,
2025-12-05,2025-12-05,528.978192,13325,8795,1.515065,39.698176,466,3.497186,393,45-54,female,10.0,408.06,,0.771412,1.135146,2.949343,52.8978192,0.02544529262086514
2025-12-05,2025-12-05,89.77212,1944,1258,1.54531,46.179074,55,2.829218,46,45-54,male,1.0,23.96,,0.266898,1.63222,2.366255,89.77212,0.021739130434782608
2025-12-05,2025-12-05,2.551197,80,59,1.355932,31.889963,1,1.25,1,45-54,unknown,,,,,2.551197,1.25,,
2025-12-05,2025-12-05,596.079676,13693,9224,1.484497,43.531708,542,3.958227,449,55-64,female,30.0,1187.7,,1.992519,1.099778,3.279048,19.86932253333333,0.066815144766147
2025-12-05,2025-12-05,66.771329,1747,1117,1.564011,38.220566,28,1.602748,22,55-64,male,1.0,55.95,,0.837935,2.38469,1.259302,66.771329,0.045454545454545456
2025-12-05,2025-12-05,3.821793,99,64,1.546875,38.603971,4,4.040404,4,55-64,unknown,,,,,0.955448,4.040404,,
2025-12-05,2025-12-05,278.130496,6101,4247,1.436543,45.58769,234,3.835437,201,65+,female,11.0,376.4,,1.353322,1.188592,3.294542,25.284590545454545,0.05472636815920398
2025-12-05,2025-12-05,35.086462,785,547,1.435101,44.69613,25,3.184713,19,65+,male,,,,,1.403458,2.420382,,
2025-12-05,2025-12-05,2.741286,63,48,1.3125,43.512479,2,3.174603,2,65+,unknown,,,,,1.370643,3.174603,,
2025-12-05,2025-12-05,0.0,0,0,0.0,,0,,0,Unknown,unknown,,,,,,,,
2025-12-06,2025-12-06,2.59028,68,53,1.283019,38.092353,3,4.411765,3,18-24,female,,,,,0.863427,4.411765,,
2025-12-06,2025-12-06,0.870094,20,12,1.666667,43.504703,4,20.0,3,18-24,male,,,,,0.217524,15.0,,
2025-12-06,2025-12-06,0.0,1,1,1.0,0.0,0,0.0,0,18-24,unknown,,,,,,,,
2025-12-06,2025-12-06,22.792464,675,414,1.630435,33.766613,16,2.37037,16,25-34,female,3.0,70.95,,3.112871,1.424529,2.37037,7.597487999999999,0.1875
2025-12-06,2025-12-06,4.16045,161,111,1.45045,25.841303,5,3.10559,4,25-34,male,,,,,0.83209,2.484472,,
2025-12-06,2025-12-06,0.190021,5,3,1.666667,38.004109,0,0.0,0,25-34,unknown,,,,,,,,
2025-12-06,2025-12-06,126.223646,3603,2567,1.403584,35.03293,136,3.774632,114,35-44,female,5.0,176.36,,1.397203,0.928115,3.16403,25.244729200000002,0.043859649122807015
2025-12-06,2025-12-06,23.252514,645,446,1.446188,36.050409,20,3.100775,16,35-44,male,,,,,1.162626,2.48062,,
2025-12-06,2025-12-06,0.860093,29,20,1.45,29.658379,0,0.0,0,35-44,unknown,,,,,,,,
2025-12-06,2025-12-06,441.727754,10380,7088,1.464447,42.55566,409,3.94027,354,45-54,female,19.0,709.72,,1.606691,1.080019,3.410405,23.248829157894736,0.05367231638418079
2025-12-06,2025-12-06,74.808087,1674,1085,1.542857,44.688224,62,3.703704,49,45-54,male,2.0,71.88,,0.960859,1.206582,2.927121,37.4040435,0.04081632653061224
2025-12-06,2025-12-06,1.330144,54,40,1.35,24.632293,3,5.555556,4,45-54,unknown,,,,,0.443381,7.407407,,
2025-12-06,2025-12-06,498.263866,10509,7477,1.40551,47.413062,444,4.22495,382,55-64,female,16.0,567.85,,1.139657,1.122216,3.63498,31.141491625,0.041884816753926704
2025-12-06,2025-12-06,61.016596,1408,998,1.410822,43.335651,54,3.835227,45,55-64,male,,,,,1.129937,3.196023,,
2025-12-06,2025-12-06,2.330252,75,55,1.363636,31.070026,2,2.666667,2,55-64,unknown,,,,,1.165126,2.666667,,
2025-12-06,2025-12-06,192.150773,4251,2832,1.501059,45.201311,207,4.869442,169,65+,female,8.0,196.25,,1.021333,0.928265,3.975535,24.018846625,0.047337278106508875
2025-12-06,2025-12-06,25.702779,532,365,1.457534,48.313494,23,4.323308,16,65+,male,,,,,1.117512,3.007519,,
2025-12-06,2025-12-06,1.750189,41,29,1.413793,42.687542,3,7.317073,2,65+,unknown,,,,,0.583396,4.878049,,
2025-12-06,2025-12-06,0.0,0,0,0.0,,0,,0,Unknown,unknown,,,,,,,,
2025-12-07,2025-12-07,2.501656,106,71,1.492958,23.600531,5,4.716981,5,18-24,female,,,,,0.500331,4.716981,,
2025-12-07,2025-12-07,0.66309,15,10,1.5,44.205975,1,6.666667,1,18-24,male,,,,,0.66309,6.666667,,
2025-12-07,2025-12-07,0.050234,1,1,1.0,50.234063,0,0.0,0,18-24,unknown,,,,,,,,
2025-12-07,2025-12-07,25.24764,1083,687,1.576419,23.312687,25,2.308403,20,25-34,female,1.0,23.96,,0.949,1.009906,1.846722,25.24764,0.05
2025-12-07,2025-12-07,6.620849,248,146,1.69863,26.696974,4,1.612903,4,25-34,male,,,,,1.655212,1.612903,,
2025-12-07,2025-12-07,0.040187,6,4,1.5,6.697875,0,0.0,0,25-34,unknown,,,,,,,,
2025-12-07,2025-12-07,204.322027,6099,3992,1.527806,33.500906,209,3.426791,184,35-44,female,12.0,595.23,,2.913195,0.977617,3.016888,17.026835583333334,0.06521739130434782
2025-12-07,2025-12-07,28.512854,954,608,1.569079,29.887688,30,3.144654,26,35-44,male,1.0,55.95,,1.962273,0.950428,2.725367,28.512854,0.038461538461538464
2025-12-07,2025-12-07,1.245805,47,31,1.516129,26.506484,2,4.255319,1,35-44,unknown,,,,,0.622902,2.12766,,
2025-12-07,2025-12-07,599.232089,16680,10616,1.571213,35.925185,679,4.070743,553,45-54,female,25.0,851.89,,1.421636,0.882521,3.315348,23.969283559999997,0.045207956600361664
2025-12-07,2025-12-07,85.699311,2439,1531,1.593076,35.137069,78,3.198032,65,45-54,male,1.0,23.96,,0.279582,1.098709,2.665027,85.699311,0.015384615384615385
2025-12-07,2025-12-07,3.978538,100,62,1.612903,39.785378,5,5.0,5,45-54,unknown,,,,,0.795708,5.0,,
2025-12-07,2025-12-07,663.471408,16492,10013,1.647059,40.229894,757,4.590104,639,55-64,female,22.0,941.71,,1.419368,0.876448,3.874606,30.157791272727273,0.03442879499217527
2025-12-07,2025-12-07,80.374501,2188,1402,1.560628,36.734232,80,3.656307,60,55-64,male,3.0,283.83,,3.531344,1.004681,2.74223,26.79150033333333,0.05
2025-12-07,2025-12-07,4.521066,106,77,1.376623,42.651563,5,4.716981,4,55-64,unknown,,,,,0.904213,3.773585,,
2025-12-07,2025-12-07,252.275463,6499,4243,1.531699,38.817582,307,4.723804,261,65+,female,3.0,127.83,,0.506708,0.821744,4.016002,84.091821,0.011494252873563218
2025-12-07,2025-12-07,32.762656,835,568,1.47007,39.236714,20,2.39521,20,65+,male,,,,,1.638133,2.39521,,
2025-12-07,2025-12-07,2.280626,68,45,1.511111,33.538624,8,11.764706,5,65+,unknown,,,,,0.285078,7.352941,,
2025-12-07,2025-12-07,0.0,0,0,0.0,,0,,0,Unknown,unknown,,,,,,,,
2025-12-08,2025-12-08,1.910436,97,64,1.515625,19.695215,4,4.123711,4,18-24,female,,,,,0.477609,4.123711,,
2025-12-08,2025-12-08,1.110253,32,14,2.285714,34.695416,0,0.0,0,18-24,male,,,,,,,,
2025-12-08,2025-12-08,0.060014,3,2,1.5,20.004564,0,0.0,0,18-24,unknown,,,,,,,,
2025-12-08,2025-12-08,26.326006,985,638,1.543887,26.72691,25,2.538071,22,25-34,female,,,,,1.05304,2.233503,,
2025-12-08,2025-12-08,7.171636,232,134,1.731343,30.912225,5,2.155172,4,25-34,male,,,,,1.434327,1.724138,,
2025-12-08,2025-12-08,0.260059,7,6,1.166667,37.151333,1,14.285714,1,25-34,unknown,,,,,0.260059,14.285714,,
2025-12-08,2025-12-08,177.190426,6204,3918,1.583461,28.560675,219,3.529981,178,35-44,female,10.0,279.65,,1.578246,0.809089,2.869117,17.7190426,0.056179775280898875
2025-12-08,2025-12-08,24.67563,1046,690,1.515942,23.590468,24,2.294455,20,35-44,male,,,,,1.028151,1.912046,,
2025-12-08,2025-12-08,0.92021,43,34,1.264706,21.400231,2,4.651163,2,35-44,unknown,,,,,0.460105,4.651163,,
2025-12-08,2025-12-08,544.144147,16304,10893,1.496741,33.374886,636,3.900883,500,45-54,female,24.0,628.01,,1.154124,0.855573,3.066732,22.672672791666667,0.048
2025-12-08,2025-12-08,79.048035,2629,1652,1.591404,30.06772,77,2.92887,57,45-54,male,,,,,1.026598,2.168125,,
2025-12-08,2025-12-08,2.790637,110,66,1.666667,25.369424,6,5.454545,3,45-54,unknown,,,,,0.465106,2.727273,,
2025-12-08,2025-12-08,594.745692,16463,10865,1.515232,36.126204,743,4.513151,592,55-64,female,29.0,737.38,,1.239824,0.800465,3.595942,20.508472137931033,0.048986486486486486
2025-12-08,2025-12-08,82.148742,2356,1434,1.642957,34.867887,80,3.395586,67,55-64,male,2.0,71.89,,0.87512,1.026859,2.843803,41.074371,0.029850746268656716
2025-12-08,2025-12-08,4.741082,128,81,1.580247,37.039701,5,3.90625,3,55-64,unknown,,,,,0.948216,2.34375,,
2025-12-08,2025-12-08,255.908386,6684,4458,1.499327,38.286712,351,5.251347,303,65+,female,10.0,331.86,,1.296792,0.729084,4.533214,25.5908386,0.033003300330033
2025-12-08,2025-12-08,35.54811,874,560,1.560714,40.672895,36,4.118993,35,65+,male,,,,,0.987448,4.004577,,
2025-12-08,2025-12-08,2.180497,81,50,1.62,26.919722,1,1.234568,0,65+,unknown,,,,,2.180497,,,
2025-12-08,2025-12-08,0.0,0,0,0.0,,0,,0,Unknown,unknown,,,,,,,,
2025-12-09,2025-12-09,2.540502,80,56,1.428571,31.756269,2,2.5,2,18-24,female,,,,,1.270251,2.5,,
2025-12-09,2025-12-09,1.010199,31,17,1.823529,32.587078,0,0.0,0,18-24,male,,,,,,,,
2025-12-09,2025-12-09,37.487401,1238,664,1.864458,30.280614,45,3.634895,38,25-34,female,2.0,183.55,,4.896312,0.833053,3.069467,18.7437005,0.05263157894736842
2025-12-09,2025-12-09,7.001382,247,146,1.691781,28.345677,4,1.619433,4,25-34,male,,,,,1.750346,1.619433,,
2025-12-09,2025-12-09,0.370073,8,7,1.142857,46.259132,3,37.5,3,25-34,unknown,,,,,0.123358,37.5,,
2025-12-09,2025-12-09,226.494714,7330,4554,1.609574,30.899688,209,2.851296,179,35-44,female,12.0,392.27,,1.731917,1.083707,2.442019,18.8745595,0.0670391061452514
2025-12-09,2025-12-09,33.186552,1240,760,1.631579,26.763348,37,2.983871,29,35-44,male,,,,,0.896934,2.33871,,
2025-12-09,2025-12-09,1.960387,47,34,1.382353,41.710362,1,2.12766,1,35-44,unknown,,,,,1.960387,2.12766,,
2025-12-09,2025-12-09,645.527438,19017,12250,1.552408,33.944757,677,3.559973,546,45-54,female,26.0,727.97,,1.127713,0.953512,2.871115,24.827978384615385,0.047619047619047616
2025-12-09,2025-12-09,96.539058,3070,1915,1.603133,31.445947,69,2.247557,55,45-54,male,3.0,65.89,,0.682522,1.399117,1.791531,32.179686,0.05454545454545454
2025-12-09,2025-12-09,2.780549,123,69,1.782609,22.606089,3,2.439024,2,45-54,unknown,,,,,0.92685,1.626016,,
2025-12-09,2025-12-09,711.600482,18387,11723,1.568455,38.701283,752,4.089846,621,55-64,female,20.0,618.49,,0.869153,0.946277,3.377386,35.5800241,0.0322061191626409
2025-12-09,2025-12-09,85.946967,2547,1610,1.581988,33.744392,80,3.14095,68,55-64,male,1.0,23.96,,0.278777,1.074337,2.669808,85.946967,0.014705882352941176
2025-12-09,2025-12-09,4.410871,154,94,1.638298,28.642018,5,3.246753,4,55-64,unknown,,,,,0.882174,2.597403,,
2025-12-09,2025-12-09,332.765693,7121,4687,1.519309,46.730191,362,5.083556,296,65+,female,7.0,196.42,,0.590265,0.919242,4.15672,47.53795614285714,0.02364864864864865
2025-12-09,2025-12-09,37.197343,969,609,1.591133,38.387351,37,3.818369,33,65+,male,,,,,1.005334,3.405573,,
2025-12-09,2025-12-09,1.970389,60,40,1.5,32.839816,2,3.333333,2,65+,unknown,,,,,0.985194,3.333333,,
2025-12-09,2025-12-09,0.0,0,0,0.0,,0,,0,Unknown,unknown,,,,,,,,
2025-12-10,2025-12-10,5.641382,124,83,1.493976,45.495018,3,2.419355,3,18-24,female,2.0,47.92,,8.494372,1.880461,2.419355,2.820691,0.6666666666666666
2025-12-10,2025-12-10,0.870213,34,24,1.416667,25.594506,0,0.0,0,18-24,male,,,,,,,,
2025-12-10,2025-12-10,0.010002,2,1,2.0,5.001225,0,0.0,0,18-24,unknown,,,,,,,,
2025-12-10,2025-12-10,49.992249,1531,998,1.534068,32.65333,35,2.286088,30,25-34,female,1.0,,,,1.42835,1.959504,49.992249,0.03333333333333333
2025-12-10,2025-12-10,10.112478,387,252,1.535714,26.130433,9,2.325581,8,25-34,male,,,,,1.123609,2.067183,,
2025-12-10,2025-12-10,1.170287,17,10,1.7,68.840396,0,0.0,0,25-34,unknown,,,,,,,,
2025-12-10,2025-12-10,284.329664,9403,6017,1.562739,30.238186,244,2.594917,201,35-44,female,18.0,829.23,,2.916439,1.165286,2.137616,15.796092444444444,0.08955223880597014
2025-12-10,2025-12-10,45.311102,1854,1127,1.645075,24.439645,35,1.88781,27,35-44,male,2.0,23.96,,0.528789,1.294603,1.456311,22.655551,0.07407407407407407
2025-12-10,2025-12-10,2.460603,68,52,1.307692,36.185336,3,4.411765,2,35-44,unknown,,,,,0.820201,2.941176,,
2025-12-10,2025-12-10,874.024145,25260,17877,1.412989,34.601114,736,2.913698,606,45-54,female,22.0,621.81,,0.711433,1.187533,2.39905,39.72837022727273,0.036303630363036306
2025-12-10,2025-12-10,137.46368,4508,2873,1.569092,30.493274,85,1.885537,72,45-54,male,1.0,23.96,,0.174301,1.61722,1.597161,137.46368,0.013888888888888888
2025-12-10,2025-12-10,4.171022,164,105,1.561905,25.433061,2,1.219512,1,45-54,unknown,,,,,2.085511,0.609756,,
2025-12-10,2025-12-10,1031.922831,26192,18546,1.412272,39.398398,861,3.287263,705,55-64,female,23.0,889.13,,0.861625,1.198517,2.691662,44.86621004347826,0.032624113475177303
2025-12-10,2025-12-10,153.247547,4285,2791,1.535292,35.763722,94,2.193699,82,55-64,male,1.0,5.99,,0.039087,1.630293,1.913652,153.247547,0.012195121951219513
2025-12-10,2025-12-10,7.051728,185,125,1.48,38.117447,5,2.702703,4,55-64,unknown,,,,,1.410346,2.162162,,
2025-12-10,2025-12-10,548.624418,11150,7574,1.472142,49.203984,477,4.278027,389,65+,female,10.0,240.63,,0.438606,1.150156,3.488789,54.8624418,0.02570694087403599
2025-12-10,2025-12-10,64.225736,1654,1133,1.459841,38.830554,55,3.325272,45,65+,male,,,,,1.167741,2.720677,,
2025-12-10,2025-12-10,3.730914,105,76,1.381579,35.532515,3,2.857143,2,65+,unknown,,,,,1.243638,1.904762,,
2025-12-11,2025-12-11,4.570247,124,85,1.458824,36.856831,3,2.419355,0,18-24,female,1.0,41.93,,9.174559,1.523416,,4.570247,
2025-12-11,2025-12-11,1.040056,45,35,1.285714,23.11236,0,0.0,0,18-24,male,,,,,,,,
2025-12-11,2025-12-11,0.010001,1,1,1.0,10.000541,0,0.0,0,18-24,unknown,,,,,,,,
2025-12-11,2025-12-11,42.492297,1471,959,1.533889,28.886674,36,2.447315,30,25-34,female,,,,,1.180342,2.039429,,
2025-12-11,2025-12-11,7.850424,308,216,1.425926,25.488391,9,2.922078,5,25-34,male,,,,,0.872269,1.623377,,
2025-12-11,2025-12-11,0.260014,10,9,1.111111,26.001405,0,0.0,0,25-34,unknown,,,,,,,,
2025-12-11,2025-12-11,250.32353,9109,6062,1.502639,27.480901,236,2.590844,191,35-44,female,8.0,133.7,,0.534109,1.060693,2.096827,31.29044125,0.041884816753926704
2025-12-11,2025-12-11,48.362614,1656,1107,1.495935,29.204477,30,1.811594,24,35-44,male,,,,,1.612087,1.449275,,
2025-12-11,2025-12-11,2.420131,75,58,1.293103,32.268411,2,2.666667,1,35-44,unknown,,,,,1.210065,1.333333,,
2025-12-11,2025-12-11,777.062001,22737,16470,1.38051,34.176101,730,3.210626,582,45-54,female,28.0,1052.96,,1.355053,1.064469,2.559704,27.75221432142857,0.048109965635738834
2025-12-11,2025-12-11,125.106762,3770,2495,1.511022,33.184818,80,2.122016,69,45-54,male,2.0,47.92,,0.383033,1.563835,1.830239,62.553381,0.028985507246376812
2025-12-11,2025-12-11,4.820261,151,102,1.480392,31.922255,4,2.649007,3,45-54,unknown,,,,,1.205065,1.986755,,
2025-12-11,2025-12-11,799.683224,20842,14861,1.402463,38.368833,772,3.704059,641,55-64,female,20.0,713.7,,0.892478,1.035859,3.075521,39.9841612,0.031201248049921998
2025-12-11,2025-12-11,115.106222,3379,2263,1.493151,34.065174,72,2.130808,60,55-64,male,5.0,90.88,,0.789532,1.598698,1.775673,23.0212444,0.08333333333333333
2025-12-11,2025-12-11,6.220336,162,111,1.459459,38.397137,7,4.320988,8,55-64,unknown,,,,,0.888619,4.938272,,
2025-12-11,2025-12-11,356.219254,7898,5535,1.42692,45.102463,327,4.140289,264,65+,female,8.0,242.79,,0.681575,1.089356,3.342618,44.52740675,0.030303030303030304
2025-12-11,2025-12-11,45.552462,1150,841,1.36742,39.610837,48,4.173913,40,65+,male,,,,,0.94901,3.478261,,
2025-12-11,2025-12-11,3.020163,107,59,1.813559,28.225825,4,3.738318,3,65+,unknown,,,,,0.755041,2.803738,,
2025-12-12,2025-12-12,4.010852,137,112,1.223214,29.276295,4,2.919708,3,18-24,female,,,,,1.002713,2.189781,,
2025-12-12,2025-12-12,1.220259,45,32,1.40625,27.116875,0,0.0,0,18-24,male,,,,,,,,
2025-12-12,2025-12-12,0.040009,2,2,1.0,20.004252,0,0.0,0,18-24,unknown,,,,,,,,
2025-12-12,2025-12-12,49.570536,1824,1147,1.590235,27.176829,43,2.357456,34,25-34,female,1.0,5.99,,0.120838,1.152803,1.864035,49.570536,0.029411764705882353
2025-12-12,2025-12-12,8.861884,328,230,1.426087,27.017938,7,2.134146,6,25-34,male,,,,,1.265983,1.829268,,
2025-12-12,2025-12-12,0.070015,13,13,1.0,5.38576,0,0.0,0,25-34,unknown,,,,,,,,
2025-12-12,2025-12-12,312.336384,10980,7205,1.523942,28.445937,314,2.859745,252,35-44,female,13.0,427.53,,1.368813,0.994702,2.295082,24.025875692307693,0.051587301587301584
2025-12-12,2025-12-12,52.611182,1800,1140,1.578947,29.228434,36,2.0,31,35-44,male,1.0,113.81,,2.163228,1.461422,1.722222,52.611182,0.03225806451612903
2025-12-12,2025-12-12,3.250691,79,53,1.490566,41.147986,0,0.0,0,35-44,unknown,,,,,,,,
2025-12-12,2025-12-12,882.237512,25309,17732,1.427307,34.858648,863,3.409854,671,45-54,female,31.0,896.36,,1.016008,1.022291,2.651231,28.45927458064516,0.046199701937406856
2025-12-12,2025-12-12,125.196609,3892,2508,1.551834,32.16768,95,2.440904,78,45-54,male,4.0,88.78,,0.709125,1.317859,2.004111,31.29915225,0.05128205128205128
2025-12-12,2025-12-12,4.700999,184,112,1.642857,25.548908,4,2.173913,2,45-54,unknown,,,,,1.17525,1.086957,,
2025-12-12,2025-12-12,869.774863,21924,15168,1.445411,39.672271,926,4.223682,730,55-64,female,27.0,871.24,,1.001685,0.939282,3.329684,32.213883814814814,0.036986301369863014
2025-12-12,2025-12-12,115.874628,3308,2238,1.478105,35.028606,92,2.781137,76,55-64,male,2.0,185.69,,1.602508,1.259507,2.297461,57.937314,0.02631578947368421
2025-12-12,2025-12-12,7.031494,157,121,1.297521,44.786589,3,1.910828,1,55-64,unknown,,,,,2.343831,0.636943,,
2025-12-12,2025-12-12,341.082494,7860,5803,1.354472,43.394719,348,4.427481,268,65+,female,4.0,100.91,,0.295852,0.980122,3.409669,85.2706235,0.014925373134328358
2025-12-12,2025-12-12,39.108312,1048,760,1.378947,37.317092,42,4.007634,35,65+,male,3.0,103.84,,2.65519,0.93115,3.339695,13.036104,0.08571428571428572
2025-12-12,2025-12-12,6.001276,85,60,1.416667,70.603241,3,3.529412,2,65+,unknown,,,,,2.000425,2.352941,,
2025-12-12,2025-12-12,0.0,0,0,0.0,,0,,0,Unknown,unknown,,,,,,,,
2025-12-13,2025-12-13,4.061475,155,127,1.220472,26.203063,3,1.935484,2,18-24,female,,,,,1.353825,1.290323,,
2025-12-13,2025-12-13,0.900327,31,23,1.347826,29.042804,0,0.0,0,18-24,male,1.0,53.91,,59.87825,,,0.900327,
2025-12-13,2025-12-13,0.0,2,2,1.0,0.0,0,0.0,0,18-24,unknown,,,,,,,,
2025-12-13,2025-12-13,40.984882,1610,1107,1.454381,25.456448,38,2.360248,32,25-34,female,4.0,225.81,,5.509593,1.07855,1.987578,10.2462205,0.125
2025-12-13,2025-12-13,10.783916,315,213,1.478873,34.234653,12,3.809524,11,25-34,male,1.0,55.95,,5.188282,0.89866,3.492063,10.783916,0.09090909090909091
2025-12-13,2025-12-13,1.320479,15,9,1.666667,88.031965,2,13.333333,2,25-34,unknown,,,,,0.66024,13.333333,,
2025-12-13,2025-12-13,290.465471,9702,6879,1.410379,29.938721,343,3.535354,282,35-44,female,8.0,350.13,,1.20541,0.846838,2.906617,36.308183875,0.028368794326241134
2025-12-13,2025-12-13,43.275714,1500,948,1.582278,28.850476,28,1.866667,22,35-44,male,,,,,1.545561,1.466667,,
2025-12-13,2025-12-13,3.131137,53,38,1.394737,59.078056,4,7.54717,3,35-44,unknown,,,,,0.782784,5.660377,,
2025-12-13,2025-12-13,812.675091,22350,15815,1.413215,36.361302,893,3.995526,726,45-54,female,25.0,951.78,,1.171169,0.91005,3.248322,32.50700364,0.03443526170798898
2025-12-13,2025-12-13,119.563415,3213,2198,1.461783,37.212392,82,2.552132,61,45-54,male,4.0,209.65,,1.753463,1.45809,1.898537,29.89085375,0.06557377049180328
2025-12-13,2025-12-13,7.072568,160,105,1.52381,44.203551,11,6.875,10,45-54,unknown,,,,,0.642961,6.25,,
2025-12-13,2025-12-13,802.241303,20024,14645,1.367293,40.063988,922,4.604475,793,55-64,female,27.0,1087.98,,1.356176,0.87011,3.960248,29.71264085185185,0.034047919293820936
2025-12-13,2025-12-13,102.417189,2696,1872,1.440171,37.988572,82,3.041543,72,55-64,male,2.0,71.88,,0.701835,1.24899,2.670623,51.2085945,0.027777777777777776
2025-12-13,2025-12-13,6.732445,137,99,1.383838,49.141932,14,10.218978,11,55-64,unknown,,,,,0.480889,8.029197,,
2025-12-13,2025-12-13,286.724113,6831,5104,1.338362,41.973959,296,4.333187,257,65+,female,8.0,321.48,,1.121217,0.968663,3.76226,35.840514125,0.0311284046692607
2025-12-13,2025-12-13,27.670047,923,654,1.411315,29.978383,18,1.950163,17,65+,male,1.0,35.94,,1.298877,1.537225,1.84182,27.670047,0.058823529411764705
2025-12-13,2025-12-13,1.180429,64,55,1.163636,18.444197,1,1.5625,1,65+,unknown,,,,,1.180429,1.5625,,
2025-12-13,2025-12-13,0.0,0,0,0.0,,0,,0,Unknown,unknown,,,,,,,,
2025-12-14,2025-12-14,5.070543,227,180,1.261111,22.337192,1,0.440529,1,18-24,female,,,,,5.070543,0.440529,,
2025-12-14,2025-12-14,0.590063,29,22,1.318182,20.347005,0,0.0,0,18-24,male,,,,,,,,
2025-12-14,2025-12-14,0.0,1,1,1.0,0.0,0,0.0,0,18-24,unknown,,,,,,,,
2025-12-14,2025-12-14,56.45604,2381,1677,1.419797,23.711063,72,3.02394,58,25-34,female,3.0,115.28,,2.041943,0.784112,2.435951,18.81868,0.05172413793103448
2025-12-14,2025-12-14,8.32089,317,223,1.421525,26.248865,11,3.470032,10,25-34,male,1.0,113.81,,13.677623,0.756445,3.154574,8.32089,0.1
2025-12-14,2025-12-14,0.290031,19,16,1.1875,15.264791,0,0.0,0,25-34,unknown,,,,,,,,
2025-12-14,2025-12-14,366.769241,13389,9277,1.443247,27.393326,382,2.853088,314,35-44,female,12.0,395.65,,1.078744,0.960129,2.345209,30.56410341666667,0.03821656050955414
2025-12-14,2025-12-14,48.69521,1602,1049,1.527169,30.396511,29,1.810237,21,35-44,male,3.0,47.92,,0.98408,1.679145,1.310861,16.231736666666666,0.14285714285714285
2025-12-14,2025-12-14,5.270564,90,64,1.40625,58.561821,6,6.666667,3,35-44,unknown,,,,,0.878427,3.333333,,
2025-12-14,2025-12-14,1019.039028,30933,21442,1.442636,32.943427,1125,3.636893,909,45-54,female,40.0,1513.45,,1.485174,0.905812,2.938609,25.4759757,0.04400440044004401
2025-12-14,2025-12-14,120.5729,3431,2272,1.510123,35.142204,101,2.943748,87,45-54,male,2.0,65.89,,0.546474,1.193791,2.535704,60.28645,0.022988505747126436
2025-12-14,2025-12-14,6.680715,217,134,1.619403,30.786704,4,1.843318,4,45-54,unknown,,,,,1.670179,1.843318,,
2025-12-14,2025-12-14,939.14048,26065,18579,1.402928,36.030711,1165,4.469595,961,55-64,female,31.0,1147.49,,1.221851,0.806129,3.686937,30.29485419354839,0.03225806451612903
2025-12-14,2025-12-14,99.370632,2870,1961,1.463539,34.623914,83,2.891986,73,55-64,male,1.0,23.96,,0.241118,1.197237,2.543554,99.370632,0.0136986301369863
2025-12-14,2025-12-14,6.780725,188,130,1.446154,36.067689,8,4.255319,6,55-64,unknown,,,,,0.847591,3.191489,,
2025-12-14,2025-12-14,279.879945,8123,5990,1.356093,34.455244,396,4.875046,325,65+,female,7.0,265.37,,0.948157,0.706768,4.000985,39.98284928571429,0.021538461538461538
2025-12-14,2025-12-14,24.842658,907,668,1.357784,27.389921,19,2.094818,18,65+,male,1.0,11.98,,0.482235,1.307508,1.984565,24.842658,0.05555555555555555
2025-12-14,2025-12-14,3.130335,101,73,1.383562,30.993415,4,3.960396,4,65+,unknown,,,,,0.782584,3.960396,,
2025-12-14,2025-12-14,0.0,0,0,0.0,,0,,0,Unknown,unknown,,,,,,,,
2025-12-15,2025-12-15,5.150299,217,156,1.391026,23.734099,4,1.843318,4,18-24,female,,,,,1.287575,1.843318,,
2025-12-15,2025-12-15,0.470027,28,20,1.4,16.78669,0,0.0,0,18-24,male,,,,,,,,
2025-12-15,2025-12-15,0.020001,2,2,1.0,10.000581,0,0.0,0,18-24,unknown,,,,,,,,
2025-12-15,2025-12-15,58.263387,2390,1634,1.462668,24.377986,56,2.343096,40,25-34,female,1.0,,,,1.040418,1.67364,58.263387,0.025
2025-12-15,2025-12-15,10.200593,405,270,1.5,25.186649,8,1.975309,8,25-34,male,,,,,1.275074,1.975309,,
2025-12-15,2025-12-15,0.460027,21,19,1.105263,21.906035,0,0.0,0,25-34,unknown,,,,,,,,
2025-12-15,2025-12-15,356.590731,13730,9620,1.427235,25.971648,340,2.476329,271,35-44,female,7.0,191.68,,0.537535,1.048796,1.97378,50.941533,0.025830258302583026
2025-12-15,2025-12-15,42.072446,1632,1038,1.572254,25.779685,37,2.267157,30,35-44,male,,,,,1.137093,1.838235,,
2025-12-15,2025-12-15,2.110123,76,64,1.1875,27.764772,1,1.315789,1,35-44,unknown,,,,,2.110123,1.315789,,
2025-12-15,2025-12-15,995.927899,32553,24332,1.337868,30.594044,974,2.992044,792,45-54,female,31.0,1128.94,,1.133556,1.022513,2.432955,32.12670641935484,0.039141414141414144
2025-12-15,2025-12-15,112.786557,3468,2391,1.450439,32.522075,92,2.652826,82,45-54,male,2.0,239.6,,2.124367,1.225941,2.364475,56.3932785,0.024390243902439025
2025-12-15,2025-12-15,5.290308,205,140,1.464286,25.806378,4,1.95122,3,45-54,unknown,,,,,1.322577,1.463415,,
2025-12-15,2025-12-15,987.597415,30105,22952,1.31165,32.805096,1128,3.746886,904,55-64,female,21.0,655.39,,0.663621,0.87553,3.002823,47.02844833333333,0.023230088495575223
2025-12-15,2025-12-15,103.486016,3024,2097,1.44206,34.221566,82,2.71164,66,55-64,male,3.0,77.87,,0.752469,1.262025,2.18254,34.49533866666667,0.045454545454545456
2025-12-15,2025-12-15,5.820338,223,162,1.376543,26.100172,10,4.484305,10,55-64,unknown,,,,,0.582034,4.484305,,
2025-12-15,2025-12-15,373.651722,10426,7928,1.315086,35.838454,433,4.153079,357,65+,female,5.0,137.77,,0.368712,0.862937,3.424132,74.7303444,0.014005602240896359
2025-12-15,2025-12-15,32.321879,1067,754,1.415119,30.292295,24,2.249297,22,65+,male,1.0,41.93,,1.297264,1.346745,2.061856,32.321879,0.045454545454545456
2025-12-15,2025-12-15,3.990232,106,80,1.325,37.643698,3,2.830189,4,65+,unknown,,,,,1.330077,3.773585,,
2025-12-16,2025-12-16,4.441552,240,181,1.325967,18.506467,9,3.75,7,18-24,female,,,,,0.493506,2.916667,,
2025-12-16,2025-12-16,1.100385,37,30,1.233333,29.740122,1,2.702703,1,18-24,male,,,,,1.100385,2.702703,,
2025-12-16,2025-12-16,0.070024,5,4,1.25,14.004894,0,0.0,0,18-24,unknown,,,,,,,,
2025-12-16,2025-12-16,60.581169,2581,1870,1.380214,23.471976,61,2.363425,47,25-34,female,5.0,201.86,,3.332059,0.993134,1.821,12.1162338,0.10638297872340426
2025-12-16,2025-12-16,7.622664,380,248,1.532258,20.059641,5,1.315789,5,25-34,male,1.0,115.84,,15.196788,1.524533,1.315789,7.622664,0.2
2025-12-16,2025-12-16,0.540189,26,21,1.238095,20.776491,2,7.692308,2,25-34,unknown,,,,,0.270094,7.692308,,
2025-12-16,2025-12-16,335.417204,14881,10963,1.357384,22.539964,295,1.982394,246,35-44,female,11.0,354.9,,1.058085,1.137007,1.653115,30.492473090909094,0.044715447154471545
2025-12-16,2025-12-16,45.695967,1768,1169,1.512404,25.846135,28,1.58371,22,35-44,male,,,,,1.631999,1.244344,,
2025-12-16,2025-12-16,3.511227,100,76,1.315789,35.112269,9,9.0,8,35-44,unknown,,,,,0.390136,8.0,,
2025-12-16,2025-12-16,929.824908,35741,27353,1.306657,26.015638,974,2.725162,771,45-54,female,17.0,611.2,,0.657328,0.954646,2.157186,54.69558282352941,0.02204928664072633
2025-12-16,2025-12-16,89.761365,3189,2176,1.465533,28.147183,81,2.539981,69,45-54,male,2.0,71.88,,0.80079,1.108165,2.163688,44.8806825,0.028985507246376812
2025-12-16,2025-12-16,6.112136,217,155,1.4,28.166524,12,5.529954,11,45-54,unknown,1.0,23.96,,3.92007,0.509345,5.069124,6.112136,0.09090909090909091
2025-12-16,2025-12-16,961.305908,32743,23842,1.373333,29.359127,1062,3.243441,841,55-64,female,28.0,1165.59,,1.212507,0.905184,2.568488,34.332353857142856,0.03329369797859691
2025-12-16,2025-12-16,83.319114,2851,1976,1.442814,29.224523,76,2.665731,64,55-64,male,5.0,219.73,,2.63721,1.096304,2.244826,16.6638228,0.078125
2025-12-16,2025-12-16,6.962433,213,176,1.210227,32.687478,8,3.755869,7,55-64,unknown,,,,,0.870304,3.286385,,
2025-12-16,2025-12-16,354.783972,10328,7731,1.33592,34.351663,417,4.037568,342,65+,female,17.0,433.69,,1.222406,0.850801,3.311387,20.869645411764708,0.049707602339181284
2025-12-16,2025-12-16,24.388522,964,689,1.399129,25.299297,18,1.86722,14,65+,male,,,,,1.354918,1.452282,,
2025-12-16,2025-12-16,3.611262,106,86,1.232558,34.068508,1,0.943396,1,65+,unknown,,,,,3.611262,0.943396,,
2025-12-16,2025-12-16,0.0,0,0,0.0,,0,,0,Unknown,unknown,,,,,,,,
2025-12-17,2025-12-17,7.261109,228,171,1.333333,31.846969,9,3.947368,7,18-24,female,,,,,0.80679,3.070175,,
2025-12-17,2025-12-17,1.160177,45,25,1.8,25.781715,2,4.444444,2,18-24,male,,,,,0.580089,4.444444,,
2025-12-17,2025-12-17,0.010002,1,1,1.0,10.001527,0,0.0,0,18-24,unknown,,,,,,,,
2025-12-17,2025-12-17,65.089941,3076,2293,1.341474,21.160579,60,1.950585,43,25-34,female,2.0,95.84,,1.472424,1.084832,1.397919,32.5449705,0.046511627906976744
2025-12-17,2025-12-17,9.331425,432,296,1.459459,21.600521,4,0.925926,3,25-34,male,,,,,2.332856,0.694444,,
2025-12-17,2025-12-17,0.610093,24,18,1.333333,25.420549,0,0.0,0,25-34,unknown,,,,,,,,
2025-12-17,2025-12-17,387.639201,17889,13336,1.341407,21.669138,330,1.844709,261,35-44,female,8.0,254.9,,0.65757,1.174664,1.458997,48.454900125,0.03065134099616858
2025-12-17,2025-12-17,56.468624,2095,1414,1.481612,26.953997,46,2.195704,37,35-44,male,,,,,1.227579,1.76611,,
2025-12-17,2025-12-17,2.570393,128,108,1.185185,20.081192,0,0.0,0,35-44,unknown,,,,,,,,
2025-12-17,2025-12-17,1052.63076,41725,32492,1.284162,25.227819,988,2.367885,782,45-54,female,26.0,788.87,,0.749427,1.065416,1.874176,40.485798461538465,0.03324808184143223
2025-12-17,2025-12-17,115.547647,3790,2691,1.408398,30.487506,71,1.873351,60,45-54,male,3.0,101.83,,0.881281,1.627432,1.583113,38.51588233333333,0.05
2025-12-17,2025-12-17,7.831196,279,187,1.491979,28.068803,10,3.584229,13,45-54,unknown,,,,,0.78312,4.659498,,
2025-12-17,2025-12-17,1111.999827,39649,29900,1.326054,28.0461,1176,2.966027,938,55-64,female,22.0,593.05,,0.533318,0.945578,2.36576,50.545446681818184,0.023454157782515993
2025-12-17,2025-12-17,107.416405,3535,2495,1.416834,30.386536,87,2.461103,75,55-64,male,6.0,169.31,,1.576202,1.234671,2.121641,17.902734166666665,0.08
2025-12-17,2025-12-17,8.851352,253,194,1.304124,34.98558,8,3.162055,8,55-64,unknown,1.0,55.95,,6.321068,1.106419,3.162055,8.851352,0.125
2025-12-17,2025-12-17,495.195627,13612,10394,1.309602,36.379344,535,3.930356,450,65+,female,17.0,344.6,,0.695887,0.925599,3.305907,29.129154529411764,0.03777777777777778
2025-12-17,2025-12-17,37.205682,1237,931,1.328679,30.07735,25,2.021019,24,65+,male,,,,,1.488227,1.940178,,
2025-12-17,2025-12-17,3.540541,126,94,1.340426,28.09953,6,4.761905,6,65+,unknown,3.0,53.91,,15.226488,0.59009,4.761905,1.1801803333333334,0.5
2025-12-17,2025-12-17,0.0,0,0,0.0,,0,,0,Unknown,unknown,,,,,,,,
2025-12-18,2025-12-18,7.970886,210,168,1.25,37.9566,3,1.428571,3,18-24,female,,,,,2.656962,1.428571,,
2025-12-18,2025-12-18,0.970108,23,16,1.4375,42.178602,0,0.0,0,18-24,male,,,,,,,,
2025-12-18,2025-12-18,0.36004,3,2,1.5,120.01334,0,0.0,0,18-24,unknown,,,,,,,,
2025-12-18,2025-12-18,58.036451,2339,1693,1.381571,24.812506,36,1.539119,31,25-34,female,1.0,59.9,,1.03211,1.612124,1.325353,58.036451,0.03225806451612903
2025-12-18,2025-12-18,9.661074,417,277,1.505415,23.168043,9,2.158273,7,25-34,male,,,,,1.073453,1.678657,,
2025-12-18,2025-12-18,0.490054,16,14,1.142857,30.628405,0,0.0,0,25-34,unknown,,,,,,,,
2025-12-18,2025-12-18,397.27416,14871,10666,1.394243,26.71469,257,1.728196,191,35-44,female,9.0,327.59,,0.824594,1.545814,1.284379,44.14157333333333,0.04712041884816754
2025-12-18,2025-12-18,55.856209,1891,1247,1.516439,29.537921,51,2.696986,37,35-44,male,,,,,1.09522,1.956637,,
2025-12-18,2025-12-18,2.980331,96,73,1.315068,31.045118,3,3.125,3,35-44,unknown,,,,,0.993444,3.125,,
2025-12-18,2025-12-18,1010.852365,34353,25772,1.332958,29.425447,852,2.480133,622,45-54,female,19.0,979.16,,0.968648,1.186446,1.810613,53.20275605263158,0.03054662379421222
2025-12-18,2025-12-18,106.411829,3565,2395,1.488518,29.84904,69,1.935484,49,45-54,male,1.0,41.93,,0.394035,1.5422,1.374474,106.411829,0.02040816326530612
2025-12-18,2025-12-18,6.57073,237,145,1.634483,27.724601,14,5.907173,10,45-54,unknown,,,,,0.469338,4.219409,,
2025-12-18,2025-12-18,1174.18052,35332,26299,1.343473,33.232778,1070,3.028416,818,55-64,female,20.0,711.25,,0.605742,1.097365,2.315182,58.709025999999994,0.02444987775061125
2025-12-18,2025-12-18,106.211806,3449,2335,1.477088,30.794957,75,2.174543,53,55-64,male,,,,,1.416157,1.536677,,
2025-12-18,2025-12-18,4.730526,186,148,1.256757,25.432935,5,2.688172,3,55-64,unknown,1.0,83.93,,17.742214,0.946105,1.612903,4.730526,0.3333333333333333
2025-12-18,2025-12-18,521.557976,12784,9474,1.349377,40.797714,479,3.746871,364,65+,female,12.0,342.52,,0.656725,1.088848,2.847309,43.46316466666667,0.03296703296703297
2025-12-18,2025-12-18,40.384489,1092,772,1.414508,36.982133,32,2.930403,28,65+,male,,,,,1.262015,2.564103,,
2025-12-18,2025-12-18,4.000445,115,84,1.369048,34.786476,9,7.826087,4,65+,unknown,,,,,0.444494,3.478261,,
2025-12-18,2025-12-18,0.010001,1,1,1.0,10.001112,0,0.0,0,Unknown,female,,,,,,,,
2025-12-18,2025-12-18,0.0,0,0,0.0,,0,,0,Unknown,unknown,,,,,,,,
2025-12-19,2025-12-19,3.219944,156,123,1.268293,20.640669,4,2.564103,1,18-24,female,,,,,0.804986,0.641026,,
2025-12-19,2025-12-19,0.549991,32,20,1.6,17.187203,0,0.0,0,18-24,male,,,,,,,,
2025-12-19,2025-12-19,0.089998,5,4,1.25,17.999689,0,0.0,0,18-24,unknown,,,,,,,,
2025-12-19,2025-12-19,51.239115,2195,1522,1.442181,23.34356,26,1.18451,18,25-34,female,,,,,1.970735,0.820046,,
2025-12-19,2025-12-19,8.65985,352,235,1.497872,24.601848,7,1.988636,6,25-34,male,,,,,1.237121,1.704545,,
2025-12-19,2025-12-19,0.259996,17,16,1.0625,15.293853,0,0.0,0,25-34,unknown,,,,,,,,
2025-12-19,2025-12-19,305.384723,14262,10072,1.416005,21.412475,267,1.872108,218,35-44,female,3.0,141.79,,0.4643,1.143763,1.528537,101.79490766666667,0.013761467889908258
2025-12-19,2025-12-19,36.719366,1590,1083,1.468144,23.093941,16,1.006289,12,35-44,male,2.0,13.98,,0.380726,2.29496,0.754717,18.359683,0.16666666666666666
2025-12-19,2025-12-19,2.759952,67,48,1.395833,41.193318,1,1.492537,1,35-44,unknown,,,,,2.759952,1.492537,,
2025-12-19,2025-12-19,850.235309,33368,24577,1.357692,25.480559,643,1.926996,495,45-54,female,17.0,668.98,,0.786817,1.322294,1.483457,50.013841705882356,0.03434343434343434
2025-12-19,2025-12-19,85.028531,3217,2206,1.458296,26.431001,56,1.740752,49,45-54,male,,,,,1.518367,1.523158,,
2025-12-19,2025-12-19,4.849916,191,129,1.48062,25.392231,3,1.570681,2,45-54,unknown,,,,,1.616639,1.04712,,
2025-12-19,2025-12-19,996.05279,33867,24899,1.360175,29.410718,895,2.642691,727,55-64,female,17.0,688.32,,0.691048,1.112908,2.146632,58.59134058823529,0.023383768913342505
2025-12-19,2025-12-19,83.378559,2856,1981,1.441696,29.194173,49,1.715686,40,55-64,male,1.0,55.92,,0.670676,1.701603,1.40056,83.378559,0.025
2025-12-19,2025-12-19,7.859864,203,148,1.371622,38.718543,10,4.926108,8,55-64,unknown,,,,,0.785986,3.940887,,
2025-12-19,2025-12-19,420.472735,11984,8615,1.391062,35.086176,383,3.195928,304,65+,female,9.0,225.63,,0.53661,1.09784,2.536716,46.71919277777778,0.029605263157894735
2025-12-19,2025-12-19,31.359458,953,686,1.389213,32.906042,20,2.098636,16,65+,male,,,,,1.567973,1.678909,,
2025-12-19,2025-12-19,5.619903,193,106,1.820755,29.118668,6,3.108808,8,65+,unknown,,,,,0.93665,4.145078,,
2025-12-19,2025-12-19,0.0,0,0,0.0,,0,,0,Unknown,unknown,,,,,,,,
2025-12-20,2025-12-20,1.260068,78,67,1.164179,16.154716,0,0.0,0,18-24,female,,,,,,,,
2025-12-20,2025-12-20,0.200011,12,9,1.333333,16.667564,0,0.0,0,18-24,male,,,,,,,,
2025-12-20,2025-12-20,0.010001,2,2,1.0,5.000269,0,0.0,0,18-24,unknown,,,,,,,,
2025-12-20,2025-12-20,26.411423,1165,822,1.417275,22.670749,28,2.403433,22,25-34,female,,,,,0.943265,1.888412,,
2025-12-20,2025-12-20,4.220227,189,122,1.54918,22.329245,9,4.761905,9,25-34,male,,,,,0.468914,4.761905,,
2025-12-20,2025-12-20,0.050003,4,3,1.333333,12.500673,0,0.0,0,25-34,unknown,,,,,,,,
2025-12-20,2025-12-20,190.790277,7878,5456,1.443915,24.218111,198,2.513328,155,35-44,female,9.0,283.61,,1.486501,0.963587,1.967504,21.19891966666667,0.05806451612903226
2025-12-20,2025-12-20,24.071297,873,575,1.518261,27.573077,20,2.290951,18,35-44,male,1.0,35.94,,1.493065,1.203565,2.061856,24.071297,0.05555555555555555
2025-12-20,2025-12-20,1.510081,51,27,1.888889,29.609438,2,3.921569,1,35-44,unknown,,,,,0.755041,1.960784,,
2025-12-20,2025-12-20,508.927413,18691,13626,1.371716,27.228474,565,3.022845,466,45-54,female,15.0,591.57,,1.162386,0.900756,2.493179,33.9284942,0.032188841201716736
2025-12-20,2025-12-20,46.712516,1768,1277,1.384495,26.421106,47,2.658371,37,45-54,male,,,,,0.993883,2.09276,,
2025-12-20,2025-12-20,2.620141,123,79,1.556962,21.30196,3,2.439024,2,45-54,unknown,,,,,0.87338,1.626016,,
2025-12-20,2025-12-20,573.680901,18824,13122,1.434537,30.476036,695,3.692095,588,55-64,female,18.0,772.39,,1.346376,0.82544,3.123672,31.871161166666663,0.030612244897959183
2025-12-20,2025-12-20,53.192865,1774,1184,1.498311,29.984704,51,2.874859,42,55-64,male,1.0,29.95,,0.563045,1.042997,2.367531,53.192865,0.023809523809523808
2025-12-20,2025-12-20,2.760149,126,90,1.4,21.905942,4,3.174603,4,55-64,unknown,,,,,0.690037,3.174603,,
2025-12-20,2025-12-20,216.071639,6764,4843,1.396655,31.944358,276,4.080426,231,65+,female,8.0,175.72,,0.813249,0.782868,3.415139,27.008954875,0.03463203463203463
2025-12-20,2025-12-20,16.370882,530,401,1.321696,30.888456,12,2.264151,10,65+,male,1.0,23.96,,1.463574,1.36424,1.886792,16.370882,0.1
2025-12-20,2025-12-20,2.010108,72,49,1.469388,27.91817,3,4.166667,3,65+,unknown,,,,,0.670036,4.166667,,
2025-12-20,2025-12-20,0.0,0,0,0.0,,0,,0,Unknown,unknown,,,,,,,,
2025-12-21,2025-12-21,2.470433,108,85,1.270588,22.87438,0,0.0,0,18-24,female,,,,,,,,
2025-12-21,2025-12-21,0.560098,19,11,1.727273,29.478852,0,0.0,0,18-24,male,,,,,,,,
2025-12-21,2025-12-21,0.050009,2,2,1.0,25.004383,0,0.0,0,18-24,unknown,,,,,,,,
2025-12-21,2025-12-21,35.096152,1555,1058,1.469754,22.569873,30,1.92926,24,25-34,female,1.0,17.97,,0.512022,1.169872,1.543408,35.096152,0.041666666666666664
2025-12-21,2025-12-21,4.710826,255,161,1.583851,18.473827,3,1.176471,2,25-34,male,,,,,1.570275,0.784314,,
2025-12-21,2025-12-21,0.180032,9,9,1.0,20.003506,0,0.0,0,25-34,unknown,,,,,,,,
2025-12-21,2025-12-21,251.524091,11058,7337,1.507156,22.745894,238,2.152288,187,35-44,female,5.0,243.72,,0.968973,1.056824,1.691083,50.3048182,0.026737967914438502
2025-12-21,2025-12-21,33.065796,1325,828,1.600242,24.955318,32,2.415094,25,35-44,male,1.0,41.94,,1.26838,1.033306,1.886792,33.065796,0.04
2025-12-21,2025-12-21,2.570451,89,60,1.483333,28.881467,3,3.370787,3,35-44,unknown,,,,,0.856817,3.370787,,
2025-12-21,2025-12-21,630.680554,24606,16980,1.449117,25.631169,645,2.621312,526,45-54,female,19.0,863.51,,1.369172,0.977799,2.13769,33.19371336842105,0.03612167300380228
2025-12-21,2025-12-21,54.059476,2291,1597,1.434565,23.596454,42,1.833261,34,45-54,male,,,,,1.28713,1.484068,,
2025-12-21,2025-12-21,4.120722,155,111,1.396396,26.585305,2,1.290323,1,45-54,unknown,1.0,30.43,,7.384628,2.060361,0.645161,4.120722,1.0
2025-12-21,2025-12-21,680.62931,23584,17040,1.384038,28.859791,741,3.141961,622,55-64,female,15.0,639.37,,0.939381,0.918528,2.637381,45.37528733333333,0.024115755627009645
2025-12-21,2025-12-21,54.30952,2120,1480,1.432432,25.617698,52,2.45283,38,55-64,male,,,,,1.044414,1.792453,,
2025-12-21,2025-12-21,3.71065,156,113,1.380531,23.786221,4,2.564103,4,55-64,unknown,,,,,0.927663,2.564103,,
2025-12-21,2025-12-21,270.17736,8049,5502,1.462923,33.566575,310,3.85141,261,65+,female,11.0,527.26,,1.951533,0.87154,3.242639,24.561578181818184,0.0421455938697318
2025-12-21,2025-12-21,23.924194,722,476,1.516807,33.136002,16,2.216066,15,65+,male,1.0,47.92,,2.002993,1.495262,2.077562,23.924194,0.06666666666666667
2025-12-21,2025-12-21,1.860326,119,66,1.80303,15.632992,2,1.680672,2,65+,unknown,,,,,0.930163,1.680672,,
2025-12-22,2025-12-22,1.410088,70,61,1.147541,20.144118,1,1.428571,1,18-24,female,,,,,1.410088,1.428571,,
2025-12-22,2025-12-22,0.16001,13,8,1.625,12.308463,0,0.0,0,18-24,male,,,,,,,,
2025-12-22,2025-12-22,29.521848,1104,671,1.645306,26.740804,19,1.721014,16,25-34,female,1.0,71.88,,2.434807,1.553781,1.449275,29.521848,0.0625
2025-12-22,2025-12-22,2.830177,180,108,1.666667,15.723206,1,0.555556,1,25-34,male,,,,,2.830177,0.555556,,
2025-12-22,2025-12-22,0.030002,6,4,1.5,5.000313,0,0.0,0,25-34,unknown,,,,,,,,
2025-12-22,2025-12-22,159.689995,6446,4368,1.475733,24.773502,136,2.109836,107,35-44,female,4.0,113.81,,0.712693,1.174191,1.659944,39.92249875,0.037383177570093455
2025-12-22,2025-12-22,14.320896,670,457,1.466083,21.374472,11,1.641791,10,35-44,male,1.0,16.99,,1.186378,1.3019,1.492537,14.320896,0.1
2025-12-22,2025-12-22,1.340084,46,39,1.179487,29.132258,2,4.347826,1,35-44,unknown,,,,,0.670042,2.173913,,
2025-12-22,2025-12-22,367.212984,14715,10249,1.43575,24.955011,384,2.609582,321,45-54,female,7.0,275.54,,0.750355,0.956284,2.181448,52.458997714285715,0.021806853582554516
2025-12-22,2025-12-22,33.572101,1325,887,1.493799,25.337435,33,2.490566,24,45-54,male,,,,,1.017336,1.811321,,
2025-12-22,2025-12-22,2.800175,104,75,1.386667,26.924762,5,4.807692,5,45-54,unknown,,,,,0.560035,4.807692,,
2025-12-22,2025-12-22,420.98635,15022,10492,1.431758,28.024654,475,3.162029,406,55-64,female,13.0,417.44,,0.991576,0.886287,2.702703,32.38356538461539,0.03201970443349754
2025-12-22,2025-12-22,33.082071,1314,901,1.45838,25.176614,27,2.054795,22,55-64,male,1.0,47.92,,1.448519,1.225262,1.674277,33.082071,0.045454545454545456
2025-12-22,2025-12-22,2.060129,99,70,1.414286,20.809383,1,1.010101,1,55-64,unknown,,,,,2.060129,1.010101,,
2025-12-22,2025-12-22,193.112087,6050,4070,1.486486,31.919353,226,3.735537,190,65+,female,2.0,83.86,,0.434256,0.854478,3.140496,96.5560435,0.010526315789473684
2025-12-22,2025-12-22,14.650917,612,333,1.837838,23.939407,18,2.941176,18,65+,male,2.0,59.9,,4.088481,0.81394,2.941176,7.3254585,0.1111111111111111
2025-12-22,2025-12-22,1.350085,66,38,1.736842,20.455826,6,9.090909,5,65+,unknown,,,,,0.225014,7.575758,,
2025-12-22,2025-12-22,0.0,0,0,0.0,,0,,0,Unknown,unknown,,,,,,,,
2025-12-23,2025-12-23,2.970713,103,82,1.256098,28.841875,3,2.912621,3,18-24,female,,,,,0.990238,2.912621,,
2025-12-23,2025-12-23,0.100024,8,7,1.142857,12.503001,0,0.0,0,18-24,male,,,,,,,,
2025-12-23,2025-12-23,0.04001,2,2,1.0,20.004802,0,0.0,0,18-24,unknown,,,,,,,,
2025-12-23,2025-12-23,23.935746,1200,782,1.534527,19.946455,24,2.0,18,25-34,female,,,,,0.997323,1.5,,
2025-12-23,2025-12-23,3.260783,147,97,1.515464,22.182196,2,1.360544,2,25-34,male,,,,,1.630391,1.360544,,
2025-12-23,2025-12-23,0.120029,4,4,1.0,30.007203,0,0.0,0,25-34,unknown,,,,,,,,
2025-12-23,2025-12-23,113.167166,6848,4807,1.424589,16.525579,106,1.547897,85,35-44,female,1.0,23.96,,0.211722,1.067615,1.241238,113.167166,0.011764705882352941
2025-12-23,2025-12-23,15.993839,820,502,1.633466,19.504682,15,1.829268,13,35-44,male,,,,,1.066256,1.585366,,
2025-12-23,2025-12-23,0.54013,40,35,1.142857,13.503242,0,0.0,0,35-44,unknown,,,,,,,,
2025-12-23,2025-12-23,326.188303,15665,10846,1.444311,20.822745,326,2.081072,253,45-54,female,7.0,179.78,,0.551154,1.000578,1.615065,46.598329,0.02766798418972332
2025-12-23,2025-12-23,28.636874,1534,992,1.546371,18.668106,26,1.694915,23,45-54,male,,,,,1.101418,1.499348,,
2025-12-23,2025-12-23,3.190766,120,75,1.6,26.589716,5,4.166667,4,45-54,unknown,,,,,0.638153,3.333333,,
2025-12-23,2025-12-23,387.973135,16142,11004,1.466921,24.03501,430,2.663858,357,55-64,female,9.0,262.12,,0.675614,0.902263,2.211622,43.10812611111111,0.025210084033613446
2025-12-23,2025-12-23,37.609028,1420,971,1.46241,26.485231,33,2.323944,28,55-64,male,,,,,1.139668,1.971831,,
2025-12-23,2025-12-23,1.29031,93,76,1.223684,13.874298,3,3.225806,1,55-64,unknown,,,,,0.430103,1.075269,,
2025-12-23,2025-12-23,200.398107,6459,4498,1.435972,31.026182,223,3.452547,204,65+,female,7.0,309.49,,1.544376,0.898646,3.158384,28.628301,0.03431372549019608
2025-12-23,2025-12-23,18.884533,631,411,1.53528,29.927945,16,2.535658,14,65+,male,1.0,16.89,,0.894383,1.180283,2.2187,18.884533,0.07142857142857142
2025-12-23,2025-12-23,2.100504,82,45,1.822222,25.615905,1,1.219512,1,65+,unknown,,,,,2.100504,1.219512,,
2025-12-24,2025-12-24,1.080103,72,58,1.241379,15.001428,1,1.388889,1,18-24,female,,,,,1.080103,1.388889,,
2025-12-24,2025-12-24,0.130012,15,10,1.5,8.667492,0,0.0,0,18-24,male,,,,,,,,
2025-12-24,2025-12-24,0.050005,1,1,1.0,50.004761,0,0.0,0,18-24,unknown,,,,,,,,
2025-12-24,2025-12-24,16.841603,1042,726,1.435262,16.162767,12,1.151631,8,25-34,female,,,,,1.403467,0.767754,,
2025-12-24,2025-12-24,4.060387,219,129,1.697674,18.540578,3,1.369863,3,25-34,male,,,,,1.353462,1.369863,,
2025-12-24,2025-12-24,0.010001,1,1,1.0,10.000952,0,0.0,0,25-34,unknown,,,,,,,,
2025-12-24,2025-12-24,86.368222,5672,4133,1.372369,15.22712,63,1.110719,47,35-44,female,,,,,1.370924,0.828632,,
2025-12-24,2025-12-24,14.571387,857,529,1.620038,17.002786,15,1.750292,13,35-44,male,,,,,0.971426,1.516919,,
2025-12-24,2025-12-24,0.340032,29,24,1.208333,11.725254,0,0.0,0,35-44,unknown,,,,,,,,
2025-12-24,2025-12-24,219.730919,12660,9056,1.397968,17.356313,244,1.92733,192,45-54,female,8.0,952.68,,4.335667,0.900537,1.516588,27.466364875,0.041666666666666664
2025-12-24,2025-12-24,23.642251,1406,1008,1.394841,16.815257,21,1.493599,18,45-54,male,,,,,1.125821,1.280228,,
2025-12-24,2025-12-24,2.200209,117,69,1.695652,18.805209,0,0.0,0,45-54,unknown,,,,,,,,
2025-12-24,2025-12-24,273.716058,13332,9530,1.398951,20.530757,304,2.280228,233,55-64,female,8.0,193.4,,0.706572,0.900382,1.747675,34.21450725,0.034334763948497854
2025-12-24,2025-12-24,28.522715,1479,1056,1.400568,19.285136,24,1.622718,20,55-64,male,,,,,1.188446,1.352265,,
2025-12-24,2025-12-24,1.210115,93,73,1.273973,13.011991,0,0.0,0,55-64,unknown,,,,,,,,
2025-12-24,2025-12-24,148.744161,5819,4155,1.400481,25.561808,185,3.17924,152,65+,female,2.0,29.95,,0.201352,0.804022,2.612133,74.3720805,0.013157894736842105
2025-12-24,2025-12-24,17.8617,629,475,1.324211,28.39698,13,2.066773,13,65+,male,,,,,1.373977,2.066773,,
2025-12-24,2025-12-24,1.240118,74,58,1.275862,16.758352,2,2.702703,1,65+,unknown,,,,,0.620059,1.351351,,
2025-12-24,2025-12-24,0.0,0,0,0.0,,0,,0,Unknown,unknown,,,,,,,,
2025-12-25,2025-12-25,1.920024,106,83,1.277108,18.113436,2,1.886792,1,18-24,female,1.0,11.98,,6.239505,0.960012,0.943396,1.920024,1.0
2025-12-25,2025-12-25,0.330004,19,17,1.117647,17.36864,0,0.0,0,18-24,male,,,,,,,,
2025-12-25,2025-12-25,15.8102,1113,707,1.574257,14.205031,17,1.527403,16,25-34,female,1.0,29.95,,1.894347,0.930012,1.437556,15.8102,0.0625
2025-12-25,2025-12-25,3.120039,210,124,1.693548,14.85733,1,0.47619,1,25-34,male,,,,,3.120039,0.47619,,
2025-12-25,2025-12-25,0.140002,7,5,1.4,20.000252,0,0.0,0,25-34,unknown,,,,,,,,
2025-12-25,2025-12-25,74.50094,5483,3927,1.396231,13.587624,72,1.31315,53,35-44,female,5.0,215.64,,2.89446,1.034735,0.966624,14.900188,0.09433962264150944
2025-12-25,2025-12-25,15.510196,900,556,1.618705,17.233551,14,1.555556,13,35-44,male,1.0,65.89,,4.248173,1.107871,1.444444,15.510196,0.07692307692307693
2025-12-25,2025-12-25,0.880011,36,30,1.2,24.444753,0,0.0,0,35-44,unknown,,,,,,,,
2025-12-25,2025-12-25,212.212678,13927,9853,1.413478,15.237501,270,1.93868,208,45-54,female,4.0,208.28,,0.981468,0.785973,1.493502,53.0531695,0.019230769230769232
2025-12-25,2025-12-25,29.860377,1676,1180,1.420339,17.816454,26,1.551313,24,45-54,male,,,,,1.148476,1.431981,,
2025-12-25,2025-12-25,1.700021,110,66,1.666667,15.454741,1,0.909091,1,45-54,unknown,,,,,1.700021,0.909091,,
2025-12-25,2025-12-25,250.843166,14719,10620,1.38597,17.042134,309,2.099327,226,55-64,female,5.0,101.83,,0.405951,0.81179,1.53543,50.1686332,0.022123893805309734
2025-12-25,2025-12-25,33.710425,1657,1189,1.393608,20.344252,28,1.689801,26,55-64,male,,,,,1.203944,1.569101,,
2025-12-25,2025-12-25,0.730009,82,67,1.223881,8.902551,1,1.219512,1,55-64,unknown,,,,,0.730009,1.219512,,
2025-12-25,2025-12-25,135.961716,6005,4440,1.352477,22.641418,211,3.513739,189,65+,female,1.0,55.92,,0.411292,0.644368,3.147377,135.961716,0.005291005291005291
2025-12-25,2025-12-25,14.370181,708,506,1.399209,20.296866,20,2.824859,19,65+,male,,,,,0.718509,2.683616,,
2025-12-25,2025-12-25,0.690009,58,43,1.348837,11.896702,1,1.724138,1,65+,unknown,,,,,0.690009,1.724138,,
2025-12-26,2025-12-26,1.780062,125,105,1.190476,14.240498,6,4.8,4,18-24,female,,,,,0.296677,3.2,,
2025-12-26,2025-12-26,0.070002,9,8,1.125,7.77805,2,22.222222,1,18-24,male,,,,,0.035001,11.111111,,
2025-12-26,2025-12-26,0.0,2,2,1.0,0.0,0,0.0,0,18-24,unknown,,,,,,,,
2025-12-26,2025-12-26,17.120599,1212,779,1.555841,14.125907,8,0.660066,8,25-34,female,,,,,2.140075,0.660066,,
2025-12-26,2025-12-26,4.830169,255,131,1.946565,18.941839,2,0.784314,1,25-34,male,,,,,2.415084,0.392157,,
2025-12-26,2025-12-26,0.260009,11,10,1.1,23.63719,0,0.0,0,25-34,unknown,,,,,,,,
2025-12-26,2025-12-26,76.04266,5496,3792,1.449367,13.836001,90,1.637555,75,35-44,female,3.0,143.34,,1.884995,0.844918,1.364629,25.347553333333334,0.04
2025-12-26,2025-12-26,11.740411,813,481,1.690229,14.44085,10,1.230012,8,35-44,male,1.0,17.97,,1.530611,1.174041,0.98401,11.740411,0.125
2025-12-26,2025-12-26,0.56002,32,26,1.230769,17.500612,1,3.125,1,35-44,unknown,,,,,0.56002,3.125,,
2025-12-26,2025-12-26,216.507573,12908,8350,1.545868,16.773131,240,1.859312,201,45-54,female,3.0,99.88,,0.461323,0.902115,1.557174,72.169191,0.014925373134328358
2025-12-26,2025-12-26,17.510612,1228,795,1.544654,14.259456,19,1.547231,17,45-54,male,,,,,0.921611,1.384365,,
2025-12-26,2025-12-26,2.460086,105,60,1.75,23.429391,2,1.904762,2,45-54,unknown,,,,,1.230043,1.904762,,
2025-12-26,2025-12-26,297.080391,14233,9781,1.455168,20.872647,333,2.339633,271,55-64,female,6.0,155.74,,0.524235,0.892133,1.904026,49.5133985,0.02214022140221402
2025-12-26,2025-12-26,26.200916,1425,951,1.498423,18.386608,21,1.473684,18,55-64,male,,,,,1.247663,1.263158,,
2025-12-26,2025-12-26,5.640197,92,70,1.314286,61.306492,5,5.434783,4,55-64,unknown,,,,,1.128039,4.347826,,
2025-12-26,2025-12-26,158.205534,6682,4509,1.481925,23.676374,186,2.783598,145,65+,female,2.0,35.94,,0.227173,0.850567,2.170009,79.102767,0.013793103448275862
2025-12-26,2025-12-26,19.000665,698,517,1.350097,27.221583,15,2.148997,15,65+,male,,,,,1.266711,2.148997,,
2025-12-26,2025-12-26,2.680094,68,49,1.387755,39.413143,4,5.882353,4,65+,unknown,,,,,0.670023,5.882353,,
2025-12-27,2025-12-27,1.130058,89,78,1.141026,12.697284,0,0.0,0,18-24,female,,,,,,,,
2025-12-27,2025-12-27,0.410021,21,17,1.235294,19.524817,0,0.0,0,18-24,male,,,,,,,,
2025-12-27,2025-12-27,0.060003,1,1,1.0,60.003095,0,0.0,0,18-24,unknown,,,,,,,,
2025-12-27,2025-12-27,17.420899,1137,746,1.524129,15.321811,13,1.14336,12,25-34,female,,,,,1.340069,1.055409,,
2025-12-27,2025-12-27,2.860148,189,110,1.718182,15.133056,1,0.529101,1,25-34,male,,,,,2.860148,0.529101,,
2025-12-27,2025-12-27,0.760039,16,9,1.777778,47.50245,1,6.25,1,25-34,unknown,,,,,0.760039,6.25,,
2025-12-27,2025-12-27,74.473842,5095,3726,1.367418,14.617044,71,1.393523,61,35-44,female,4.0,127.83,,1.716442,1.048927,1.197252,18.6184605,0.06557377049180328
2025-12-27,2025-12-27,6.20032,592,391,1.514067,10.473513,5,0.844595,5,35-44,male,,,,,1.240064,0.844595,,
2025-12-27,2025-12-27,0.77004,22,15,1.466667,35.001806,0,0.0,0,35-44,unknown,,,,,,,,
2025-12-27,2025-12-27,212.110942,12015,8283,1.450561,17.653844,256,2.13067,208,45-54,female,4.0,131.85,,0.621609,0.828558,1.731169,53.0277355,0.019230769230769232
2025-12-27,2025-12-27,12.890665,911,628,1.450637,14.150016,13,1.427003,13,45-54,male,,,,,0.99159,1.427003,,
2025-12-27,2025-12-27,2.070107,82,50,1.64,25.245205,5,6.097561,4,45-54,unknown,2.0,35.94,,17.361423,0.414021,4.878049,1.0350535,0.5
2025-12-27,2025-12-27,270.323944,13193,9053,1.457307,20.489953,331,2.508906,279,55-64,female,23.0,1068.52,,3.952739,0.816689,2.114758,11.753214956521738,0.08243727598566308
2025-12-27,2025-12-27,17.870922,1148,782,1.468031,15.567005,26,2.264808,21,55-64,male,,,,,0.687343,1.829268,,
2025-12-27,2025-12-27,1.180061,78,62,1.258065,15.128986,1,1.282051,0,55-64,unknown,,,,,1.180061,,,
2025-12-27,2025-12-27,140.54725,6030,4180,1.442584,23.308002,166,2.752902,127,65+,female,8.0,187.71,,1.335565,0.84667,2.106136,17.56840625,0.06299212598425197
2025-12-27,2025-12-27,13.5607,606,414,1.463768,22.377392,7,1.155116,6,65+,male,2.0,119.87,,8.839515,1.937243,0.990099,6.78035,0.3333333333333333
2025-12-27,2025-12-27,0.790041,58,33,1.757576,13.621392,0,0.0,0,65+,unknown,,,,,,,,
2025-12-27,2025-12-27,0.0,0,0,0.0,,0,,0,Unknown,unknown,,,,,,,,
2025-12-28,2025-12-28,1.530128,93,74,1.256757,16.452987,2,2.150538,2,18-24,female,1.0,53.91,,35.232351,0.765064,2.150538,1.530128,0.5
2025-12-28,2025-12-28,0.300025,22,16,1.375,13.637503,0,0.0,0,18-24,male,,,,,,,,
2025-12-28,2025-12-28,20.301696,1271,810,1.569136,15.97301,22,1.730921,21,25-34,female,1.0,35.94,,1.770295,0.922804,1.652242,20.301696,0.047619047619047616
2025-12-28,2025-12-28,2.730228,152,107,1.420561,17.962027,4,2.631579,3,25-34,male,1.0,71.88,,26.327471,0.682557,1.973684,2.730228,0.3333333333333333
2025-12-28,2025-12-28,0.180015,8,8,1.0,22.501879,0,0.0,0,25-34,unknown,,,,,,,,
2025-12-28,2025-12-28,102.418555,5912,4097,1.443007,17.323842,107,1.809878,91,35-44,female,2.0,290.55,,2.836888,0.957183,1.539242,51.2092775,0.02197802197802198
2025-12-28,2025-12-28,7.06059,545,375,1.453333,12.955211,7,1.284404,6,35-44,male,1.0,35.94,,5.090226,1.008656,1.100917,7.06059,0.16666666666666666
2025-12-28,2025-12-28,1.020085,38,27,1.407407,26.844347,0,0.0,0,35-44,unknown,,,,,,,,
2025-12-28,2025-12-28,306.465598,14527,9899,1.467522,21.096276,319,2.195911,261,45-54,female,10.0,276.81,,0.903234,0.960707,1.796655,30.6465598,0.038314176245210725
2025-12-28,2025-12-28,19.571635,1042,710,1.467606,18.782759,26,2.495202,17,45-54,male,1.0,29.95,,1.530276,0.752755,1.631478,19.571635,0.058823529411764705
2025-12-28,2025-12-28,1.700142,104,65,1.6,16.347519,3,2.884615,2,45-54,unknown,,,,,0.566714,1.923077,,
2025-12-28,2025-12-28,371.511031,15250,10374,1.470021,24.361379,450,2.95082,365,55-64,female,18.0,657.09,,1.768696,0.82558,2.393443,20.63950172222222,0.049315068493150684
2025-12-28,2025-12-28,25.922165,1244,820,1.517073,20.837753,29,2.33119,25,55-64,male,,,,,0.893868,2.009646,,
2025-12-28,2025-12-28,2.210185,82,65,1.261538,26.953471,0,0.0,0,55-64,unknown,,,,,,,,
2025-12-28,2025-12-28,191.696011,7036,4782,1.471351,27.245027,235,3.339966,185,65+,female,4.0,138.08,,0.720307,0.815728,2.629335,47.92400275,0.021621621621621623
2025-12-28,2025-12-28,21.31178,605,423,1.43026,35.226083,14,2.31405,11,65+,male,1.0,77.87,,3.653848,1.52227,1.818182,21.31178,0.09090909090909091
2025-12-28,2025-12-28,1.590133,88,56,1.571429,18.069691,1,1.136364,0,65+,unknown,,,,,1.590133,,,
2025-12-28,2025-12-28,0.0,0,0,0.0,,0,,0,Unknown,unknown,,,,,,,,
2025-12-29,2025-12-29,3.010021,117,97,1.206186,25.726676,9,7.692308,7,18-24,female,,,,,0.334447,5.982906,,
2025-12-29,2025-12-29,0.240002,18,16,1.125,13.333427,1,5.555556,1,18-24,male,,,,,0.240002,5.555556,,
2025-12-29,2025-12-29,0.05,5,4,1.25,10.00007,0,0.0,0,18-24,unknown,,,,,,,,
2025-12-29,2025-12-29,20.450143,1448,979,1.47906,14.123027,15,1.035912,12,25-34,female,,,,,1.363343,0.828729,,
2025-12-29,2025-12-29,4.670033,180,111,1.621622,25.944626,4,2.222222,4,25-34,male,,,,,1.167508,2.222222,,
2025-12-29,2025-12-29,0.410003,11,8,1.375,37.272988,0,0.0,0,25-34,unknown,,,,,,,,
2025-12-29,2025-12-29,115.270805,7663,5474,1.39989,15.042517,116,1.513767,95,35-44,female,1.0,55.95,,0.485379,0.993714,1.239723,115.270805,0.010526315789473684
2025-12-29,2025-12-29,6.920048,642,470,1.365957,10.778892,4,0.623053,2,35-44,male,1.0,89.85,,12.984013,1.730012,0.311526,6.920048,0.5
2025-12-29,2025-12-29,0.610004,43,26,1.653846,14.186146,0,0.0,0,35-44,unknown,,,,,,,,
2025-12-29,2025-12-29,361.712528,20743,15268,1.358593,17.437812,334,1.610182,256,45-54,female,5.0,175.72,,0.4858,1.082972,1.234151,72.34250560000001,0.01953125
2025-12-29,2025-12-29,22.640158,1414,979,1.444331,16.011427,27,1.909477,24,45-54,male,,,,,0.838524,1.697313,,
2025-12-29,2025-12-29,1.320009,104,85,1.223529,12.692396,0,0.0,0,45-54,unknown,,,,,,,,
2025-12-29,2025-12-29,510.423567,24622,18307,1.34495,20.730386,500,2.030704,392,55-64,female,8.0,327.63,,0.641879,1.020847,1.592072,63.802945875,0.02040816326530612
2025-12-29,2025-12-29,28.6902,1622,1202,1.349418,17.688163,18,1.109741,10,55-64,male,,,,,1.5939,0.616523,,
2025-12-29,2025-12-29,2.89002,150,118,1.271186,19.266801,5,3.333333,2,55-64,unknown,,,,,0.578004,1.333333,,
2025-12-29,2025-12-29,329.012299,12647,9407,1.344424,26.015047,370,2.925595,290,65+,female,12.0,345.52,,1.050174,0.889222,2.293034,27.417691583333333,0.041379310344827586
2025-12-29,2025-12-29,21.280149,854,631,1.353407,24.918207,23,2.693208,17,65+,male,,,,,0.925224,1.990632,,
2025-12-29,2025-12-29,1.46001,123,89,1.382022,11.870002,0,0.0,0,65+,unknown,,,,,,,,
2025-12-30,2025-12-30,2.670355,127,94,1.351064,21.026417,1,0.787402,1,18-24,female,,,,,2.670355,0.787402,,
2025-12-30,2025-12-30,0.220029,17,14,1.214286,12.942897,0,0.0,0,18-24,male,,,,,,,,
2025-12-30,2025-12-30,19.522595,1284,890,1.442697,15.204513,10,0.778816,9,25-34,female,1.0,95.84,,4.909183,1.952259,0.700935,19.522595,0.1111111111111111
2025-12-30,2025-12-30,2.750366,198,123,1.609756,13.890735,2,1.010101,1,25-34,male,,,,,1.375183,0.505051,,
2025-12-30,2025-12-30,0.110015,11,11,1.0,10.001329,0,0.0,0,25-34,unknown,,,,,,,,
2025-12-30,2025-12-30,122.046221,6773,4860,1.393621,18.019522,104,1.535509,81,35-44,female,2.0,77.87,,0.638037,1.173521,1.195925,61.0231105,0.024691358024691357
2025-12-30,2025-12-30,10.361377,656,445,1.474157,15.794782,7,1.067073,6,35-44,male,,,,,1.480197,0.914634,,
2025-12-30,2025-12-30,0.580077,40,30,1.333333,14.501927,0,0.0,0,35-44,unknown,,,,,,,,
2025-12-30,2025-12-30,330.183885,17961,13870,1.294953,18.38338,356,1.982072,279,45-54,female,6.0,233.61,,0.707515,0.927483,1.553366,55.03064749999999,0.021505376344086023
2025-12-30,2025-12-30,24.413245,1280,925,1.383784,19.072847,24,1.875,20,45-54,male,,,,,1.017219,1.5625,,
2025-12-30,2025-12-30,1.320175,94,74,1.27027,14.04442,0,0.0,0,45-54,unknown,,,,,,,,
2025-12-30,2025-12-30,466.942062,21921,16056,1.365284,21.30113,423,1.929656,332,55-64,female,7.0,227.93,,0.488133,1.103882,1.514529,66.70600885714286,0.02108433734939759
2025-12-30,2025-12-30,36.314827,1819,1232,1.476461,19.964171,47,2.583837,43,55-64,male,2.0,89.85,,2.474196,0.772656,2.363936,18.1574135,0.046511627906976744
2025-12-30,2025-12-30,2.200292,152,115,1.321739,14.475608,6,3.947368,5,55-64,unknown,,,,,0.366715,3.289474,,
2025-12-30,2025-12-30,303.750372,11465,8969,1.278292,26.493709,271,2.363716,215,65+,female,2.0,60.73,,0.199934,1.12085,1.875273,151.875186,0.009302325581395349
2025-12-30,2025-12-30,28.413777,1052,770,1.366234,27.009293,25,2.376426,22,65+,male,,,,,1.136551,2.091255,,
2025-12-30,2025-12-30,2.490331,141,82,1.719512,17.661922,4,2.836879,2,65+,unknown,,,,,0.622583,1.41844,,
2025-12-31,2025-12-31,2.760486,120,76,1.578947,23.004052,3,2.5,1,18-24,female,,,,,0.920162,0.833333,,
2025-12-31,2025-12-31,0.320056,20,14,1.428571,16.002819,0,0.0,0,18-24,male,,,,,,,,
2025-12-31,2025-12-31,12.582216,904,625,1.4464,13.918381,16,1.769912,13,25-34,female,,,,,0.786389,1.438053,,
2025-12-31,2025-12-31,1.970347,143,99,1.444444,13.778651,1,0.699301,0,25-34,male,,,,,1.970347,,,
2025-12-31,2025-12-31,0.100018,10,8,1.25,10.001762,0,0.0,0,25-34,unknown,,,,,,,,
2025-12-31,2025-12-31,71.862657,5140,3628,1.416759,13.981062,73,1.420233,56,35-44,female,3.0,134.92,,1.87747,0.98442,1.089494,23.954219,0.05357142857142857
2025-12-31,2025-12-31,8.471492,627,400,1.5675,13.511152,5,0.797448,3,35-44,male,,,,,1.694298,0.478469,,
2025-12-31,2025-12-31,0.700123,26,23,1.130435,26.92782,0,0.0,0,35-44,unknown,,,,,,,,
2025-12-31,2025-12-31,244.673095,14623,10773,1.357375,16.732072,280,1.914792,215,45-54,female,7.0,192.26,,0.785783,0.873832,1.470287,34.95329928571429,0.03255813953488372
2025-12-31,2025-12-31,18.243213,1305,956,1.365063,13.979474,20,1.532567,16,45-54,male,,,,,0.912161,1.226054,,
2025-12-31,2025-12-31,0.590104,76,62,1.225806,7.764525,0,0.0,0,45-54,unknown,,,,,,,,
2025-12-31,2025-12-31,370.185202,19212,14222,1.350865,19.268437,439,2.28503,350,55-64,female,6.0,261.66,,0.706835,0.843246,1.821778,61.697533666666665,0.017142857142857144
2025-12-31,2025-12-31,28.495019,1741,1245,1.398394,16.367041,29,1.665709,26,55-64,male,,,,,0.982587,1.493395,,
2025-12-31,2025-12-31,1.820321,126,103,1.223301,14.446989,3,2.380952,3,55-64,unknown,,,,,0.606774,2.380952,,
2025-12-31,2025-12-31,239.632207,10350,7666,1.350117,23.15287,263,2.541063,206,65+,female,1.0,23.96,,0.099987,0.911149,1.990338,239.632207,0.0048543689320388345
2025-12-31,2025-12-31,17.753127,925,713,1.297335,19.19257,6,0.648649,4,65+,male,,,,,2.958854,0.432432,,
2025-12-31,2025-12-31,1.790315,110,83,1.325301,16.275594,1,0.909091,1,65+,unknown,,,,,1.790315,0.909091,,
2026-01-01,2026-01-01,2.050171,106,82,1.292683,19.341237,4,3.773585,2,18-24,female,,,,,0.512543,1.886792,,
2026-01-01,2026-01-01,0.570048,21,16,1.3125,27.145122,0,0.0,0,18-24,male,,,,,,,,
2026-01-01,2026-01-01,0.020002,2,2,1.0,10.000834,0,0.0,0,18-24,unknown,,,,,,,,
2026-01-01,2026-01-01,15.191268,1156,804,1.437811,13.141235,21,1.816609,19,25-34,female,1.0,35.94,,2.365833,0.723394,1.643599,15.191268,0.05263157894736842
2026-01-01,2026-01-01,1.700142,163,127,1.283465,10.430318,1,0.613497,0,25-34,male,,,,,1.700142,,,
2026-01-01,2026-01-01,0.080007,9,9,1.0,8.889631,0,0.0,0,25-34,unknown,,,,,,,,
2026-01-01,2026-01-01,71.865997,5848,4428,1.320687,12.288987,99,1.692886,83,35-44,female,1.0,,,,0.725919,1.419289,71.865997,0.012048192771084338
2026-01-01,2026-01-01,5.230436,640,418,1.5311,8.172557,6,0.9375,6,35-44,male,,,,,0.871739,0.9375,,
2026-01-01,2026-01-01,0.400033,29,23,1.26087,13.794254,0,0.0,0,35-44,unknown,,,,,,,,
2026-01-01,2026-01-01,239.229962,16430,12375,1.327677,14.560558,398,2.422398,312,45-54,female,10.0,317.47,,1.327049,0.60108,1.898965,23.9229962,0.03205128205128205
2026-01-01,2026-01-01,20.49171,1350,998,1.352705,15.179044,25,1.851852,19,45-54,male,,,,,0.819668,1.407407,,
2026-01-01,2026-01-01,0.760063,81,64,1.265625,9.383499,1,1.234568,0,45-54,unknown,,,,,0.760063,,,
2026-01-01,2026-01-01,339.968368,20093,15091,1.331456,16.919742,525,2.61285,422,55-64,female,5.0,132.84,,0.390742,0.647559,2.100234,67.9936736,0.011848341232227487
2026-01-01,2026-01-01,25.872159,1865,1330,1.402256,13.872471,47,2.520107,36,55-64,male,1.0,23.96,,0.926092,0.550471,1.930295,25.872159,0.027777777777777776
2026-01-01,2026-01-01,3.48029,152,109,1.394495,22.896647,9,5.921053,8,55-64,unknown,1.0,11.98,,3.442241,0.386699,5.263158,3.48029,0.125
2026-01-01,2026-01-01,212.047694,10176,7475,1.361338,20.83802,309,3.036557,262,65+,female,5.0,151.76,,0.715688,0.686238,2.574686,42.4095388,0.019083969465648856
2026-01-01,2026-01-01,17.811486,931,713,1.30575,19.131564,25,2.685285,21,65+,male,,,,,0.712459,2.255639,,
2026-01-01,2026-01-01,1.980165,87,71,1.225352,22.76052,0,0.0,0,65+,unknown,,,,,,,,
2026-01-02,2026-01-02,1.410101,137,107,1.280374,10.292704,3,2.189781,2,18-24,female,,,,,0.470034,1.459854,,
2026-01-02,2026-01-02,0.56004,26,15,1.733333,21.539997,0,0.0,0,18-24,male,,,,,,,,
2026-01-02,2026-01-02,19.22137,1537,1081,1.421832,12.505771,15,0.975927,11,25-34,female,,,,,1.281425,0.71568,,
2026-01-02,2026-01-02,2.400171,228,141,1.617021,10.527066,1,0.438596,2,25-34,male,,,,,2.400171,0.877193,,
2026-01-02,2026-01-02,0.250018,18,10,1.8,13.889879,1,5.555556,1,25-34,unknown,,,,,0.250018,5.555556,,
2026-01-02,2026-01-02,92.156569,8230,6174,1.333009,11.197639,140,1.701094,108,35-44,female,3.0,112.53,,1.221074,0.658261,1.312272,30.718856333333335,0.027777777777777776
2026-01-02,2026-01-02,8.090577,755,495,1.525253,10.715996,12,1.589404,9,35-44,male,,,,,0.674215,1.192053,,
2026-01-02,2026-01-02,0.360026,48,42,1.142857,7.500535,0,0.0,0,35-44,unknown,,,,,,,,
2026-01-02,2026-01-02,265.388917,19768,15871,1.245542,13.425178,381,1.927357,301,45-54,female,2.0,45.93,,0.173067,0.696559,1.522663,132.6944585,0.006644518272425249
2026-01-02,2026-01-02,17.841272,1317,1059,1.243626,13.546903,31,2.353834,30,45-54,male,,,,,0.575525,2.277904,,
2026-01-02,2026-01-02,1.560111,99,80,1.2375,15.758699,1,1.010101,0,45-54,unknown,,,,,1.560111,,,
2026-01-02,2026-01-02,340.014236,21954,16085,1.364874,15.487576,539,2.455133,440,55-64,female,17.0,705.07,,2.073648,0.630824,2.004191,20.000837411764707,0.038636363636363635
2026-01-02,2026-01-02,16.56118,1546,1166,1.325901,10.712277,31,2.005175,24,55-64,male,,,,,0.534232,1.552393,,
2026-01-02,2026-01-02,2.430173,133,100,1.33,18.271979,1,0.75188,1,55-64,unknown,,,,,2.430173,0.75188,,
2026-01-02,2026-01-02,197.53408,10289,7592,1.355242,19.198569,272,2.6436,225,65+,female,5.0,179.78,,0.910121,0.726228,2.186801,39.506816,0.022222222222222223
2026-01-02,2026-01-02,14.391026,812,613,1.324633,17.722938,14,1.724138,10,65+,male,,,,,1.02793,1.231527,,
2026-01-02,2026-01-02,1.880134,99,67,1.477612,18.991253,3,3.030303,3,65+,unknown,,,,,0.626711,3.030303,,
2026-01-02,2026-01-02,0.0,0,0,0.0,,0,,0,Unknown,unknown,,,,,,,,
2026-01-03,2026-01-03,2.160131,94,72,1.305556,22.980112,0,0.0,0,18-24,female,,,,,,,,
2026-01-03,2026-01-03,0.050003,12,8,1.5,4.166919,0,0.0,0,18-24,male,,,,,,,,
2026-01-03,2026-01-03,0.010001,1,1,1.0,10.000604,0,0.0,0,18-24,unknown,,,,,,,,
2026-01-03,2026-01-03,15.830957,1022,743,1.375505,15.490173,11,1.076321,8,25-34,female,1.0,35.94,,2.270235,1.439178,0.782779,15.830957,0.125
2026-01-03,2026-01-03,1.470089,156,93,1.677419,9.423647,0,0.0,0,25-34,male,,,,,,,,
2026-01-03,2026-01-03,0.020001,8,7,1.142857,2.500151,0,0.0,0,25-34,unknown,,,,,,,,
2026-01-03,2026-01-03,69.544203,5892,4499,1.309624,11.803157,101,1.714189,83,35-44,female,1.0,119.8,,1.722645,0.688556,1.40869,69.544203,0.012048192771084338
2026-01-03,2026-01-03,5.080307,492,335,1.468657,10.325827,4,0.813008,4,35-44,male,,,,,1.270077,0.813008,,
2026-01-03,2026-01-03,0.400024,30,23,1.304348,13.334139,2,6.666667,1,35-44,unknown,,,,,0.200012,3.333333,,
2026-01-03,2026-01-03,224.313558,14713,11612,1.267051,15.245943,347,2.358459,283,45-54,female,12.0,640.61,,2.855868,0.646437,1.923469,18.6927965,0.04240282685512368
2026-01-03,2026-01-03,13.350807,1019,766,1.330287,13.101871,15,1.472031,14,45-54,male,,,,,0.890054,1.373896,,
2026-01-03,2026-01-03,0.82005,72,57,1.263158,11.389577,1,1.388889,1,45-54,unknown,,,,,0.82005,1.388889,,
2026-01-03,2026-01-03,308.678657,16559,12247,1.352086,18.641141,403,2.433722,327,55-64,female,14.0,593.66,,1.92323,0.765952,1.974757,22.0484755,0.04281345565749235
2026-01-03,2026-01-03,15.350928,1230,875,1.405714,12.480429,10,0.813008,9,55-64,male,,,,,1.535093,0.731707,,
2026-01-03,2026-01-03,3.850233,96,74,1.297297,40.106591,7,7.291667,6,55-64,unknown,,,,,0.550033,6.25,,
2026-01-03,2026-01-03,152.54922,7520,5651,1.330738,20.285801,194,2.579787,163,65+,female,7.0,189.71,,1.243599,0.786336,2.167553,21.79274571428571,0.04294478527607362
2026-01-03,2026-01-03,12.780772,607,435,1.395402,21.055638,23,3.789127,20,65+,male,,,,,0.555686,3.294893,,
2026-01-03,2026-01-03,0.99006,81,57,1.421053,12.222961,1,1.234568,1,65+,unknown,,,,,0.99006,1.234568,,
2026-01-03,2026-01-03,0.0,0,0,0.0,,0,,0,Unknown,unknown,,,,,,,,
2026-01-04,2026-01-04,1.870114,116,94,1.234043,16.121675,3,2.586207,1,18-24,female,,,,,0.623371,0.862069,,
2026-01-04,2026-01-04,0.260016,18,14,1.285714,14.445327,0,0.0,0,18-24,male,,,,,,,,
2026-01-04,2026-01-04,0.030002,1,1,1.0,30.001833,0,0.0,0,18-24,unknown,,,,,,,,
2026-01-04,2026-01-04,19.851213,1303,923,1.411701,15.235006,32,2.455871,25,25-34,female,,,,,0.62035,1.918649,,
2026-01-04,2026-01-04,3.180194,239,151,1.582781,13.306252,2,0.83682,2,25-34,male,,,,,1.590097,0.83682,,
2026-01-04,2026-01-04,0.630038,14,7,2.0,45.002749,1,7.142857,1,25-34,unknown,,,,,0.630038,7.142857,,
2026-01-04,2026-01-04,90.395523,7030,5248,1.339558,12.858538,109,1.550498,75,35-44,female,1.0,23.96,,0.265057,0.829317,1.066856,90.395523,0.013333333333333334
2026-01-04,2026-01-04,8.02049,763,546,1.397436,10.511782,6,0.78637,4,35-44,male,,,,,1.336748,0.524246,,
2026-01-04,2026-01-04,0.280017,30,28,1.071429,9.333904,0,0.0,0,35-44,unknown,,,,,,,,
2026-01-04,2026-01-04,293.137909,19295,14904,1.294619,15.192429,441,2.285566,345,45-54,female,14.0,425.08,,1.450102,0.664712,1.788028,20.93842207142857,0.04057971014492753
2026-01-04,2026-01-04,21.621321,1675,1216,1.377467,12.908251,16,0.955224,11,45-54,male,,,,,1.351333,0.656716,,
2026-01-04,2026-01-04,1.040064,94,83,1.13253,11.064506,0,0.0,0,45-54,unknown,,,,,,,,
2026-01-04,2026-01-04,423.235858,24116,18221,1.323528,17.550002,591,2.450655,449,55-64,female,8.0,599.95,,1.417531,0.716135,1.861834,52.90448225,0.017817371937639197
2026-01-04,2026-01-04,32.491985,2002,1514,1.322325,16.229763,42,2.097902,38,55-64,male,,,,,0.773619,1.898102,,
2026-01-04,2026-01-04,2.400147,142,117,1.213675,16.902441,2,1.408451,1,55-64,unknown,,,,,1.200073,0.704225,,
2026-01-04,2026-01-04,226.04381,11066,8334,1.327814,20.426876,308,2.7833,235,65+,female,4.0,77.87,,0.344491,0.733908,2.123622,56.5109525,0.01702127659574468
2026-01-04,2026-01-04,19.371183,1017,726,1.400826,19.047378,16,1.573255,13,65+,male,,,,,1.210699,1.278269,,
2026-01-04,2026-01-04,1.890115,110,79,1.392405,17.182868,2,1.818182,2,65+,unknown,,,,,0.945058,1.818182,,
2026-01-05,2026-01-05,0.850156,95,76,1.25,8.949012,1,1.052632,1,18-24,female,,,,,0.850156,1.052632,,
2026-01-05,2026-01-05,0.120022,7,6,1.166667,17.146007,0,0.0,0,18-24,male,,,,,,,,
2026-01-05,2026-01-05,0.030006,3,2,1.5,10.001837,0,0.0,0,18-24,unknown,,,,,,,,
2026-01-05,2026-01-05,13.99257,1091,750,1.454667,12.825454,12,1.099908,10,25-34,female,,,,,1.166048,0.91659,,
2026-01-05,2026-01-05,2.960544,185,113,1.637168,16.00294,3,1.621622,2,25-34,male,,,,,0.986848,1.081081,,
2026-01-05,2026-01-05,0.150028,8,7,1.142857,18.753445,0,0.0,0,25-34,unknown,,,,,,,,
2026-01-05,2026-01-05,66.612236,5464,4194,1.302814,12.191112,95,1.738653,74,35-44,female,3.0,173.75,,2.60838,0.701181,1.354319,22.204078666666664,0.04054054054054054
2026-01-05,2026-01-05,5.180952,600,425,1.411765,8.634919,5,0.833333,4,35-44,male,,,,,1.03619,0.666667,,
2026-01-05,2026-01-05,0.510094,38,30,1.266667,13.423518,1,2.631579,0,35-44,unknown,,,,,0.510094,,,
2026-01-05,2026-01-05,205.507749,14327,11361,1.261069,14.344088,281,1.961332,207,45-54,female,7.0,669.27,,3.256666,0.731344,1.444824,29.358249857142855,0.033816425120772944
2026-01-05,2026-01-05,13.812537,1188,904,1.314159,11.626715,21,1.767677,14,45-54,male,,,,,0.65774,1.178451,,
2026-01-05,2026-01-05,0.98018,88,65,1.353846,11.13841,0,0.0,0,45-54,unknown,,,,,,,,
2026-01-05,2026-01-05,308.446657,17752,14208,1.249437,17.375319,389,2.191302,312,55-64,female,2.0,47.92,,0.155359,0.792922,1.757548,154.2233285,0.00641025641025641
2026-01-05,2026-01-05,21.824009,1476,1147,1.286835,14.785914,23,1.558266,22,55-64,male,1.0,35.94,,1.64681,0.94887,1.490515,21.824009,0.045454545454545456
2026-01-05,2026-01-05,1.330244,100,88,1.136364,13.302443,2,2.0,1,55-64,unknown,,,,,0.665122,1.0,,
2026-01-05,2026-01-05,210.918743,9291,6953,1.336258,22.701404,283,3.045958,228,65+,female,7.0,167.72,,0.795188,0.745296,2.453988,30.131249,0.03070175438596491
2026-01-05,2026-01-05,16.072952,888,593,1.49747,18.100172,10,1.126126,9,65+,male,,,,,1.607295,1.013514,,
2026-01-05,2026-01-05,1.750322,91,72,1.263889,19.234302,3,3.296703,2,65+,unknown,,,,,0.583441,2.197802,,
2026-01-06,2026-01-06,0.92,68,57,1.192982,13.529412,0,0.0,0,18-24,female,,,,,,,,
2026-01-06,2026-01-06,0.03,6,5,1.2,5.0,0,0.0,0,18-24,male,,,,,,,,
2026-01-06,2026-01-06,0.03,2,2,1.0,15.0,0,0.0,0,18-24,unknown,,,,,,,,
2026-01-06,2026-01-06,10.27,892,581,1.535284,11.513453,13,1.457399,8,25-34,female,,,,,0.79,0.896861,,
2026-01-06,2026-01-06,1.31,109,84,1.297619,12.018349,0,0.0,0,25-34,male,,,,,,,,
2026-01-06,2026-01-06,0.0,3,3,1.0,0.0,0,0.0,0,25-34,unknown,,,,,,,,
2026-01-06,2026-01-06,52.49,4093,3192,1.282268,12.824334,58,1.417054,49,35-44,female,,,,,0.905,1.197166,,
2026-01-06,2026-01-06,4.9,485,298,1.627517,10.103093,1,0.206186,1,35-44,male,,,,,4.9,0.206186,,
2026-01-06,2026-01-06,0.06,26,22,1.181818,2.307692,0,0.0,0,35-44,unknown,,,,,,,,
2026-01-06,2026-01-06,177.52,11500,9623,1.195054,15.436522,207,1.8,162,45-54,female,3.0,62.92,,0.354439,0.857585,1.408696,59.17333333333334,0.018518518518518517
2026-01-06,2026-01-06,9.95,873,638,1.368339,11.39748,13,1.489118,11,45-54,male,,,,,0.765385,1.260023,,
2026-01-06,2026-01-06,0.99,53,47,1.12766,18.679245,0,0.0,0,45-54,unknown,,,,,,,,
2026-01-06,2026-01-06,283.39,15599,12347,1.263384,18.16719,364,2.333483,297,55-64,female,3.0,95.84,,0.338191,0.778544,1.903968,94.46333333333332,0.010101010101010102
2026-01-06,2026-01-06,22.21,1171,959,1.221064,18.966695,10,0.853971,9,55-64,male,3.0,91.87,,4.136425,2.221,0.768574,7.403333333333333,0.3333333333333333
2026-01-06,2026-01-06,1.64,96,84,1.142857,17.083333,3,3.125,3,55-64,unknown,,,,,0.546667,3.125,,
2026-01-06,2026-01-06,182.93,8525,6836,1.247074,21.458065,213,2.498534,179,65+,female,1.0,11.98,,0.06549,0.858826,2.099707,182.93,0.00558659217877095
2026-01-06,2026-01-06,10.95,590,457,1.291028,18.559322,5,0.847458,6,65+,male,,,,,2.19,1.016949,,
2026-01-06,2026-01-06,2.96,81,63,1.285714,36.54321,5,6.17284,4,65+,unknown,,,,,0.592,4.938272,,
2026-01-07,2026-01-07,0.860028,73,66,1.106061,11.781203,2,2.739726,1,18-24,female,,,,,0.430014,1.369863,,
2026-01-07,2026-01-07,0.210007,15,9,1.666667,14.000453,0,0.0,0,18-24,male,,,,,,,,
2026-01-07,2026-01-07,0.040001,2,2,1.0,20.000647,0,0.0,0,18-24,unknown,,,,,,,,
2026-01-07,2026-01-07,15.470501,1048,723,1.449516,14.761928,17,1.622137,17,25-34,female,,,,,0.910029,1.622137,,
2026-01-07,2026-01-07,1.970064,168,130,1.292308,11.72657,2,1.190476,2,25-34,male,,,,,0.985032,1.190476,,
2026-01-07,2026-01-07,0.080003,12,6,2.0,6.666882,1,8.333333,1,25-34,unknown,,,,,0.080003,8.333333,,
2026-01-07,2026-01-07,66.932166,4593,3507,1.309666,14.572647,69,1.502286,59,35-44,female,,,,,0.970031,1.284563,,
2026-01-07,2026-01-07,5.770187,574,412,1.393204,10.05259,6,1.045296,5,35-44,male,,,,,0.961698,0.87108,,
2026-01-07,2026-01-07,0.32001,31,27,1.148148,10.322915,0,0.0,0,35-44,unknown,,,,,,,,
2026-01-07,2026-01-07,203.956599,12621,10325,1.222373,16.160098,254,2.012519,204,45-54,female,2.0,622.96,,3.054375,0.802979,1.616354,101.9782995,0.00980392156862745
2026-01-07,2026-01-07,17.32056,1056,849,1.243816,16.402046,13,1.231061,11,45-54,male,,,,,1.332351,1.041667,,
2026-01-07,2026-01-07,1.070035,63,59,1.067797,16.984677,2,3.174603,1,45-54,unknown,,,,,0.535017,1.587302,,
2026-01-07,2026-01-07,327.660602,16669,12982,1.284009,19.656884,389,2.333673,315,55-64,female,5.0,158.83,,0.484739,0.842315,1.889735,65.5321204,0.015873015873015872
2026-01-07,2026-01-07,28.170912,1516,1152,1.315972,18.582395,26,1.71504,22,55-64,male,,,,,1.083497,1.451187,,
2026-01-07,2026-01-07,1.320043,79,74,1.067568,16.709401,2,2.531646,3,55-64,unknown,,,,,0.660021,3.797468,,
2026-01-07,2026-01-07,235.17761,9650,7556,1.277131,24.370737,320,3.316062,249,65+,female,2.0,83.86,,0.356582,0.73493,2.580311,117.588805,0.008032128514056224
2026-01-07,2026-01-07,19.000615,915,669,1.367713,20.765699,16,1.748634,13,65+,male,,,,,1.187538,1.420765,,
2026-01-07,2026-01-07,1.830059,94,65,1.446154,19.468715,0,0.0,0,65+,unknown,,,,,,,,
2026-01-07,2026-01-07,0.0,0,0,0.0,,0,,0,Unknown,unknown,,,,,,,,
2026-01-08,2026-01-08,1.610537,120,99,1.212121,13.421141,1,0.833333,1,18-24,female,,,,,1.610537,0.833333,,
2026-01-08,2026-01-08,0.100033,10,9,1.111111,10.003335,0,0.0,0,18-24,male,,,,,,,,
2026-01-08,2026-01-08,15.865289,1202,822,1.462287,13.199075,27,2.246256,23,25-34,female,1.0,23.96,,1.510215,0.587603,1.913478,15.865289,0.043478260869565216
2026-01-08,2026-01-08,2.020674,216,155,1.393548,9.35497,5,2.314815,4,25-34,male,,,,,0.404135,1.851852,,
2026-01-08,2026-01-08,0.3001,11,8,1.375,27.281822,0,0.0,0,25-34,unknown,,,,,,,,
2026-01-08,2026-01-08,67.622542,5142,4030,1.275931,13.151019,69,1.34189,55,35-44,female,1.0,114.65,,1.695441,0.980037,1.069623,67.622542,0.01818181818181818
2026-01-08,2026-01-08,8.632878,691,508,1.360236,12.493311,10,1.447178,9,35-44,male,,,,,0.863288,1.30246,,
2026-01-08,2026-01-08,0.230077,26,24,1.083333,8.849104,0,0.0,0,35-44,unknown,,,,,,,,
2026-01-08,2026-01-08,219.803272,13770,10722,1.284275,15.962474,305,2.21496,236,45-54,female,1.0,29.95,,0.136258,0.720666,1.713871,219.803272,0.00423728813559322
2026-01-08,2026-01-08,19.696566,1223,945,1.29418,16.105123,17,1.390025,16,45-54,male,,,,,1.158622,1.308258,,
2026-01-08,2026-01-08,0.830277,70,57,1.22807,11.861097,3,4.285714,3,45-54,unknown,,,,,0.276759,4.285714,,
2026-01-08,2026-01-08,331.520513,17418,13600,1.280735,19.033213,399,2.290734,315,55-64,female,12.0,328.48,,0.990829,0.830878,1.808474,27.626709416666667,0.0380952380952381
2026-01-08,2026-01-08,26.06869,1633,1256,1.300159,15.96368,24,1.469688,19,55-64,male,,,,,1.086195,1.163503,,
2026-01-08,2026-01-08,1.47049,102,91,1.120879,14.41657,2,1.960784,1,55-64,unknown,,,,,0.735245,0.980392,,
2026-01-08,2026-01-08,238.969661,10458,7690,1.359948,22.850417,320,3.059858,251,65+,female,5.0,126.8,,0.530611,0.74678,2.400077,47.7939322,0.0199203187250996
2026-01-08,2026-01-08,22.997666,1073,736,1.45788,21.433053,29,2.702703,25,65+,male,,,,,0.793023,2.329916,,
2026-01-08,2026-01-08,2.210737,117,76,1.539474,18.895188,3,2.564103,3,65+,unknown,,,,,0.736912,2.564103,,
2026-01-09,2026-01-09,1.080198,92,75,1.226667,11.74128,1,1.086957,1,18-24,female,,,,,1.080198,1.086957,,
2026-01-09,2026-01-09,0.040007,7,6,1.166667,5.715332,0,0.0,0,18-24,male,,,,,,,,
2026-01-09,2026-01-09,0.040007,3,3,1.0,13.335775,0,0.0,0,18-24,unknown,,,,,,,,
2026-01-09,2026-01-09,15.852903,1100,741,1.48448,14.41173,20,1.818182,17,25-34,female,,,,,0.792645,1.545455,,
2026-01-09,2026-01-09,2.470452,209,148,1.412162,11.820346,0,0.0,0,25-34,male,,,,,,,,
2026-01-09,2026-01-09,0.200037,10,8,1.25,20.003663,0,0.0,0,25-34,unknown,,,,,,,,
2026-01-09,2026-01-09,78.234325,5160,3961,1.302701,15.161691,94,1.821705,68,35-44,female,1.0,666.54,,8.51979,0.83228,1.317829,78.234325,0.014705882352941176
2026-01-09,2026-01-09,9.471734,739,563,1.312611,12.816961,19,2.571042,17,35-44,male,,,,,0.498512,2.300406,,
2026-01-09,2026-01-09,0.38007,28,26,1.076923,13.573914,1,3.571429,1,35-44,unknown,,,,,0.38007,3.571429,,
2026-01-09,2026-01-09,204.337415,12715,9537,1.333228,16.070579,289,2.272906,224,45-54,female,3.0,143.76,,0.703542,0.70705,1.761699,68.11247166666666,0.013392857142857142
2026-01-09,2026-01-09,23.934383,1289,977,1.319345,18.568179,27,2.094647,22,45-54,male,1.0,55.95,,2.337641,0.886459,1.706749,23.934383,0.045454545454545456
2026-01-09,2026-01-09,1.290236,79,64,1.234375,16.332104,2,2.531646,1,45-54,unknown,,,,,0.645118,1.265823,,
2026-01-09,2026-01-09,302.5554,15164,11735,1.292203,19.952216,433,2.855447,334,55-64,female,11.0,609.85,,2.015664,0.698742,2.202585,27.505036363636364,0.03293413173652695
2026-01-09,2026-01-09,28.245172,1583,1203,1.315877,17.842812,39,2.463677,25,55-64,male,1.0,,,,0.724235,1.57928,28.245172,0.04
2026-01-09,2026-01-09,1.010185,73,65,1.123077,13.83815,1,1.369863,0,55-64,unknown,,,,,1.010185,,,
2026-01-09,2026-01-09,183.473595,8148,6105,1.334644,22.517623,259,3.178694,212,65+,female,2.0,47.92,,0.261182,0.708392,2.601865,91.7367975,0.009433962264150943
2026-01-09,2026-01-09,19.913646,873,624,1.399038,22.810591,36,4.123711,26,65+,male,,,,,0.553157,2.978236,,
2026-01-09,2026-01-09,1.280234,69,53,1.301887,18.554122,1,1.449275,0,65+,unknown,,,,,1.280234,,,
2026-01-09,2026-01-09,0.0,0,0,0.0,,0,,0,Unknown,unknown,,,,,,,,
2026-01-10,2026-01-10,0.930129,75,58,1.293103,12.401721,0,0.0,0,18-24,female,,,,,,,,
2026-01-10,2026-01-10,0.040006,8,8,1.0,5.000694,0,0.0,0,18-24,male,,,,,,,,
2026-01-10,2026-01-10,15.292122,1016,699,1.453505,15.051301,22,2.165354,18,25-34,female,1.0,17.97,,1.175115,0.695096,1.771654,15.292122,0.05555555555555555
2026-01-10,2026-01-10,1.770246,171,123,1.390244,10.352314,4,2.339181,4,25-34,male,,,,,0.442561,2.339181,,
2026-01-10,2026-01-10,0.280039,11,8,1.375,25.458078,0,0.0,0,25-34,unknown,,,,,,,,
2026-01-10,2026-01-10,73.170153,5014,3707,1.352576,14.59317,95,1.894695,74,35-44,female,6.0,241.0,,3.293693,0.770212,1.475868,12.1950255,0.08108108108108109
2026-01-10,2026-01-10,8.591192,666,488,1.364754,12.899688,10,1.501502,11,35-44,male,,,,,0.859119,1.651652,,
2026-01-10,2026-01-10,0.800111,30,26,1.153846,26.670367,0,0.0,0,35-44,unknown,,,,,,,,
2026-01-10,2026-01-10,195.897182,12263,8987,1.364527,15.974654,276,2.250673,228,45-54,female,3.0,53.91,,0.275195,0.709772,1.859251,65.29906066666666,0.013157894736842105
2026-01-10,2026-01-10,18.95263,1285,972,1.322016,14.749128,17,1.322957,13,45-54,male,,,,,1.114861,1.011673,,
2026-01-10,2026-01-10,1.240172,80,62,1.290323,15.502151,3,3.75,2,45-54,unknown,,,,,0.413391,2.5,,
2026-01-10,2026-01-10,279.458776,14649,11176,1.310755,19.076987,473,3.228889,357,55-64,female,11.0,266.26,,0.95277,0.590822,2.437026,25.405343272727272,0.03081232492997199
2026-01-10,2026-01-10,24.923458,1613,1202,1.34193,15.451617,49,3.037818,40,55-64,male,,,,,0.508642,2.479851,,
2026-01-10,2026-01-10,1.990276,84,67,1.253731,23.693764,2,2.380952,2,55-64,unknown,,,,,0.995138,2.380952,,
2026-01-10,2026-01-10,152.361141,7491,5657,1.3242,20.339226,258,3.444133,205,65+,female,8.0,289.56,,1.900485,0.590547,2.736617,19.045142625,0.03902439024390244
2026-01-10,2026-01-10,16.122237,876,609,1.438424,18.40438,21,2.39726,16,65+,male,,,,,0.767726,1.826484,,
2026-01-10,2026-01-10,0.950132,75,54,1.388889,12.668424,3,4.0,2,65+,unknown,,,,,0.316711,2.666667,,
2026-01-11,2026-01-11,2.320425,97,82,1.182927,23.92191,6,6.185567,5,18-24,female,,,,,0.386738,5.154639,,
2026-01-11,2026-01-11,0.11002,12,11,1.090909,9.168347,0,0.0,0,18-24,male,,,,,,,,
2026-01-11,2026-01-11,0.050009,6,5,1.2,8.334861,0,0.0,0,18-24,unknown,,,,,,,,
2026-01-11,2026-01-11,18.82345,1324,926,1.429806,14.217107,29,2.190332,21,25-34,female,2.0,114.95,,6.106745,0.649084,1.586103,9.411725,0.09523809523809523
2026-01-11,2026-01-11,3.070563,218,157,1.388535,14.08515,5,2.293578,4,25-34,male,,,,,0.614113,1.834862,,
2026-01-11,2026-01-11,0.010002,5,5,1.0,2.000367,0,0.0,0,25-34,unknown,,,,,,,,
2026-01-11,2026-01-11,82.01503,6726,4786,1.405349,12.19373,142,2.11121,111,35-44,female,2.0,128.86,,1.571175,0.577571,1.650312,41.007515,0.018018018018018018
2026-01-11,2026-01-11,8.651585,761,538,1.414498,11.368706,8,1.051248,6,35-44,male,,,,,1.081448,0.788436,,
2026-01-11,2026-01-11,0.420077,38,35,1.085714,11.054657,0,0.0,0,35-44,unknown,,,,,,,,
2026-01-11,2026-01-11,245.134923,17057,12918,1.320406,14.371514,400,2.345078,328,45-54,female,6.0,190.69,,0.777898,0.612837,1.922964,40.8558205,0.018292682926829267
2026-01-11,2026-01-11,18.373367,1470,1148,1.280488,12.498889,23,1.564626,16,45-54,male,,,,,0.798842,1.088435,,
2026-01-11,2026-01-11,1.250229,117,94,1.244681,10.685719,2,1.709402,2,45-54,unknown,,,,,0.625115,1.709402,,
2026-01-11,2026-01-11,340.092324,20852,16115,1.29395,16.309818,527,2.527336,411,55-64,female,11.0,341.43,,1.003933,0.645336,1.971034,30.917484,0.0267639902676399
2026-01-11,2026-01-11,29.475402,1939,1414,1.371287,15.201342,57,2.93966,43,55-64,male,,,,,0.517112,2.217638,,
2026-01-11,2026-01-11,0.960176,104,92,1.130435,9.232461,3,2.884615,3,55-64,unknown,,,,,0.320059,2.884615,,
2026-01-11,2026-01-11,212.798997,10717,8076,1.327018,19.856209,361,3.36848,268,65+,female,4.0,71.88,,0.337784,0.589471,2.5007,53.19974925,0.014925373134328358
2026-01-11,2026-01-11,16.483021,1037,759,1.366271,15.894909,37,3.567985,32,65+,male,,,,,0.445487,3.085824,,
2026-01-11,2026-01-11,2.190401,108,77,1.402597,20.281494,4,3.703704,3,65+,unknown,1.0,23.96,,10.938634,0.5476,2.777778,2.190401,0.3333333333333333
2026-01-11,2026-01-11,0.0,0,0,0.0,,0,,0,Unknown,unknown,,,,,,,,
2026-01-12,2026-01-12,0.959965,90,75,1.2,10.666279,0,0.0,0,18-24,female,,,,,,,,
2026-01-12,2026-01-12,0.059998,10,5,2.0,5.999782,0,0.0,0,18-24,male,,,,,,,,
2026-01-12,2026-01-12,0.01,2,2,1.0,4.999818,0,0.0,0,18-24,unknown,,,,,,,,
2026-01-12,2026-01-12,16.739391,1371,948,1.446203,12.209622,16,1.167031,17,25-34,female,,,,,1.046212,1.239971,,
2026-01-12,2026-01-12,1.319952,193,126,1.531746,6.83913,0,0.0,0,25-34,male,,,,,,,,
2026-01-12,2026-01-12,0.079997,9,6,1.5,8.888566,0,0.0,0,25-34,unknown,,,,,,,,
2026-01-12,2026-01-12,93.5166,8486,6732,1.260547,11.020104,128,1.508367,104,35-44,female,1.0,27.98,,0.299198,0.730598,1.225548,93.5166,0.009615384615384616
2026-01-12,2026-01-12,7.529726,761,535,1.42243,9.894515,6,0.788436,5,35-44,male,,,,,1.254954,0.65703,,
2026-01-12,2026-01-12,0.929966,59,44,1.340909,15.762139,5,8.474576,5,35-44,unknown,,,,,0.185993,8.474576,,
2026-01-12,2026-01-12,266.790299,22476,18155,1.238006,11.870008,358,1.59281,252,45-54,female,,,,,0.745224,1.121196,,
2026-01-12,2026-01-12,19.589288,1588,1178,1.348048,12.335824,17,1.070529,14,45-54,male,,,,,1.152311,0.881612,,
2026-01-12,2026-01-12,1.609941,113,90,1.255556,14.24727,3,2.654867,2,45-54,unknown,,,,,0.536647,1.769912,,
2026-01-12,2026-01-12,407.245192,26814,20975,1.278379,15.187782,618,2.304766,449,55-64,female,12.0,345.76,,0.849022,0.658973,1.674498,33.93709933333333,0.026726057906458798
2026-01-12,2026-01-12,25.539071,1955,1442,1.355756,13.063464,18,0.920716,15,55-64,male,,,,,1.418837,0.767263,,
2026-01-12,2026-01-12,1.319952,144,126,1.142857,9.166333,1,0.694444,0,55-64,unknown,,,,,1.319952,,,
2026-01-12,2026-01-12,241.021236,13267,9999,1.326833,18.166973,350,2.638125,273,65+,female,4.0,93.56,,0.388182,0.688632,2.057737,60.255309,0.014652014652014652
2026-01-12,2026-01-12,12.38955,963,704,1.367898,12.865576,17,1.765317,12,65+,male,,,,,0.728797,1.246106,,
2026-01-12,2026-01-12,3.429875,142,103,1.378641,24.154051,4,2.816901,3,65+,unknown,,,,,0.857469,2.112676,,
2026-01-13,2026-01-13,0.690305,46,41,1.121951,15.00662,1,2.173913,1,18-24,female,,,,,0.690305,2.173913,,
2026-01-13,2026-01-13,0.100044,7,6,1.166667,14.292019,0,0.0,0,18-24,male,,,,,,,,
2026-01-13,2026-01-13,10.40459,948,591,1.604061,10.975305,26,2.742616,17,25-34,female,,,,,0.400177,1.793249,,
2026-01-13,2026-01-13,0.540238,90,54,1.666667,6.002648,1,1.111111,0,25-34,male,,,,,0.540238,,,
2026-01-13,2026-01-13,0.020009,4,3,1.333333,5.002207,0,0.0,0,25-34,unknown,,,,,,,,
2026-01-13,2026-01-13,66.689417,5192,3844,1.350676,12.844649,84,1.617874,70,35-44,female,2.0,79.88,,1.197791,0.793922,1.348228,33.3447085,0.02857142857142857
2026-01-13,2026-01-13,4.481977,442,268,1.649254,10.14022,6,1.357466,4,35-44,male,,,,,0.746996,0.904977,,
2026-01-13,2026-01-13,0.360159,33,26,1.269231,10.913905,1,3.030303,1,35-44,unknown,,,,,0.360159,3.030303,,
2026-01-13,2026-01-13,203.609814,14944,12114,1.233614,13.624854,255,1.70637,195,45-54,female,2.0,23.96,,0.117676,0.79847,1.304872,101.804907,0.010256410256410256
2026-01-13,2026-01-13,12.435485,970,727,1.33425,12.820088,15,1.546392,12,45-54,male,,,,,0.829032,1.237113,,
2026-01-13,2026-01-13,1.27056,99,81,1.222222,12.833944,3,3.030303,2,45-54,unknown,,,,,0.42352,2.020202,,
2026-01-13,2026-01-13,326.524032,18828,14944,1.259904,17.34247,474,2.517527,361,55-64,female,5.0,282.5,,0.865174,0.688869,1.917357,65.30480639999999,0.013850415512465374
2026-01-13,2026-01-13,17.237604,1309,936,1.398504,13.168528,23,1.757066,18,55-64,male,,,,,0.749461,1.375095,,
2026-01-13,2026-01-13,1.590702,102,86,1.186047,15.595114,3,2.941176,1,55-64,unknown,,,,,0.530234,0.980392,,
2026-01-13,2026-01-13,198.927748,9446,7047,1.340429,21.059469,287,3.038323,227,65+,female,3.0,127.02,,0.638523,0.693128,2.403134,66.30924933333334,0.013215859030837005
2026-01-13,2026-01-13,13.696041,724,478,1.514644,18.917184,24,3.314917,22,65+,male,,,,,0.570668,3.038674,,
2026-01-13,2026-01-13,2.891275,87,65,1.338462,33.23305,3,3.448276,1,65+,unknown,,,,,0.963758,1.149425,,
2026-01-13,2026-01-13,0.0,0,0,0.0,,0,,0,Unknown,unknown,1.0,23.96,,,,,0.0,
2026-01-14,2026-01-14,0.70007,33,28,1.178571,21.214254,2,6.060606,1,18-24,female,,,,,0.350035,3.030303,,
2026-01-14,2026-01-14,0.010001,1,1,1.0,10.001005,0,0.0,0,18-24,male,,,,,,,,
2026-01-14,2026-01-14,0.0,2,2,1.0,0.0,0,0.0,0,18-24,unknown,,,,,,,,
2026-01-14,2026-01-14,9.910996,730,484,1.508264,13.576707,9,1.232877,9,25-34,female,,,,,1.101222,1.232877,,
2026-01-14,2026-01-14,0.450045,77,65,1.184615,5.844743,1,1.298701,1,25-34,male,,,,,0.450045,1.298701,,
2026-01-14,2026-01-14,0.070007,6,5,1.2,11.66784,0,0.0,0,25-34,unknown,,,,,,,,
2026-01-14,2026-01-14,57.10574,4502,3450,1.304928,12.684527,81,1.7992,66,35-44,female,1.0,11.98,,0.209786,0.705009,1.466015,57.10574,0.015151515151515152
2026-01-14,2026-01-14,3.740376,457,269,1.698885,8.18463,3,0.656455,2,35-44,male,,,,,1.246792,0.437637,,
2026-01-14,2026-01-14,0.360036,26,20,1.3,13.847546,0,0.0,0,35-44,unknown,,,,,,,,
2026-01-14,2026-01-14,178.057898,13360,10627,1.257175,13.327687,257,1.923653,200,45-54,female,4.0,385.76,,2.166486,0.692832,1.497006,44.5144745,0.02
2026-01-14,2026-01-14,11.64117,870,635,1.370079,13.380655,7,0.804598,3,45-54,male,,,,,1.663024,0.344828,,
2026-01-14,2026-01-14,0.790079,81,70,1.157143,9.754067,2,2.469136,1,45-54,unknown,,,,,0.39504,1.234568,,
2026-01-14,2026-01-14,307.080868,17952,14033,1.27927,17.105663,453,2.523396,354,55-64,female,2.0,47.92,,0.15605,0.677883,1.971925,153.540434,0.005649717514124294
2026-01-14,2026-01-14,19.221932,1215,844,1.439573,15.82052,25,2.057613,21,55-64,male,3.0,65.89,,3.427855,0.768877,1.728395,6.407310666666667,0.14285714285714285
2026-01-14,2026-01-14,2.500251,122,93,1.311828,20.493863,4,3.278689,3,55-64,unknown,,,,,0.625063,2.459016,,
2026-01-14,2026-01-14,194.379539,8940,6963,1.283929,21.742678,252,2.818792,196,65+,female,4.0,153.77,,0.791081,0.771347,2.192394,48.59488475,0.02040816326530612
2026-01-14,2026-01-14,8.300834,572,412,1.38835,14.511948,10,1.748252,10,65+,male,,,,,0.830083,1.748252,,
2026-01-14,2026-01-14,1.540155,74,61,1.213115,20.812903,5,6.756757,2,65+,unknown,,,,,0.308031,2.702703,,
2026-01-15,2026-01-15,1.080917,36,20,1.8,30.025467,0,0.0,0,18-24,female,,,,,,,,
2026-01-15,2026-01-15,0.040034,5,5,1.0,8.006791,0,0.0,0,18-24,male,,,,,,,,
2026-01-15,2026-01-15,7.576426,644,398,1.61809,11.764637,10,1.552795,9,25-34,female,,,,,0.757643,1.397516,,
2026-01-15,2026-01-15,0.680577,72,38,1.894737,9.452462,2,2.777778,1,25-34,male,,,,,0.340289,1.388889,,
2026-01-15,2026-01-15,0.060051,7,6,1.166667,8.578705,1,14.285714,0,25-34,unknown,,,,,0.060051,,,
2026-01-15,2026-01-15,59.740671,3812,2927,1.302357,15.671739,83,2.177335,64,35-44,female,2.0,47.92,,0.802134,0.719767,1.678909,29.8703355,0.03125
2026-01-15,2026-01-15,3.793217,312,183,1.704918,12.157748,2,0.641026,1,35-44,male,,,,,1.896609,0.320513,,
2026-01-15,2026-01-15,0.310263,22,21,1.047619,14.102871,0,0.0,0,35-44,unknown,,,,,,,,
2026-01-15,2026-01-15,183.705815,11665,9135,1.276957,15.748462,242,2.074582,194,45-54,female,3.0,71.88,,0.391278,0.759115,1.663095,61.23527166666667,0.015463917525773196
2026-01-15,2026-01-15,7.956749,595,465,1.27957,13.372687,12,2.016807,10,45-54,male,,,,,0.663062,1.680672,,
2026-01-15,2026-01-15,0.380323,57,51,1.117647,6.672326,0,0.0,0,45-54,unknown,,,,,,,,
2026-01-15,2026-01-15,298.573243,16133,12994,1.241573,18.506988,382,2.367818,306,55-64,female,9.0,241.69,,0.809483,0.781605,1.896733,33.17480477777778,0.029411764705882353
2026-01-15,2026-01-15,15.363031,1025,682,1.502933,14.988323,11,1.073171,6,55-64,male,,,,,1.396639,0.585366,,
2026-01-15,2026-01-15,1.120951,78,67,1.164179,14.371164,1,1.282051,1,55-64,unknown,,,,,1.120951,1.282051,,
2026-01-15,2026-01-15,195.665959,8703,6592,1.320237,22.482588,298,3.424107,243,65+,female,3.0,69.89,,0.35719,0.656597,2.792141,65.22198633333333,0.012345679012345678
2026-01-15,2026-01-15,12.500603,481,347,1.386167,25.988779,14,2.910603,14,65+,male,,,,,0.8929,2.910603,,
2026-01-15,2026-01-15,1.381171,74,59,1.254237,18.664479,1,1.351351,1,65+,unknown,,,,,1.381171,1.351351,,
2026-01-16,2026-01-16,1.310352,43,28,1.535714,30.473306,1,2.325581,1,18-24,female,,,,,1.310352,2.325581,,
2026-01-16,2026-01-16,0.020005,2,2,1.0,10.002688,0,0.0,0,18-24,male,,,,,,,,
2026-01-16,2026-01-16,0.030008,1,1,1.0,30.008064,0,0.0,0,18-24,unknown,,,,,,,,
2026-01-16,2026-01-16,8.482279,603,377,1.59947,14.066798,7,1.160862,4,25-34,female,,,,,1.211754,0.66335,,
2026-01-16,2026-01-16,1.020274,82,56,1.464286,12.442368,0,0.0,0,25-34,male,,,,,,,,
2026-01-16,2026-01-16,0.050013,4,4,1.0,12.50336,0,0.0,0,25-34,unknown,,,,,,,,
2026-01-16,2026-01-16,51.743905,3628,2715,1.33628,14.262377,72,1.984565,56,35-44,female,3.0,95.84,,1.852199,0.718665,1.54355,17.247968333333333,0.05357142857142857
2026-01-16,2026-01-16,3.660984,329,228,1.442982,11.12761,7,2.12766,4,35-44,male,,,,,0.522998,1.215805,,
2026-01-16,2026-01-16,0.250067,19,15,1.266667,13.161432,0,0.0,0,35-44,unknown,,,,,,,,
2026-01-16,2026-01-16,174.736958,12278,10016,1.225839,14.231712,202,1.645219,150,45-54,female,6.0,233.61,,1.336924,0.865034,1.221697,29.122826333333332,0.04
2026-01-16,2026-01-16,9.892659,788,601,1.311148,12.554135,23,2.918782,17,45-54,male,1.0,29.95,,3.027498,0.430116,2.15736,9.892659,0.058823529411764705
2026-01-16,2026-01-16,0.700188,63,55,1.145455,11.114098,1,1.587302,1,45-54,unknown,,,,,0.700188,1.587302,,
2026-01-16,2026-01-16,304.681879,17794,14500,1.227172,17.122731,424,2.382826,331,55-64,female,14.0,304.32,,0.998812,0.718589,1.860178,21.762991357142855,0.04229607250755287
2026-01-16,2026-01-16,17.604731,1148,864,1.328704,15.335132,30,2.61324,22,55-64,male,,,,,0.586824,1.916376,,
2026-01-16,2026-01-16,1.270341,80,73,1.09589,15.879267,2,2.5,2,55-64,unknown,,,,,0.635171,2.5,,
2026-01-16,2026-01-16,194.982399,9523,7639,1.246629,20.474892,257,2.698729,204,65+,female,6.0,273.06,,1.400434,0.758686,2.142182,32.497066499999995,0.029411764705882353
2026-01-16,2026-01-16,10.012691,613,476,1.287815,16.333916,11,1.794454,9,65+,male,,,,,0.910245,1.468189,,
2026-01-16,2026-01-16,0.990266,85,74,1.148649,11.65019,5,5.882353,3,65+,unknown,,,,,0.198053,3.529412,,
2026-01-17,2026-01-17,1.180045,35,23,1.521739,33.715566,2,5.714286,2,18-24,female,,,,,0.590022,5.714286,,
2026-01-17,2026-01-17,0.030001,3,3,1.0,10.00038,0,0.0,0,18-24,male,,,,,,,,
2026-01-17,2026-01-17,0.020001,1,1,1.0,20.000759,0,0.0,0,18-24,unknown,,,,,,,,
2026-01-17,2026-01-17,7.780295,609,435,1.4,12.775526,8,1.313629,6,25-34,female,,,,,0.972537,0.985222,,
2026-01-17,2026-01-17,0.830032,64,50,1.28,12.969242,2,3.125,1,25-34,male,,,,,0.415016,1.5625,,
2026-01-17,2026-01-17,0.100004,5,3,1.666667,20.000759,1,20.0,1,25-34,unknown,,,,,0.100004,20.0,,
2026-01-17,2026-01-17,59.742269,4262,3188,1.336888,14.017426,82,1.923979,58,35-44,female,1.0,5.99,,0.100264,0.728564,1.360863,59.742269,0.017241379310344827
2026-01-17,2026-01-17,3.270124,325,217,1.497696,10.061921,10,3.076923,9,35-44,male,,,,,0.327012,2.769231,,
2026-01-17,2026-01-17,0.380014,28,20,1.4,13.571944,0,0.0,0,35-44,unknown,,,,,,,,
2026-01-17,2026-01-17,202.567692,13811,10988,1.256917,14.667127,332,2.403881,262,45-54,female,3.0,113.81,,0.561837,0.610144,1.897039,67.522564,0.011450381679389313
2026-01-17,2026-01-17,7.750294,687,521,1.318618,11.28136,17,2.474527,17,45-54,male,1.0,23.96,,3.091496,0.4559,2.474527,7.750294,0.058823529411764705
2026-01-17,2026-01-17,0.900034,68,55,1.236364,13.235797,1,1.470588,1,45-54,unknown,,,,,0.900034,1.470588,,
2026-01-17,2026-01-17,315.461979,18277,14220,1.285302,17.260052,472,2.582481,368,55-64,female,4.0,187.71,,0.595032,0.668352,2.01346,78.86549475,0.010869565217391304
2026-01-17,2026-01-17,15.100573,1048,772,1.357513,14.408944,21,2.003817,17,55-64,male,,,,,0.719075,1.622137,,
2026-01-17,2026-01-17,1.280049,103,86,1.197674,12.427656,1,0.970874,1,55-64,unknown,,,,,1.280049,0.970874,,
2026-01-17,2026-01-17,164.726255,8292,6568,1.262485,19.865684,278,3.352629,225,65+,female,4.0,115.82,,0.703106,0.59254,2.713459,41.18156375,0.017777777777777778
2026-01-17,2026-01-17,8.42032,454,328,1.384146,18.54696,6,1.321586,3,65+,male,,,,,1.403387,0.660793,,
2026-01-17,2026-01-17,0.510019,69,62,1.112903,7.391585,0,0.0,0,65+,unknown,,,,,,,,
2026-01-17,2026-01-17,0.0,0,0,0.0,,0,,0,Unknown,unknown,,,,,,,,
2026-01-18,2026-01-18,1.010138,58,39,1.487179,17.416169,1,1.724138,1,18-24,female,,,,,1.010138,1.724138,,
2026-01-18,2026-01-18,0.040005,9,9,1.0,4.445051,0,0.0,0,18-24,male,,,,,,,,
2026-01-18,2026-01-18,0.020003,1,1,1.0,20.002729,0,0.0,0,18-24,unknown,,,,,,,,
2026-01-18,2026-01-18,11.261536,708,504,1.404762,15.906125,16,2.259887,14,25-34,female,,,,,0.703846,1.977401,,
2026-01-18,2026-01-18,1.640224,77,45,1.711111,21.301607,5,6.493506,5,25-34,male,,,,,0.328045,6.493506,,
2026-01-18,2026-01-18,0.100014,6,6,1.0,16.668941,0,0.0,0,25-34,unknown,,,,,,,,
2026-01-18,2026-01-18,67.489206,4720,3517,1.342053,14.298561,109,2.309322,83,35-44,female,2.0,59.19,,0.877029,0.619167,1.758475,33.744603,0.024096385542168676
2026-01-18,2026-01-18,3.280448,348,219,1.589041,9.426573,3,0.862069,3,35-44,male,,,,,1.093483,0.862069,,
2026-01-18,2026-01-18,0.350048,26,22,1.181818,13.463375,0,0.0,0,35-44,unknown,,,,,,,,
2026-01-18,2026-01-18,238.912591,14333,10947,1.309308,16.668708,448,3.125654,354,45-54,female,11.0,486.24,,2.035221,0.533287,2.469825,21.719326454545453,0.031073446327683617
2026-01-18,2026-01-18,12.351685,724,573,1.263525,17.060338,15,2.071823,14,45-54,male,,,,,0.823446,1.933702,,
2026-01-18,2026-01-18,1.640224,79,55,1.436364,20.762326,1,1.265823,0,45-54,unknown,,,,,1.640224,,,
2026-01-18,2026-01-18,337.045978,18840,14825,1.270826,17.889914,612,3.248408,467,55-64,female,6.0,155.28,,0.460709,0.550729,2.478769,56.174329666666665,0.01284796573875803
2026-01-18,2026-01-18,17.852435,1087,822,1.322384,16.423584,23,2.115915,19,55-64,male,1.0,23.96,,1.342114,0.776193,1.74793,17.852435,0.05263157894736842
2026-01-18,2026-01-18,2.370323,112,89,1.258427,21.163601,7,6.25,5,55-64,unknown,,,,,0.338618,4.464286,,
2026-01-18,2026-01-18,177.264181,8597,6701,1.282943,20.619307,306,3.559381,261,65+,female,4.0,159.63,,0.90052,0.579295,3.035943,44.31604525,0.01532567049808429
2026-01-18,2026-01-18,6.210847,486,373,1.302949,12.779521,16,3.292181,12,65+,male,,,,,0.388178,2.469136,,
2026-01-18,2026-01-18,0.840115,55,47,1.170213,15.274811,0,0.0,0,65+,unknown,,,,,,,,
2026-01-18,2026-01-18,0.0,0,0,0.0,,0,,0,Unknown,unknown,,,,,,,,
2026-01-19,2026-01-19,0.790087,49,34,1.441176,16.124215,1,2.040816,1,18-24,female,1.0,97.98,,124.01173,0.790087,2.040816,0.790087,1.0
2026-01-19,2026-01-19,0.140015,21,9,2.333333,6.667397,1,4.761905,1,18-24,male,,,,,0.140015,4.761905,,
2026-01-19,2026-01-19,8.050882,622,423,1.470449,12.94354,11,1.768489,10,25-34,female,,,,,0.731898,1.607717,,
2026-01-19,2026-01-19,1.090119,76,39,1.948718,14.343677,1,1.315789,1,25-34,male,,,,,1.090119,1.315789,,
2026-01-19,2026-01-19,0.010001,3,2,1.5,3.333699,0,0.0,0,25-34,unknown,,,,,,,,
2026-01-19,2026-01-19,50.915578,3583,2671,1.341445,14.21032,99,2.763048,78,35-44,female,3.0,149.75,,2.941143,0.514299,2.176947,16.97185933333333,0.038461538461538464
2026-01-19,2026-01-19,2.760302,325,143,2.272727,8.493238,0,0.0,0,35-44,male,1.0,99.97,,36.217047,,,2.760302,
2026-01-19,2026-01-19,0.320035,28,23,1.217391,11.429824,0,0.0,0,35-44,unknown,,,,,,,,
2026-01-19,2026-01-19,180.249746,11475,8693,1.320028,15.708039,325,2.832244,259,45-54,female,4.0,155.74,,0.864023,0.554615,2.257081,45.0624365,0.015444015444015444
2026-01-19,2026-01-19,8.020879,535,383,1.396867,14.992297,17,3.17757,13,45-54,male,1.0,53.91,,6.721209,0.471816,2.429907,8.020879,0.07692307692307693
2026-01-19,2026-01-19,0.700077,63,53,1.188679,11.112328,2,3.174603,1,45-54,unknown,,,,,0.350038,1.587302,,
2026-01-19,2026-01-19,287.411486,15614,11845,1.318193,18.407294,541,3.464839,410,55-64,female,9.0,234.06,,0.814372,0.53126,2.625849,31.934609555555557,0.02195121951219512
2026-01-19,2026-01-19,12.291347,802,581,1.380379,15.325868,20,2.493766,16,55-64,male,1.0,23.96,,1.949339,0.614567,1.995012,12.291347,0.0625
2026-01-19,2026-01-19,1.240136,106,88,1.204545,11.699395,7,6.603774,5,55-64,unknown,,,,,0.177162,4.716981,,
2026-01-19,2026-01-19,165.818165,8163,6118,1.33426,20.313385,297,3.638368,240,65+,female,7.0,471.25,,2.841968,0.55831,2.940096,23.688309285714286,0.029166666666666667
2026-01-19,2026-01-19,9.761069,458,336,1.363095,21.312378,12,2.620087,11,65+,male,,,,,0.813422,2.401747,,
2026-01-19,2026-01-19,0.700077,60,46,1.304348,11.667945,1,1.666667,1,65+,unknown,,,,,0.700077,1.666667,,
2026-01-20,2026-01-20,1.04,55,42,1.309524,18.909091,6,10.909091,5,18-24,female,,,,,0.173333,9.090909,,
2026-01-20,2026-01-20,0.3,17,12,1.416667,17.647059,0,0.0,0,18-24,male,,,,,,,,
2026-01-20,2026-01-20,11.91,799,490,1.630612,14.906133,11,1.376721,8,25-34,female,,,,,1.082727,1.001252,,
2026-01-20,2026-01-20,1.27,92,55,1.672727,13.804348,2,2.173913,2,25-34,male,,,,,0.635,2.173913,,
2026-01-20,2026-01-20,0.04,4,3,1.333333,10.0,0,0.0,0,25-34,unknown,,,,,,,,
2026-01-20,2026-01-20,49.62,3920,2917,1.343846,12.658163,65,1.658163,51,35-44,female,1.0,65.89,,1.327892,0.763385,1.30102,49.62,0.0196078431372549
2026-01-20,2026-01-20,2.8,263,181,1.453039,10.646388,4,1.520913,3,35-44,male,,,,,0.7,1.140684,,
2026-01-20,2026-01-20,0.22,34,21,1.619048,6.470588,0,0.0,0,35-44,unknown,,,,,,,,
2026-01-20,2026-01-20,167.99,11078,8421,1.315521,15.16429,263,2.374075,203,45-54,female,4.0,139.81,,0.832252,0.638745,1.832461,41.9975,0.019704433497536946
2026-01-20,2026-01-20,8.09,643,476,1.35084,12.581649,9,1.399689,7,45-54,male,,,,,0.898889,1.088647,,
2026-01-20,2026-01-20,0.69,59,52,1.134615,11.694915,6,10.169492,5,45-54,unknown,,,,,0.115,8.474576,,
2026-01-20,2026-01-20,260.4,15311,11970,1.279114,17.00738,353,2.305532,263,55-64,female,3.0,119.9,,0.460445,0.737677,1.717719,86.8,0.011406844106463879
2026-01-20,2026-01-20,10.6,934,693,1.347763,11.349036,13,1.391863,12,55-64,male,,,,,0.815385,1.284797,,
2026-01-20,2026-01-20,2.38,114,82,1.390244,20.877193,8,7.017544,6,55-64,unknown,,,,,0.2975,5.263158,,
2026-01-20,2026-01-20,183.2,8885,6611,1.343972,20.619021,299,3.365222,242,65+,female,13.0,427.55,,2.333788,0.612709,2.723692,14.092307692307692,0.05371900826446281
2026-01-20,2026-01-20,8.65,503,368,1.366848,17.196819,14,2.7833,10,65+,male,,,,,0.617857,1.988072,,
2026-01-20,2026-01-20,2.06,64,48,1.333333,32.1875,2,3.125,1,65+,unknown,,,,,1.03,1.5625,,
2026-01-21,2026-01-21,0.529765,32,28,1.142857,16.555148,0,0.0,0,18-24,female,,,,,,,,
2026-01-21,2026-01-21,0.069969,8,4,2.0,8.746116,0,0.0,0,18-24,male,,,,,,,,
2026-01-21,2026-01-21,12.11462,598,403,1.483871,20.258562,23,3.846154,19,25-34,female,,,,,0.526723,3.177258,,
2026-01-21,2026-01-21,1.389383,63,34,1.852941,22.053698,0,0.0,0,25-34,male,,,,,,,,
2026-01-21,2026-01-21,0.029987,2,1,2.0,14.993342,1,50.0,1,25-34,unknown,,,,,0.029987,50.0,,
2026-01-21,2026-01-21,51.04733,3763,2919,1.28914,13.565594,78,2.072814,52,35-44,female,,,,,0.654453,1.381876,,
2026-01-21,2026-01-21,2.788762,285,202,1.410891,9.785128,6,2.105263,4,35-44,male,,,,,0.464794,1.403509,,
2026-01-21,2026-01-21,0.229898,16,14,1.142857,14.368619,0,0.0,0,35-44,unknown,,,,,,,,
2026-01-21,2026-01-21,178.290823,10801,8464,1.276111,16.506881,276,2.555319,201,45-54,female,7.0,194.76,,1.092373,0.645981,1.860939,25.47011757142857,0.03482587064676617
2026-01-21,2026-01-21,9.085965,615,465,1.322581,14.773927,10,1.626016,8,45-54,male,,,,,0.908597,1.300813,,
2026-01-21,2026-01-21,0.799645,61,52,1.173077,13.108933,1,1.639344,1,45-54,unknown,,,,,0.799645,1.639344,,
2026-01-21,2026-01-21,278.81618,14598,11592,1.259317,19.099615,451,3.089464,354,55-64,female,5.0,114.88,,0.412028,0.618218,2.42499,55.76323599999999,0.014124293785310734
2026-01-21,2026-01-21,13.923817,836,625,1.3376,16.655283,22,2.631579,17,55-64,male,,,,,0.632901,2.033493,,
2026-01-21,2026-01-21,1.469347,104,75,1.386667,14.128341,2,1.923077,2,55-64,unknown,,,,,0.734674,1.923077,,
2026-01-21,2026-01-21,179.690201,7723,5812,1.328802,23.266891,270,3.496051,213,65+,female,5.0,145.8,,0.811397,0.665519,2.757996,35.9380402,0.023474178403755867
2026-01-21,2026-01-21,11.834744,487,320,1.521875,24.301323,10,2.053388,9,65+,male,,,,,1.183474,1.848049,,
2026-01-21,2026-01-21,0.979565,60,47,1.276596,16.326083,2,3.333333,1,65+,unknown,1.0,23.96,,24.459837,0.489782,1.666667,0.979565,1.0
2026-01-21,2026-01-21,0.0,0,0,0.0,,0,,0,Unknown,unknown,,,,,,,,
2026-01-22,2026-01-22,0.759837,47,29,1.62069,16.166753,0,0.0,0,18-24,female,,,,,,,,
2026-01-22,2026-01-22,0.159966,8,6,1.333333,19.995721,0,0.0,0,18-24,male,,,,,,,,
2026-01-22,2026-01-22,7.75834,606,426,1.422535,12.802541,7,1.155116,5,25-34,female,,,,,1.108334,0.825083,,
2026-01-22,2026-01-22,1.569664,102,62,1.645161,15.388864,0,0.0,0,25-34,male,,,,,,,,
2026-01-22,2026-01-22,0.079983,3,2,1.5,26.660961,0,0.0,0,25-34,unknown,,,,,,,,
2026-01-22,2026-01-22,55.588104,4065,3119,1.303302,13.67481,75,1.845018,49,35-44,female,1.0,55.95,,1.00651,0.741175,1.205412,55.588104,0.02040816326530612
2026-01-22,2026-01-22,2.959367,291,202,1.440594,10.169645,3,1.030928,3,35-44,male,,,,,0.986456,1.030928,,
2026-01-22,2026-01-22,0.189959,19,18,1.055556,9.99786,0,0.0,0,35-44,unknown,,,,,,,,
2026-01-22,2026-01-22,184.460524,12215,9817,1.24427,15.101148,273,2.234957,214,45-54,female,12.0,565.36,,3.064938,0.67568,1.751944,15.371710333333333,0.056074766355140186
2026-01-22,2026-01-22,10.877672,745,568,1.31162,14.600902,13,1.744966,12,45-54,male,,,,,0.836744,1.610738,,
2026-01-22,2026-01-22,1.179748,64,48,1.333333,18.433555,1,1.5625,1,45-54,unknown,,,,,1.179748,1.5625,,
2026-01-22,2026-01-22,296.076638,16338,13556,1.205223,18.121963,396,2.423797,304,55-64,female,12.0,435.3,,1.470227,0.747668,1.860693,24.673053166666666,0.039473684210526314
2026-01-22,2026-01-22,15.196748,1027,763,1.346003,14.797223,29,2.823759,24,55-64,male,,,,,0.524026,2.336904,,
2026-01-22,2026-01-22,3.159324,95,81,1.17284,33.256041,10,10.526316,8,55-64,unknown,,,,,0.315932,8.421053,,
2026-01-22,2026-01-22,202.206727,8540,6601,1.293743,23.677603,273,3.196721,225,65+,female,3.0,127.83,,0.632175,0.740684,2.63466,67.40224233333333,0.013333333333333334
2026-01-22,2026-01-22,11.327576,519,377,1.376658,21.825772,14,2.697495,14,65+,male,1.0,119.8,,10.575961,0.809113,2.697495,11.327576,0.07142857142857142
2026-01-22,2026-01-22,0.819825,58,53,1.09434,14.134906,3,5.172414,2,65+,unknown,,,,,0.273275,3.448276,,
2026-01-23,2026-01-23,1.360062,81,61,1.327869,16.790893,2,2.469136,1,18-24,female,,,,,0.680031,1.234568,,
2026-01-23,2026-01-23,0.070003,9,6,1.5,7.778134,0,0.0,0,18-24,male,,,,,,,,
2026-01-23,2026-01-23,14.860681,974,669,1.455904,15.257373,20,2.053388,16,25-34,female,,,,,0.743034,1.64271,,
2026-01-23,2026-01-23,1.720079,119,76,1.565789,14.454444,1,0.840336,1,25-34,male,,,,,1.720079,0.840336,,
2026-01-23,2026-01-23,0.080004,7,4,1.75,11.429095,0,0.0,0,25-34,unknown,,,,,,,,
2026-01-23,2026-01-23,90.384141,6328,5101,1.240541,14.283208,101,1.596081,83,35-44,female,3.0,201.75,,2.232139,0.894892,1.311631,30.128047,0.03614457831325301
2026-01-23,2026-01-23,5.280242,491,335,1.465672,10.754057,4,0.814664,2,35-44,male,,,,,1.32006,0.407332,,
2026-01-23,2026-01-23,0.350016,28,24,1.166667,12.500573,0,0.0,0,35-44,unknown,,,,,,,,
2026-01-23,2026-01-23,315.084437,19221,15114,1.271735,16.392718,361,1.878154,292,45-54,female,6.0,202.25,,0.641891,0.87281,1.519172,52.51407283333333,0.02054794520547945
2026-01-23,2026-01-23,14.84068,1066,785,1.357962,13.921839,7,0.65666,5,45-54,male,,,,,2.120097,0.469043,,
2026-01-23,2026-01-23,1.270058,123,95,1.294737,10.325676,2,1.626016,1,45-54,unknown,,,,,0.635029,0.813008,,
2026-01-23,2026-01-23,491.462519,26357,20885,1.262006,18.646375,649,2.462344,519,55-64,female,7.0,225.05,,0.457919,0.757261,1.969116,70.20893128571429,0.01348747591522158
2026-01-23,2026-01-23,22.641037,1556,1124,1.384342,14.550795,46,2.956298,39,55-64,male,,,,,0.492196,2.506427,,
2026-01-23,2026-01-23,2.940135,137,105,1.304762,21.460837,0,0.0,0,55-64,unknown,,,,,,,,
2026-01-23,2026-01-23,327.705015,14002,11099,1.261555,23.404158,421,3.006713,323,65+,female,2.0,103.92,,0.317114,0.778397,2.306813,163.8525075,0.006191950464396285
2026-01-23,2026-01-23,17.010779,767,530,1.44717,22.17833,26,3.389831,22,65+,male,,,,,0.654261,2.868318,,
2026-01-23,2026-01-23,2.430111,110,79,1.392405,22.091921,3,2.727273,2,65+,unknown,,,,,0.810037,1.818182,,
2026-01-24,2026-01-24,0.900057,60,43,1.395349,15.000953,0,0.0,0,18-24,female,,,,,,,,
2026-01-24,2026-01-24,0.060004,10,10,1.0,6.000381,0,0.0,0,18-24,male,,,,,,,,
2026-01-24,2026-01-24,12.560798,793,575,1.37913,15.839594,17,2.143758,11,25-34,female,,,,,0.73887,1.387137,,
2026-01-24,2026-01-24,2.560163,105,69,1.521739,24.382502,1,0.952381,0,25-34,male,,,,,2.560163,,,
2026-01-24,2026-01-24,0.080005,5,5,1.0,16.001017,0,0.0,0,25-34,unknown,,,,,,,,
2026-01-24,2026-01-24,82.195224,5213,4035,1.291945,15.767356,101,1.937464,81,35-44,female,5.0,131.78,,1.603256,0.813814,1.553808,16.439044799999998,0.06172839506172839
2026-01-24,2026-01-24,4.900311,359,244,1.471311,13.649893,4,1.114206,4,35-44,male,,,,,1.225078,1.114206,,
2026-01-24,2026-01-24,0.47003,27,21,1.285714,17.408514,1,3.703704,1,35-44,unknown,,,,,0.47003,3.703704,,
2026-01-24,2026-01-24,266.266924,15746,11780,1.336672,16.910131,397,2.521275,315,45-54,female,3.0,65.89,,0.247458,0.670698,2.000508,88.75564133333334,0.009523809523809525
2026-01-24,2026-01-24,13.430854,828,595,1.391597,16.220838,25,3.019324,24,45-54,male,1.0,35.94,,2.675928,0.537234,2.898551,13.430854,0.041666666666666664
2026-01-24,2026-01-24,1.630104,104,73,1.424658,15.674073,2,1.923077,2,45-54,unknown,,,,,0.815052,1.923077,,
2026-01-24,2026-01-24,399.705405,21140,17263,1.224584,18.90754,577,2.729423,453,55-64,female,8.0,419.44,,1.049373,0.69273,2.142857,49.963175625,0.017660044150110375
2026-01-24,2026-01-24,17.481111,1305,906,1.440397,13.395487,34,2.605364,32,55-64,male,,,,,0.51415,2.452107,,
2026-01-24,2026-01-24,2.850181,126,91,1.384615,22.620485,4,3.174603,3,55-64,unknown,,,,,0.712545,2.380952,,
2026-01-24,2026-01-24,283.618026,10573,8412,1.256895,26.824745,357,3.376525,289,65+,female,11.0,409.49,,1.443808,0.794448,2.733377,25.78345690909091,0.03806228373702422
2026-01-24,2026-01-24,10.100642,538,406,1.325123,18.774427,11,2.04461,11,65+,male,,,,,0.91824,2.04461,,
2026-01-24,2026-01-24,2.530161,78,53,1.471698,32.437959,6,7.692308,6,65+,unknown,,,,,0.421693,7.692308,,
2026-01-24,2026-01-24,0.0,0,0,0.0,,0,,0,Unknown,unknown,,,,,,,,
2026-01-25,2026-01-25,2.440152,182,107,1.700935,13.407429,4,2.197802,3,18-24,female,,,,,0.610038,1.648352,,
2026-01-25,2026-01-25,0.270017,17,15,1.133333,15.883343,1,5.882353,1,18-24,male,,,,,0.270017,5.882353,,
2026-01-25,2026-01-25,0.040002,5,4,1.25,8.000499,0,0.0,0,18-24,unknown,,,,,,,,
2026-01-25,2026-01-25,21.201321,1808,1414,1.278642,11.726394,52,2.876106,41,25-34,female,,,,,0.407718,2.267699,,
2026-01-25,2026-01-25,3.130195,217,141,1.539007,14.424862,3,1.382488,2,25-34,male,,,,,1.043398,0.921659,,
2026-01-25,2026-01-25,0.030002,10,10,1.0,3.000187,0,0.0,0,25-34,unknown,,,,,,,,
2026-01-25,2026-01-25,145.359058,14440,11904,1.213038,10.066417,218,1.509695,165,35-44,female,5.0,139.81,,0.961825,0.666785,1.142659,29.0718116,0.030303030303030304
2026-01-25,2026-01-25,7.240451,778,560,1.389286,9.306493,7,0.899743,6,35-44,male,1.0,27.96,,3.861638,1.03435,0.771208,7.240451,0.16666666666666666
2026-01-25,2026-01-25,0.620039,82,71,1.15493,7.561447,0,0.0,0,35-44,unknown,,,,,,,,
2026-01-25,2026-01-25,510.861836,45942,37265,1.232846,11.119713,843,1.834922,650,45-54,female,13.0,472.03,,0.923988,0.606005,1.414827,39.29706430769231,0.02
2026-01-25,2026-01-25,19.231198,1783,1322,1.348714,10.785866,33,1.850813,25,45-54,male,2.0,77.92,,4.05175,0.582764,1.402131,9.615599,0.08
2026-01-25,2026-01-25,3.090193,239,194,1.231959,12.929676,1,0.41841,0,45-54,unknown,,,,,3.090193,,,
2026-01-25,2026-01-25,779.888601,56352,45693,1.233274,13.83959,1364,2.4205,1049,55-64,female,21.0,688.68,,0.883049,0.571766,1.861513,37.137552428571425,0.02001906577693041
2026-01-25,2026-01-25,32.502025,2679,1961,1.36614,12.132148,48,1.791713,38,55-64,male,1.0,20.97,,0.645191,0.677126,1.41844,32.502025,0.02631578947368421
2026-01-25,2026-01-25,4.230264,307,250,1.228,13.77936,5,1.628665,5,55-64,unknown,1.0,23.96,,5.66395,0.846053,1.628665,4.230264,0.2
2026-01-25,2026-01-25,379.523651,23218,19816,1.171679,16.346096,719,3.096735,566,65+,female,8.0,248.36,2.0,0.654399,0.527849,2.437764,47.440456375,0.014134275618374558
2026-01-25,2026-01-25,13.920868,1058,819,1.291819,13.15772,21,1.984877,20,65+,male,,,,,0.662898,1.890359,,
2026-01-25,2026-01-25,2.040127,165,136,1.213235,12.364407,6,3.636364,4,65+,unknown,,,,,0.340021,2.424242,,
2026-01-25,2026-01-25,0.0,0,0,0.0,,0,,0,Unknown,unknown,,,,,,,,
2026-01-26,2026-01-26,1.450053,120,88,1.363636,12.083774,3,2.5,3,18-24,female,,,,,0.483351,2.5,,
2026-01-26,2026-01-26,0.220008,20,12,1.666667,11.000401,0,0.0,0,18-24,male,,,,,,,,
2026-01-26,2026-01-26,16.500602,1313,964,1.362033,12.5671,26,1.980198,19,25-34,female,,,,,0.634639,1.447068,,
2026-01-26,2026-01-26,1.900069,191,91,2.098901,9.948007,2,1.04712,1,25-34,male,,,,,0.950035,0.52356,,
2026-01-26,2026-01-26,0.760028,17,8,2.125,44.707514,1,5.882353,1,25-34,unknown,1.0,233.61,,307.370362,0.760028,5.882353,0.760028,1.0
2026-01-26,2026-01-26,91.983357,8398,6579,1.276486,10.953007,131,1.559895,107,35-44,female,3.0,77.87,,0.846566,0.702163,1.274113,30.661119,0.028037383177570093
2026-01-26,2026-01-26,4.240155,469,316,1.484177,9.040842,3,0.639659,2,35-44,male,,,,,1.413385,0.426439,,
2026-01-26,2026-01-26,0.510019,49,40,1.225,10.408543,2,4.081633,2,35-44,unknown,,,,,0.255009,4.081633,,
2026-01-26,2026-01-26,309.991313,25761,20986,1.227533,12.033357,489,1.898218,377,45-54,female,8.0,303.79,,0.979995,0.633929,1.463453,38.748914125,0.021220159151193633
2026-01-26,2026-01-26,10.820395,1034,763,1.355177,10.464599,10,0.967118,9,45-54,male,,,,,1.082039,0.870406,,
2026-01-26,2026-01-26,0.860031,114,86,1.325581,7.544135,2,1.754386,2,45-54,unknown,1.0,23.96,,27.859448,0.430016,1.754386,0.860031,0.5
2026-01-26,2026-01-26,519.098944,35569,28241,1.259481,14.594139,811,2.280075,616,55-64,female,17.0,387.21,,0.745927,0.640073,1.731845,30.535231999999997,0.027597402597402596
2026-01-26,2026-01-26,18.09066,1628,1129,1.441984,11.112199,27,1.658477,21,55-64,male,,,,,0.670024,1.289926,,
2026-01-26,2026-01-26,2.780101,209,173,1.208092,13.301921,4,1.913876,3,55-64,unknown,,,,,0.695025,1.435407,,
2026-01-26,2026-01-26,375.883717,19471,15639,1.245028,19.304798,537,2.757948,429,65+,female,9.0,342.18,6.0,0.910335,0.69997,2.203277,41.764857444444445,0.02097902097902098
2026-01-26,2026-01-26,13.540494,1008,716,1.407821,13.43303,16,1.587302,14,65+,male,,,,,0.846281,1.388889,,
2026-01-26,2026-01-26,1.490054,138,103,1.339806,10.797495,4,2.898551,5,65+,unknown,,,,,0.372514,3.623188,,
2026-01-26,2026-01-26,0.0,0,0,0.0,,0,,0,Unknown,unknown,,,,,,,,
2026-01-27,2026-01-27,3.860564,255,190,1.342105,15.139469,5,1.960784,4,18-24,female,,,,,0.772113,1.568627,,
2026-01-27,2026-01-27,0.390057,45,31,1.451613,8.667934,0,0.0,0,18-24,male,,,,,,,,
2026-01-27,2026-01-27,0.100015,7,6,1.166667,14.287803,0,0.0,0,18-24,unknown,,,,,,,,
2026-01-27,2026-01-27,30.394444,2398,1855,1.292722,12.674914,33,1.376147,24,25-34,female,1.0,23.96,,0.788302,0.921044,1.000834,30.394444,0.041666666666666664
2026-01-27,2026-01-27,3.140459,347,240,1.445833,9.050315,3,0.864553,2,25-34,male,,,,,1.04682,0.576369,,
2026-01-27,2026-01-27,0.290042,19,12,1.583333,15.26539,0,0.0,0,25-34,unknown,,,,,,,,
2026-01-27,2026-01-27,156.34286,14299,11562,1.236724,10.933832,174,1.216868,128,35-44,female,4.0,41.93,,0.268193,0.898522,0.895167,39.085715,0.03125
2026-01-27,2026-01-27,7.461091,847,650,1.303077,8.808844,7,0.826446,5,35-44,male,,,,,1.06587,0.590319,,
2026-01-27,2026-01-27,0.900132,82,62,1.322581,10.977215,0,0.0,0,35-44,unknown,,,,,,,,
2026-01-27,2026-01-27,516.925582,41774,33147,1.260265,12.374338,582,1.393211,427,45-54,female,5.0,107.82,,0.208579,0.888188,1.022167,103.38511639999999,0.0117096018735363
2026-01-27,2026-01-27,17.652581,1887,1452,1.299587,9.354839,13,0.688924,8,45-54,male,,,,,1.357891,0.423953,,
2026-01-27,2026-01-27,1.970288,204,173,1.179191,9.658275,0,0.0,0,45-54,unknown,,,,,,,,
2026-01-27,2026-01-27,862.416097,59019,47421,1.244575,14.612516,1092,1.850252,814,55-64,female,16.0,472.28,,0.547624,0.789758,1.379217,53.9010060625,0.019656019656019656
2026-01-27,2026-01-27,32.384735,2734,2059,1.327829,11.845185,30,1.097293,22,55-64,male,1.0,5.99,,0.184964,1.079491,0.804682,32.384735,0.045454545454545456
2026-01-27,2026-01-27,3.880567,280,237,1.181435,13.859169,8,2.857143,6,55-64,unknown,,,,,0.485071,2.142857,,
2026-01-27,2026-01-27,652.415392,36319,29958,1.212331,17.963473,826,2.274292,661,65+,female,10.0,289.56,3.0,0.443828,0.789849,1.819984,65.2415392,0.015128593040847202
2026-01-27,2026-01-27,32.014681,1735,1320,1.314394,18.452266,28,1.613833,22,65+,male,,,,,1.143381,1.268012,,
2026-01-27,2026-01-27,2.820412,248,187,1.326203,11.372631,7,2.822581,6,65+,unknown,,,,,0.402916,2.419355,,
2026-01-28,2026-01-28,1.820008,142,107,1.327103,12.81696,1,0.704225,1,18-24,female,,,,,1.820008,0.704225,,
2026-01-28,2026-01-28,0.410002,22,19,1.157895,18.63645,0,0.0,0,18-24,male,,,,,,,,
2026-01-28,2026-01-28,31.330144,1780,1404,1.267806,17.601205,25,1.404494,21,25-34,female,,,,,1.253206,1.179775,,
2026-01-28,2026-01-28,2.750013,204,142,1.43662,13.480454,4,1.960784,3,25-34,male,1.0,35.94,,13.069031,0.687503,1.470588,2.750013,0.3333333333333333
2026-01-28,2026-01-28,0.180001,10,7,1.428571,18.000083,0,0.0,0,25-34,unknown,,,,,,,,
2026-01-28,2026-01-28,147.65068,10896,8689,1.253999,13.550907,135,1.238987,102,35-44,female,1.0,23.96,,0.162275,1.093709,0.936123,147.65068,0.00980392156862745
2026-01-28,2026-01-28,6.840032,588,456,1.289474,11.632707,10,1.70068,9,35-44,male,,,,,0.684003,1.530612,,
2026-01-28,2026-01-28,0.620003,67,62,1.080645,9.253774,1,1.492537,1,35-44,unknown,,,,,0.620003,1.492537,,
2026-01-28,2026-01-28,477.202199,31056,26158,1.187247,15.365862,510,1.642195,387,45-54,female,11.0,336.25,,0.704628,0.935691,1.246136,43.38201809090909,0.028423772609819122
2026-01-28,2026-01-28,20.670095,1348,1031,1.307468,15.333899,13,0.964392,11,45-54,male,2.0,,,,1.590007,0.816024,10.3350475,0.18181818181818182
2026-01-28,2026-01-28,1.880009,163,120,1.358333,11.533795,7,4.294479,6,45-54,unknown,,,,,0.268573,3.680982,,
2026-01-28,2026-01-28,783.733612,43865,36633,1.197418,17.866947,855,1.949162,647,55-64,female,14.0,480.87,,0.613563,0.916648,1.47498,55.98097228571429,0.021638330757341576
2026-01-28,2026-01-28,36.430168,2072,1545,1.3411,17.582127,33,1.592664,24,55-64,male,2.0,76.92,,2.111437,1.103944,1.158301,18.215084,0.08333333333333333
2026-01-28,2026-01-28,3.210015,246,195,1.261538,13.048841,2,0.813008,2,55-64,unknown,,,,,1.605007,0.813008,,
2026-01-28,2026-01-28,621.872866,27185,21989,1.2363,22.875588,723,2.659555,544,65+,female,7.0,152.96,1.0,0.245967,0.860128,2.001104,88.83898085714286,0.012867647058823529
2026-01-28,2026-01-28,28.980134,1268,969,1.308566,22.854995,24,1.892744,18,65+,male,,,,,1.207506,1.419558,,
2026-01-28,2026-01-28,4.33002,210,153,1.372549,20.619143,2,0.952381,1,65+,unknown,,,,,2.16501,0.47619,,
2026-01-29,2026-01-29,1.520072,121,103,1.174757,12.562582,2,1.652893,2,18-24,female,,,,,0.760036,1.652893,,
2026-01-29,2026-01-29,0.180009,16,12,1.333333,11.250536,0,0.0,0,18-24,male,,,,,,,,
2026-01-29,2026-01-29,0.050002,2,2,1.0,25.001191,0,0.0,0,18-24,unknown,,,,,,,,
2026-01-29,2026-01-29,25.881233,1438,1126,1.277087,17.998076,20,1.390821,15,25-34,female,1.0,11.98,,0.462884,1.294062,1.043115,25.881233,0.06666666666666667
2026-01-29,2026-01-29,3.810182,175,125,1.4,21.772466,6,3.428571,5,25-34,male,,,,,0.63503,2.857143,,
2026-01-29,2026-01-29,0.150007,9,8,1.125,16.667461,0,0.0,0,25-34,unknown,,,,,,,,
2026-01-29,2026-01-29,139.786661,9425,7470,1.261714,14.831476,122,1.29443,86,35-44,female,4.0,148.59,,1.062977,1.145792,0.912467,34.94666525,0.046511627906976744
2026-01-29,2026-01-29,8.410401,617,469,1.315565,13.63112,12,1.944895,7,35-44,male,,,,,0.700867,1.134522,,
2026-01-29,2026-01-29,0.870041,58,48,1.208333,15.000715,1,1.724138,0,35-44,unknown,,,,,0.870041,,,
2026-01-29,2026-01-29,456.181737,26225,21869,1.199186,17.394918,464,1.769304,349,45-54,female,13.0,440.08,,0.964703,0.98315,1.330791,35.090902846153845,0.03724928366762178
2026-01-29,2026-01-29,19.910949,1480,1134,1.305115,13.453344,20,1.351351,17,45-54,male,,,,,0.995547,1.148649,,
2026-01-29,2026-01-29,3.390162,213,134,1.589552,15.916251,3,1.408451,2,45-54,unknown,,,,,1.130054,0.938967,,
2026-01-29,2026-01-29,750.165745,35600,28900,1.231834,21.072071,748,2.101124,569,55-64,female,10.0,343.99,,0.458552,1.002895,1.598315,75.0165745,0.01757469244288225
2026-01-29,2026-01-29,40.08191,2177,1641,1.32663,18.411534,40,1.837391,29,55-64,male,1.0,6.99,,0.174393,1.002048,1.332108,40.08191,0.034482758620689655
2026-01-29,2026-01-29,5.360255,258,198,1.30303,20.776184,4,1.550388,2,55-64,unknown,,,,,1.340064,0.775194,,
2026-01-29,2026-01-29,611.889156,21102,17253,1.223092,28.996738,595,2.819638,459,65+,female,15.0,351.59,,0.574598,1.028385,2.175149,40.792610399999994,0.032679738562091505
2026-01-29,2026-01-29,26.671271,1175,896,1.311384,22.698954,13,1.106383,10,65+,male,1.0,47.92,,1.79669,2.051636,0.851064,26.671271,0.1
2026-01-29,2026-01-29,4.370208,169,136,1.242647,25.85922,7,4.142012,8,65+,unknown,,,,,0.624315,4.733728,,
2026-01-30,2026-01-30,1.690098,80,69,1.15942,21.126224,3,3.75,2,18-24,female,,,,,0.563366,2.5,,
2026-01-30,2026-01-30,0.240014,14,14,1.0,17.14385,0,0.0,0,18-24,male,,,,,,,,
2026-01-30,2026-01-30,0.080005,4,3,1.333333,20.001158,1,25.0,0,18-24,unknown,,,,,0.080005,,,
2026-01-30,2026-01-30,17.981041,1113,869,1.280783,16.155473,18,1.617251,12,25-34,female,,,,,0.998947,1.078167,,
2026-01-30,2026-01-30,2.980173,167,110,1.518182,17.845345,1,0.598802,0,25-34,male,1.0,231.68,,77.740463,2.980173,,2.980173,
2026-01-30,2026-01-30,0.51003,9,8,1.125,56.669949,2,22.222222,1,25-34,unknown,,,,,0.255015,11.111111,,
2026-01-30,2026-01-30,105.256096,6958,5584,1.24606,15.127349,116,1.667146,89,35-44,female,3.0,91.07,,0.865223,0.90738,1.279103,35.085365333333336,0.033707865168539325
2026-01-30,2026-01-30,7.020407,571,438,1.303653,12.294933,3,0.525394,2,35-44,male,,,,,2.340136,0.350263,,
2026-01-30,2026-01-30,0.480028,35,30,1.166667,13.71508,1,2.857143,1,35-44,unknown,,,,,0.480028,2.857143,,
2026-01-30,2026-01-30,390.672628,22277,17180,1.296682,17.537039,414,1.858419,299,45-54,female,15.0,634.25,,1.623482,0.943654,1.342192,26.044841866666665,0.05016722408026756
2026-01-30,2026-01-30,24.751434,1590,1279,1.243159,15.566939,28,1.761006,26,45-54,male,,,,,0.88398,1.63522,,
2026-01-30,2026-01-30,2.120123,166,104,1.596154,12.771824,2,1.204819,1,45-54,unknown,,,,,1.060061,0.60241,,
2026-01-30,2026-01-30,658.568144,30706,24965,1.229962,21.447539,732,2.383899,545,55-64,female,10.0,501.19,,0.76103,0.899683,1.774897,65.85681439999999,0.01834862385321101
2026-01-30,2026-01-30,44.432574,2156,1623,1.328404,20.6088,33,1.530612,27,55-64,male,,,,,1.346442,1.252319,,
2026-01-30,2026-01-30,3.960229,215,162,1.32716,18.419672,2,0.930233,1,55-64,unknown,,,,,1.980115,0.465116,,
2026-01-30,2026-01-30,441.275559,16729,12712,1.316001,26.37788,501,2.994799,376,65+,female,9.0,345.51,,0.78298,0.88079,2.247594,49.030617666666664,0.023936170212765957
2026-01-30,2026-01-30,21.671255,1039,803,1.293898,20.857801,26,2.502406,21,65+,male,,,,,0.83351,2.021174,,
2026-01-30,2026-01-30,2.840165,129,103,1.252427,22.016779,0,0.0,0,65+,unknown,,,,,,,,
2026-01-31,2026-01-31,1.210022,82,64,1.28125,14.75637,1,1.219512,1,18-24,female,,,,,1.210022,1.219512,,
2026-01-31,2026-01-31,0.240004,15,14,1.071429,16.000295,0,0.0,0,18-24,male,,,,,,,,
2026-01-31,2026-01-31,0.0,1,1,1.0,0.0,0,0.0,0,18-24,unknown,,,,,,,,
2026-01-31,2026-01-31,24.990461,1079,806,1.33871,23.160761,30,2.780352,24,25-34,female,3.0,107.84,,4.315246,0.833015,2.224282,8.330153666666666,0.125
2026-01-31,2026-01-31,3.24006,163,103,1.582524,19.877668,2,1.226994,1,25-34,male,,,,,1.62003,0.613497,,
2026-01-31,2026-01-31,0.190004,8,7,1.142857,23.750438,0,0.0,0,25-34,unknown,,,,,,,,
2026-01-31,2026-01-31,105.891955,6564,5316,1.234763,16.13223,126,1.919561,98,35-44,female,3.0,199.83,,1.887112,0.840412,1.492992,35.29731833333333,0.030612244897959183
2026-01-31,2026-01-31,5.620104,463,330,1.40303,12.138453,19,4.103672,18,35-44,male,,,,,0.295795,3.887689,,
2026-01-31,2026-01-31,1.050019,43,39,1.102564,24.419055,0,0.0,0,35-44,unknown,,,,,,,,
2026-01-31,2026-01-31,396.03731,21997,17808,1.235231,18.004151,488,2.218484,386,45-54,female,7.0,245.12,,0.618932,0.811552,1.754785,56.57675857142857,0.018134715025906734
2026-01-31,2026-01-31,19.710364,1284,931,1.379162,15.350751,22,1.713396,15,45-54,male,,,,,0.895926,1.168224,,
2026-01-31,2026-01-31,1.820034,165,104,1.586538,11.030507,1,0.606061,0,45-54,unknown,,,,,1.820034,,,
2026-01-31,2026-01-31,619.301432,28996,24113,1.202505,21.358168,779,2.686577,616,55-64,female,8.0,393.74,,0.635781,0.794995,2.124431,77.412679,0.012987012987012988
2026-01-31,2026-01-31,32.260595,1816,1398,1.298999,17.764645,31,1.707048,24,55-64,male,,,,,1.040664,1.321586,,
2026-01-31,2026-01-31,4.400081,212,161,1.31677,20.7551,8,3.773585,6,55-64,unknown,,,,,0.55001,2.830189,,
2026-01-31,2026-01-31,385.697119,13874,10915,1.271095,27.799994,440,3.1714,340,65+,female,2.0,111.9,,0.290124,0.876584,2.450627,192.8485595,0.0058823529411764705
2026-01-31,2026-01-31,21.820403,891,672,1.325893,24.48979,16,1.795735,16,65+,male,,,,,1.363775,1.795735,,
2026-01-31,2026-01-31,1.770033,121,96,1.260417,14.628369,1,0.826446,0,65+,unknown,,,,,1.770033,,,
2026-02-01,2026-02-01,2.710333,137,82,1.670732,19.783453,2,1.459854,0,18-24,female,,,,,1.355167,,,
2026-02-01,2026-02-01,0.240029,15,9,1.666667,16.001966,1,6.666667,0,18-24,male,,,,,0.240029,,,
2026-02-01,2026-02-01,0.070009,3,3,1.0,23.336201,0,0.0,0,18-24,unknown,,,,,,,,
2026-02-01,2026-02-01,25.933186,1337,1054,1.268501,19.396549,22,1.645475,17,25-34,female,3.0,89.85,,3.464673,1.178781,1.271503,8.644395333333334,0.17647058823529413
2026-02-01,2026-02-01,2.820347,181,133,1.360902,15.582025,1,0.552486,0,25-34,male,,,,,2.820347,,,
2026-02-01,2026-02-01,1.400172,12,12,1.0,116.681002,1,8.333333,1,25-34,unknown,,,,,1.400172,8.333333,,
2026-02-01,2026-02-01,123.705199,9245,7240,1.276934,13.380768,136,1.471065,110,35-44,female,7.0,237.17,,1.917219,0.909597,1.189832,17.672171285714285,0.06363636363636363
2026-02-01,2026-02-01,5.630692,542,406,1.334975,10.38873,4,0.738007,2,35-44,male,,,,,1.407673,0.369004,,
2026-02-01,2026-02-01,0.930114,70,55,1.272727,13.287347,2,2.857143,2,35-44,unknown,,,,,0.465057,2.857143,,
2026-02-01,2026-02-01,496.330981,31650,25079,1.262012,15.681864,574,1.813586,446,45-54,female,10.0,428.27,,0.862872,0.864688,1.409163,49.6330981,0.02242152466367713
2026-02-01,2026-02-01,22.282738,1655,1243,1.331456,13.46389,19,1.148036,14,45-54,male,1.0,55.95,,2.510912,1.172776,0.845921,22.282738,0.07142857142857142
2026-02-01,2026-02-01,2.160265,194,143,1.356643,11.135389,5,2.57732,5,45-54,unknown,,,,,0.432053,2.57732,,
2026-02-01,2026-02-01,769.034486,41760,33794,1.235722,18.415577,960,2.298851,741,55-64,female,27.0,773.63,,1.005976,0.801078,1.774425,28.482758740740742,0.03643724696356275
2026-02-01,2026-02-01,33.644134,2365,1782,1.32716,14.225849,30,1.268499,22,55-64,male,,,,,1.121471,0.930233,,
2026-02-01,2026-02-01,4.480551,235,189,1.243386,19.066172,7,2.978723,5,55-64,unknown,,,,,0.640079,2.12766,,
2026-02-01,2026-02-01,433.583271,19956,16503,1.209235,21.726963,531,2.660854,391,65+,female,8.0,337.99,,0.779527,0.816541,1.95931,54.197908875,0.020460358056265986
2026-02-01,2026-02-01,24.713036,1293,1036,1.24807,19.112944,18,1.392111,17,65+,male,1.0,23.96,,0.969529,1.372946,1.314772,24.713036,0.058823529411764705
2026-02-01,2026-02-01,3.720457,159,129,1.232558,23.399101,6,3.773585,6,65+,unknown,,,,,0.620076,3.773585,,
2026-02-01,2026-02-01,0.0,0,0,0.0,,0,,0,Unknown,unknown,,,,,,,,
2026-02-02,2026-02-02,1.440683,111,65,1.707692,12.97913,2,1.801802,1,18-24,female,,,,,0.720342,0.900901,,
2026-02-02,2026-02-02,0.200095,18,13,1.384615,11.116384,0,0.0,0,18-24,male,,,,,,,,
2026-02-02,2026-02-02,17.908495,1215,932,1.303648,14.739502,21,1.728395,16,25-34,female,1.0,59.9,,3.344781,0.852785,1.316872,17.908495,0.0625
2026-02-02,2026-02-02,3.531675,136,105,1.295238,25.968201,5,3.676471,4,25-34,male,2.0,47.92,,13.568631,0.706335,2.941176,1.7658375,0.5
2026-02-02,2026-02-02,0.540256,13,9,1.444444,41.558175,0,0.0,0,25-34,unknown,,,,,,,,
2026-02-02,2026-02-02,93.404307,7313,5872,1.245402,12.772365,124,1.695611,85,35-44,female,1.0,23.96,,0.256519,0.753261,1.162314,93.404307,0.011764705882352941
2026-02-02,2026-02-02,5.302515,494,366,1.349727,10.733837,7,1.417004,5,35-44,male,,,,,0.757502,1.012146,,
2026-02-02,2026-02-02,2.691277,70,38,1.842105,38.446809,5,7.142857,4,35-44,unknown,,,,,0.538255,5.714286,,
2026-02-02,2026-02-02,353.257572,23936,19135,1.250901,14.758421,351,1.46641,257,45-54,female,5.0,264.58,,0.748972,1.006432,1.073697,70.6515144,0.019455252918287938
2026-02-02,2026-02-02,16.71793,1395,1051,1.327307,11.984179,29,2.078853,23,45-54,male,,,,,0.57648,1.648746,,
2026-02-02,2026-02-02,1.39066,138,101,1.366337,10.077244,4,2.898551,3,45-54,unknown,,,,,0.347665,2.173913,,
2026-02-02,2026-02-02,566.518735,34045,27672,1.230305,16.640292,679,1.994419,491,55-64,female,7.0,167.72,,0.296054,0.834343,1.442209,80.93124785714285,0.014256619144602852
2026-02-02,2026-02-02,30.754589,2090,1586,1.317781,14.715114,34,1.626794,24,55-64,male,1.0,47.92,,1.558141,0.904547,1.148325,30.754589,0.041666666666666664
2026-02-02,2026-02-02,4.922335,205,167,1.227545,24.01139,3,1.463415,2,55-64,unknown,,,,,1.640778,0.97561,,
2026-02-02,2026-02-02,454.565629,19603,16215,1.208942,23.188575,537,2.739377,391,65+,female,4.0,195.76,,0.430653,0.846491,1.994593,113.64140725,0.010230179028132993
2026-02-02,2026-02-02,24.641689,1160,928,1.25,21.242835,21,1.810345,14,65+,male,,,,,1.173414,1.206897,,
2026-02-02,2026-02-02,3.281557,181,120,1.508333,18.130147,3,1.657459,2,65+,unknown,1.0,41.96,,12.786615,1.093852,1.104972,3.281557,0.5
2026-02-02,2026-02-02,0.0,0,0,0.0,,0,,0,Unknown,unknown,,,,,,,,
2026-02-03,2026-02-03,1.821078,108,68,1.588235,16.861833,1,0.925926,1,18-24,female,,,,,1.821078,0.925926,,
2026-02-03,2026-02-03,0.070041,10,10,1.0,7.004146,0,0.0,0,18-24,male,,,,,,,,
2026-02-03,2026-02-03,19.02126,1221,887,1.37655,15.578427,24,1.965602,19,25-34,female,,,1.0,,0.792552,1.556102,,
2026-02-03,2026-02-03,1.751037,159,111,1.432432,11.012808,1,0.628931,1,25-34,male,,,,,1.751037,0.628931,,
2026-02-03,2026-02-03,0.020012,3,3,1.0,6.670615,0,0.0,0,25-34,unknown,,,,,,,,
2026-02-03,2026-02-03,94.53596,6565,4947,1.327067,14.399994,104,1.584158,80,35-44,female,2.0,35.94,2.0,0.380173,0.909,1.218583,47.26798,0.025
2026-02-03,2026-02-03,8.965307,589,408,1.443627,15.221234,11,1.867572,9,35-44,male,2.0,145.94,6.0,16.278305,0.815028,1.528014,4.4826535,0.2222222222222222
2026-02-03,2026-02-03,2.001185,67,32,2.09375,29.868427,1,1.492537,1,35-44,unknown,,,,,2.001185,1.492537,,
2026-02-03,2026-02-03,316.097113,20469,16263,1.258624,15.442724,342,1.670819,247,45-54,female,3.0,113.36,6.0,0.358624,0.924261,1.206703,105.36570433333333,0.012145748987854251
2026-02-03,2026-02-03,17.510365,1313,945,1.389418,13.33615,7,0.53313,6,45-54,male,1.0,79.96,,4.566438,2.501481,0.456969,17.510365,0.16666666666666666
2026-02-03,2026-02-03,0.870515,120,86,1.395349,7.254294,0,0.0,0,45-54,unknown,,,,,,,,
2026-02-03,2026-02-03,550.65596,29702,23135,1.283856,18.539356,633,2.13117,505,55-64,female,13.0,683.91,30.0,1.241991,0.869915,1.700222,42.358150769230775,0.02574257425742574
2026-02-03,2026-02-03,35.721145,2059,1386,1.48557,17.348783,44,2.13696,36,55-64,male,,,,,0.811844,1.748422,,
2026-02-03,2026-02-03,2.8717,210,155,1.354839,13.674761,6,2.857143,4,55-64,unknown,,,,,0.478617,1.904762,,
2026-02-03,2026-02-03,420.348825,17695,13393,1.321213,23.755232,520,2.938683,429,65+,female,8.0,281.92,16.0,0.670681,0.808363,2.424414,52.543603125,0.018648018648018648
2026-02-03,2026-02-03,27.276146,1091,838,1.301909,25.00105,20,1.833181,15,65+,male,,,,,1.363807,1.374885,,
2026-02-03,2026-02-03,3.972351,210,108,1.944444,18.915959,0,0.0,0,65+,unknown,,,,,,,,
2026-02-04,2026-02-04,1.390504,127,83,1.53012,10.948847,1,0.787402,1,18-24,female,,,,,1.390504,0.787402,,
2026-02-04,2026-02-04,0.480174,23,14,1.642857,20.877126,2,8.695652,1,18-24,male,,,,,0.240087,4.347826,,
2026-02-04,2026-02-04,0.020007,3,3,1.0,6.669082,0,0.0,0,18-24,unknown,,,,,,,,
2026-02-04,2026-02-04,25.249144,1553,1177,1.319456,16.258303,35,2.253703,30,25-34,female,,,,,0.721404,1.931745,,
2026-02-04,2026-02-04,2.700978,227,161,1.409938,11.898582,4,1.762115,3,25-34,male,,,,,0.675245,1.321586,,
2026-02-04,2026-02-04,0.140051,15,11,1.363636,9.336715,0,0.0,0,25-34,unknown,,,,,,,,
2026-02-04,2026-02-04,108.149166,8439,6486,1.30111,12.815401,120,1.421969,101,35-44,female,4.0,179.38,5.0,1.658635,0.901243,1.196824,27.0372915,0.039603960396039604
2026-02-04,2026-02-04,10.073648,780,563,1.385435,12.914933,7,0.897436,4,35-44,male,,,,,1.439093,0.512821,,
2026-02-04,2026-02-04,1.780645,93,62,1.5,19.146719,0,0.0,0,35-44,unknown,,,,,,,,
2026-02-04,2026-02-04,378.116933,25271,19331,1.307278,14.962484,424,1.677813,347,45-54,female,12.0,986.64,20.0,2.609352,0.891785,1.373115,31.509744416666667,0.0345821325648415
2026-02-04,2026-02-04,21.78789,1769,1301,1.359723,12.316501,28,1.582815,19,45-54,male,1.0,39.98,,1.834964,0.778139,1.074053,21.78789,0.05263157894736842
2026-02-04,2026-02-04,1.49054,207,122,1.696721,7.200675,3,1.449275,3,45-54,unknown,,,,,0.496847,1.449275,,
2026-02-04,2026-02-04,628.167487,35051,27250,1.286275,17.921528,654,1.865853,522,55-64,female,17.0,808.39,46.0,1.286902,0.960501,1.489259,36.95102864705883,0.032567049808429116
2026-02-04,2026-02-04,38.313875,2165,1608,1.346393,17.69694,35,1.616628,30,55-64,male,1.0,50.96,1.0,1.330066,1.094682,1.385681,38.313875,0.03333333333333333
2026-02-04,2026-02-04,3.281188,199,159,1.251572,16.488383,6,3.015075,4,55-64,unknown,,,,,0.546865,2.01005,,
2026-02-04,2026-02-04,436.298003,19081,14586,1.308172,22.865573,506,2.651853,402,65+,female,13.0,718.73,19.0,1.647337,0.862249,2.106808,33.56138484615384,0.03233830845771144
2026-02-04,2026-02-04,23.988687,1204,953,1.263379,19.924159,29,2.408638,23,65+,male,,,,,0.827196,1.910299,,
2026-02-04,2026-02-04,2.971076,168,107,1.570093,17.684976,6,3.571429,5,65+,unknown,,,,,0.495179,2.97619,,
2026-02-04,2026-02-04,0.010004,1,1,1.0,10.003623,0,0.0,0,Unknown,female,,,,,,,,
2026-02-05,2026-02-05,1.660052,105,83,1.26506,15.810021,2,1.904762,2,18-24,female,,,,,0.830026,1.904762,,
2026-02-05,2026-02-05,0.400013,22,19,1.157895,18.18239,0,0.0,0,18-24,male,,,,,,,,
2026-02-05,2026-02-05,23.720746,1576,1162,1.356282,15.051235,16,1.015228,11,25-34,female,1.0,79.96,1.0,3.370889,1.482547,0.69797,23.720746,0.09090909090909091
2026-02-05,2026-02-05,2.970093,231,169,1.366864,12.857547,4,1.731602,3,25-34,male,,,,,0.742523,1.298701,,
2026-02-05,2026-02-05,0.070002,10,8,1.25,7.00022,0,0.0,0,25-34,unknown,,,,,,,,
2026-02-05,2026-02-05,120.24378,8375,6432,1.302083,14.357466,128,1.528358,98,35-44,female,5.0,241.82,13.0,2.011081,0.939405,1.170149,24.048756,0.05102040816326531
2026-02-05,2026-02-05,12.470392,895,634,1.411672,13.933399,14,1.564246,12,35-44,male,1.0,69.98,,5.611692,0.890742,1.340782,12.470392,0.08333333333333333
2026-02-05,2026-02-05,1.680053,57,45,1.266667,29.474611,1,1.754386,1,35-44,unknown,,,,,1.680053,1.754386,,
2026-02-05,2026-02-05,371.101667,23326,18383,1.26889,15.909357,407,1.744834,306,45-54,female,7.0,374.37,20.0,1.008807,0.911798,1.311841,53.01452385714286,0.02287581699346405
2026-02-05,2026-02-05,23.890751,1836,1438,1.276773,13.012392,19,1.034858,12,45-54,male,,,,,1.257408,0.653595,,
2026-02-05,2026-02-05,2.060065,178,113,1.575221,11.573398,0,0.0,0,45-54,unknown,,,,,,,,
2026-02-05,2026-02-05,573.298024,29379,23346,1.258417,19.513871,615,2.093332,473,55-64,female,16.0,872.36,30.0,1.521652,0.932192,1.609994,35.8311265,0.03382663847780127
2026-02-05,2026-02-05,38.701217,2189,1670,1.310778,17.679861,44,2.01005,38,55-64,male,1.0,55.96,2.0,1.445949,0.879573,1.735952,38.701217,0.02631578947368421
2026-02-05,2026-02-05,4.880153,198,149,1.328859,24.64724,4,2.020202,2,55-64,unknown,,,,,1.220038,1.010101,,
2026-02-05,2026-02-05,389.97226,15117,11380,1.328383,25.796935,445,2.943706,384,65+,female,7.0,435.94,17.0,1.117874,0.876342,2.540187,55.710322857142856,0.018229166666666668
2026-02-05,2026-02-05,21.290669,997,804,1.24005,21.354734,18,1.805416,14,65+,male,1.0,65.89,,3.094783,1.182815,1.404213,21.290669,0.07142857142857142
2026-02-05,2026-02-05,1.970062,121,79,1.531646,16.281504,1,0.826446,0,65+,unknown,,,,,1.970062,,,
2026-02-06,2026-02-06,2.550295,108,90,1.2,23.61384,1,0.925926,1,18-24,female,,,,,2.550295,0.925926,,
2026-02-06,2026-02-06,0.150017,16,12,1.333333,9.376084,0,0.0,0,18-24,male,,,,,,,,
2026-02-06,2026-02-06,19.47225,1394,1046,1.332696,13.968616,23,1.649928,14,25-34,female,,,,,0.84662,1.004304,,
2026-02-06,2026-02-06,3.940455,169,120,1.408333,23.316304,5,2.95858,4,25-34,male,,,,,0.788091,2.366864,,
2026-02-06,2026-02-06,0.150017,12,9,1.333333,12.501445,0,0.0,0,25-34,unknown,,,,,,,,
2026-02-06,2026-02-06,106.282282,7983,6438,1.239981,13.313577,123,1.540774,98,35-44,female,1.0,23.96,3.0,0.225437,0.864084,1.227609,106.282282,0.01020408163265306
2026-02-06,2026-02-06,10.071164,711,526,1.351711,14.164787,14,1.969058,9,35-44,male,1.0,11.98,,1.189535,0.719369,1.265823,10.071164,0.1111111111111111
2026-02-06,2026-02-06,0.440051,47,43,1.093023,9.362784,0,0.0,0,35-44,unknown,,,,,,,,
2026-02-06,2026-02-06,407.197057,25132,20150,1.247246,16.202334,397,1.579659,311,45-54,female,8.0,236.56,,0.580947,1.025685,1.237466,50.899632125,0.02572347266881029
2026-02-06,2026-02-06,21.20245,1739,1311,1.326468,12.192323,13,0.747556,9,45-54,male,,,,,1.630958,0.517539,,
2026-02-06,2026-02-06,1.82021,179,113,1.584071,10.168773,2,1.117318,1,45-54,unknown,,,,,0.910105,0.558659,,
2026-02-06,2026-02-06,610.720577,33151,26828,1.235687,18.422388,662,1.996923,518,55-64,female,14.0,424.92,,0.695768,0.922539,1.562547,43.62289835714286,0.02702702702702703
2026-02-06,2026-02-06,35.414093,2017,1591,1.267756,17.557805,31,1.536936,23,55-64,male,,,,,1.14239,1.140307,,
2026-02-06,2026-02-06,2.94034,181,146,1.239726,16.244971,2,1.104972,1,55-64,unknown,,,,,1.47017,0.552486,,
2026-02-06,2026-02-06,398.936103,16590,13268,1.250377,24.046781,422,2.543701,341,65+,female,6.0,143.29,,0.35918,0.945346,2.055455,66.4893505,0.017595307917888565
2026-02-06,2026-02-06,20.032315,995,778,1.27892,20.13298,19,1.909548,13,65+,male,,,,,1.054332,1.306533,,
2026-02-06,2026-02-06,2.790322,152,101,1.504951,18.357385,3,1.973684,3,65+,unknown,,,,,0.930107,1.973684,,
2026-02-07,2026-02-07,1.670156,113,89,1.269663,14.780145,1,0.884956,1,18-24,female,,,,,1.670156,0.884956,,
2026-02-07,2026-02-07,0.130012,9,9,1.0,14.445797,0,0.0,0,18-24,male,,,,,,,,
2026-02-07,2026-02-07,25.022343,1192,879,1.356086,20.991899,11,0.922819,9,25-34,female,,,,,2.274758,0.755034,,
2026-02-07,2026-02-07,3.31031,146,99,1.474747,22.673356,2,1.369863,1,25-34,male,,,,,1.655155,0.684932,,
2026-02-07,2026-02-07,0.190018,13,8,1.625,14.616753,1,7.692308,0,25-34,unknown,,,,,0.190018,,,
2026-02-07,2026-02-07,123.301546,7304,5598,1.304752,16.881373,133,1.82092,103,35-44,female,5.0,149.75,7.0,1.214502,0.927079,1.410186,24.6603092,0.04854368932038835
2026-02-07,2026-02-07,11.791104,687,468,1.467949,17.163179,13,1.892285,12,35-44,male,1.0,23.96,,2.03204,0.907008,1.746725,11.791104,0.08333333333333333
2026-02-07,2026-02-07,0.75007,42,25,1.68,17.858815,2,4.761905,2,35-44,unknown,,,,,0.375035,4.761905,,
2026-02-07,2026-02-07,430.440308,21485,15647,1.373107,20.034457,459,2.136374,372,45-54,female,7.0,217.65,,0.505645,0.937778,1.731441,61.491472571428574,0.01881720430107527
2026-02-07,2026-02-07,27.732597,1634,1143,1.429571,16.972214,34,2.080783,28,45-54,male,,,,,0.815665,1.713586,,
2026-02-07,2026-02-07,1.81017,158,93,1.698925,11.456769,1,0.632911,1,45-54,unknown,,,,,1.81017,0.632911,,
2026-02-07,2026-02-07,616.297712,27499,20928,1.313981,22.411641,632,2.298265,493,55-64,female,10.0,271.64,,0.440761,0.975155,1.792792,61.62977120000001,0.02028397565922921
2026-02-07,2026-02-07,36.383407,1913,1462,1.308482,19.019031,47,2.456874,34,55-64,male,,,,,0.774115,1.777313,,
2026-02-07,2026-02-07,2.870269,190,139,1.366906,15.106678,2,1.052632,1,55-64,unknown,,,,,1.435134,0.526316,,
2026-02-07,2026-02-07,399.617422,13842,10739,1.288947,28.869919,438,3.164283,361,65+,female,2.0,71.88,,0.179872,0.912369,2.608005,199.808711,0.00554016620498615
2026-02-07,2026-02-07,24.362281,922,724,1.273481,26.423299,23,2.494577,16,65+,male,,,,,1.05923,1.735358,,
2026-02-07,2026-02-07,2.930274,146,83,1.759036,20.070373,2,1.369863,2,65+,unknown,,,,,1.465137,1.369863,,
2026-02-08,2026-02-08,1.86045,111,87,1.275862,16.760813,2,1.801802,2,18-24,female,,,,,0.930225,1.801802,,
2026-02-08,2026-02-08,0.400097,16,13,1.230769,25.006051,1,6.25,0,18-24,male,,,,,0.400097,,,
2026-02-08,2026-02-08,0.020005,1,1,1.0,20.004841,0,0.0,0,18-24,unknown,,,,,,,,
2026-02-08,2026-02-08,27.816731,1382,1018,1.357564,20.127881,14,1.013025,12,25-34,female,2.0,125.22,2.0,4.501607,1.986909,0.868307,13.9083655,0.16666666666666666
2026-02-08,2026-02-08,2.670646,152,114,1.333333,17.570041,0,0.0,0,25-34,male,,,,,,,,
2026-02-08,2026-02-08,0.300073,11,8,1.375,27.279329,1,9.090909,1,25-34,unknown,,,,,0.300073,9.090909,,
2026-02-08,2026-02-08,164.789878,8647,6563,1.317538,19.057462,169,1.954435,139,35-44,female,4.0,136.73,21.0,0.829723,0.975088,1.607494,41.1974695,0.02877697841726619
2026-02-08,2026-02-08,14.453498,756,499,1.51503,19.118383,19,2.513228,14,35-44,male,,,2.0,,0.76071,1.851852,,
2026-02-08,2026-02-08,1.410341,47,33,1.424242,30.007261,0,0.0,0,35-44,unknown,,,,,,,,
2026-02-08,2026-02-08,490.858783,24194,17420,1.388863,20.288451,427,1.7649,340,45-54,female,6.0,304.83,15.0,0.621014,1.149552,1.405307,81.80979716666667,0.01764705882352941
2026-02-08,2026-02-08,30.527387,1655,1159,1.427955,18.445551,24,1.450151,21,45-54,male,1.0,67.99,2.0,2.22718,1.271974,1.268882,30.527387,0.047619047619047616
2026-02-08,2026-02-08,2.200533,150,92,1.630435,14.670217,2,1.333333,1,45-54,unknown,,,,,1.100266,0.666667,,
2026-02-08,2026-02-08,722.204767,32076,23767,1.349602,22.515425,744,2.319491,594,55-64,female,15.0,759.67,25.0,1.051876,0.970705,1.851852,48.146984466666666,0.025252525252525252
2026-02-08,2026-02-08,41.249982,2144,1582,1.355247,19.23973,46,2.145522,36,55-64,male,,,,,0.896739,1.679104,,
2026-02-08,2026-02-08,8.051948,187,137,1.364964,43.058548,7,3.743316,4,55-64,unknown,,,,,1.150278,2.139037,,
2026-02-08,2026-02-08,444.777632,15834,11824,1.339141,28.090036,457,2.886194,364,65+,female,5.0,245.6,12.0,0.552186,0.973255,2.298851,88.9555264,0.013736263736263736
2026-02-08,2026-02-08,25.676213,1029,786,1.30916,24.952588,27,2.623907,22,65+,male,,,1.0,,0.950971,2.137998,,
2026-02-08,2026-02-08,4.281036,171,111,1.540541,25.035298,3,1.754386,2,65+,unknown,,,,,1.427012,1.169591,,
2026-02-09,2026-02-09,2.170261,112,83,1.349398,19.377334,3,2.678571,2,18-24,female,,,,,0.72342,1.785714,,
2026-02-09,2026-02-09,0.130016,10,10,1.0,13.001566,0,0.0,0,18-24,male,,,,,,,,
2026-02-09,2026-02-09,0.020002,2,2,1.0,10.001204,0,0.0,0,18-24,unknown,,,,,,,,
2026-02-09,2026-02-09,20.062416,1068,822,1.29927,18.785034,12,1.123596,8,25-34,female,,,,,1.671868,0.749064,,
2026-02-09,2026-02-09,2.010242,131,106,1.235849,15.345359,1,0.763359,0,25-34,male,,,,,2.010242,,,
2026-02-09,2026-02-09,0.160019,8,6,1.333333,20.002409,0,0.0,0,25-34,unknown,,,,,,,,
2026-02-09,2026-02-09,90.330878,5752,4507,1.276237,15.704256,91,1.582058,60,35-44,female,1.0,33.83,5.0,0.374512,0.992647,1.043115,90.330878,0.016666666666666666
2026-02-09,2026-02-09,9.681166,639,479,1.334029,15.150494,8,1.251956,8,35-44,male,,,,,1.210146,1.251956,,
2026-02-09,2026-02-09,1.890228,47,34,1.382353,40.217609,0,0.0,0,35-44,unknown,,,,,,,,
2026-02-09,2026-02-09,275.233145,15935,12372,1.287989,17.27224,313,1.96423,237,45-54,female,6.0,453.21,13.0,1.64664,0.879339,1.487292,45.87219083333333,0.02531645569620253
2026-02-09,2026-02-09,22.812747,1478,1086,1.360958,15.434876,18,1.217862,14,45-54,male,,,,,1.267375,0.947226,,
2026-02-09,2026-02-09,1.730208,116,80,1.45,14.915589,2,1.724138,2,45-54,unknown,,,,,0.865104,1.724138,,
2026-02-09,2026-02-09,454.454728,22319,17219,1.296184,20.361787,476,2.132712,370,55-64,female,9.0,564.53,20.0,1.242214,0.954737,1.65778,50.494969777777776,0.024324324324324326
2026-02-09,2026-02-09,33.073983,1853,1339,1.383869,17.848885,47,2.536427,49,55-64,male,,,,,0.703702,2.644361,,
2026-02-09,2026-02-09,1.900229,134,103,1.300971,14.180812,1,0.746269,0,55-64,unknown,,,,,1.900229,,,
2026-02-09,2026-02-09,384.986363,13095,9941,1.317272,29.399493,383,2.92478,306,65+,female,5.0,241.82,23.0,0.628126,1.005186,2.33677,76.9972726,0.016339869281045753
2026-02-09,2026-02-09,23.83287,1052,795,1.32327,22.65482,36,3.422053,32,65+,male,,,1.0,,0.662024,3.041825,,
2026-02-09,2026-02-09,4.130497,158,102,1.54902,26.142389,4,2.531646,2,65+,unknown,,,,,1.032624,1.265823,,
2026-02-10,2026-02-10,3.991561,130,111,1.171171,30.704318,2,1.538462,2,18-24,female,,,,,1.995781,1.538462,,
2026-02-10,2026-02-10,0.120047,14,10,1.4,8.574783,0,0.0,0,18-24,male,,,,,,,,
2026-02-10,2026-02-10,0.0,1,1,1.0,0.0,0,0.0,0,18-24,unknown,,,,,,,,
2026-02-10,2026-02-10,20.868163,1136,914,1.242888,18.369862,24,2.112676,20,25-34,female,,,1.0,,0.869507,1.760563,,
2026-02-10,2026-02-10,2.02079,147,118,1.245763,13.746874,4,2.721088,4,25-34,male,,,,,0.505198,2.721088,,
2026-02-10,2026-02-10,0.240094,16,14,1.142857,15.00587,0,0.0,0,25-34,unknown,,,,,,,,
2026-02-10,2026-02-10,99.218811,6111,4832,1.264694,16.236101,96,1.570938,77,35-44,female,6.0,303.75,10.0,3.061415,1.033529,1.260023,16.5364685,0.07792207792207792
2026-02-10,2026-02-10,9.193596,677,503,1.345924,13.579906,3,0.443131,3,35-44,male,1.0,62.91,,6.842806,3.064532,0.443131,9.193596,0.3333333333333333
2026-02-10,2026-02-10,0.770301,37,34,1.088235,20.818955,0,0.0,0,35-44,unknown,,,,,,,,
2026-02-10,2026-02-10,300.767651,17512,14031,1.248094,17.174946,340,1.941526,268,45-54,female,8.0,452.28,18.0,1.503752,0.884611,1.530379,37.595956375,0.029850746268656716
2026-02-10,2026-02-10,21.748507,1488,1175,1.266383,14.615932,16,1.075269,12,45-54,male,,,1.0,,1.359282,0.806452,,
2026-02-10,2026-02-10,1.410552,115,66,1.742424,12.265668,1,0.869565,1,45-54,unknown,,,,,1.410552,0.869565,,
2026-02-10,2026-02-10,505.207622,24905,20291,1.227391,20.285389,497,1.995583,384,55-64,female,14.0,721.47,21.0,1.428066,1.016514,1.541859,36.08625871428571,0.036458333333333336
2026-02-10,2026-02-10,38.134917,1942,1584,1.22601,19.63693,30,1.544799,24,55-64,male,1.0,55.96,3.0,1.467422,1.271164,1.235839,38.134917,0.041666666666666664
2026-02-10,2026-02-10,6.102387,189,152,1.243421,32.287762,6,3.174603,4,55-64,unknown,1.0,83.94,1.0,13.755273,1.017065,2.116402,6.102387,0.25
2026-02-10,2026-02-10,374.156359,14067,11431,1.230601,26.598163,368,2.616052,295,65+,female,12.0,581.88,26.0,1.555179,1.016729,2.097107,31.179696583333335,0.04067796610169491
2026-02-10,2026-02-10,19.567654,1193,893,1.335946,16.402057,29,2.430847,23,65+,male,1.0,55.96,,2.859822,0.674747,1.927913,19.567654,0.043478260869565216
2026-02-10,2026-02-10,2.520986,128,104,1.230769,19.695204,3,2.34375,2,65+,unknown,,,,,0.840329,1.5625,,
2026-02-11,2026-02-11,1.71017,92,83,1.108434,18.588806,1,1.086957,1,18-24,female,,,,,1.71017,1.086957,,
2026-02-11,2026-02-11,0.270027,17,15,1.133333,15.883934,0,0.0,0,18-24,male,,,,,,,,
2026-02-11,2026-02-11,0.040004,1,1,1.0,40.003981,0,0.0,0,18-24,unknown,,,,,,,,
2026-02-11,2026-02-11,22.232212,1067,782,1.36445,20.836188,17,1.593252,9,25-34,female,,,,,1.307777,0.843486,,
2026-02-11,2026-02-11,2.21022,137,116,1.181034,16.132992,0,0.0,0,25-34,male,,,,,,,,
2026-02-11,2026-02-11,0.080008,7,6,1.166667,11.429709,0,0.0,0,25-34,unknown,,,,,,,,
2026-02-11,2026-02-11,89.23888,5513,4430,1.24447,16.186991,86,1.559949,63,35-44,female,5.0,236.39,6.0,2.648957,1.037661,1.142753,17.847776,0.07936507936507936
2026-02-11,2026-02-11,9.380934,557,398,1.399497,16.841891,1,0.179533,0,35-44,male,,,,,9.380934,,,
2026-02-11,2026-02-11,1.180117,52,36,1.444444,22.694566,2,3.846154,2,35-44,unknown,,,,,0.590059,3.846154,,
2026-02-11,2026-02-11,296.129468,16352,12939,1.263776,18.109679,318,1.944716,238,45-54,female,4.0,176.79,11.0,0.597002,0.931225,1.455479,74.032367,0.01680672268907563
2026-02-11,2026-02-11,22.422231,1236,964,1.282158,18.140964,16,1.294498,15,45-54,male,1.0,55.96,1.0,2.495737,1.401389,1.213592,22.422231,0.06666666666666667
2026-02-11,2026-02-11,2.750274,103,70,1.471429,26.701686,3,2.912621,2,45-54,unknown,,,,,0.916758,1.941748,,
2026-02-11,2026-02-11,495.919349,23414,17950,1.304401,21.180463,545,2.327667,425,55-64,female,14.0,813.45,25.0,1.640287,0.909944,1.815153,35.422810642857144,0.03294117647058824
2026-02-11,2026-02-11,37.193701,1749,1351,1.294597,21.265695,26,1.486564,23,55-64,male,,,,,1.430527,1.315037,,
2026-02-11,2026-02-11,2.560255,154,116,1.327586,16.625031,2,1.298701,0,55-64,unknown,,,,,1.280127,,,
2026-02-11,2026-02-11,396.63947,14329,11004,1.302163,27.68089,439,3.063717,347,65+,female,9.0,450.66,17.0,1.136196,0.903507,2.421662,44.07105222222222,0.025936599423631124
2026-02-11,2026-02-11,24.782466,1134,876,1.294521,21.854027,28,2.469136,25,65+,male,1.0,50.96,1.0,2.056293,0.885088,2.204586,24.782466,0.04
2026-02-11,2026-02-11,2.140213,135,93,1.451613,15.853429,1,0.740741,1,65+,unknown,,,,,2.140213,0.740741,,
2026-02-11,2026-02-11,0.0,0,0,0.0,,0,,0,Unknown,unknown,,,,,,,,
2026-02-12,2026-02-12,1.840111,104,90,1.155556,17.693375,1,0.961538,1,18-24,female,,,,,1.840111,0.961538,,
2026-02-12,2026-02-12,0.060004,8,7,1.142857,7.500453,0,0.0,0,18-24,male,,,,,,,,
2026-02-12,2026-02-12,22.121335,1079,763,1.414155,20.5017,24,2.224282,15,25-34,female,1.0,11.98,,0.541559,0.921722,1.390176,22.121335,0.06666666666666667
2026-02-12,2026-02-12,1.740105,117,92,1.271739,14.872692,1,0.854701,1,25-34,male,,,,,1.740105,0.854701,,
2026-02-12,2026-02-12,0.780047,15,8,1.875,52.003138,0,0.0,0,25-34,unknown,,,,,,,,
2026-02-12,2026-02-12,82.674989,5256,3998,1.314657,15.72964,86,1.636225,62,35-44,female,5.0,263.82,5.0,3.19105,0.961337,1.179604,16.5349978,0.08064516129032258
2026-02-12,2026-02-12,7.650462,550,367,1.498638,13.90993,6,1.090909,4,35-44,male,,,1.0,,1.275077,0.727273,,
2026-02-12,2026-02-12,0.460028,29,22,1.318182,15.863026,1,3.448276,1,35-44,unknown,,,,,0.460028,3.448276,,
2026-02-12,2026-02-12,298.618018,15342,11939,1.285032,19.464087,288,1.8772,230,45-54,female,8.0,542.37,14.0,1.816267,1.036868,1.499153,37.32725225,0.034782608695652174
2026-02-12,2026-02-12,23.331408,1299,910,1.427473,17.961053,30,2.309469,25,45-54,male,,,,,0.777714,1.924557,,
2026-02-12,2026-02-12,2.360142,112,78,1.435897,21.0727,1,0.892857,1,45-54,unknown,,,,,2.360142,0.892857,,
2026-02-12,2026-02-12,467.838229,20759,15752,1.317864,22.536646,518,2.495303,396,55-64,female,5.0,293.65,16.0,0.627674,0.903163,1.907606,93.56764580000001,0.012626262626262626
2026-02-12,2026-02-12,28.67173,1533,1194,1.28392,18.70302,28,1.826484,22,55-64,male,,,,,1.02399,1.435095,,
2026-02-12,2026-02-12,2.540153,146,104,1.403846,17.39831,5,3.424658,3,55-64,unknown,,,,,0.508031,2.054795,,
2026-02-12,2026-02-12,356.65152,11711,8501,1.377603,30.454404,386,3.296046,301,65+,female,18.0,780.85,19.0,2.189392,0.923968,2.570233,19.813973333333333,0.059800664451827246
2026-02-12,2026-02-12,23.901442,924,617,1.497569,25.867362,26,2.813853,21,65+,male,,,1.0,,0.919286,2.272727,,
2026-02-12,2026-02-12,4.590277,115,77,1.493506,39.915452,1,0.869565,1,65+,unknown,,,,,4.590277,0.869565,,
2026-02-13,2026-02-13,2.800179,153,125,1.224,18.301823,2,1.30719,1,18-24,female,,,,,1.400089,0.653595,,
2026-02-13,2026-02-13,0.32002,24,18,1.333333,13.334185,0,0.0,0,18-24,male,,,,,,,,
2026-02-13,2026-02-13,31.161991,1505,1091,1.379468,20.705642,16,1.063123,12,25-34,female,1.0,69.95,2.0,2.244722,1.947624,0.797342,31.161991,0.08333333333333333
2026-02-13,2026-02-13,2.230142,154,118,1.305085,14.481445,2,1.298701,2,25-34,male,,,,,1.115071,1.298701,,
2026-02-13,2026-02-13,0.250016,17,10,1.7,14.706822,0,0.0,0,25-34,unknown,,,,,,,,
2026-02-13,2026-02-13,125.137995,7927,6122,1.294838,15.786299,92,1.16059,80,35-44,female,6.0,166.79,6.0,1.332849,1.360196,1.009209,20.8563325,0.075
2026-02-13,2026-02-13,12.480797,746,499,1.49499,16.730291,13,1.742627,11,35-44,male,,,,,0.960061,1.474531,,
2026-02-13,2026-02-13,0.79005,45,36,1.25,17.556677,0,0.0,0,35-44,unknown,,,,,,,,
2026-02-13,2026-02-13,396.155311,22664,17520,1.293607,17.479497,448,1.976703,365,45-54,female,9.0,576.88,21.0,1.456197,0.884275,1.610484,44.017256777777774,0.024657534246575342
2026-02-13,2026-02-13,30.281935,1737,1249,1.390713,17.433468,27,1.554404,23,45-54,male,1.0,55.96,1.0,1.847966,1.121553,1.324122,30.281935,0.043478260869565216
2026-02-13,2026-02-13,2.050131,139,103,1.349515,14.749144,4,2.877698,3,45-54,unknown,,,,,0.512533,2.158273,,
2026-02-13,2026-02-13,612.669144,29340,21768,1.34785,20.881702,727,2.477846,593,55-64,female,14.0,763.71,21.0,1.246529,0.842736,2.021132,43.76208171428571,0.023608768971332208
2026-02-13,2026-02-13,36.612339,2075,1545,1.343042,17.644501,40,1.927711,34,55-64,male,4.0,226.83,5.0,6.195452,0.915308,1.638554,9.15308475,0.11764705882352941
2026-02-13,2026-02-13,4.900313,212,150,1.413333,23.114684,1,0.471698,1,55-64,unknown,,,,,4.900313,0.471698,,
2026-02-13,2026-02-13,428.887402,15699,11194,1.402448,27.319409,490,3.121218,403,65+,female,13.0,907.77,22.0,2.11657,0.87528,2.567042,32.99133861538461,0.03225806451612903
2026-02-13,2026-02-13,31.952041,1243,906,1.371965,25.705584,31,2.493966,26,65+,male,,,,,1.030711,2.091714,,
2026-02-13,2026-02-13,3.010192,142,102,1.392157,21.198537,8,5.633803,7,65+,unknown,,,,,0.376274,4.929577,,
2026-02-14,2026-02-14,2.120052,110,85,1.294118,19.2732,1,0.909091,1,18-24,female,,,,,2.120052,0.909091,,
2026-02-14,2026-02-14,0.140003,13,9,1.444444,10.769495,0,0.0,0,18-24,male,,,,,,,,
2026-02-14,2026-02-14,0.0,1,1,1.0,0.0,0,0.0,0,18-24,unknown,,,,,,,,
2026-02-14,2026-02-14,13.840339,861,628,1.371019,16.074726,14,1.626016,16,25-34,female,1.0,23.96,,1.731171,0.988596,1.858304,13.840339,0.0625
2026-02-14,2026-02-14,1.860046,110,80,1.375,16.909506,1,0.909091,0,25-34,male,,,,,1.860046,,,
2026-02-14,2026-02-14,0.110003,9,6,1.5,12.222522,0,0.0,0,25-34,unknown,,,,,,,,
2026-02-14,2026-02-14,92.872277,5139,3803,1.351302,18.072052,106,2.062658,88,35-44,female,1.0,53.28,5.0,0.573691,0.876154,1.712395,92.872277,0.011363636363636364
2026-02-14,2026-02-14,6.870168,505,292,1.729452,13.604294,5,0.990099,2,35-44,male,,,,,1.374034,0.39604,,
2026-02-14,2026-02-14,0.42001,30,24,1.25,14.000343,0,0.0,0,35-44,unknown,,,,,,,,
2026-02-14,2026-02-14,308.177556,16025,11274,1.421412,19.231049,350,2.184087,290,45-54,female,7.0,331.03,9.0,1.074154,0.880507,1.809672,44.02536514285714,0.02413793103448276
2026-02-14,2026-02-14,15.880389,1107,797,1.388959,14.345429,13,1.174345,11,45-54,male,,,,,1.221568,0.993677,,
2026-02-14,2026-02-14,2.080051,95,61,1.557377,21.895274,2,2.105263,1,45-54,unknown,,,,,1.040026,1.052632,,
2026-02-14,2026-02-14,466.601441,19932,13721,1.452664,23.409665,591,2.965081,474,55-64,female,30.0,1427.16,45.0,3.058628,0.789512,2.378085,15.553381366666667,0.06329113924050633
2026-02-14,2026-02-14,31.570774,1434,979,1.46476,22.015882,37,2.580195,30,55-64,male,2.0,92.93,1.0,2.943545,0.853264,2.09205,15.785387,0.06666666666666667
2026-02-14,2026-02-14,2.680066,128,86,1.488372,20.938013,0,0.0,0,55-64,unknown,,,,,,,,
2026-02-14,2026-02-14,261.246406,9627,6638,1.450286,27.136845,302,3.13701,269,65+,female,12.0,505.61,28.0,1.935376,0.865054,2.794225,21.77053383333333,0.04460966542750929
2026-02-14,2026-02-14,14.850364,703,490,1.434694,21.124273,37,5.263158,29,65+,male,,,1.0,,0.401361,4.125178,,
2026-02-14,2026-02-14,2.190054,83,54,1.537037,26.386189,3,3.614458,3,65+,unknown,,,,,0.730018,3.614458,,
2026-02-14,2026-02-14,0.01,1,1,1.0,10.000245,0,0.0,0,Unknown,unknown,,,,,,,,
2026-02-15,2026-02-15,2.390197,147,103,1.427184,16.259844,1,0.680272,1,18-24,female,,,,,2.390197,0.680272,,
2026-02-15,2026-02-15,0.250021,15,15,1.0,16.668041,0,0.0,0,18-24,male,,,,,,,,
2026-02-15,2026-02-15,0.010001,1,1,1.0,10.000825,0,0.0,0,18-24,unknown,,,,,,,,
2026-02-15,2026-02-15,24.812046,1521,1091,1.394134,16.312982,31,2.038133,25,25-34,female,1.0,83.94,2.0,3.383034,0.800389,1.643655,24.812046,0.04
2026-02-15,2026-02-15,3.220266,189,148,1.277027,17.038442,0,0.0,0,25-34,male,,,,,,,,
2026-02-15,2026-02-15,0.050004,6,5,1.2,8.334021,0,0.0,0,25-34,unknown,,,,,,,,
2026-02-15,2026-02-15,147.972201,8943,6185,1.445918,16.546148,154,1.722017,131,35-44,female,5.0,359.53,8.0,2.429713,0.960858,1.464833,29.5944402,0.03816793893129771
2026-02-15,2026-02-15,13.001072,918,553,1.660036,14.162388,10,1.089325,6,35-44,male,,,,,1.300107,0.653595,,
2026-02-15,2026-02-15,0.990082,45,31,1.451613,22.001814,4,8.888889,3,35-44,unknown,,,,,0.24752,6.666667,,
2026-02-15,2026-02-15,449.787087,26163,18373,1.423992,17.191724,457,1.746742,360,45-54,female,9.0,414.52,19.0,0.921592,0.984217,1.375989,49.976343,0.025
2026-02-15,2026-02-15,29.462429,1839,1254,1.466507,16.020897,32,1.740076,25,45-54,male,,,1.0,,0.920701,1.359434,,
2026-02-15,2026-02-15,1.920158,115,86,1.337209,16.697029,4,3.478261,3,45-54,unknown,1.0,111.92,1.0,58.28686,0.48004,2.608696,1.920158,0.3333333333333333
2026-02-15,2026-02-15,692.997141,32779,23169,1.414778,21.141497,800,2.440587,642,55-64,female,22.0,1464.74,58.0,2.113631,0.866246,1.958571,31.499870045454546,0.03426791277258567
2026-02-15,2026-02-15,47.523919,2380,1632,1.458333,19.968033,52,2.184874,41,55-64,male,,,1.0,,0.913922,1.722689,,
2026-02-15,2026-02-15,4.060335,212,159,1.333333,19.152523,5,2.358491,3,55-64,unknown,,,,,0.812067,1.415094,,
2026-02-15,2026-02-15,379.901325,14523,10094,1.438776,26.158598,434,2.988363,344,65+,female,11.0,705.39,23.0,1.856772,0.875349,2.368657,34.53648409090909,0.03197674418604651
2026-02-15,2026-02-15,17.871474,885,620,1.427419,20.193755,19,2.146893,15,65+,male,,,,,0.940604,1.694915,,
2026-02-15,2026-02-15,2.960244,117,83,1.409639,25.301232,11,9.401709,11,65+,unknown,,,,,0.269113,9.401709,,
2026-02-16,2026-02-16,2.389986,141,107,1.317757,16.950252,6,4.255319,6,18-24,female,,,,,0.398331,4.255319,,
2026-02-16,2026-02-16,0.229999,15,11,1.363636,15.33324,0,0.0,0,18-24,male,,,,,,,,
2026-02-16,2026-02-16,0.01,1,1,1.0,9.999939,0,0.0,0,18-24,unknown,,,,,,,,
2026-02-16,2026-02-16,24.819849,1230,819,1.501832,20.178739,33,2.682927,25,25-34,female,,,,,0.752117,2.03252,,
2026-02-16,2026-02-16,2.799983,139,110,1.263636,20.143763,2,1.438849,1,25-34,male,,,,,1.399992,0.719424,,
2026-02-16,2026-02-16,0.309998,12,9,1.333333,25.833177,1,8.333333,1,25-34,unknown,,,,,0.309998,8.333333,,
2026-02-16,2026-02-16,105.609359,6586,4739,1.389745,16.035433,126,1.913149,104,35-44,female,4.0,146.54,4.0,1.387566,0.83817,1.579107,26.40233975,0.038461538461538464
2026-02-16,2026-02-16,9.649941,629,398,1.580402,15.341719,5,0.794913,4,35-44,male,,,,,1.929988,0.63593,,
2026-02-16,2026-02-16,1.58999,48,32,1.5,33.124799,6,12.5,5,35-44,unknown,,,,,0.264998,10.416667,,
2026-02-16,2026-02-16,383.397674,21074,15205,1.385991,18.192924,429,2.035684,334,45-54,female,11.0,518.63,23.0,1.352721,0.893701,1.584891,34.854334,0.03293413173652695
2026-02-16,2026-02-16,19.78988,1292,925,1.396757,15.317245,19,1.470588,13,45-54,male,2.0,,,,1.041573,1.006192,9.89494,0.15384615384615385
2026-02-16,2026-02-16,2.229986,140,95,1.473684,15.928475,4,2.857143,4,45-54,unknown,,,,,0.557497,2.857143,,
2026-02-16,2026-02-16,610.906294,28541,20296,1.406238,21.404516,692,2.424582,556,55-64,female,14.0,695.47,26.0,1.138423,0.882813,1.948075,43.636163857142854,0.025179856115107913
2026-02-16,2026-02-16,35.229786,1815,1280,1.417969,19.410351,40,2.203857,33,55-64,male,,,,,0.880745,1.818182,,
2026-02-16,2026-02-16,3.809977,176,126,1.396825,21.647596,4,2.272727,2,55-64,unknown,,,,,0.952494,1.136364,,
2026-02-16,2026-02-16,420.897446,15360,11292,1.360255,27.402178,542,3.528646,445,65+,female,12.0,529.59,25.0,1.25824,0.776564,2.897135,35.07478716666667,0.02696629213483146
2026-02-16,2026-02-16,21.34987,965,719,1.342142,22.124218,12,1.243523,10,65+,male,,,,,1.779156,1.036269,,
2026-02-16,2026-02-16,3.26998,151,95,1.589474,21.655498,6,3.97351,3,65+,unknown,,,,,0.544997,1.986755,,
2026-02-17,2026-02-17,1.700275,139,124,1.120968,12.232194,6,4.316547,5,18-24,female,,,,,0.283379,3.597122,,
2026-02-17,2026-02-17,0.180029,13,11,1.181818,13.848393,0,0.0,0,18-24,male,,,,,,,,
2026-02-17,2026-02-17,35.165687,1390,996,1.395582,25.299055,41,2.94964,38,25-34,female,,,1.0,,0.8577,2.733813,,
2026-02-17,2026-02-17,1.680272,127,95,1.336842,13.230486,2,1.574803,2,25-34,male,,,,,0.840136,1.574803,,
2026-02-17,2026-02-17,0.160026,14,9,1.555556,11.43042,2,14.285714,2,25-34,unknown,,,,,0.080013,14.285714,,
2026-02-17,2026-02-17,102.386558,7170,5426,1.321415,14.279855,114,1.589958,94,35-44,female,2.0,89.79,4.0,0.876971,0.898128,1.311018,51.193279,0.02127659574468085
2026-02-17,2026-02-17,7.771257,575,418,1.375598,13.515229,10,1.73913,6,35-44,male,,,,,0.777126,1.043478,,
2026-02-17,2026-02-17,1.060171,57,34,1.676471,18.599499,3,5.263158,2,35-44,unknown,,,,,0.35339,3.508772,,
2026-02-17,2026-02-17,364.849005,22861,17412,1.312945,15.959451,424,1.854687,343,45-54,female,9.0,623.54,20.0,1.709036,0.860493,1.500372,40.53877833333333,0.026239067055393587
2026-02-17,2026-02-17,19.803203,1306,956,1.366109,15.163249,12,0.918836,9,45-54,male,1.0,34.99,,1.766886,1.650267,0.689127,19.803203,0.1111111111111111
2026-02-17,2026-02-17,2.700437,142,111,1.279279,19.01716,3,2.112676,2,45-54,unknown,,,,,0.900146,1.408451,,
2026-02-17,2026-02-17,605.247883,32677,25682,1.27237,18.522137,728,2.227867,573,55-64,female,16.0,1080.28,38.0,1.784855,0.831384,1.753527,37.8279926875,0.027923211169284468
2026-02-17,2026-02-17,27.354424,2045,1476,1.385501,13.376246,29,1.418093,26,55-64,male,1.0,22.98,1.0,0.840084,0.943256,1.271394,27.354424,0.038461538461538464
2026-02-17,2026-02-17,2.540411,195,150,1.3,13.027748,3,1.538462,1,55-64,unknown,,,,,0.846804,0.512821,,
2026-02-17,2026-02-17,411.87661,18190,14374,1.265479,22.643024,477,2.62232,361,65+,female,7.0,259.13,12.0,0.629145,0.863473,1.984607,58.83951571428572,0.019390581717451522
2026-02-17,2026-02-17,20.423303,1171,837,1.399044,17.440908,18,1.537148,10,65+,male,,,,,1.134628,0.853971,,
2026-02-17,2026-02-17,2.78045,152,115,1.321739,18.292432,5,3.289474,3,65+,unknown,,,,,0.55609,1.973684,,
2026-02-18,2026-02-18,1.590244,117,88,1.329545,13.591831,1,0.854701,1,18-24,female,,,,,1.590244,0.854701,,
2026-02-18,2026-02-18,0.610094,16,9,1.777778,38.130855,0,0.0,0,18-24,male,,,,,,,,
2026-02-18,2026-02-18,0.010002,1,1,1.0,10.001536,0,0.0,0,18-24,unknown,,,,,,,,
2026-02-18,2026-02-18,21.633322,1048,740,1.416216,20.642483,18,1.717557,15,25-34,female,1.0,55.96,1.0,2.58675,1.201851,1.431298,21.633322,0.06666666666666667
2026-02-18,2026-02-18,1.440221,87,68,1.279412,16.554266,3,3.448276,3,25-34,male,,,,,0.480074,3.448276,,
2026-02-18,2026-02-18,0.240037,11,9,1.222222,21.821533,0,0.0,0,25-34,unknown,,,,,,,,
2026-02-18,2026-02-18,82.872726,5477,4011,1.365495,15.131044,69,1.259814,53,35-44,female,4.0,270.74,4.0,3.266937,1.201054,0.967683,20.7181815,0.07547169811320754
2026-02-18,2026-02-18,4.780734,372,262,1.419847,12.851436,4,1.075269,4,35-44,male,,,,,1.195184,1.075269,,
2026-02-18,2026-02-18,0.710109,33,29,1.137931,21.518456,0,0.0,0,35-44,unknown,,,,,,,,
2026-02-18,2026-02-18,315.028374,18631,14343,1.298961,16.908828,325,1.744404,255,45-54,female,12.0,957.42,17.0,3.039155,0.969318,1.368687,26.2523645,0.047058823529411764
2026-02-18,2026-02-18,17.102626,1043,740,1.409459,16.397532,11,1.05465,8,45-54,male,,,,,1.554784,0.767018,,
2026-02-18,2026-02-18,2.970456,117,87,1.344828,25.388514,5,4.273504,6,45-54,unknown,,,,,0.594091,5.128205,,
2026-02-18,2026-02-18,573.057996,28715,22592,1.271025,19.956747,628,2.18701,487,55-64,female,14.0,744.77,25.0,1.299642,0.912513,1.695978,40.932714,0.028747433264887063
2026-02-18,2026-02-18,23.383591,1535,1169,1.313088,15.23361,18,1.172638,13,55-64,male,,,,,1.299088,0.846906,,
2026-02-18,2026-02-18,3.380519,219,143,1.531469,15.43616,5,2.283105,3,55-64,unknown,,,,,0.676104,1.369863,,
2026-02-18,2026-02-18,425.165286,16777,12893,1.301249,25.342152,483,2.878941,380,65+,female,8.0,321.07,16.0,0.755165,0.880259,2.265006,53.14566075,0.021052631578947368
2026-02-18,2026-02-18,20.453141,912,678,1.345133,22.426689,32,3.508772,29,65+,male,1.0,23.96,,1.171458,0.639161,3.179825,20.453141,0.034482758620689655
2026-02-18,2026-02-18,3.400522,162,112,1.446429,20.990878,7,4.320988,6,65+,unknown,,,,,0.485789,3.703704,,
2026-02-19,2026-02-19,2.671063,110,81,1.358025,24.282395,4,3.636364,4,18-24,female,,,,,0.667766,3.636364,,
2026-02-19,2026-02-19,0.260104,11,10,1.1,23.645778,0,0.0,0,18-24,male,,,,,,,,
2026-02-19,2026-02-19,24.009559,1054,706,1.492918,22.779468,15,1.42315,12,25-34,female,,,,,1.600637,1.13852,,
2026-02-19,2026-02-19,3.191271,115,83,1.385542,27.750178,5,4.347826,4,25-34,male,,,,,0.638254,3.478261,,
2026-02-19,2026-02-19,0.030012,5,5,1.0,6.00239,0,0.0,0,25-34,unknown,,,,,,,,
2026-02-19,2026-02-19,93.217112,5437,4104,1.324805,17.144953,106,1.949605,89,35-44,female,3.0,122.98,3.0,1.319286,0.879407,1.636932,31.072370666666668,0.033707865168539325
2026-02-19,2026-02-19,5.202071,390,256,1.523438,13.338644,3,0.769231,2,35-44,male,,,,,1.734024,0.512821,,
2026-02-19,2026-02-19,0.540215,36,29,1.241379,15.005974,0,0.0,0,35-44,unknown,,,,,,,,
2026-02-19,2026-02-19,318.51681,18083,14207,1.272823,17.614157,370,2.046121,296,45-54,female,12.0,683.86,22.0,2.147014,0.860856,1.636897,26.543067500000003,0.04054054054054054
2026-02-19,2026-02-19,15.746269,890,649,1.371341,17.692437,14,1.573034,14,45-54,male,2.0,139.6,2.0,8.865592,1.124734,1.573034,7.8731345,0.14285714285714285
2026-02-19,2026-02-19,2.11084,126,84,1.5,16.752701,4,3.174603,3,45-54,unknown,,,,,0.52771,2.380952,,
2026-02-19,2026-02-19,576.09936,27290,22247,1.226682,21.110273,640,2.345181,507,55-64,female,21.0,1313.02,39.0,2.279155,0.900155,1.857823,27.43330285714286,0.04142011834319527
2026-02-19,2026-02-19,25.680224,1414,1038,1.362235,18.161403,41,2.899576,34,55-64,male,1.0,55.96,1.0,2.179109,0.626347,2.404526,25.680224,0.029411764705882353
2026-02-19,2026-02-19,1.810721,164,127,1.291339,11.040981,0,0.0,0,55-64,unknown,,,,,,,,
2026-02-19,2026-02-19,437.003982,16142,12457,1.295818,27.072481,485,3.004584,399,65+,female,11.0,502.3,24.0,1.149417,0.901039,2.471813,39.72763472727273,0.02756892230576441
2026-02-19,2026-02-19,21.838695,866,640,1.353125,25.217892,17,1.963049,14,65+,male,,,,,1.284629,1.616628,,
2026-02-19,2026-02-19,4.251693,134,106,1.264151,31.72905,2,1.492537,1,65+,unknown,,,,,2.125846,0.746269,,
2026-02-20,2026-02-20,2.350876,151,108,1.398148,15.568717,1,0.662252,1,18-24,female,,,,,2.350876,0.662252,,
2026-02-20,2026-02-20,0.070026,7,5,1.4,10.003728,1,14.285714,1,18-24,male,,,,,0.070026,14.285714,,
2026-02-20,2026-02-20,0.010004,1,1,1.0,10.003728,0,0.0,0,18-24,unknown,,,,,,,,
2026-02-20,2026-02-20,18.236797,1271,921,1.380022,14.348385,14,1.101495,13,25-34,female,1.0,69.95,1.0,3.835652,1.302628,1.022817,18.236797,0.07692307692307693
2026-02-20,2026-02-20,4.001491,151,108,1.398148,26.499943,4,2.649007,4,25-34,male,,,,,1.000373,2.649007,,
2026-02-20,2026-02-20,0.060022,6,5,1.2,10.003728,0,0.0,0,25-34,unknown,,,,,,,,
2026-02-20,2026-02-20,109.04064,7766,5884,1.31985,14.040773,124,1.596704,99,35-44,female,2.0,168.07,5.0,1.541352,0.87936,1.274788,54.52032,0.020202020202020204
2026-02-20,2026-02-20,8.012987,631,426,1.481221,12.698869,5,0.792393,3,35-44,male,,,,,1.602597,0.475436,,
2026-02-20,2026-02-20,0.950354,48,42,1.142857,19.799046,2,4.166667,2,35-44,unknown,,,,,0.475177,4.166667,,
2026-02-20,2026-02-20,399.518904,26217,21998,1.19179,15.238925,439,1.674486,386,45-54,female,12.0,576.77,25.0,1.443661,0.910066,1.472327,33.293242,0.031088082901554404
2026-02-20,2026-02-20,20.207532,1448,1068,1.355805,13.955478,13,0.89779,10,45-54,male,,,,,1.554426,0.690608,,
2026-02-20,2026-02-20,2.090779,141,97,1.453608,14.828222,2,1.41844,2,45-54,unknown,,,,,1.04539,1.41844,,
2026-02-20,2026-02-20,745.177735,40526,31812,1.273922,18.387646,909,2.243004,707,55-64,female,19.0,1218.3,39.0,1.634912,0.819777,1.744559,39.219880789473685,0.026874115983026876
2026-02-20,2026-02-20,36.603643,2160,1584,1.363636,16.946131,44,2.037037,38,55-64,male,3.0,138.72,4.0,3.789787,0.831901,1.759259,12.201214333333333,0.07894736842105263
2026-02-20,2026-02-20,2.490928,199,169,1.177515,12.517228,4,2.01005,3,55-64,unknown,,,,,0.622732,1.507538,,
2026-02-20,2026-02-20,525.715939,23221,18569,1.250525,22.639677,661,2.846561,516,65+,female,11.0,571.03,27.0,1.086195,0.795334,2.222127,47.7923580909091,0.02131782945736434
2026-02-20,2026-02-20,24.529142,1204,940,1.280851,20.373042,33,2.740864,28,65+,male,1.0,22.98,1.0,0.936845,0.743307,2.325581,24.529142,0.03571428571428571
2026-02-20,2026-02-20,5.9022,193,152,1.269737,30.581346,4,2.072539,3,65+,unknown,1.0,22.98,1.0,3.893464,1.47555,1.554404,5.9022,0.3333333333333333
2026-02-21,2026-02-21,2.760047,152,125,1.216,18.158203,2,1.315789,2,18-24,female,,,,,1.380023,1.315789,,
2026-02-21,2026-02-21,0.120002,12,9,1.333333,10.00017,1,8.333333,1,18-24,male,,,,,0.120002,8.333333,,
2026-02-21,2026-02-21,0.02,2,2,1.0,10.00017,0,0.0,0,18-24,unknown,,,,,,,,
2026-02-21,2026-02-21,22.070374,1281,892,1.436099,17.22902,19,1.483216,17,25-34,female,1.0,61.46,1.0,2.784728,1.161599,1.327088,22.070374,0.058823529411764705
2026-02-21,2026-02-21,3.120053,177,117,1.512821,17.627418,2,1.129944,2,25-34,male,,,,,1.560026,1.129944,,
2026-02-21,2026-02-21,0.02,3,3,1.0,6.66678,0,0.0,0,25-34,unknown,,,,,,,,
2026-02-21,2026-02-21,116.591978,7979,6051,1.318625,14.612355,178,2.230856,133,35-44,female,4.0,253.22,10.0,2.171848,0.655011,1.666876,29.1479945,0.03007518796992481
2026-02-21,2026-02-21,6.400109,562,407,1.380835,11.388094,3,0.533808,3,35-44,male,,,,,2.13337,0.533808,,
2026-02-21,2026-02-21,0.850014,51,39,1.307692,16.666949,1,1.960784,0,35-44,unknown,,,,,0.850014,,,
2026-02-21,2026-02-21,406.176889,26275,21593,1.21683,15.458683,474,1.803996,366,45-54,female,7.0,345.99,20.0,0.851821,0.856913,1.392959,58.02526985714286,0.01912568306010929
2026-02-21,2026-02-21,19.660333,1265,917,1.379498,15.541766,29,2.29249,23,45-54,male,1.0,29.95,1.0,1.523372,0.677943,1.818182,19.660333,0.043478260869565216
2026-02-21,2026-02-21,1.550026,132,105,1.257143,11.742623,1,0.757576,0,45-54,unknown,,,,,1.550026,,,
2026-02-21,2026-02-21,706.351981,37316,27912,1.336916,18.928931,980,2.626219,775,55-64,female,16.0,892.7,44.0,1.263818,0.720767,2.076857,44.1469988125,0.02064516129032258
2026-02-21,2026-02-21,32.270547,2199,1573,1.397966,14.675101,49,2.228286,38,55-64,male,,,,,0.658583,1.728058,,
2026-02-21,2026-02-21,2.95005,228,198,1.151515,12.938816,4,1.754386,3,55-64,unknown,1.0,39.1,,13.254012,0.737513,1.315789,2.95005,0.3333333333333333
2026-02-21,2026-02-21,416.637067,19756,15495,1.274992,21.089141,525,2.657421,422,65+,female,15.0,652.53,28.0,1.566183,0.793594,2.13606,27.775804466666667,0.035545023696682464
2026-02-21,2026-02-21,25.510433,1109,876,1.265982,23.003095,24,2.164112,19,65+,male,1.0,48.29,1.0,1.892951,1.062935,1.713255,25.510433,0.05263157894736842
2026-02-21,2026-02-21,5.650096,157,122,1.286885,35.987872,8,5.095541,5,65+,unknown,,,,,0.706262,3.184713,,
2026-02-22,2026-02-22,2.670493,125,109,1.146789,21.363941,4,3.2,4,18-24,female,,,,,0.667623,3.2,,
2026-02-22,2026-02-22,0.180033,9,9,1.0,20.00369,0,0.0,0,18-24,male,,,,,,,,
2026-02-22,2026-02-22,25.724745,1520,1147,1.325196,16.924174,21,1.381579,19,25-34,female,1.0,23.96,1.0,0.931399,1.224988,1.25,25.724745,0.05263157894736842
2026-02-22,2026-02-22,3.36062,154,102,1.509804,21.822207,5,3.246753,5,25-34,male,,,,,0.672124,3.246753,,
2026-02-22,2026-02-22,0.080015,8,8,1.0,10.001845,0,0.0,0,25-34,unknown,,,,,,,,
2026-02-22,2026-02-22,162.539981,10391,7972,1.303437,15.642381,180,1.732268,147,35-44,female,3.0,220.78,9.0,1.358312,0.903,1.414686,54.17999366666667,0.02040816326530612
2026-02-22,2026-02-22,6.681232,575,434,1.324885,11.619535,6,1.043478,5,35-44,male,,,,,1.113539,0.869565,,
2026-02-22,2026-02-22,0.870161,57,44,1.295455,15.265974,1,1.754386,0,35-44,unknown,,,,,0.870161,,,
2026-02-22,2026-02-22,515.785138,31416,24074,1.304976,16.417912,590,1.878024,459,45-54,female,7.0,758.45,20.0,1.470477,0.874212,1.461039,73.68359114285714,0.015250544662309368
2026-02-22,2026-02-22,27.955156,1641,1171,1.401366,17.03544,25,1.523461,17,45-54,male,,,2.0,,1.118206,1.035954,,
2026-02-22,2026-02-22,2.210408,159,129,1.232558,13.901935,2,1.257862,1,45-54,unknown,,,,,1.105204,0.628931,,
2026-02-22,2026-02-22,746.58771,40070,31367,1.277457,18.632087,932,2.32593,728,55-64,female,14.0,783.09,43.0,1.048892,0.80106,1.816821,53.327693571428576,0.019230769230769232
2026-02-22,2026-02-22,33.196123,2123,1558,1.362644,15.636422,45,2.119642,39,55-64,male,1.0,27.96,1.0,0.842267,0.737692,1.837023,33.196123,0.02564102564102564
2026-02-22,2026-02-22,3.20059,226,185,1.221622,14.161904,2,0.884956,1,55-64,unknown,,,,,1.600295,0.442478,,
2026-02-22,2026-02-22,393.372559,17734,14029,1.264096,22.181829,446,2.514943,377,65+,female,9.0,422.31,25.0,1.073562,0.882001,2.12586,43.70806211111111,0.023872679045092837
2026-02-22,2026-02-22,24.704557,882,695,1.269065,28.009702,13,1.473923,14,65+,male,,,,,1.900351,1.587302,,
2026-02-22,2026-02-22,2.60048,137,119,1.151261,18.981603,1,0.729927,1,65+,unknown,,,,,2.60048,0.729927,,
2026-02-23,2026-02-23,1.630048,98,79,1.240506,16.633139,1,1.020408,1,18-24,female,,,,,1.630048,1.020408,,
2026-02-23,2026-02-23,0.100003,2,2,1.0,50.001461,0,0.0,0,18-24,male,,,,,,,,
2026-02-23,2026-02-23,19.900582,1188,834,1.42446,16.751331,10,0.841751,7,25-34,female,,,,,1.990058,0.589226,,
2026-02-23,2026-02-23,2.300067,146,84,1.738095,15.753885,1,0.684932,1,25-34,male,,,,,2.300067,0.684932,,
2026-02-23,2026-02-23,0.020001,1,1,1.0,20.000585,0,0.0,0,25-34,unknown,,,,,,,,
2026-02-23,2026-02-23,106.273106,6809,5162,1.319062,15.607741,113,1.659568,91,35-44,female,1.0,59.92,4.0,0.56383,0.94047,1.336466,106.273106,0.01098901098901099
2026-02-23,2026-02-23,5.110149,396,257,1.540856,12.904418,6,1.515152,6,35-44,male,,,,,0.851692,1.515152,,
2026-02-23,2026-02-23,0.540016,28,25,1.12,19.286278,0,0.0,0,35-44,unknown,,,,,,,,
2026-02-23,2026-02-23,318.939322,20535,15440,1.329987,15.531499,383,1.865108,312,45-54,female,10.0,568.43,18.0,1.782251,0.83274,1.519357,31.893932200000002,0.03205128205128205
2026-02-23,2026-02-23,17.060499,1013,671,1.509687,16.841558,21,2.07305,16,45-54,male,1.0,76.29,1.0,4.471733,0.812405,1.579467,17.060499,0.0625
2026-02-23,2026-02-23,1.470043,103,80,1.2875,14.272262,4,3.883495,3,45-54,unknown,,,,,0.367511,2.912621,,
2026-02-23,2026-02-23,516.855106,27631,20613,1.340465,18.705624,603,2.182331,482,55-64,female,7.0,415.01,19.0,0.802952,0.857139,1.744418,73.8364437142857,0.014522821576763486
2026-02-23,2026-02-23,26.920787,1472,1054,1.396584,18.288578,38,2.581522,36,55-64,male,,,1.0,,0.708442,2.445652,,
2026-02-23,2026-02-23,2.030059,155,119,1.302521,13.097157,6,3.870968,4,55-64,unknown,,,,,0.338343,2.580645,,
2026-02-23,2026-02-23,331.689694,14556,10821,1.345162,22.787146,420,2.885408,326,65+,female,4.0,195.73,12.0,0.5901,0.789737,2.239626,82.9224235,0.012269938650306749
2026-02-23,2026-02-23,16.400479,725,524,1.383588,22.621351,19,2.62069,14,65+,male,1.0,42.95,1.0,2.618826,0.863183,1.931034,16.400479,0.07142857142857142
2026-02-23,2026-02-23,1.330039,98,79,1.240506,13.571825,2,2.040816,1,65+,unknown,,,,,0.665019,1.020408,,
2026-02-24,2026-02-24,3.080154,135,102,1.323529,22.815953,3,2.222222,3,18-24,female,,,,,1.026718,2.222222,,
2026-02-24,2026-02-24,0.120006,10,8,1.25,12.000598,0,0.0,0,18-24,male,,,,,,,,
2026-02-24,2026-02-24,0.0,1,1,1.0,0.0,0,0.0,0,18-24,unknown,,,,,,,,
2026-02-24,2026-02-24,21.731084,1377,936,1.471154,15.78147,28,2.033406,23,25-34,female,2.0,323.48,1.0,14.88559,0.77611,1.670298,10.865542,0.08695652173913043
2026-02-24,2026-02-24,1.280064,115,89,1.292135,11.13099,1,0.869565,1,25-34,male,,,,,1.280064,0.869565,,
2026-02-24,2026-02-24,0.050002,8,7,1.142857,6.250312,0,0.0,0,25-34,unknown,,,,,,,,
2026-02-24,2026-02-24,105.575264,7461,5746,1.298469,14.150283,123,1.648573,99,35-44,female,2.0,30.96,1.0,0.293251,0.858335,1.3269,52.787632,0.020202020202020204
2026-02-24,2026-02-24,5.700284,461,338,1.363905,12.365042,9,1.952278,7,35-44,male,,,,,0.633365,1.518438,,
2026-02-24,2026-02-24,1.300065,66,47,1.404255,19.697952,2,3.030303,2,35-44,unknown,,,,,0.650032,3.030303,,
2026-02-24,2026-02-24,345.54723,22106,17270,1.280023,15.631377,352,1.592328,264,45-54,female,6.0,354.51,8.0,1.025938,0.981668,1.194246,57.591205,0.022727272727272728
2026-02-24,2026-02-24,17.580877,1203,881,1.365494,14.614195,16,1.330008,14,45-54,male,,,1.0,,1.098805,1.163757,,
2026-02-24,2026-02-24,1.480074,129,101,1.277228,11.47344,1,0.775194,1,45-54,unknown,,,,,1.480074,0.775194,,
2026-02-24,2026-02-24,518.065833,28402,21792,1.303322,18.24047,589,2.073798,443,55-64,female,12.0,667.18,30.0,1.287829,0.879568,1.559749,43.17215275,0.02708803611738149
2026-02-24,2026-02-24,31.531572,1743,1223,1.425184,18.090403,36,2.065404,30,55-64,male,1.0,5.99,,0.189968,0.875877,1.72117,31.531572,0.03333333333333333
2026-02-24,2026-02-24,2.640132,183,135,1.355556,14.426949,5,2.73224,5,55-64,unknown,,,,,0.528026,2.73224,,
2026-02-24,2026-02-24,328.826397,14652,11125,1.317034,22.442424,378,2.579853,306,65+,female,9.0,350.62,14.0,1.066277,0.869911,2.088452,36.53626633333333,0.029411764705882353
2026-02-24,2026-02-24,18.020899,905,707,1.280057,19.912595,15,1.657459,14,65+,male,,,,,1.201393,1.546961,,
2026-02-24,2026-02-24,1.280064,108,85,1.270588,11.852443,2,1.851852,2,65+,unknown,,,,,0.640032,1.851852,,
2026-02-25,2026-02-25,3.069908,130,96,1.354167,23.614676,2,1.538462,3,18-24,female,,,,,1.534954,2.307692,,
2026-02-25,2026-02-25,0.099997,6,6,1.0,16.666166,0,0.0,0,18-24,male,,,,,,,,
2026-02-25,2026-02-25,18.079457,1177,875,1.345143,15.360626,17,1.44435,12,25-34,female,1.0,107.82,,5.963675,1.063497,1.019541,18.079457,0.08333333333333333
2026-02-25,2026-02-25,1.809946,101,70,1.442857,17.920254,2,1.980198,2,25-34,male,,,,,0.904973,1.980198,,
2026-02-25,2026-02-25,0.079998,10,9,1.111111,7.99976,0,0.0,0,25-34,unknown,,,,,,,,
2026-02-25,2026-02-25,94.147173,6401,4835,1.323888,14.708198,56,0.874863,49,35-44,female,2.0,144.78,2.0,1.537805,1.6812,0.765505,47.0735865,0.04081632653061224
2026-02-25,2026-02-25,6.6498,455,326,1.395706,14.614946,18,3.956044,16,35-44,male,,,,,0.369433,3.516484,,
2026-02-25,2026-02-25,0.379989,40,25,1.6,9.499715,1,2.5,1,35-44,unknown,,,,,0.379989,2.5,,
2026-02-25,2026-02-25,330.600073,19376,14979,1.293544,17.062349,347,1.790875,266,45-54,female,2.0,239.68,6.0,0.724985,0.952738,1.372832,165.3000365,0.007518796992481203
2026-02-25,2026-02-25,18.079457,1166,837,1.39307,15.505538,13,1.114923,5,45-54,male,,,1.0,,1.390727,0.428816,,
2026-02-25,2026-02-25,1.409958,122,100,1.22,11.55703,2,1.639344,2,45-54,unknown,,,,,0.704979,1.639344,,
2026-02-25,2026-02-25,482.145523,25874,20064,1.289573,18.634364,542,2.094767,436,55-64,female,8.0,502.32,13.0,1.041843,0.889567,1.685089,60.268190375,0.01834862385321101
2026-02-25,2026-02-25,28.129155,1709,1211,1.41123,16.459424,27,1.579871,21,55-64,male,,,,,1.041821,1.228789,,
2026-02-25,2026-02-25,4.489865,187,137,1.364964,24.009974,5,2.673797,4,55-64,unknown,,,,,0.897973,2.139037,,
2026-02-25,2026-02-25,325.550225,13667,10451,1.307722,23.820167,350,2.560913,271,65+,female,10.0,669.04,20.0,2.055105,0.930144,1.982878,32.5550225,0.03690036900369004
2026-02-25,2026-02-25,16.019519,840,665,1.263158,19.070856,17,2.02381,11,65+,male,1.0,54.93,1.0,3.428942,0.942325,1.309524,16.019519,0.09090909090909091
2026-02-25,2026-02-25,1.409958,141,85,1.658824,9.9997,5,3.546099,3,65+,unknown,,,,,0.281992,2.12766,,
2026-02-26,2026-02-26,2.4,135,99,1.363636,17.777778,3,2.222222,2,18-24,female,,,,,0.8,1.481481,,
2026-02-26,2026-02-26,0.18,12,10,1.2,15.0,0,0.0,0,18-24,male,,,,,,,,
2026-02-26,2026-02-26,22.31,1218,840,1.45,18.316913,31,2.545156,28,25-34,female,4.0,181.77,3.0,8.147468,0.719677,2.298851,5.5775,0.14285714285714285
2026-02-26,2026-02-26,2.02,133,89,1.494382,15.18797,0,0.0,0,25-34,male,,,,,,,,
2026-02-26,2026-02-26,0.14,11,11,1.0,12.727273,0,0.0,0,25-34,unknown,,,,,,,,
2026-02-26,2026-02-26,113.71,6783,5062,1.339984,16.763969,110,1.621701,91,35-44,female,,,3.0,,1.033727,1.341589,,
2026-02-26,2026-02-26,5.58,489,310,1.577419,11.411043,12,2.453988,7,35-44,male,,,,,0.465,1.431493,,
2026-02-26,2026-02-26,0.46,39,31,1.258065,11.794872,0,0.0,0,35-44,unknown,,,,,,,,
2026-02-26,2026-02-26,312.01,19542,14735,1.32623,15.966124,332,1.698905,241,45-54,female,7.0,424.14,10.0,1.35938,0.939789,1.233241,44.57285714285714,0.029045643153526972
2026-02-26,2026-02-26,18.37,1115,794,1.404282,16.475336,18,1.61435,13,45-54,male,,,,,1.020556,1.165919,,
2026-02-26,2026-02-26,3.4,118,85,1.388235,28.813559,3,2.542373,3,45-54,unknown,,,,,1.133333,2.542373,,
2026-02-26,2026-02-26,535.12,26298,19738,1.332354,20.348315,593,2.254924,478,55-64,female,10.0,460.78,26.0,0.861078,0.902395,1.817629,53.512,0.02092050209205021
2026-02-26,2026-02-26,25.33,1461,1114,1.31149,17.33744,27,1.848049,24,55-64,male,2.0,51.03,1.0,2.014607,0.938148,1.64271,12.665,0.08333333333333333
2026-02-26,2026-02-26,2.28,153,119,1.285714,14.901961,0,0.0,0,55-64,unknown,,,,,,,,
2026-02-26,2026-02-26,324.71,13241,10488,1.26249,24.523072,365,2.756589,307,65+,female,9.0,381.5,13.0,1.174895,0.889616,2.318556,36.07888888888888,0.029315960912052116
2026-02-26,2026-02-26,17.73,802,576,1.392361,22.107232,19,2.369077,16,65+,male,,,,,0.933158,1.995012,,
2026-02-26,2026-02-26,1.75,102,79,1.291139,17.156863,2,1.960784,1,65+,unknown,,,,,0.875,0.980392,,
2026-02-27,2026-02-27,0.0,0,0,0.0,,0,,0,45-54,female,1.0,179.96,1.0,,,,0.0,
2026-02-27,2026-02-27,0.0,0,0,0.0,,0,,0,45-54,male,,,,,,,,
2026-02-27,2026-02-27,0.0,0,0,0.0,,0,,0,55-64,female,1.0,41.93,2.0,,,,0.0,
2026-02-27,2026-02-27,0.0,0,0,0.0,,0,,0,65+,female,2.0,35.94,,,,,0.0,
2026-02-28,2026-02-28,0.0,0,0,0.0,,0,,0,35-44,female,,,,,,,,
2026-02-28,2026-02-28,0.0,0,0,0.0,,0,,0,45-54,female,1.0,57.91,1.0,,,,0.0,
2026-02-28,2026-02-28,0.0,0,0,0.0,,0,,0,55-64,female,2.0,83.88,,,,,0.0,
2026-02-28,2026-02-28,0.0,0,0,0.0,,0,,0,65+,female,3.0,23.96,,,,,0.0,
2026-03-01,2026-03-01,0.0,0,0,0.0,,0,,0,55-64,female,,,1.0,,,,,
2026-03-01,2026-03-01,0.0,0,0,0.0,,0,,0,55-64,male,,,,,,,,
2026-03-02,2026-03-02,0.0,0,0,0.0,,0,,0,25-34,female,,,,,,,,
2026-03-02,2026-03-02,0.0,0,0,0.0,,0,,0,55-64,female,1.0,89.98,1.0,,,,0.0,
2026-03-03,2026-03-03,0.0,0,0,0.0,,0,,0,45-54,male,,,,,,,,
2026-03-03,2026-03-03,0.0,0,0,0.0,,0,,0,55-64,female,,,,,,,,
2026-03-04,2026-03-04,0.0,0,0,0.0,,0,,0,25-34,female,,,,,,,,
2026-03-13,2026-03-13,2.420085,132,116,1.137931,18.333976,0,0.0,0,18-24,female,,,,,,,,
2026-03-13,2026-03-13,2.180076,36,22,1.636364,60.557679,1,2.777778,1,18-24,male,,,,,2.180076,2.777778,,
2026-03-13,2026-03-13,0.01,2,2,1.0,5.000175,0,0.0,0,18-24,unknown,,,,,,,,
2026-03-13,2026-03-13,23.420821,1468,1103,1.330916,15.954238,22,1.498638,21,25-34,female,,,,,1.064583,1.430518,,
2026-03-13,2026-03-13,4.240149,176,123,1.430894,24.091754,3,1.704545,3,25-34,male,,,,,1.413383,1.704545,,
2026-03-13,2026-03-13,0.110004,17,12,1.416667,6.470815,1,5.882353,0,25-34,unknown,,,,,0.110004,,,
2026-03-13,2026-03-13,124.574367,7505,5826,1.288191,16.59885,97,1.292472,87,35-44,female,1.0,99.96,2.0,0.802412,1.284272,1.159227,124.574367,0.011494252873563218
2026-03-13,2026-03-13,9.12032,604,473,1.276956,15.099867,6,0.993377,7,35-44,male,,,,,1.520053,1.15894,,
2026-03-13,2026-03-13,0.470016,47,36,1.305556,10.000351,0,0.0,0,35-44,unknown,,,,,,,,
2026-03-13,2026-03-13,422.684819,21782,16131,1.350319,19.405235,283,1.299238,242,45-54,female,2.0,203.83,11.0,0.482227,1.493586,1.111009,211.3424095,0.008264462809917356
2026-03-13,2026-03-13,28.551001,1529,1200,1.274167,18.67299,8,0.523218,5,45-54,male,,,1.0,,3.568875,0.327011,,
2026-03-13,2026-03-13,1.670059,123,91,1.351648,13.577712,0,0.0,0,45-54,unknown,,,,,,,,
2026-03-13,2026-03-13,749.946292,32431,24121,1.344513,23.124365,600,1.850082,469,55-64,female,5.0,289.62,15.0,0.386188,1.24991,1.446147,149.98925839999998,0.010660980810234541
2026-03-13,2026-03-13,46.601634,2317,1806,1.282946,20.112919,47,2.028485,46,55-64,male,,,,,0.991524,1.985326,,
2026-03-13,2026-03-13,5.050177,184,145,1.268966,27.446614,1,0.543478,1,55-64,unknown,,,,,5.050177,0.543478,,
2026-03-13,2026-03-13,538.508879,18347,13650,1.344103,29.351332,408,2.223797,325,65+,female,5.0,249.68,7.0,0.463651,1.319875,1.771407,107.7017758,0.015384615384615385
2026-03-13,2026-03-13,32.931155,1432,1108,1.292419,22.996616,35,2.444134,31,65+,male,1.0,59.92,1.0,1.819554,0.94089,2.164804,32.931155,0.03225806451612903
2026-03-13,2026-03-13,4.170146,162,129,1.255814,25.741643,3,1.851852,3,65+,unknown,,,,,1.390049,1.851852,,
2026-03-14,2026-03-14,2.660013,107,99,1.080808,24.859936,1,0.934579,1,18-24,female,,,,,2.660013,0.934579,,
2026-03-14,2026-03-14,0.330002,17,12,1.416667,19.411861,1,5.882353,1,18-24,male,,,,,0.330002,5.882353,,
2026-03-14,2026-03-14,0.03,2,2,1.0,15.000074,0,0.0,0,18-24,unknown,,,,,,,,
2026-03-14,2026-03-14,26.110129,1410,1028,1.371595,18.517822,22,1.560284,18,25-34,female,,,,,1.186824,1.276596,,
2026-03-14,2026-03-14,3.520017,223,149,1.496644,15.784832,3,1.345291,3,25-34,male,,,,,1.173339,1.345291,,
2026-03-14,2026-03-14,0.140001,9,7,1.285714,15.555633,0,0.0,0,25-34,unknown,,,,,,,,
2026-03-14,2026-03-14,134.740667,8254,5868,1.406612,16.324287,137,1.659801,109,35-44,female,1.0,89.88,5.0,0.667059,0.983509,1.320572,134.740667,0.009174311926605505
2026-03-14,2026-03-14,8.920044,628,473,1.327696,14.203892,12,1.910828,11,35-44,male,,,,,0.743337,1.751592,,
2026-03-14,2026-03-14,0.640003,46,34,1.352941,13.913112,1,2.173913,1,35-44,unknown,,,,,0.640003,2.173913,,
2026-03-14,2026-03-14,465.212304,25858,18463,1.400531,17.99104,443,1.713203,350,45-54,female,1.0,39.52,11.0,0.08495,1.050141,1.353546,465.212304,0.002857142857142857
2026-03-14,2026-03-14,27.670137,1802,1316,1.369301,15.355237,27,1.498335,22,45-54,male,,,,,1.02482,1.220866,,
2026-03-14,2026-03-14,1.800009,155,107,1.448598,11.612961,0,0.0,0,45-54,unknown,,,,,,,,
2026-03-14,2026-03-14,794.553935,36525,26050,1.402111,21.753701,788,2.157426,601,55-64,female,5.0,256.09,16.0,0.322307,1.008317,1.645448,158.910787,0.008319467554076539
2026-03-14,2026-03-14,54.640271,2815,2056,1.369163,19.410398,66,2.344583,58,55-64,male,1.0,39.95,2.0,0.731146,0.827883,2.060391,54.640271,0.017241379310344827
2026-03-14,2026-03-14,3.920019,192,136,1.411765,20.416768,3,1.5625,2,55-64,unknown,,,,,1.306673,1.041667,,
2026-03-14,2026-03-14,454.612252,17248,12469,1.383271,26.357389,539,3.125,465,65+,female,7.0,348.55,19.0,0.766697,0.843436,2.695965,64.94460742857143,0.015053763440860216
2026-03-14,2026-03-14,36.230179,1445,988,1.462551,25.072789,34,2.352941,27,65+,male,,,,,1.065594,1.868512,,
2026-03-14,2026-03-14,3.250016,156,114,1.368421,20.833437,3,1.923077,3,65+,unknown,,,,,1.083339,1.923077,,
2026-03-14,2026-03-14,0.06,1,1,1.0,60.000297,0,0.0,0,Unknown,female,,,,,,,,
2026-03-15,2026-03-15,2.48,97,78,1.24359,25.56701,4,4.123711,4,18-24,female,,,,,0.62,4.123711,,
2026-03-15,2026-03-15,0.95,49,21,2.333333,19.387755,0,0.0,0,18-24,male,,,,,,,,
2026-03-15,2026-03-15,0.0,2,2,1.0,0.0,0,0.0,0,18-24,unknown,,,,,,,,
2026-03-15,2026-03-15,19.94,1108,731,1.515732,17.99639,20,1.805054,18,25-34,female,,,,,0.997,1.624549,,
2026-03-15,2026-03-15,4.2,253,156,1.621795,16.600791,7,2.766798,7,25-34,male,,,,,0.6,2.766798,,
2026-03-15,2026-03-15,0.15,11,7,1.571429,13.636364,0,0.0,0,25-34,unknown,,,,,,,,
2026-03-15,2026-03-15,104.59,5751,3528,1.630102,18.186402,79,1.373674,76,35-44,female,1.0,59.92,2.0,0.572904,1.323924,1.321509,104.59,0.013157894736842105
2026-03-15,2026-03-15,12.95,645,451,1.430155,20.077519,4,0.620155,4,35-44,male,,,,,3.2375,0.620155,,
2026-03-15,2026-03-15,0.35,84,18,4.666667,4.166667,2,2.380952,2,35-44,unknown,,,,,0.175,2.380952,,
2026-03-15,2026-03-15,253.37,13076,8398,1.557037,19.376721,276,2.110737,269,45-54,female,4.0,234.69,18.0,0.926274,0.918007,2.057204,63.3425,0.01486988847583643
2026-03-15,2026-03-15,27.54,1193,804,1.483831,23.084661,15,1.257334,12,45-54,male,,,,,1.836,1.005868,,
2026-03-15,2026-03-15,1.15,93,56,1.660714,12.365591,1,1.075269,1,45-54,unknown,,,,,1.15,1.075269,,
2026-03-15,2026-03-15,357.5,15727,9695,1.622176,22.731608,313,1.990208,312,55-64,female,5.0,349.75,16.0,0.978322,1.142173,1.983849,71.5,0.016025641025641024
2026-03-15,2026-03-15,38.29,1544,1018,1.516699,24.799223,31,2.007772,33,55-64,male,,,,,1.235161,2.137306,,
2026-03-15,2026-03-15,1.9,134,55,2.436364,14.179104,3,2.238806,3,55-64,unknown,1.0,59.92,2.0,31.536842,0.633333,2.238806,1.9,0.3333333333333333
2026-03-15,2026-03-15,228.71,7664,4933,1.553618,29.842119,222,2.89666,233,65+,female,,,4.0,,1.030225,3.040188,,
2026-03-15,2026-03-15,35.74,1070,584,1.832192,33.401869,18,1.682243,18,65+,male,,,1.0,,1.985556,1.682243,,
2026-03-15,2026-03-15,1.56,71,53,1.339623,21.971831,6,8.450704,5,65+,unknown,,,,,0.26,7.042254,,
2026-03-15,2026-03-15,0.0,1,1,1.0,0.0,0,0.0,0,Unknown,female,,,,,,,,
2026-03-16,2026-03-16,3.009886,247,224,1.102679,12.185773,2,0.809717,3,18-24,female,,,,,1.504943,1.214575,,
2026-03-16,2026-03-16,1.039961,43,39,1.102564,24.18513,0,0.0,0,18-24,male,,,,,,,,
2026-03-16,2026-03-16,0.01,2,2,1.0,4.999811,0,0.0,0,18-24,unknown,,,,,,,,
2026-03-16,2026-03-16,42.878376,3139,2631,1.193082,13.659884,29,0.923861,25,25-34,female,,,1.0,,1.478565,0.796432,,
2026-03-16,2026-03-16,5.359797,527,420,1.254762,10.170393,5,0.948767,5,25-34,male,,,,,1.071959,0.948767,,
2026-03-16,2026-03-16,0.069997,13,10,1.3,5.384411,0,0.0,0,25-34,unknown,,,,,,,,
2026-03-16,2026-03-16,135.514867,9534,7143,1.334733,14.213852,85,0.891546,73,35-44,female,1.0,89.88,2.0,0.663248,1.594293,0.765681,135.514867,0.0136986301369863
2026-03-16,2026-03-16,11.819552,1075,867,1.239908,10.994932,13,1.209302,7,35-44,male,,,,,0.909196,0.651163,,
2026-03-16,2026-03-16,0.969963,70,55,1.272727,13.856618,2,2.857143,2,35-44,unknown,,,,,0.484982,2.857143,,
2026-03-16,2026-03-16,300.808606,19060,13450,1.4171,15.782193,202,1.059811,175,45-54,female,3.0,243.76,7.0,0.810349,1.489152,0.918153,100.26953533333334,0.017142857142857144
2026-03-16,2026-03-16,19.109276,1522,1140,1.335088,12.555372,19,1.248357,19,45-54,male,,,,,1.005751,1.248357,,
2026-03-16,2026-03-16,1.399947,147,86,1.709302,9.523449,3,2.040816,1,45-54,unknown,,,,,0.466649,0.680272,,
2026-03-16,2026-03-16,439.29336,23348,16656,1.401777,18.815032,296,1.267775,284,55-64,female,5.0,329.57,16.0,0.750228,1.484099,1.216378,87.858672,0.017605633802816902
2026-03-16,2026-03-16,31.818795,2026,1483,1.36615,15.705229,28,1.382034,32,55-64,male,,,,,1.136386,1.579467,,
2026-03-16,2026-03-16,2.009924,119,89,1.337079,16.890117,1,0.840336,1,55-64,unknown,,,,,2.009924,0.840336,,
2026-03-16,2026-03-16,297.168743,14121,9896,1.42694,21.044455,261,1.848311,264,65+,female,2.0,64.92,3.0,0.218462,1.138578,1.869556,148.5843715,0.007575757575757576
2026-03-16,2026-03-16,26.279005,1776,1231,1.442729,14.796737,15,0.844595,13,65+,male,,,,,1.751934,0.731982,,
2026-03-16,2026-03-16,1.419946,122,77,1.584416,11.638903,0,0.0,0,65+,unknown,,,,,,,,
2026-03-17,2026-03-17,2.170035,127,101,1.257426,17.086887,3,2.362205,2,18-24,female,,,,,0.723345,1.574803,,
2026-03-17,2026-03-17,0.220004,25,12,2.083333,8.80014,1,4.0,1,18-24,male,,,,,0.220004,4.0,,
2026-03-17,2026-03-17,30.580488,1719,1121,1.533452,17.789696,23,1.337987,22,25-34,female,,,,,1.329586,1.279814,,
2026-03-17,2026-03-17,3.860062,203,114,1.780702,19.015082,3,1.477833,3,25-34,male,,,,,1.286687,1.477833,,
2026-03-17,2026-03-17,0.410007,15,10,1.5,27.333769,0,0.0,0,25-34,unknown,,,,,,,,
2026-03-17,2026-03-17,123.071964,7785,5267,1.478071,15.808859,75,0.963391,68,35-44,female,1.0,59.92,3.0,0.48687,1.64096,0.873475,123.071964,0.014705882352941176
2026-03-17,2026-03-17,11.640186,604,386,1.564767,19.271831,7,1.15894,5,35-44,male,,,,,1.662884,0.827815,,
2026-03-17,2026-03-17,0.480008,40,23,1.73913,12.000191,0,0.0,0,35-44,unknown,,,,,,,,
2026-03-17,2026-03-17,294.864704,17012,10981,1.549221,17.332748,227,1.334352,210,45-54,female,6.0,323.55,13.0,1.097283,1.298963,1.234423,49.144117333333334,0.02857142857142857
2026-03-17,2026-03-17,18.570296,1150,753,1.527224,16.148084,10,0.869565,9,45-54,male,,,,,1.85703,0.782609,,
2026-03-17,2026-03-17,1.88003,109,78,1.397436,17.247982,0,0.0,0,45-54,unknown,,,,,,,,
2026-03-17,2026-03-17,411.416564,21487,14157,1.517765,19.147232,311,1.447387,279,55-64,female,4.0,279.63,8.0,0.679676,1.322883,1.29846,102.854141,0.014336917562724014
2026-03-17,2026-03-17,23.380373,1487,893,1.665174,15.723183,29,1.950235,30,55-64,male,,,,,0.80622,2.017485,,
2026-03-17,2026-03-17,1.680027,120,87,1.37931,14.000223,0,0.0,0,55-64,unknown,,,,,,,,
2026-03-17,2026-03-17,306.604892,11856,7370,1.608684,25.860736,237,1.998988,228,65+,female,2.0,55.93,8.0,0.182417,1.293692,1.923077,153.302446,0.008771929824561403
2026-03-17,2026-03-17,21.130337,1013,623,1.626003,20.859168,12,1.1846,9,65+,male,,,1.0,,1.760861,0.88845,,
2026-03-17,2026-03-17,1.610026,133,72,1.847222,12.105456,2,1.503759,1,65+,unknown,,,,,0.805013,0.75188,,
2026-03-17,2026-03-17,0.03,1,1,1.0,30.000479,0,0.0,0,Unknown,female,,,,,,,,
2026-03-18,2026-03-18,2.539857,149,102,1.460784,17.04602,1,0.671141,1,18-24,female,,,,,2.539857,0.671141,,
2026-03-18,2026-03-18,0.219988,25,14,1.785714,8.799504,0,0.0,0,18-24,male,,,,,,,,
2026-03-18,2026-03-18,0.019999,1,1,1.0,19.998874,0,0.0,0,18-24,unknown,,,,,,,,
2026-03-18,2026-03-18,27.648443,1739,1205,1.443154,15.899047,20,1.150086,17,25-34,female,,,,,1.382422,0.977573,,
2026-03-18,2026-03-18,3.169821,186,121,1.53719,17.042051,2,1.075269,2,25-34,male,,,,,1.584911,1.075269,,
2026-03-18,2026-03-18,0.219988,7,6,1.166667,31.426802,0,0.0,0,25-34,unknown,,,,,,,,
2026-03-18,2026-03-18,137.44226,7846,5134,1.528243,17.517494,81,1.032373,70,35-44,female,1.0,59.92,6.0,0.435965,1.696818,0.892174,137.44226,0.014285714285714285
2026-03-18,2026-03-18,10.379415,605,422,1.433649,17.156059,7,1.157025,7,35-44,male,,,,,1.482774,1.157025,,
2026-03-18,2026-03-18,0.269985,34,26,1.307692,7.940729,0,0.0,0,35-44,unknown,,,,,,,,
2026-03-18,2026-03-18,299.453136,16176,10596,1.526614,18.512187,204,1.261128,181,45-54,female,9.0,443.42,15.0,1.480766,1.467908,1.118942,33.27257066666667,0.049723756906077346
2026-03-18,2026-03-18,22.978706,1086,710,1.529577,21.159029,9,0.828729,8,45-54,male,,,,,2.55319,0.736648,,
2026-03-18,2026-03-18,1.169934,104,64,1.625,11.249366,0,0.0,0,45-54,unknown,,,,,,,,
2026-03-18,2026-03-18,412.146789,20426,13448,1.518888,20.177558,299,1.463821,260,55-64,female,4.0,144.82,12.0,0.35138,1.378417,1.272888,103.03669725,0.015384615384615385
2026-03-18,2026-03-18,27.778436,1391,883,1.575311,19.970119,12,0.862689,12,55-64,male,,,,,2.31487,0.862689,,
2026-03-18,2026-03-18,2.069883,121,71,1.704225,17.106475,0,0.0,0,55-64,unknown,,,,,,,,
2026-03-18,2026-03-18,267.524934,11619,7420,1.565903,23.024781,228,1.962303,208,65+,female,4.0,279.77,10.0,1.045772,1.173355,1.790171,66.8812335,0.019230769230769232
2026-03-18,2026-03-18,25.438567,1026,656,1.564024,24.793925,20,1.949318,16,65+,male,,,,,1.271928,1.559454,,
2026-03-18,2026-03-18,2.409864,178,80,2.225,13.538563,4,2.247191,4,65+,unknown,,,,,0.602466,2.247191,,
2026-03-18,2026-03-18,0.099994,1,1,1.0,99.994369,0,0.0,0,Unknown,female,,,,,,,,
2026-03-19,2026-03-19,3.050077,164,114,1.438596,18.598033,3,1.829268,2,18-24,female,,,,,1.016692,1.219512,,
2026-03-19,2026-03-19,0.570014,25,15,1.666667,22.800578,2,8.0,2,18-24,male,,,,,0.285007,8.0,,
2026-03-19,2026-03-19,0.0,1,1,1.0,0.0,0,0.0,0,18-24,unknown,,,,,,,,
2026-03-19,2026-03-19,26.990684,1411,901,1.566038,19.128763,22,1.559178,19,25-34,female,,,1.0,,1.226849,1.346563,,
2026-03-19,2026-03-19,2.990076,161,106,1.518868,18.571899,1,0.621118,1,25-34,male,,,,,2.990076,0.621118,,
2026-03-19,2026-03-19,0.050001,8,5,1.6,6.250158,0,0.0,0,25-34,unknown,,,,,,,,
2026-03-19,2026-03-19,115.722934,6195,4185,1.480287,18.680054,64,1.033091,55,35-44,female,3.0,161.78,3.0,1.397994,1.808171,0.887813,38.574311333333334,0.05454545454545454
2026-03-19,2026-03-19,10.100256,454,307,1.478827,22.24726,6,1.321586,6,35-44,male,,,,,1.683376,1.321586,,
2026-03-19,2026-03-19,0.420011,29,23,1.26087,14.483126,0,0.0,0,35-44,unknown,,,,,,,,
2026-03-19,2026-03-19,306.757778,13772,9587,1.436529,22.274018,166,1.205344,137,45-54,female,2.0,119.84,6.0,0.390667,1.847938,0.994772,153.378889,0.014598540145985401
2026-03-19,2026-03-19,18.15046,869,568,1.52993,20.886606,5,0.575374,4,45-54,male,,,,,3.630092,0.460299,,
2026-03-19,2026-03-19,2.850072,101,68,1.485294,28.218537,0,0.0,0,45-54,unknown,,,,,,,,
2026-03-19,2026-03-19,383.469723,16933,11325,1.495188,22.646296,228,1.346483,205,55-64,female,2.0,119.84,5.0,0.312515,1.681885,1.210654,191.7348615,0.00975609756097561
2026-03-19,2026-03-19,33.640853,1279,850,1.504706,26.302465,15,1.172791,12,55-64,male,,,,,2.242724,0.938233,,
2026-03-19,2026-03-19,3.580091,161,90,1.788889,22.236589,0,0.0,0,55-64,unknown,,,,,,,,
2026-03-19,2026-03-19,256.216497,9465,6117,1.547327,27.069889,171,1.806656,156,65+,female,3.0,129.82,4.0,0.506681,1.498342,1.648178,85.405499,0.019230769230769232
2026-03-19,2026-03-19,16.920429,859,493,1.742394,19.697822,13,1.513388,10,65+,male,,,,,1.301571,1.164144,,
2026-03-19,2026-03-19,1.690043,110,63,1.746032,15.364026,0,0.0,0,65+,unknown,,,,,,,,
2026-03-20,2026-03-20,3.259973,119,84,1.416667,27.394729,0,0.0,0,18-24,female,,,,,,,,
2026-03-20,2026-03-20,1.789985,40,15,2.666667,44.749627,0,0.0,0,18-24,male,,,,,,,,
2026-03-20,2026-03-20,0.069999,3,2,1.5,23.333139,1,33.333333,1,18-24,unknown,,,,,0.069999,33.333333,,
2026-03-20,2026-03-20,22.159815,1137,713,1.59467,19.489723,17,1.495163,13,25-34,female,1.0,24.97,2.0,1.126814,1.303519,1.14336,22.159815,0.07692307692307693
2026-03-20,2026-03-20,2.40998,150,77,1.948052,16.066533,2,1.333333,1,25-34,male,1.0,5.99,,2.485498,1.20499,0.666667,2.40998,1.0
2026-03-20,2026-03-20,0.239998,2,2,1.0,119.998999,0,0.0,0,25-34,unknown,,,,,,,,
2026-03-20,2026-03-20,95.139206,4747,3088,1.537241,20.041965,66,1.390352,58,35-44,female,1.0,11.98,5.0,0.125921,1.441503,1.221824,95.139206,0.017241379310344827
2026-03-20,2026-03-20,7.539937,364,240,1.516667,20.714113,3,0.824176,2,35-44,male,,,,,2.513312,0.549451,,
2026-03-20,2026-03-20,0.819993,38,26,1.461538,21.578767,0,0.0,0,35-44,unknown,,,,,,,,
2026-03-20,2026-03-20,282.427644,11589,7898,1.467334,24.37032,163,1.406506,155,45-54,female,4.0,186.99,11.0,0.662081,1.732685,1.337475,70.606911,0.025806451612903226
2026-03-20,2026-03-20,15.61987,742,504,1.472222,21.051037,6,0.808625,5,45-54,male,,,,,2.603312,0.673854,,
2026-03-20,2026-03-20,2.259981,96,61,1.57377,23.54147,1,1.041667,1,45-54,unknown,,,,,2.259981,1.041667,,
2026-03-20,2026-03-20,423.526467,14598,9608,1.519359,29.012636,269,1.842718,247,55-64,female,7.0,402.87,8.0,0.951227,1.574448,1.692013,60.503781000000004,0.02834008097165992
2026-03-20,2026-03-20,27.57977,988,628,1.573248,27.914747,11,1.11336,8,55-64,male,,,,,2.507252,0.809717,,
2026-03-20,2026-03-20,3.149974,122,74,1.648649,25.819457,3,2.459016,3,55-64,unknown,,,,,1.049991,2.459016,,
2026-03-20,2026-03-20,288.237595,7750,4970,1.559356,37.191948,172,2.219355,161,65+,female,1.0,55.28,8.0,0.191786,1.6758,2.077419,288.237595,0.006211180124223602
2026-03-20,2026-03-20,18.729844,566,386,1.466321,33.091597,13,2.29682,12,65+,male,,,,,1.440757,2.120141,,
2026-03-20,2026-03-20,3.759969,81,57,1.421053,46.419366,1,1.234568,1,65+,unknown,,,,,3.759969,1.234568,,
2026-03-21,2026-03-21,2.08,106,80,1.325,19.622642,4,3.773585,4,18-24,female,,,,,0.52,3.773585,,
2026-03-21,2026-03-21,0.21,12,9,1.333333,17.5,0,0.0,0,18-24,male,,,,,,,,
2026-03-21,2026-03-21,0.02,1,1,1.0,20.0,0,0.0,0,18-24,unknown,,,,,,,,
2026-03-21,2026-03-21,21.19,1078,704,1.53125,19.656772,19,1.762523,18,25-34,female,,,,,1.115263,1.669759,,
2026-03-21,2026-03-21,3.48,123,77,1.597403,28.292683,1,0.813008,1,25-34,male,,,1.0,,3.48,0.813008,,
2026-03-21,2026-03-21,0.11,6,6,1.0,18.333333,0,0.0,0,25-34,unknown,,,,,,,,
2026-03-21,2026-03-21,115.0,5144,3404,1.511163,22.356143,78,1.51633,63,35-44,female,,,1.0,,1.474359,1.224728,,
2026-03-21,2026-03-21,7.53,423,241,1.755187,17.801418,7,1.654846,8,35-44,male,1.0,41.93,,5.568393,1.075714,1.891253,7.53,0.125
2026-03-21,2026-03-21,0.53,28,23,1.217391,18.928571,0,0.0,0,35-44,unknown,,,,,,,,
2026-03-21,2026-03-21,293.59,12224,8172,1.495839,24.017507,198,1.619764,185,45-54,female,7.0,701.48,17.0,2.389318,1.482778,1.513416,41.94142857142857,0.03783783783783784
2026-03-21,2026-03-21,14.1,783,504,1.553571,18.007663,7,0.893997,7,45-54,male,,,,,2.014286,0.893997,,
2026-03-21,2026-03-21,0.98,68,48,1.416667,14.411765,0,0.0,0,45-54,unknown,,,,,,,,
2026-03-21,2026-03-21,370.73,13599,9068,1.499669,27.261563,217,1.595706,189,55-64,female,3.0,209.72,5.0,0.565695,1.708433,1.389808,123.57666666666667,0.015873015873015872
2026-03-21,2026-03-21,25.68,995,653,1.523737,25.809045,15,1.507538,15,55-64,male,,,,,1.712,1.507538,,
2026-03-21,2026-03-21,1.38,67,47,1.425532,20.597015,0,0.0,0,55-64,unknown,,,,,,,,
2026-03-21,2026-03-21,197.27,6523,4185,1.558662,30.24222,150,2.299555,151,65+,female,3.0,139.8,11.0,0.708673,1.315133,2.314886,65.75666666666667,0.019867549668874173
2026-03-21,2026-03-21,16.85,550,365,1.506849,30.636364,6,1.090909,5,65+,male,,,,,2.808333,0.909091,,
2026-03-21,2026-03-21,5.84,100,50,2.0,58.4,3,3.0,2,65+,unknown,,,,,1.946667,2.0,,
2026-03-22,2026-03-22,3.099928,134,96,1.395833,23.133793,1,0.746269,1,18-24,female,,,,,3.099928,0.746269,,
2026-03-22,2026-03-22,0.219995,11,10,1.1,19.999537,0,0.0,0,18-24,male,,,,,,,,
2026-03-22,2026-03-22,0.039999,2,2,1.0,19.999537,0,0.0,0,18-24,unknown,,,,,,,,
2026-03-22,2026-03-22,22.05949,1193,804,1.483831,18.490771,11,0.922045,7,25-34,female,,,,,2.005408,0.586756,,
2026-03-22,2026-03-22,3.809912,135,77,1.753247,28.22157,2,1.481481,2,25-34,male,,,,,1.904956,1.481481,,
2026-03-22,2026-03-22,0.029999,3,3,1.0,9.999769,0,0.0,0,25-34,unknown,,,,,,,,
2026-03-22,2026-03-22,144.566657,6624,4452,1.487871,21.824676,83,1.253019,75,35-44,female,3.0,134.65,8.0,0.931404,1.741767,1.132246,48.188885666666664,0.04
2026-03-22,2026-03-22,11.609732,498,310,1.606452,23.312714,4,0.803213,4,35-44,male,,,,,2.902433,0.803213,,
2026-03-22,2026-03-22,0.979977,47,28,1.678571,20.850582,3,6.382979,3,35-44,unknown,,,,,0.326659,6.382979,,
2026-03-22,2026-03-22,369.831447,15275,10366,1.473567,24.211551,191,1.250409,169,45-54,female,3.0,144.88,8.0,0.391746,1.93629,1.106383,123.27714900000001,0.01775147928994083
2026-03-22,2026-03-22,22.569478,998,645,1.547287,22.614707,12,1.202405,9,45-54,male,1.0,59.9,,2.654027,1.88079,0.901804,22.569478,0.1111111111111111
2026-03-22,2026-03-22,1.609963,79,58,1.362069,20.379276,2,2.531646,2,45-54,unknown,,,,,0.804981,2.531646,,
2026-03-22,2026-03-22,452.699531,16143,10823,1.491546,28.043086,282,1.746887,250,55-64,female,9.0,659.31,25.0,1.456396,1.605317,1.548659,50.29994788888889,0.036
2026-03-22,2026-03-22,37.439134,1107,726,1.524793,33.820356,22,1.987353,22,55-64,male,,,3.0,,1.701779,1.987353,,
2026-03-22,2026-03-22,1.839957,86,55,1.563636,21.394854,0,0.0,0,55-64,unknown,,,,,,,,
2026-03-22,2026-03-22,210.875123,6568,4465,1.470997,32.106444,142,2.161998,128,65+,female,3.0,114.03,8.0,0.540747,1.485036,1.948843,70.29170766666667,0.0234375
2026-03-22,2026-03-22,11.439735,455,319,1.426332,25.142276,11,2.417582,10,65+,male,,,,,1.039976,2.197802,,
2026-03-22,2026-03-22,2.489942,84,45,1.866667,29.642172,2,2.380952,1,65+,unknown,,,,,1.244971,1.190476,,
2026-03-23,2026-03-23,2.009876,110,79,1.392405,18.271601,1,0.909091,1,18-24,female,,,,,2.009876,0.909091,,
2026-03-23,2026-03-23,0.179989,14,11,1.272727,12.856351,0,0.0,0,18-24,male,,,,,,,,
2026-03-23,2026-03-23,0.009999,1,1,1.0,9.999384,0,0.0,0,18-24,unknown,,,,,,,,
2026-03-23,2026-03-23,18.16888,1115,762,1.463255,16.29496,16,1.434978,16,25-34,female,,,2.0,,1.135555,1.434978,,
2026-03-23,2026-03-23,2.199864,126,74,1.702703,17.459241,1,0.793651,1,25-34,male,,,,,2.199864,0.793651,,
2026-03-23,2026-03-23,0.109993,4,4,1.0,27.498305,0,0.0,0,25-34,unknown,,,,,,,,
2026-03-23,2026-03-23,100.713793,6128,4497,1.362686,16.435018,84,1.370757,72,35-44,female,1.0,59.92,5.0,0.594953,1.198974,1.174935,100.713793,0.013888888888888888
2026-03-23,2026-03-23,6.589594,380,262,1.450382,17.341037,2,0.526316,2,35-44,male,,,,,3.294797,0.526316,,
2026-03-23,2026-03-23,0.609962,39,28,1.392857,15.640062,1,2.564103,1,35-44,unknown,,,,,0.609962,2.564103,,
2026-03-23,2026-03-23,344.748754,19674,15401,1.27745,17.523064,318,1.616346,245,45-54,female,7.0,410.43,17.0,1.190519,1.084116,1.245298,49.249822,0.02857142857142857
2026-03-23,2026-03-23,15.679034,903,645,1.4,17.363271,11,1.218162,7,45-54,male,,,,,1.425367,0.775194,,
2026-03-23,2026-03-23,1.569903,97,76,1.276316,16.18457,0,0.0,0,45-54,unknown,,,,,,,,
2026-03-23,2026-03-23,573.964627,26318,20171,1.304744,21.808824,556,2.112623,409,55-64,female,12.0,749.26,34.0,1.305411,1.03231,1.554069,47.83038558333333,0.029339853300733496
2026-03-23,2026-03-23,21.868652,1280,907,1.411246,17.084885,22,1.71875,18,55-64,male,,,,,0.99403,1.40625,,
2026-03-23,2026-03-23,3.199803,163,123,1.325203,19.630692,6,3.680982,5,55-64,unknown,,,,,0.5333,3.067485,,
2026-03-23,2026-03-23,348.53852,13069,10109,1.292808,26.669104,326,2.494453,269,65+,female,7.0,292.55,15.0,0.839362,1.069137,2.058306,49.79121714285714,0.026022304832713755
2026-03-23,2026-03-23,18.398866,599,461,1.299349,30.71597,13,2.170284,13,65+,male,,,,,1.415297,2.170284,,
2026-03-23,2026-03-23,1.799889,111,83,1.337349,16.215217,0,0.0,0,65+,unknown,,,,,,,,
2026-03-24,2026-03-24,1.529971,87,65,1.338462,17.585879,3,3.448276,2,18-24,female,,,,,0.509991,2.298851,,
2026-03-24,2026-03-24,0.239996,12,6,2.0,19.999627,1,8.333333,1,18-24,male,,,,,0.239996,8.333333,,
2026-03-24,2026-03-24,11.27979,736,484,1.520661,15.325801,15,2.038043,13,25-34,female,1.0,59.92,3.0,5.312156,0.751986,1.766304,11.27979,0.07692307692307693
2026-03-24,2026-03-24,1.319975,84,52,1.615385,15.713993,1,1.190476,1,25-34,male,,,,,1.319975,1.190476,,
2026-03-24,2026-03-24,0.01,5,4,1.25,1.999963,0,0.0,0,25-34,unknown,,,,,,,,
2026-03-24,2026-03-24,72.288653,4077,2962,1.376435,17.730844,70,1.716949,58,35-44,female,,,8.0,,1.032695,1.422615,,
2026-03-24,2026-03-24,4.699912,252,168,1.5,18.650446,9,3.571429,5,35-44,male,1.0,74.9,3.0,15.936467,0.522212,1.984127,4.699912,0.2
2026-03-24,2026-03-24,0.299994,19,14,1.357143,15.789179,0,0.0,0,35-44,unknown,,,,,,,,
2026-03-24,2026-03-24,264.705067,14307,10861,1.317282,18.501787,227,1.586636,165,45-54,female,3.0,170.76,19.0,0.645095,1.166102,1.153282,88.23502233333333,0.01818181818181818
2026-03-24,2026-03-24,6.709875,540,419,1.288783,12.425694,4,0.740741,3,45-54,male,,,2.0,,1.677469,0.555556,,
2026-03-24,2026-03-24,0.879984,73,55,1.327273,12.05457,1,1.369863,1,45-54,unknown,,,,,0.879984,1.369863,,
2026-03-24,2026-03-24,420.462164,20178,16119,1.251815,20.837653,459,2.274755,368,55-64,female,5.0,436.37,26.0,1.037834,0.91604,1.823768,84.0924328,0.01358695652173913
2026-03-24,2026-03-24,20.099625,817,593,1.37774,24.601745,14,1.713586,12,55-64,male,,,,,1.435688,1.468788,,
2026-03-24,2026-03-24,1.409974,100,76,1.315789,14.099737,1,1.0,0,55-64,unknown,,,,,1.409974,,,
2026-03-24,2026-03-24,255.555238,10098,7696,1.31211,25.30751,268,2.653991,226,65+,female,3.0,234.69,7.0,0.918353,0.953564,2.238067,85.18507933333333,0.01327433628318584
2026-03-24,2026-03-24,10.039813,468,333,1.405405,21.452592,11,2.350427,10,65+,male,,,,,0.91271,2.136752,,
2026-03-24,2026-03-24,1.669969,83,67,1.238806,20.120107,1,1.204819,1,65+,unknown,,,,,1.669969,1.204819,,
2026-03-24,2026-03-24,0.02,1,1,1.0,19.999627,0,0.0,0,Unknown,male,,,,,,,,
2026-03-25,2026-03-25,1.060059,64,56,1.142857,16.563419,1,1.5625,1,18-24,female,,,,,1.060059,1.5625,,
2026-03-25,2026-03-25,0.080004,6,6,1.0,13.334073,0,0.0,0,18-24,male,,,,,,,,
2026-03-25,2026-03-25,10.45058,655,456,1.436404,15.955084,8,1.221374,5,25-34,female,,,,,1.306322,0.763359,,
2026-03-25,2026-03-25,1.180065,65,43,1.511628,18.154854,0,0.0,0,25-34,male,,,,,,,,
2026-03-25,2026-03-25,61.45341,3858,2814,1.371002,15.928826,64,1.658891,56,35-44,female,2.0,99.87,3.0,1.625134,0.96021,1.451529,30.726705,0.03571428571428571
2026-03-25,2026-03-25,4.270237,217,144,1.506944,19.678511,0,0.0,0,35-44,male,,,,,,,,
2026-03-25,2026-03-25,0.340019,18,14,1.285714,18.889937,0,0.0,0,35-44,unknown,,,,,,,,
2026-03-25,2026-03-25,247.733747,14063,11020,1.276134,17.615996,183,1.301287,152,45-54,female,1.0,89.88,6.0,0.362809,1.353736,1.08085,247.733747,0.006578947368421052
2026-03-25,2026-03-25,9.450524,496,383,1.295039,19.053477,6,1.209677,5,45-54,male,,,,,1.575087,1.008065,,
2026-03-25,2026-03-25,1.480082,73,53,1.377358,20.275098,1,1.369863,1,45-54,unknown,,,,,1.480082,1.369863,,
2026-03-25,2026-03-25,431.943969,21188,16992,1.24694,20.386255,398,1.878422,306,55-64,female,14.0,805.03,29.0,1.863737,1.085286,1.444214,30.85314064285714,0.0457516339869281
2026-03-25,2026-03-25,13.750763,829,609,1.361248,16.587169,14,1.688782,12,55-64,male,,,1.0,,0.982197,1.447527,,
2026-03-25,2026-03-25,2.030113,125,88,1.420455,16.240901,1,0.8,1,55-64,unknown,,,,,2.030113,0.8,,
2026-03-25,2026-03-25,284.36578,10546,8141,1.295418,26.964326,225,2.13351,202,65+,female,4.0,199.74,10.0,0.702405,1.263848,1.915418,71.091445,0.019801980198019802
2026-03-25,2026-03-25,8.890493,452,327,1.382263,19.669233,9,1.99115,7,65+,male,1.0,59.92,1.0,6.739783,0.987833,1.548673,8.890493,0.14285714285714285
2026-03-25,2026-03-25,2.790155,89,53,1.679245,31.350054,4,4.494382,4,65+,unknown,,,,,0.697539,4.494382,,
2026-03-26,2026-03-26,2.309951,87,68,1.279412,26.551156,2,2.298851,1,18-24,female,,,,,1.154975,1.149425,,
2026-03-26,2026-03-26,0.339993,15,14,1.071429,22.666182,0,0.0,0,18-24,male,,,,,,,,
2026-03-26,2026-03-26,18.909595,984,789,1.247148,19.217069,7,0.711382,6,25-34,female,,,,,2.701371,0.609756,,
2026-03-26,2026-03-26,4.299908,91,60,1.516667,47.251736,2,2.197802,2,25-34,male,,,1.0,,2.149954,2.197802,,
2026-03-26,2026-03-26,0.299994,4,4,1.0,74.998395,0,0.0,0,25-34,unknown,,,,,,,,
2026-03-26,2026-03-26,86.978139,5862,4723,1.24116,14.837622,80,1.364722,65,35-44,female,1.0,57.6,4.0,0.662235,1.087227,1.108837,86.978139,0.015384615384615385
2026-03-26,2026-03-26,5.479883,369,252,1.464286,14.850631,8,2.168022,6,35-44,male,,,2.0,,0.684985,1.626016,,
2026-03-26,2026-03-26,0.44999,28,23,1.217391,16.071085,1,3.571429,1,35-44,unknown,,,,,0.44999,3.571429,,
2026-03-26,2026-03-26,337.472779,21122,18096,1.167219,15.977312,248,1.174131,195,45-54,female,3.0,224.7,12.0,0.665831,1.360777,0.923208,112.49092633333333,0.015384615384615385
2026-03-26,2026-03-26,11.66975,817,624,1.309295,14.28366,8,0.979192,7,45-54,male,1.0,117.81,1.0,10.095332,1.458719,0.856793,11.66975,0.14285714285714285
2026-03-26,2026-03-26,3.089934,86,72,1.194444,35.929464,0,0.0,0,45-54,unknown,,,,,,,,
2026-03-26,2026-03-26,568.657833,29909,24665,1.212609,19.012934,472,1.57812,354,55-64,female,8.0,651.47,28.0,1.145627,1.204784,1.18359,71.082229125,0.022598870056497175
2026-03-26,2026-03-26,18.979594,1128,896,1.258929,16.825881,17,1.507092,18,55-64,male,,,,,1.116447,1.595745,,
2026-03-26,2026-03-26,2.35995,162,135,1.2,14.56759,1,0.617284,1,55-64,unknown,,,,,2.35995,0.617284,,
2026-03-26,2026-03-26,325.343039,14148,11759,1.203164,22.995691,284,2.007351,232,65+,female,1.0,54.93,6.0,0.168837,1.145574,1.639808,325.343039,0.004310344827586207
2026-03-26,2026-03-26,13.429713,631,495,1.274747,21.283221,11,1.743265,11,65+,male,1.0,59.92,1.0,4.461748,1.220883,1.743265,13.429713,0.09090909090909091
2026-03-26,2026-03-26,2.039956,113,95,1.189474,18.052711,0,0.0,0,65+,unknown,,,,,,,,
2026-03-27,2026-03-27,2.219943,112,92,1.217391,19.820918,5,4.464286,2,18-24,female,,,,,0.443989,1.785714,,
2026-03-27,2026-03-27,0.159996,13,11,1.181818,12.307375,0,0.0,0,18-24,male,,,,,,,,
2026-03-27,2026-03-27,0.029999,1,1,1.0,29.999227,0,0.0,0,18-24,unknown,,,,,,,,
2026-03-27,2026-03-27,21.35945,1176,907,1.296582,18.162797,17,1.445578,16,25-34,female,,,2.0,,1.256438,1.360544,,
2026-03-27,2026-03-27,2.599933,133,83,1.60241,19.548369,4,3.007519,4,25-34,male,,,,,0.649983,3.007519,,
2026-03-27,2026-03-27,0.129997,9,7,1.285714,14.444072,0,0.0,0,25-34,unknown,,,,,,,,
2026-03-27,2026-03-27,106.767249,7795,6511,1.197205,13.696889,82,1.051956,62,35-44,female,3.0,123.3,8.0,1.154849,1.30204,0.795382,35.589083,0.04838709677419355
2026-03-27,2026-03-27,5.739852,408,292,1.39726,14.068265,3,0.735294,3,35-44,male,,,,,1.913284,0.735294,,
2026-03-27,2026-03-27,0.979975,56,44,1.272727,17.499549,1,1.785714,1,35-44,unknown,,,,,0.979975,1.785714,,
2026-03-27,2026-03-27,459.688157,29879,24992,1.195543,15.384991,406,1.358814,324,45-54,female,12.0,972.28,24.0,2.115086,1.132237,1.084374,38.30734641666667,0.037037037037037035
2026-03-27,2026-03-27,12.349682,943,767,1.229465,13.096163,9,0.954401,9,45-54,male,,,,,1.372187,0.954401,,
2026-03-27,2026-03-27,2.259942,133,112,1.1875,16.992043,2,1.503759,2,45-54,unknown,,,,,1.129971,1.503759,,
2026-03-27,2026-03-27,817.898929,43695,35602,1.227319,18.718364,718,1.643209,553,55-64,female,10.0,617.17,22.0,0.75458,1.139135,1.265591,81.7898929,0.018083182640144666
2026-03-27,2026-03-27,28.34927,1569,1229,1.276648,18.068368,34,2.166985,21,55-64,male,,,,,0.833802,1.338432,,
2026-03-27,2026-03-27,5.629855,239,185,1.291892,23.555878,13,5.439331,9,55-64,unknown,,,,,0.433066,3.76569,,
2026-03-27,2026-03-27,448.908435,20579,17710,1.161999,21.813909,431,2.094368,346,65+,female,1.0,39.95,2.0,0.088994,1.041551,1.681326,448.908435,0.002890173410404624
2026-03-27,2026-03-27,22.159429,878,696,1.261494,25.23853,16,1.822323,9,65+,male,,,,,1.384964,1.025057,,
2026-03-27,2026-03-27,3.329914,162,138,1.173913,20.555026,4,2.469136,3,65+,unknown,,,,,0.832479,1.851852,,
2026-03-27,2026-03-27,0.229994,1,1,1.0,229.994075,0,0.0,0,Unknown,female,,,,,,,,
2026-03-28,2026-03-28,2.509603,96,78,1.230769,26.141703,4,4.166667,3,18-24,female,,,,,0.627401,3.125,,
2026-03-28,2026-03-28,0.119981,7,7,1.0,17.140149,0,0.0,0,18-24,male,,,,,,,,
2026-03-28,2026-03-28,0.009998,1,1,1.0,9.99842,0,0.0,0,18-24,unknown,,,,,,,,
2026-03-28,2026-03-28,18.187126,1106,840,1.316667,16.444056,15,1.356239,15,25-34,female,1.0,39.95,2.0,2.196609,1.212475,1.356239,18.187126,0.06666666666666667
2026-03-28,2026-03-28,1.409777,89,58,1.534483,15.840194,1,1.123596,1,25-34,male,,,1.0,,1.409777,1.123596,,
2026-03-28,2026-03-28,0.049992,3,3,1.0,16.664034,0,0.0,0,25-34,unknown,,,,,,,,
2026-03-28,2026-03-28,110.092604,7597,5986,1.269128,14.491589,92,1.211004,64,35-44,female,,,2.0,,1.196659,0.842438,,
2026-03-28,2026-03-28,6.13903,421,307,1.371336,14.582019,8,1.900238,7,35-44,male,1.0,59.92,3.0,9.7605,0.767379,1.662708,6.13903,0.14285714285714285
2026-03-28,2026-03-28,0.409935,47,45,1.044444,8.722026,0,0.0,0,35-44,unknown,,,,,,,,
2026-03-28,2026-03-28,429.932067,28028,22180,1.263661,15.339377,367,1.309405,288,45-54,female,6.0,430.06,16.0,1.000298,1.171477,1.027544,71.6553445,0.020833333333333332
2026-03-28,2026-03-28,13.907802,997,756,1.318783,13.949651,13,1.303912,10,45-54,male,,,,,1.069831,1.003009,,
2026-03-28,2026-03-28,2.079671,125,104,1.201923,16.637371,2,1.6,2,45-54,unknown,,,,,1.039836,1.6,,
2026-03-28,2026-03-28,644.658138,36651,28684,1.277751,17.589101,632,1.724373,496,55-64,female,19.0,1279.95,51.0,1.985471,1.020029,1.353306,33.92937568421053,0.038306451612903226
2026-03-28,2026-03-28,21.196651,1450,1154,1.256499,14.61838,30,2.068966,26,55-64,male,,,,,0.706555,1.793103,,
2026-03-28,2026-03-28,4.039362,202,164,1.231707,19.99684,6,2.970297,4,55-64,unknown,,,,,0.673227,1.980198,,
2026-03-28,2026-03-28,314.820256,15359,12727,1.206804,20.497445,343,2.233218,284,65+,female,5.0,259.71,13.0,0.824947,0.917843,1.849079,62.96405119999999,0.017605633802816902
2026-03-28,2026-03-28,11.238224,662,546,1.212454,16.97617,15,2.265861,11,65+,male,,,,,0.749215,1.661631,,
2026-03-28,2026-03-28,1.38978,106,92,1.152174,13.111136,0,0.0,0,65+,unknown,,,,,,,,
2026-03-29,2026-03-29,3.380018,168,135,1.244444,20.119157,2,1.190476,2,18-24,female,,,,,1.690009,1.190476,,
2026-03-29,2026-03-29,0.06,9,9,1.0,6.666703,0,0.0,0,18-24,male,,,,,,,,
2026-03-29,2026-03-29,0.07,4,2,2.0,17.500095,0,0.0,0,18-24,unknown,,,,,,,,
2026-03-29,2026-03-29,20.20011,1507,1152,1.30816,13.404187,20,1.32714,14,25-34,female,1.0,74.9,2.0,3.707901,1.010006,0.928998,20.20011,0.07142857142857142
2026-03-29,2026-03-29,1.660009,128,96,1.333333,12.968821,0,0.0,0,25-34,male,,,,,,,,
2026-03-29,2026-03-29,0.01,3,3,1.0,3.333352,0,0.0,0,25-34,unknown,,,,,,,,
2026-03-29,2026-03-29,157.410859,10842,8188,1.324133,14.518618,116,1.069913,101,35-44,female,4.0,240.58,7.0,1.528357,1.35699,0.931562,39.35271475,0.039603960396039604
2026-03-29,2026-03-29,9.930054,533,374,1.425134,18.630496,9,1.688555,9,35-44,male,,,,,1.103339,1.688555,,
2026-03-29,2026-03-29,1.060006,68,52,1.307692,15.58832,0,0.0,0,35-44,unknown,,,,,,,,
2026-03-29,2026-03-29,562.73307,36743,28542,1.287331,15.315382,507,1.379855,400,45-54,female,8.0,447.71,28.0,0.795599,1.109927,1.088643,70.34163375,0.02
2026-03-29,2026-03-29,24.000131,1306,977,1.336745,18.376823,19,1.454824,19,45-54,male,,,1.0,,1.263165,1.454824,,
2026-03-29,2026-03-29,2.600014,175,139,1.258993,14.857224,0,0.0,0,45-54,unknown,,,,,,,,
2026-03-29,2026-03-29,702.763834,39895,31285,1.275212,17.615336,715,1.792205,590,55-64,female,18.0,1131.77,50.0,1.610456,0.982886,1.478882,39.042435222222224,0.030508474576271188
2026-03-29,2026-03-29,23.460128,1642,1262,1.301109,14.287532,24,1.461632,21,55-64,male,,,,,0.977505,1.278928,,
2026-03-29,2026-03-29,2.910016,238,195,1.220513,12.226957,3,1.260504,2,55-64,unknown,,,,,0.970005,0.840336,,
2026-03-29,2026-03-29,305.841668,13938,10628,1.311441,21.94301,288,2.066294,258,65+,female,10.0,483.02,17.0,1.579314,1.06195,1.851055,30.584166800000002,0.03875968992248062
2026-03-29,2026-03-29,12.990071,642,512,1.253906,20.233755,10,1.557632,10,65+,male,,,,,1.299007,1.557632,,
2026-03-29,2026-03-29,2.010011,127,99,1.282828,15.826858,4,3.149606,4,65+,unknown,,,,,0.502503,3.149606,,
2026-03-29,2026-03-29,0.04,1,1,1.0,40.000218,0,0.0,0,Unknown,unknown,,,,,,,,
2026-03-30,2026-03-30,2.159939,133,107,1.242991,16.240141,0,0.0,0,18-24,female,,,,,,,,
2026-03-30,2026-03-30,0.019999,3,3,1.0,6.666478,0,0.0,0,18-24,male,,,,,,,,
2026-03-30,2026-03-30,20.979405,1446,1126,1.284192,14.508579,13,0.899032,11,25-34,female,,,1.0,,1.6138,0.760719,,
2026-03-30,2026-03-30,1.469958,117,90,1.3,12.563746,2,1.709402,0,25-34,male,,,,,0.734979,,,
2026-03-30,2026-03-30,0.119997,11,10,1.1,10.908782,0,0.0,0,25-34,unknown,,,,,,,,
2026-03-30,2026-03-30,131.766265,10149,8134,1.247726,12.983177,86,0.847374,68,35-44,female,2.0,51.92,3.0,0.394031,1.532166,0.670017,65.8831325,0.029411764705882353
2026-03-30,2026-03-30,6.499816,494,367,1.346049,13.157522,2,0.404858,1,35-44,male,,,,,3.249908,0.202429,,
2026-03-30,2026-03-30,0.489986,58,44,1.318182,8.448036,0,0.0,0,35-44,unknown,,,,,,,,
2026-03-30,2026-03-30,498.325874,36840,31084,1.185176,13.526761,374,1.015201,297,45-54,female,8.0,432.71,21.0,0.868327,1.332422,0.806189,62.29073425,0.026936026936026935
2026-03-30,2026-03-30,22.889351,1281,1010,1.268317,17.868346,15,1.17096,11,45-54,male,,,,,1.525957,0.858704,,
2026-03-30,2026-03-30,2.989915,198,156,1.269231,15.100582,3,1.515152,3,45-54,unknown,,,,,0.996638,1.515152,,
2026-03-30,2026-03-30,706.239981,43149,36747,1.174218,16.36747,631,1.462375,491,55-64,female,15.0,770.69,34.0,1.091258,1.119239,1.137917,47.082665399999996,0.03054989816700611
2026-03-30,2026-03-30,25.489277,1754,1434,1.223152,14.532085,30,1.710376,24,55-64,male,,,,,0.849643,1.368301,,
2026-03-30,2026-03-30,3.5399,244,204,1.196078,14.507785,0,0.0,0,55-64,unknown,,,,,,,,
2026-03-30,2026-03-30,323.780822,16700,13874,1.20369,19.388073,316,1.892216,256,65+,female,4.0,239.69,6.0,0.740285,1.024623,1.532934,80.9452055,0.015625
2026-03-30,2026-03-30,13.519617,720,616,1.168831,18.777246,9,1.25,10,65+,male,,,,,1.50218,1.388889,,
2026-03-30,2026-03-30,2.709923,179,146,1.226027,15.139236,2,1.117318,2,65+,unknown,,,,,1.354962,1.117318,,
2026-03-30,2026-03-30,0.909974,2,1,2.0,454.987103,2,100.0,1,Unknown,female,,,,,0.454987,50.0,,
2026-03-30,2026-03-30,0.0,1,1,1.0,0.0,0,0.0,0,Unknown,unknown,,,,,,,,
2026-03-31,2026-03-31,2.11,96,89,1.078652,21.979167,0,0.0,0,18-24,female,,,,,,,,
2026-03-31,2026-03-31,0.15,10,10,1.0,15.0,0,0.0,0,18-24,male,,,,,,,,
2026-03-31,2026-03-31,19.7,1283,1010,1.270297,15.354638,19,1.480904,18,25-34,female,,,,,1.036842,1.402962,,
2026-03-31,2026-03-31,2.52,126,101,1.247525,20.0,0,0.0,0,25-34,male,,,,,,,,
2026-03-31,2026-03-31,1.1,12,10,1.2,91.666667,1,8.333333,1,25-34,unknown,,,,,1.1,8.333333,,
2026-03-31,2026-03-31,139.38,9512,8143,1.16812,14.65307,117,1.230025,88,35-44,female,,,14.0,,1.191282,0.925147,,
2026-03-31,2026-03-31,11.4,512,418,1.22488,22.265625,7,1.367188,5,35-44,male,,,,,1.628571,0.976563,,
2026-03-31,2026-03-31,0.81,42,39,1.076923,19.285714,0,0.0,0,35-44,unknown,,,,,,,,
2026-03-31,2026-03-31,557.85,35226,29847,1.180219,15.836314,455,1.29166,324,45-54,female,9.0,549.81,33.0,0.985588,1.226044,0.919775,61.983333333333334,0.027777777777777776
2026-03-31,2026-03-31,23.33,1253,1028,1.218872,18.619314,7,0.558659,4,45-54,male,,,2.0,,3.332857,0.319234,,
2026-03-31,2026-03-31,1.98,175,149,1.174497,11.314286,1,0.571429,1,45-54,unknown,,,,,1.98,0.571429,,
2026-03-31,2026-03-31,819.82,44256,36930,1.198375,18.524494,692,1.56363,520,55-64,female,16.0,1214.93,48.0,1.481947,1.184711,1.174982,51.23875,0.03076923076923077
2026-03-31,2026-03-31,37.52,1752,1376,1.273256,21.415525,27,1.541096,25,55-64,male,,,1.0,,1.38963,1.426941,,
2026-03-31,2026-03-31,2.54,210,180,1.166667,12.095238,2,0.952381,2,55-64,unknown,,,,,1.27,0.952381,,
2026-03-31,2026-03-31,378.34,17702,14982,1.181551,21.372726,330,1.864196,273,65+,female,6.0,287.73,22.0,0.760506,1.146485,1.542199,63.056666666666665,0.02197802197802198
2026-03-31,2026-03-31,22.49,766,627,1.221691,29.360313,11,1.436031,10,65+,male,1.0,45.84,2.0,2.038239,2.044545,1.305483,22.49,0.1
2026-03-31,2026-03-31,3.17,180,135,1.333333,17.611111,3,1.666667,1,65+,unknown,,,,,1.056667,0.555556,,
2026-03-31,2026-03-31,0.2,4,3,1.333333,50.0,1,25.0,1,Unknown,female,,,,,0.2,25.0,,
2026-03-31,2026-03-31,0.01,1,1,1.0,10.0,0,0.0,0,Unknown,male,,,,,,,,
2026-04-01,2026-04-01,2.159836,112,90,1.244444,19.284246,2,1.785714,2,18-24,female,,,,,1.079918,1.785714,,
2026-04-01,2026-04-01,3.109763,14,8,1.75,222.125944,5,35.714286,6,18-24,male,1.0,59.92,1.0,19.268348,0.621953,42.857143,3.109763,0.16666666666666666
2026-04-01,2026-04-01,0.0,1,1,1.0,0.0,0,0.0,0,18-24,unknown,,,,,,,,
2026-04-01,2026-04-01,26.537979,1305,1034,1.262089,20.335616,16,1.226054,8,25-34,female,,,2.0,,1.658624,0.613027,,
2026-04-01,2026-04-01,3.319747,110,83,1.325301,30.17952,3,2.727273,1,25-34,male,,,,,1.106582,0.909091,,
2026-04-01,2026-04-01,0.339974,14,10,1.4,24.283865,0,0.0,0,25-34,unknown,,,,,,,,
2026-04-01,2026-04-01,171.186966,9860,7991,1.233888,17.361761,118,1.196755,90,35-44,female,,,6.0,,1.450737,0.912779,,
2026-04-01,2026-04-01,14.988859,492,363,1.355372,30.46516,3,0.609756,1,35-44,male,,,,,4.996286,0.203252,,
2026-04-01,2026-04-01,0.639951,54,50,1.08,11.85095,1,1.851852,1,35-44,unknown,,,,,0.639951,1.851852,,
2026-04-01,2026-04-01,629.132098,38164,32222,1.184408,16.484962,476,1.247249,337,45-54,female,6.0,353.44,32.0,0.56179,1.321706,0.883031,104.85534966666667,0.017804154302670624
2026-04-01,2026-04-01,26.647971,1269,972,1.305556,20.999189,16,1.260835,14,45-54,male,,,1.0,,1.665498,1.103231,,
2026-04-01,2026-04-01,2.919778,162,145,1.117241,18.023319,3,1.851852,2,45-54,unknown,,,,,0.973259,1.234568,,
2026-04-01,2026-04-01,908.880798,50872,42326,1.201909,17.866032,900,1.769146,646,55-64,female,19.0,1361.04,60.0,1.49749,1.009868,1.269854,47.83583147368421,0.029411764705882353
2026-04-01,2026-04-01,35.59729,1832,1501,1.22052,19.430835,23,1.255459,16,55-64,male,1.0,59.92,1.0,1.683274,1.547708,0.873362,35.59729,0.0625
2026-04-01,2026-04-01,3.749715,253,224,1.129464,14.821006,1,0.395257,0,55-64,unknown,,,,,3.749715,,,
2026-04-01,2026-04-01,382.570871,19030,15813,1.20344,20.103567,348,1.828692,266,65+,female,5.0,357.24,25.0,0.933788,1.099342,1.397793,76.5141742,0.018796992481203006
2026-04-01,2026-04-01,18.498592,726,595,1.220168,25.480154,8,1.101928,6,65+,male,,,,,2.312324,0.826446,,
2026-04-01,2026-04-01,2.429815,167,134,1.246269,14.54979,4,2.39521,3,65+,unknown,,,,,0.607454,1.796407,,
2026-04-01,2026-04-01,0.009999,1,1,1.0,9.999239,0,0.0,0,Unknown,female,,,,,,,,
2026-04-02,2026-04-02,1.909905,90,74,1.216216,21.221171,0,0.0,0,18-24,female,,,,,,,,
2026-04-02,2026-04-02,1.079946,9,9,1.0,119.994055,0,0.0,0,18-24,male,,,,,,,,
2026-04-02,2026-04-02,0.019999,2,1,2.0,9.999505,0,0.0,0,18-24,unknown,,,,,,,,
2026-04-02,2026-04-02,22.638878,1153,926,1.24514,19.63476,16,1.387684,12,25-34,female,1.0,27.96,1.0,1.235044,1.41493,1.040763,22.638878,0.08333333333333333
2026-04-02,2026-04-02,1.909905,108,85,1.270588,17.684309,0,0.0,0,25-34,male,,,,,,,,
2026-04-02,2026-04-02,0.049998,7,7,1.0,7.142503,0,0.0,0,25-34,unknown,,,,,,,,
2026-04-02,2026-04-02,132.703425,8098,6899,1.173793,16.387185,91,1.123734,68,35-44,female,,,4.0,,1.458279,0.839714,,
2026-04-02,2026-04-02,8.969556,416,317,1.312303,21.561432,6,1.442308,4,35-44,male,,,,,1.494926,0.961538,,
2026-04-02,2026-04-02,0.299985,31,30,1.033333,9.67694,0,0.0,0,35-44,unknown,,,,,,,,
2026-04-02,2026-04-02,553.182593,31788,27625,1.150697,17.402246,434,1.365295,332,45-54,female,7.0,552.53,16.0,0.99882,1.274614,1.044419,79.02608471428572,0.02108433734939759
2026-04-02,2026-04-02,17.369139,1090,887,1.228861,15.93499,11,1.009174,10,45-54,male,,,1.0,,1.579013,0.917431,,
2026-04-02,2026-04-02,2.779862,144,118,1.220339,19.304599,3,2.083333,2,45-54,unknown,,,,,0.926621,1.388889,,
2026-04-02,2026-04-02,868.486971,40168,34646,1.159383,21.621365,787,1.959271,578,55-64,female,12.0,778.23,36.0,0.896076,1.103541,1.438956,72.37391425,0.020761245674740483
2026-04-02,2026-04-02,25.928715,1385,1187,1.166807,18.721094,17,1.227437,13,55-64,male,1.0,54.93,2.0,2.118501,1.525219,0.938628,25.928715,0.07692307692307693
2026-04-02,2026-04-02,3.389832,224,193,1.160622,15.133179,7,3.125,6,55-64,unknown,,,,,0.484262,2.678571,,
2026-04-02,2026-04-02,360.752127,14813,12591,1.176475,24.353752,346,2.335786,254,65+,female,4.0,208.44,10.0,0.577793,1.042636,1.71471,90.18803175,0.015748031496062992
2026-04-02,2026-04-02,14.309291,580,515,1.126214,24.671191,10,1.724138,8,65+,male,,,,,1.430929,1.37931,,
2026-04-02,2026-04-02,2.599871,130,106,1.226415,19.999009,3,2.307692,3,65+,unknown,,,,,0.866624,2.307692,,
2026-04-03,2026-04-03,2.54,134,108,1.240741,18.955224,1,0.746269,1,18-24,female,,,,,2.54,0.746269,,
2026-04-03,2026-04-03,1.18,22,16,1.375,53.636364,0,0.0,0,18-24,male,,,,,,,,
2026-04-03,2026-04-03,0.06,2,2,1.0,30.0,0,0.0,0,18-24,unknown,,,,,,,,
2026-04-03,2026-04-03,22.29,1439,1171,1.228864,15.489924,21,1.459347,18,25-34,female,,,2.0,,1.061429,1.250869,,
2026-04-03,2026-04-03,2.38,126,102,1.235294,18.888889,1,0.793651,1,25-34,male,,,,,2.38,0.793651,,
2026-04-03,2026-04-03,0.36,13,12,1.083333,27.692308,0,0.0,0,25-34,unknown,,,,,,,,
2026-04-03,2026-04-03,162.78,10929,9115,1.199013,14.894318,114,1.043096,91,35-44,female,2.0,88.88,5.0,0.546013,1.427895,0.832647,81.39,0.02197802197802198
2026-04-03,2026-04-03,9.72,575,455,1.263736,16.904348,8,1.391304,7,35-44,male,,,,,1.215,1.217391,,
2026-04-03,2026-04-03,1.42,63,51,1.235294,22.539683,1,1.587302,0,35-44,unknown,,,,,1.42,,,
2026-04-03,2026-04-03,640.85,38233,31390,1.217999,16.761698,485,1.268538,362,45-54,female,8.0,398.35,22.0,0.621596,1.32134,0.946826,80.10625,0.022099447513812154
2026-04-03,2026-04-03,24.5,1437,1147,1.252833,17.049408,15,1.043841,12,45-54,male,,,,,1.633333,0.835073,,
2026-04-03,2026-04-03,4.75,202,160,1.2625,23.514851,1,0.49505,1,45-54,unknown,,,,,4.75,0.49505,,
2026-04-03,2026-04-03,878.55,44746,35207,1.27094,19.634157,742,1.658249,564,55-64,female,11.0,695.67,36.0,0.791839,1.18403,1.260448,79.86818181818181,0.01950354609929078
2026-04-03,2026-04-03,36.66,1867,1522,1.226675,19.635779,24,1.285485,20,55-64,male,,,1.0,,1.5275,1.071237,,
2026-04-03,2026-04-03,3.72,235,209,1.124402,15.829787,0,0.0,0,55-64,unknown,,,,,,,,
2026-04-03,2026-04-03,370.17,16042,13341,1.202459,23.075053,344,2.144371,264,65+,female,7.0,354.13,18.0,0.956669,1.076076,1.64568,52.88142857142857,0.026515151515151516
2026-04-03,2026-04-03,13.08,670,579,1.157168,19.522388,6,0.895522,5,65+,male,,,,,2.18,0.746269,,
2026-04-03,2026-04-03,2.3,148,121,1.223141,15.540541,8,5.405405,6,65+,unknown,,,,,0.2875,4.054054,,
2026-04-04,2026-04-04,4.090045,210,168,1.25,19.476405,8,3.809524,7,18-24,female,,,,,0.511256,3.333333,,
2026-04-04,2026-04-04,0.600007,33,26,1.269231,18.182018,1,3.030303,1,18-24,male,,,,,0.600007,3.030303,,
2026-04-04,2026-04-04,0.060001,4,2,2.0,15.000165,0,0.0,0,18-24,unknown,,,,,,,,
2026-04-04,2026-04-04,39.730437,2119,1578,1.342839,18.749617,20,0.943841,15,25-34,female,,,,,1.986522,0.707881,,
2026-04-04,2026-04-04,3.890043,232,188,1.234043,16.767426,4,1.724138,2,25-34,male,,,,,0.972511,0.862069,,
2026-04-04,2026-04-04,0.380004,12,12,1.0,31.667015,0,0.0,0,25-34,unknown,,,,,,,,
2026-04-04,2026-04-04,224.412471,14278,11039,1.293414,15.71736,132,0.924499,101,35-44,female,2.0,171.77,5.0,0.765421,1.700094,0.707382,112.2062355,0.019801980198019802
2026-04-04,2026-04-04,14.050155,995,781,1.274008,14.120759,8,0.80402,6,35-44,male,,,,,1.756269,0.603015,,
2026-04-04,2026-04-04,1.82002,92,70,1.314286,19.782827,4,4.347826,3,35-44,unknown,,,,,0.455005,3.26087,,
2026-04-04,2026-04-04,845.119306,46618,36754,1.268379,18.128605,579,1.24201,457,45-54,female,13.0,742.98,34.0,0.879142,1.459619,0.980308,65.00917738461538,0.028446389496717725
2026-04-04,2026-04-04,37.720415,2237,1693,1.321323,16.862054,26,1.162271,20,45-54,male,,,,,1.450785,0.894055,,
2026-04-04,2026-04-04,3.350037,254,197,1.28934,13.189122,5,1.968504,3,45-54,unknown,,,,,0.670007,1.181102,,
2026-04-04,2026-04-04,1063.50171,52910,42533,1.243975,20.100202,888,1.678322,723,55-64,female,11.0,764.14,34.0,0.718513,1.197637,1.366471,96.68197363636364,0.015214384508990318
2026-04-04,2026-04-04,49.730548,2666,2080,1.281731,18.653619,42,1.575394,33,55-64,male,,,,,1.184061,1.237809,,
2026-04-04,2026-04-04,6.640073,331,242,1.367769,20.060644,6,1.812689,3,55-64,unknown,,,,,1.106679,0.906344,,
2026-04-04,2026-04-04,396.394365,18395,14953,1.230188,21.549028,402,2.185376,331,65+,female,5.0,186.76,11.0,0.471147,0.986056,1.799402,79.278873,0.015105740181268883
2026-04-04,2026-04-04,29.07032,1114,889,1.253093,26.09544,28,2.513465,29,65+,male,,,,,1.038226,2.603232,,
2026-04-04,2026-04-04,3.970044,194,147,1.319728,20.464143,1,0.515464,1,65+,unknown,,,,,3.970044,0.515464,,
2026-04-05,2026-04-05,5.900112,281,225,1.248889,20.99684,2,0.711744,2,18-24,female,,,,,2.950056,0.711744,,
2026-04-05,2026-04-05,0.54001,33,28,1.178571,16.363947,0,0.0,0,18-24,male,,,,,,,,
2026-04-05,2026-04-05,0.02,4,4,1.0,5.000095,0,0.0,0,18-24,unknown,,,,,,,,
2026-04-05,2026-04-05,53.041007,3620,2712,1.334808,14.652212,31,0.856354,28,25-34,female,1.0,39.95,4.0,0.753191,1.711,0.773481,53.041007,0.03571428571428571
2026-04-05,2026-04-05,7.760147,427,315,1.355556,18.173647,1,0.234192,1,25-34,male,,,,,7.760147,0.234192,,
2026-04-05,2026-04-05,0.400008,26,20,1.3,15.384907,0,0.0,0,25-34,unknown,,,,,,,,
2026-04-05,2026-04-05,375.367126,26879,21744,1.236157,13.96507,232,0.863127,173,35-44,female,1.0,59.92,4.0,0.15963,1.617962,0.643625,375.367126,0.005780346820809248
2026-04-05,2026-04-05,27.520522,1775,1318,1.346737,15.50452,12,0.676056,10,35-44,male,2.0,85.87,2.0,3.120217,2.293377,0.56338,13.760261,0.2
2026-04-05,2026-04-05,1.640031,160,130,1.230769,10.250195,0,0.0,0,35-44,unknown,,,,,,,,
2026-04-05,2026-04-05,1229.273336,80207,64086,1.251553,15.32626,728,0.907651,534,45-54,female,6.0,431.87,32.0,0.351321,1.688562,0.665777,204.87888933333332,0.011235955056179775
2026-04-05,2026-04-05,66.721267,4170,3085,1.351702,16.000304,51,1.223022,39,45-54,male,,,,,1.30826,0.935252,,
2026-04-05,2026-04-05,5.890112,432,337,1.281899,13.634518,4,0.925926,3,45-54,unknown,,,,,1.472528,0.694444,,
2026-04-05,2026-04-05,1586.460116,86808,68829,1.261213,18.275506,1045,1.203806,790,55-64,female,13.0,901.77,38.0,0.568416,1.518144,0.910054,122.03539353846153,0.016455696202531647
2026-04-05,2026-04-05,82.451565,4833,3723,1.298147,17.060121,40,0.827643,31,55-64,male,,,1.0,,2.061289,0.641424,,
2026-04-05,2026-04-05,10.590201,508,409,1.242054,20.846852,5,0.984252,3,55-64,unknown,1.0,74.9,1.0,7.072576,2.11804,0.590551,10.590201,0.3333333333333333
2026-04-05,2026-04-05,704.483373,31910,25447,1.253979,22.077198,626,1.961767,526,65+,female,10.0,674.1,19.0,0.956871,1.125373,1.648386,70.4483373,0.019011406844106463
2026-04-05,2026-04-05,51.060969,2024,1573,1.286713,25.227752,42,2.075099,35,65+,male,1.0,59.92,2.0,1.173499,1.215737,1.729249,51.060969,0.02857142857142857
2026-04-05,2026-04-05,5.120097,286,214,1.336449,17.902438,5,1.748252,4,65+,unknown,,,,,1.024019,1.398601,,
2026-04-05,2026-04-05,0.01,1,1,1.0,10.00019,0,0.0,0,Unknown,female,,,,,,,,
2026-04-06,2026-04-06,5.049974,81,70,1.157143,62.345355,2,2.469136,2,18-24,female,,,2.0,,2.524987,2.469136,,
2026-04-06,2026-04-06,0.429998,10,9,1.111111,42.999776,0,0.0,0,18-24,male,,,,,,,,
2026-04-06,2026-04-06,0.05,3,3,1.0,16.66658,0,0.0,0,18-24,unknown,,,,,,,,
2026-04-06,2026-04-06,25.01987,1188,852,1.394366,21.060496,18,1.515152,15,25-34,female,6.0,423.49,5.0,16.926147,1.389993,1.262626,4.169978333333334,0.4
2026-04-06,2026-04-06,1.679991,129,111,1.162162,13.023188,2,1.550388,2,25-34,male,,,1.0,,0.839996,1.550388,,
2026-04-06,2026-04-06,0.07,9,8,1.125,7.777737,0,0.0,0,25-34,unknown,,,,,,,,
2026-04-06,2026-04-06,136.46929,7772,6192,1.255168,17.559095,101,1.299537,81,35-44,female,3.0,109.86,9.0,0.805016,1.351181,1.042203,45.489763333333336,0.037037037037037035
2026-04-06,2026-04-06,10.099947,598,444,1.346847,16.889544,6,1.003344,3,35-44,male,,,,,1.683325,0.501672,,
2026-04-06,2026-04-06,0.669997,46,39,1.179487,14.565142,1,2.173913,1,35-44,unknown,,,,,0.669997,2.173913,,
2026-04-06,2026-04-06,481.187496,25627,21261,1.205353,18.776583,264,1.030164,211,45-54,female,6.0,258.69,18.0,0.537607,1.82268,0.82335,80.197916,0.02843601895734597
2026-04-06,2026-04-06,28.649851,1513,1178,1.28438,18.93579,14,0.925314,9,45-54,male,,,,,2.046418,0.594845,,
2026-04-06,2026-04-06,3.209983,127,112,1.133929,25.275459,1,0.787402,1,45-54,unknown,,,,,3.209983,0.787402,,
2026-04-06,2026-04-06,737.986159,35675,29652,1.203123,20.686367,544,1.524877,428,55-64,female,8.0,578.18,35.0,0.783456,1.356592,1.19972,92.248269875,0.018691588785046728
2026-04-06,2026-04-06,40.689788,2049,1682,1.218193,19.858364,21,1.02489,17,55-64,male,,,,,1.937609,0.829673,,
2026-04-06,2026-04-06,3.90998,245,172,1.424419,15.959101,11,4.489796,13,55-64,unknown,,,,,0.355453,5.306122,,
2026-04-06,2026-04-06,414.687842,17135,14322,1.196411,24.201216,372,2.170995,322,65+,female,11.0,655.12,18.0,1.579791,1.114752,1.879195,37.69889472727272,0.034161490683229816
2026-04-06,2026-04-06,29.609846,1130,928,1.217672,26.203403,29,2.566372,23,65+,male,1.0,199.92,3.0,6.751808,1.021029,2.035398,29.609846,0.043478260869565216
2026-04-06,2026-04-06,2.079989,131,104,1.259615,15.87778,2,1.526718,2,65+,unknown,,,,,1.039995,1.526718,,
2026-04-07,2026-04-07,2.291397,138,128,1.078125,16.604326,0,0.0,0,18-24,female,,,,,,,,
2026-04-07,2026-04-07,0.430262,22,18,1.222222,19.557379,0,0.0,0,18-24,male,,,,,,,,
2026-04-07,2026-04-07,0.060037,4,2,2.0,15.009151,0,0.0,0,18-24,unknown,,,,,,,,
2026-04-07,2026-04-07,32.389748,1604,1303,1.231005,20.19311,18,1.122195,14,25-34,female,1.0,75.88,4.0,2.342717,1.79943,0.872818,32.389748,0.07142857142857142
2026-04-07,2026-04-07,3.271995,195,166,1.174699,16.779461,0,0.0,0,25-34,male,,,,,,,,
2026-04-07,2026-04-07,0.290177,17,13,1.307692,17.069231,0,0.0,0,25-34,unknown,,,,,,,,
2026-04-07,2026-04-07,207.626589,12617,10646,1.18514,16.456098,112,0.887691,78,35-44,female,,,27.0,,1.853809,0.618214,,
2026-04-07,2026-04-07,13.918486,901,767,1.174707,15.44782,6,0.665927,6,35-44,male,,,,,2.319748,0.665927,,
2026-04-07,2026-04-07,0.880537,56,52,1.076923,15.723872,1,1.785714,1,35-44,unknown,,,,,0.880537,1.785714,,
2026-04-07,2026-04-07,695.844252,40269,33479,1.202814,17.279899,477,1.184534,354,45-54,female,15.0,976.19,22.0,1.402886,1.458793,0.879088,46.3896168,0.0423728813559322
2026-04-07,2026-04-07,40.104451,2307,1923,1.199688,17.383811,28,1.213697,21,45-54,male,,,3.0,,1.432302,0.910273,,
2026-04-07,2026-04-07,4.993044,203,171,1.187135,24.596277,3,1.477833,1,45-54,unknown,,,,,1.664348,0.492611,,
2026-04-07,2026-04-07,1163.779549,50916,42667,1.193334,22.856853,732,1.437662,550,55-64,female,10.0,851.54,52.0,0.731702,1.589863,1.080211,116.3779549,0.01818181818181818
2026-04-07,2026-04-07,64.029038,3408,2811,1.21238,18.787863,44,1.29108,33,55-64,male,,,,,1.455205,0.96831,,
2026-04-07,2026-04-07,6.053691,321,281,1.142349,18.85885,4,1.246106,2,55-64,unknown,,,1.0,,1.513423,0.623053,,
2026-04-07,2026-04-07,724.681834,25588,20743,1.233573,28.32116,469,1.83289,323,65+,female,4.0,242.57,6.0,0.334726,1.545164,1.26231,181.1704585,0.01238390092879257
2026-04-07,2026-04-07,53.482608,2064,1695,1.217699,25.912116,27,1.30814,20,65+,male,,,,,1.980837,0.968992,,
2026-04-07,2026-04-07,3.782306,272,186,1.462366,13.905537,3,1.102941,1,65+,unknown,,,,,1.260769,0.367647,,
2026-04-08,2026-04-08,3.3,140,117,1.196581,23.571429,2,1.428571,2,18-24,female,,,,,1.65,1.428571,,
2026-04-08,2026-04-08,0.83,20,18,1.111111,41.5,0,0.0,0,18-24,male,,,,,,,,
2026-04-08,2026-04-08,0.45,20,2,10.0,22.5,1,5.0,0,18-24,unknown,,,,,0.45,,,
2026-04-08,2026-04-08,36.05,1539,1236,1.245146,23.424301,15,0.974659,13,25-34,female,,,,,2.403333,0.844704,,
2026-04-08,2026-04-08,2.99,158,130,1.215385,18.924051,6,3.797468,3,25-34,male,,,,,0.498333,1.898734,,
2026-04-08,2026-04-08,0.12,8,8,1.0,15.0,0,0.0,0,25-34,unknown,,,,,,,,
2026-04-08,2026-04-08,194.2,9708,7863,1.234643,20.00412,141,1.45241,113,35-44,female,4.0,187.74,24.0,0.966735,1.377305,1.163988,48.55,0.035398230088495575
2026-04-08,2026-04-08,15.47,826,624,1.323718,18.728814,16,1.937046,11,35-44,male,,,2.0,,0.966875,1.331719,,
2026-04-08,2026-04-08,0.53,36,30,1.2,14.722222,0,0.0,0,35-44,unknown,,,,,,,,
2026-04-08,2026-04-08,658.66,31307,25847,1.211243,21.038745,392,1.252116,279,45-54,female,17.0,1561.89,35.0,2.371314,1.680255,0.891175,38.74470588235294,0.06093189964157706
2026-04-08,2026-04-08,38.21,2008,1545,1.299676,19.028884,30,1.494024,21,45-54,male,,,,,1.273667,1.045817,,
2026-04-08,2026-04-08,4.14,173,131,1.320611,23.930636,2,1.156069,2,45-54,unknown,,,1.0,,2.07,1.156069,,
2026-04-08,2026-04-08,1053.56,44316,36508,1.213871,23.773806,763,1.721726,555,55-64,female,21.0,1281.52,33.0,1.216371,1.380813,1.252369,50.16952380952381,0.03783783783783784
2026-04-08,2026-04-08,52.97,2676,2228,1.201077,19.794469,45,1.681614,44,55-64,male,,,6.0,,1.177111,1.644245,,
2026-04-08,2026-04-08,5.5,251,220,1.140909,21.912351,4,1.593626,4,55-64,unknown,,,,,1.375,1.593626,,
2026-04-08,2026-04-08,540.18,20727,16969,1.221463,26.061659,409,1.973272,328,65+,female,11.0,765.93,37.0,1.417916,1.320734,1.582477,49.10727272727272,0.03353658536585366
2026-04-08,2026-04-08,29.98,1172,995,1.177889,25.580205,11,0.938567,9,65+,male,,,,,2.725455,0.767918,,
2026-04-08,2026-04-08,3.42,176,122,1.442623,19.431818,7,3.977273,7,65+,unknown,,,,,0.488571,3.977273,,
2026-04-08,2026-04-08,0.0,0,0,0.0,,0,,0,Unknown,unknown,,,2.0,,,,,
2026-04-09,2026-04-09,3.289966,108,86,1.255814,30.462651,4,3.703704,3,18-24,female,1.0,59.92,1.0,18.212953,0.822492,2.777778,3.289966,0.3333333333333333
2026-04-09,2026-04-09,1.179988,21,12,1.75,56.1899,1,4.761905,1,18-24,male,,,,,1.179988,4.761905,,
2026-04-09,2026-04-09,0.349996,19,4,4.75,18.420864,0,0.0,0,18-24,unknown,,,,,,,,
2026-04-09,2026-04-09,25.129742,1303,1053,1.237417,19.286065,27,2.072141,19,25-34,female,2.0,125.58,4.0,4.997266,0.930731,1.458173,12.564871,0.10526315789473684
2026-04-09,2026-04-09,3.179967,154,122,1.262295,20.649139,2,1.298701,2,25-34,male,,,,,1.589984,1.298701,,
2026-04-09,2026-04-09,1.889981,30,12,2.5,62.999354,1,3.333333,1,25-34,unknown,,,,,1.889981,3.333333,,
2026-04-09,2026-04-09,169.238266,9163,7244,1.264909,18.469744,112,1.222307,97,35-44,female,2.0,109.86,19.0,0.649144,1.511056,1.058605,84.619133,0.020618556701030927
2026-04-09,2026-04-09,10.76989,684,534,1.280899,15.745453,5,0.730994,3,35-44,male,,,,,2.153978,0.438596,,
2026-04-09,2026-04-09,0.94999,55,51,1.078431,17.27255,0,0.0,0,35-44,unknown,,,,,,,,
2026-04-09,2026-04-09,538.984476,28213,22902,1.231901,19.104118,363,1.286641,291,45-54,female,14.0,821.22,38.0,1.523643,1.484806,1.031439,38.49889114285714,0.048109965635738834
2026-04-09,2026-04-09,29.759695,1691,1330,1.271429,17.598873,15,0.887049,11,45-54,male,,,2.0,,1.98398,0.650503,,
2026-04-09,2026-04-09,2.91997,153,123,1.243902,19.084772,1,0.653595,1,45-54,unknown,,,,,2.91997,0.653595,,
2026-04-09,2026-04-09,748.252331,35464,28407,1.248425,21.098927,557,1.570607,422,55-64,female,16.0,926.03,34.0,1.237591,1.343361,1.189939,46.7657706875,0.037914691943127965
2026-04-09,2026-04-09,36.439627,2040,1608,1.268657,17.862562,26,1.27451,16,55-64,male,,,,,1.401524,0.784314,,
2026-04-09,2026-04-09,3.599963,233,181,1.287293,15.450485,5,2.145923,4,55-64,unknown,,,3.0,,0.719993,1.716738,,
2026-04-09,2026-04-09,356.296348,15365,13094,1.173438,23.188828,335,2.18028,291,65+,female,13.0,902.55,27.0,2.533144,1.063571,1.893915,27.407411384615386,0.044673539518900345
2026-04-09,2026-04-09,16.769828,736,603,1.220564,22.785093,21,2.853261,18,65+,male,,,,,0.798563,2.445652,,
2026-04-09,2026-04-09,2.449975,135,115,1.173913,18.147962,4,2.962963,2,65+,unknown,,,,,0.612494,1.481481,,
2026-04-09,2026-04-09,0.0,0,0,0.0,,3,,0,Unknown,unknown,,,,,0.0,,,
2026-04-10,2026-04-10,2.79,130,115,1.130435,21.461538,0,0.0,0,18-24,female,,,,,,,,
2026-04-10,2026-04-10,1.01,27,16,1.6875,37.407407,0,0.0,0,18-24,male,,,,,,,,
2026-04-10,2026-04-10,0.16,13,3,4.333333,12.307692,0,0.0,0,18-24,unknown,,,,,,,,
2026-04-10,2026-04-10,31.81,1557,1214,1.282537,20.430315,17,1.091843,14,25-34,female,,,2.0,,1.871176,0.899165,,
2026-04-10,2026-04-10,2.17,137,120,1.141667,15.839416,0,0.0,0,25-34,male,,,,,,,,
2026-04-10,2026-04-10,0.35,16,12,1.333333,21.875,0,0.0,0,25-34,unknown,,,,,,,,
2026-04-10,2026-04-10,185.7,10654,8326,1.279606,17.430073,101,0.948001,81,35-44,female,2.0,118.7,6.0,0.639203,1.838614,0.760278,92.85,0.024691358024691357
2026-04-10,2026-04-10,11.82,752,588,1.278912,15.718085,2,0.265957,2,35-44,male,,,,,5.91,0.265957,,
2026-04-10,2026-04-10,0.87,63,51,1.235294,13.809524,0,0.0,0,35-44,unknown,,,,,,,,
2026-04-10,2026-04-10,614.26,33369,27490,1.21386,18.408103,362,1.084839,282,45-54,female,22.0,1161.04,30.0,1.890144,1.696851,0.845096,27.920909090909092,0.07801418439716312
2026-04-10,2026-04-10,39.77,2177,1679,1.296605,18.268259,17,0.780891,16,45-54,male,,,,,2.339412,0.734956,,
2026-04-10,2026-04-10,2.82,160,127,1.259843,17.625,0,0.0,0,45-54,unknown,,,,,,,,
2026-04-10,2026-04-10,815.66,40270,33010,1.219933,20.25478,575,1.427862,439,55-64,female,19.0,1102.77,46.0,1.351997,1.418539,1.090142,42.92947368421053,0.04328018223234624
2026-04-10,2026-04-10,49.47,2580,2050,1.258537,19.174419,23,0.891473,19,55-64,male,,,1.0,,2.15087,0.736434,,
2026-04-10,2026-04-10,3.35,249,205,1.214634,13.453815,2,0.803213,2,55-64,unknown,,,1.0,,1.675,0.803213,,
2026-04-10,2026-04-10,361.01,16403,13492,1.215757,22.008779,299,1.822837,241,65+,female,6.0,554.57,15.0,1.536162,1.207391,1.469243,60.16833333333333,0.024896265560165973
2026-04-10,2026-04-10,20.96,973,791,1.230089,21.541624,14,1.438849,12,65+,male,,,,,1.497143,1.233299,,
2026-04-10,2026-04-10,2.62,150,120,1.25,17.466667,4,2.666667,4,65+,unknown,,,,,0.655,2.666667,,
2026-04-10,2026-04-10,0.0,0,0,0.0,,1,,0,Unknown,unknown,,,,,0.0,,,
2026-04-11,2026-04-11,3.040013,128,108,1.185185,23.750102,2,1.5625,2,18-24,female,,,,,1.520007,1.5625,,
2026-04-11,2026-04-11,0.320001,32,24,1.333333,10.000043,0,0.0,0,18-24,male,,,,,,,,
2026-04-11,2026-04-11,0.03,5,3,1.666667,6.000026,0,0.0,0,18-24,unknown,,,,,,,,
2026-04-11,2026-04-11,27.96012,1522,1242,1.225443,18.370644,14,0.919842,8,25-34,female,,,4.0,,1.997151,0.525624,,
2026-04-11,2026-04-11,3.490015,169,131,1.290076,20.650976,3,1.775148,4,25-34,male,,,,,1.163338,2.366864,,
2026-04-11,2026-04-11,0.250001,13,11,1.181818,19.230852,0,0.0,0,25-34,unknown,,,,,,,,
2026-04-11,2026-04-11,193.930834,10449,8443,1.237593,18.559751,122,1.167576,99,35-44,female,3.0,240.42,6.0,1.23972,1.589597,0.947459,64.64361133333334,0.030303030303030304
2026-04-11,2026-04-11,14.130061,757,595,1.272269,18.665866,9,1.188904,5,35-44,male,1.0,99.96,1.0,7.07428,1.570007,0.660502,14.130061,0.2
2026-04-11,2026-04-11,1.310006,73,57,1.280702,17.945283,1,1.369863,1,35-44,unknown,,,,,1.310006,1.369863,,
2026-04-11,2026-04-11,667.09287,34154,27187,1.256262,19.53191,436,1.276571,334,45-54,female,12.0,715.93,26.0,1.073209,1.53003,0.977924,55.591072499999996,0.03592814371257485
2026-04-11,2026-04-11,36.700158,2123,1702,1.247356,17.286933,16,0.75365,15,45-54,male,,,,,2.29376,0.706547,,
2026-04-11,2026-04-11,2.930013,179,129,1.387597,16.368786,0,0.0,0,45-54,unknown,,,,,,,,
2026-04-11,2026-04-11,912.653927,41610,34147,1.218555,21.933524,710,1.706321,528,55-64,female,19.0,1268.89,51.0,1.39033,1.285428,1.268926,48.034417210526314,0.03598484848484849
2026-04-11,2026-04-11,52.630226,2760,2297,1.201567,19.068923,37,1.34058,29,55-64,male,2.0,84.89,2.0,1.612951,1.422439,1.050725,26.315113,0.06896551724137931
2026-04-11,2026-04-11,3.350014,240,191,1.256545,13.958393,2,0.833333,1,55-64,unknown,,,,,1.675007,0.416667,,
2026-04-11,2026-04-11,379.651634,16188,13449,1.203658,23.452658,320,1.976773,234,65+,female,9.0,446.54,14.0,1.176184,1.186411,1.445515,42.18351488888889,0.038461538461538464
2026-04-11,2026-04-11,21.230091,1003,816,1.229167,21.166592,17,1.694915,13,65+,male,1.0,51.92,3.0,2.445585,1.248829,1.296112,21.230091,0.07692307692307693
2026-04-11,2026-04-11,3.400015,140,110,1.272727,24.285819,4,2.857143,3,65+,unknown,,,,,0.850004,2.142857,,
2026-04-11,2026-04-11,0.01,1,1,1.0,10.000043,0,0.0,0,Unknown,female,,,,,,,,
2026-04-12,2026-04-12,5.500122,171,141,1.212766,32.164456,5,2.923977,3,18-24,female,,,1.0,,1.100024,1.754386,,
2026-04-12,2026-04-12,0.840019,31,25,1.24,27.097375,0,0.0,0,18-24,male,,,,,,,,
2026-04-12,2026-04-12,0.040001,4,3,1.333333,10.000222,0,0.0,0,18-24,unknown,,,,,,,,
2026-04-12,2026-04-12,42.880951,2225,1772,1.255643,19.272338,30,1.348315,22,25-34,female,4.0,324.57,7.0,7.569095,1.429365,0.988764,10.72023775,0.18181818181818182
2026-04-12,2026-04-12,3.59008,206,164,1.256098,17.427571,0,0.0,0,25-34,male,,,,,,,,
2026-04-12,2026-04-12,0.860019,20,13,1.538462,43.000954,1,5.0,1,25-34,unknown,,,,,0.860019,5.0,,
2026-04-12,2026-04-12,262.195816,15456,12321,1.254444,16.964015,170,1.099896,132,35-44,female,6.0,449.58,18.0,1.714673,1.542328,0.854037,43.69930266666666,0.045454545454545456
2026-04-12,2026-04-12,17.940398,929,700,1.327143,19.311516,10,1.076426,8,35-44,male,,,,,1.79404,0.861141,,
2026-04-12,2026-04-12,1.380031,77,68,1.132353,17.922476,1,1.298701,1,35-44,unknown,,,,,1.380031,1.298701,,
2026-04-12,2026-04-12,808.377932,43264,33913,1.275735,18.684771,587,1.356786,456,45-54,female,9.0,590.43,31.0,0.730389,1.377134,1.053994,89.81977022222222,0.019736842105263157
2026-04-12,2026-04-12,38.730859,2217,1768,1.253959,17.469941,15,0.67659,12,45-54,male,1.0,89.88,1.0,2.32063,2.582057,0.541272,38.730859,0.08333333333333333
2026-04-12,2026-04-12,3.780084,194,146,1.328767,19.484968,3,1.546392,2,45-54,unknown,,,,,1.260028,1.030928,,
2026-04-12,2026-04-12,967.87147,46432,35707,1.300361,20.844923,732,1.576499,540,55-64,female,14.0,827.62,32.0,0.855093,1.322229,1.162991,69.13367642857143,0.025925925925925925
2026-04-12,2026-04-12,58.901307,2463,1977,1.245827,23.914457,28,1.136825,25,55-64,male,,,,,2.103618,1.015022,,
2026-04-12,2026-04-12,5.080113,268,221,1.21267,18.955644,4,1.492537,3,55-64,unknown,,,,,1.270028,1.119403,,
2026-04-12,2026-04-12,457.750154,17159,14501,1.183298,26.676972,390,2.27286,313,65+,female,4.0,169.85,16.0,0.371054,1.173718,1.824116,114.4375385,0.012779552715654952
2026-04-12,2026-04-12,25.600568,951,764,1.244764,26.91963,27,2.839117,24,65+,male,1.0,49.92,1.0,1.949957,0.948169,2.523659,25.600568,0.041666666666666664
2026-04-12,2026-04-12,3.460077,168,135,1.244444,20.595695,6,3.571429,3,65+,unknown,,,,,0.576679,1.785714,,
2026-04-13,2026-04-13,3.960159,178,152,1.171053,22.248085,2,1.123596,2,18-24,female,,,,,1.98008,1.123596,,
2026-04-13,2026-04-13,0.790032,19,19,1.0,41.580619,0,0.0,0,18-24,male,,,,,,,,
2026-04-13,2026-04-13,0.0,2,2,1.0,0.0,0,0.0,0,18-24,unknown,,,,,,,,
2026-04-13,2026-04-13,40.821641,2528,1906,1.326338,16.147801,41,1.621835,36,25-34,female,,,1.0,,0.99565,1.424051,,
2026-04-13,2026-04-13,3.650147,246,185,1.32973,14.837995,4,1.626016,3,25-34,male,,,,,0.912537,1.219512,,
2026-04-13,2026-04-13,0.550022,18,14,1.285714,30.556784,0,0.0,0,25-34,unknown,,,,,,,,
2026-04-13,2026-04-13,225.879079,15122,12607,1.199492,14.937117,139,0.919191,110,35-44,female,8.0,612.84,17.0,2.713133,1.625029,0.727417,28.234884875,0.07272727272727272
2026-04-13,2026-04-13,18.280735,1134,915,1.239344,16.120577,8,0.705467,8,35-44,male,,,,,2.285092,0.705467,,
2026-04-13,2026-04-13,1.090044,76,61,1.245902,14.342682,0,0.0,0,35-44,unknown,,,,,,,,
2026-04-13,2026-04-13,660.516548,39934,32618,1.224293,16.540205,458,1.146892,340,45-54,female,9.0,525.46,22.0,0.795529,1.442176,0.851405,73.39072755555554,0.026470588235294117
2026-04-13,2026-04-13,40.001608,2538,2083,1.218435,15.761075,22,0.866824,18,45-54,male,1.0,59.92,1.0,1.49794,1.818255,0.70922,40.001608,0.05555555555555555
2026-04-13,2026-04-13,5.210209,226,179,1.26257,23.054024,4,1.769912,3,45-54,unknown,,,,,1.302552,1.327434,,
2026-04-13,2026-04-13,889.395747,46651,38540,1.210457,19.064881,726,1.556237,564,55-64,female,14.0,731.51,36.0,0.82248,1.225063,1.208977,63.528267642857145,0.024822695035460994
2026-04-13,2026-04-13,56.422268,3101,2481,1.249899,18.194862,41,1.322154,32,55-64,male,2.0,182.78,7.0,3.239501,1.376153,1.031925,28.211134,0.0625
2026-04-13,2026-04-13,4.870196,287,233,1.23176,16.969323,2,0.696864,1,55-64,unknown,,,,,2.435098,0.348432,,
2026-04-13,2026-04-13,500.33011,21118,17096,1.23526,23.692116,421,1.99356,313,65+,female,2.0,112.18,15.0,0.224212,1.188433,1.482148,250.165055,0.006389776357827476
2026-04-13,2026-04-13,32.171293,1218,947,1.286167,26.413213,25,2.052545,19,65+,male,1.0,24.97,1.0,0.776158,1.286852,1.559934,32.171293,0.05263157894736842
2026-04-13,2026-04-13,4.070164,192,138,1.391304,21.198769,4,2.083333,2,65+,unknown,,,,,1.017541,1.041667,,
2026-04-14,2026-04-14,6.15,263,211,1.246446,23.38403,2,0.760456,1,18-24,female,,,,,3.075,0.380228,,
2026-04-14,2026-04-14,0.6,19,18,1.055556,31.578947,0,0.0,0,18-24,male,,,,,,,,
2026-04-14,2026-04-14,38.36,2563,1885,1.359682,14.966836,32,1.248537,28,25-34,female,1.0,39.95,4.0,1.041449,1.19875,1.09247,38.36,0.03571428571428571
2026-04-14,2026-04-14,5.34,327,248,1.318548,16.330275,3,0.917431,1,25-34,male,,,,,1.78,0.30581,,
2026-04-14,2026-04-14,0.27,22,19,1.157895,12.272727,0,0.0,0,25-34,unknown,,,,,,,,
2026-04-14,2026-04-14,216.81,14087,10982,1.282735,15.390786,144,1.022219,96,35-44,female,3.0,229.66,5.0,1.059268,1.505625,0.681479,72.27,0.03125
2026-04-14,2026-04-14,21.05,1286,967,1.329886,16.368585,14,1.088647,13,35-44,male,,,2.0,,1.503571,1.010886,,
2026-04-14,2026-04-14,0.63,72,63,1.142857,8.75,1,1.388889,0,35-44,unknown,,,,,0.63,,,
2026-04-14,2026-04-14,648.49,36061,27982,1.288721,17.98314,452,1.253432,362,45-54,female,13.0,744.28,20.0,1.147712,1.434712,1.003855,49.88384615384616,0.03591160220994475
2026-04-14,2026-04-14,44.7,2569,1950,1.317436,17.399766,21,0.817439,15,45-54,male,2.0,49.94,3.0,1.117226,2.128571,0.583885,22.35,0.13333333333333333
2026-04-14,2026-04-14,3.44,204,151,1.350993,16.862745,2,0.980392,0,45-54,unknown,,,,,1.72,,,
2026-04-14,2026-04-14,855.24,43536,34661,1.256051,19.644432,635,1.458563,488,55-64,female,20.0,1549.34,44.0,1.811585,1.346835,1.120911,42.762,0.040983606557377046
2026-04-14,2026-04-14,62.06,3251,2501,1.29988,19.089511,30,0.922793,21,55-64,male,,,,,2.068667,0.645955,,
2026-04-14,2026-04-14,3.79,278,202,1.376238,13.633094,0,0.0,0,55-64,unknown,,,,,,,,
2026-04-14,2026-04-14,533.36,22537,17010,1.324927,23.665972,460,2.041088,366,65+,female,6.0,597.84,14.0,1.120894,1.159478,1.623996,88.89333333333333,0.01639344262295082
2026-04-14,2026-04-14,32.79,1704,1341,1.270694,19.242958,20,1.173709,14,65+,male,,,,,1.6395,0.821596,,
2026-04-14,2026-04-14,4.94,259,159,1.628931,19.073359,8,3.088803,7,65+,unknown,,,,,0.6175,2.702703,,
2026-04-15,2026-04-15,4.999935,280,219,1.278539,17.856909,8,2.857143,8,18-24,female,,,,,0.624992,2.857143,,
2026-04-15,2026-04-15,0.74999,25,19,1.315789,29.999607,0,0.0,0,18-24,male,,,,,,,,
2026-04-15,2026-04-15,0.129998,5,5,1.0,25.99966,0,0.0,0,18-24,unknown,,,,,,,,
2026-04-15,2026-04-15,52.259316,2742,2101,1.305093,19.058831,48,1.750547,43,25-34,female,,,,,1.088736,1.568198,,
2026-04-15,2026-04-15,4.209945,266,226,1.176991,15.82686,4,1.503759,3,25-34,male,,,,,1.052486,1.12782,,
2026-04-15,2026-04-15,0.309996,13,11,1.181818,23.845842,0,0.0,0,25-34,unknown,,,,,,,,
2026-04-15,2026-04-15,249.876728,15784,12278,1.285551,15.831014,159,1.007349,122,35-44,female,3.0,149.18,13.0,0.597014,1.571552,0.772935,83.29224266666667,0.02459016393442623
2026-04-15,2026-04-15,23.719689,1342,1006,1.333996,17.67488,11,0.819672,9,35-44,male,,,,,2.156335,0.670641,,
2026-04-15,2026-04-15,1.179985,74,62,1.193548,15.945737,1,1.351351,0,35-44,unknown,,,,,1.179985,,,
2026-04-15,2026-04-15,796.779567,43116,33873,1.272872,18.479905,535,1.240839,431,45-54,female,17.0,1023.58,45.0,1.284646,1.489308,0.999629,46.869386294117646,0.03944315545243619
2026-04-15,2026-04-15,56.709257,2872,2264,1.268551,19.745563,28,0.97493,23,45-54,male,,,,,2.025331,0.800836,,
2026-04-15,2026-04-15,3.899949,234,181,1.292818,16.666448,6,2.564103,4,45-54,unknown,,,,,0.649991,1.709402,,
2026-04-15,2026-04-15,1102.955558,54305,44576,1.218256,20.310387,975,1.795415,769,55-64,female,17.0,870.66,38.0,0.789388,1.131236,1.416076,64.87973870588236,0.022106631989596878
2026-04-15,2026-04-15,75.009018,3664,2861,1.280671,20.471894,54,1.473799,51,55-64,male,1.0,24.97,4.0,0.332893,1.389056,1.391921,75.009018,0.0196078431372549
2026-04-15,2026-04-15,6.229918,307,251,1.223108,20.292894,1,0.325733,1,55-64,unknown,,,,,6.229918,0.325733,,
2026-04-15,2026-04-15,631.941725,26530,21763,1.219041,23.819892,683,2.574444,567,65+,female,6.0,308.59,18.0,0.48832,0.925244,2.137203,105.32362083333334,0.010582010582010581
2026-04-15,2026-04-15,37.159513,1774,1374,1.291121,20.946738,46,2.59301,42,65+,male,,,1.0,,0.807816,2.367531,,
2026-04-15,2026-04-15,6.699912,232,165,1.406061,28.878932,6,2.586207,4,65+,unknown,,,,,1.116652,1.724138,,
2026-04-15,2026-04-15,0.039999,1,1,1.0,39.999476,2,200.0,0,Unknown,unknown,,,,,0.02,,,
2026-04-16,2026-04-16,5.700723,308,247,1.246964,18.508841,7,2.272727,6,18-24,female,,,,,0.814389,1.948052,,
2026-04-16,2026-04-16,0.770098,25,19,1.315789,30.803907,1,4.0,1,18-24,male,,,,,0.770098,4.0,,
2026-04-16,2026-04-16,0.130016,5,5,1.0,26.003298,0,0.0,0,18-24,unknown,,,,,,,,
2026-04-16,2026-04-16,50.676427,2788,2199,1.267849,18.176624,46,1.649928,37,25-34,female,4.0,769.48,4.0,15.18418,1.101661,1.327116,12.66910675,0.10810810810810811
2026-04-16,2026-04-16,5.150653,284,223,1.273543,18.136103,8,2.816901,7,25-34,male,,,,,0.643832,2.464789,,
2026-04-16,2026-04-16,0.150019,21,19,1.105263,7.143763,0,0.0,0,25-34,unknown,,,,,,,,
2026-04-16,2026-04-16,263.74345,16963,13886,1.22159,15.548161,163,0.960915,126,35-44,female,10.0,577.94,14.0,2.191296,1.618058,0.742793,26.374344999999998,0.07936507936507936
2026-04-16,2026-04-16,20.152556,1372,1061,1.29312,14.688452,16,1.166181,12,35-44,male,2.0,119.84,2.0,5.94664,1.259535,0.874636,10.076278,0.16666666666666666
2026-04-16,2026-04-16,1.250159,86,69,1.246377,14.536727,2,2.325581,2,35-44,unknown,,,,,0.625079,2.325581,,
2026-04-16,2026-04-16,786.469746,46514,37692,1.234055,16.908237,626,1.345831,485,45-54,female,18.0,1206.1,31.0,1.533562,1.256341,1.042697,43.692763666666664,0.03711340206185567
2026-04-16,2026-04-16,57.517295,3321,2693,1.233197,17.31927,30,0.903342,22,45-54,male,2.0,109.86,1.0,1.910034,1.917243,0.662451,28.7586475,0.09090909090909091
2026-04-16,2026-04-16,4.680594,257,209,1.229665,18.212427,1,0.389105,1,45-54,unknown,,,,,4.680594,0.389105,,
2026-04-16,2026-04-16,1124.932673,58609,47199,1.241742,19.193855,1099,1.875139,898,55-64,female,39.0,2905.17,45.0,2.582528,1.023597,1.532188,28.844427512820513,0.043429844097995544
2026-04-16,2026-04-16,75.939631,4193,3330,1.259159,18.11105,54,1.287861,49,55-64,male,2.0,79.9,2.0,1.052152,1.406289,1.168614,37.9698155,0.04081632653061224
2026-04-16,2026-04-16,11.461454,388,292,1.328767,29.539829,5,1.28866,3,55-64,unknown,,,,,2.292291,0.773196,,
2026-04-16,2026-04-16,618.438435,27228,21841,1.246646,22.713326,753,2.765535,646,65+,female,6.0,313.17,17.0,0.506388,0.821299,2.372558,103.07307250000001,0.009287925696594427
2026-04-16,2026-04-16,43.705543,2070,1637,1.264508,21.113789,43,2.077295,34,65+,male,,,,,1.016408,1.642512,,
2026-04-16,2026-04-16,4.160528,209,160,1.30625,19.906831,6,2.870813,3,65+,unknown,,,,,0.693421,1.435407,,
2026-04-16,2026-04-16,0.0,0,0,0.0,,2,,0,Unknown,unknown,,,,,0.0,,,
2026-04-17,2026-04-17,4.749969,310,262,1.183206,15.322482,11,3.548387,8,18-24,female,,,,,0.431815,2.580645,,
2026-04-17,2026-04-17,0.429997,61,58,1.051724,7.049135,1,1.639344,2,18-24,male,,,,,0.429997,3.278689,,
2026-04-17,2026-04-17,0.149999,14,11,1.272727,10.714216,0,0.0,0,18-24,unknown,,,,,,,,
2026-04-17,2026-04-17,63.28959,3058,2479,1.233562,20.6964,59,1.929366,60,25-34,female,,,,,1.072705,1.962067,,
2026-04-17,2026-04-17,6.319959,385,342,1.125731,16.415478,2,0.519481,1,25-34,male,,,,,3.15998,0.25974,,
2026-04-17,2026-04-17,0.699995,35,25,1.4,19.999871,0,0.0,0,25-34,unknown,,,,,,,,
2026-04-17,2026-04-17,266.908273,17447,14256,1.223836,15.298233,166,0.951453,127,35-44,female,8.0,479.36,8.0,1.795973,1.607881,0.727919,33.363534125,0.06299212598425197
2026-04-17,2026-04-17,25.349836,1433,1202,1.19218,17.690046,8,0.558269,8,35-44,male,,,1.0,,3.16873,0.558269,,
2026-04-17,2026-04-17,1.859988,102,75,1.36,18.235176,1,0.980392,0,35-44,unknown,,,,,1.859988,,,
2026-04-17,2026-04-17,834.5546,47724,36475,1.308403,17.487105,528,1.106362,407,45-54,female,12.0,911.93,22.0,1.092715,1.580596,0.85282,69.54621666666667,0.029484029484029485
2026-04-17,2026-04-17,66.009573,3494,2718,1.285504,18.892265,42,1.202061,30,45-54,male,2.0,119.84,3.0,1.815494,1.571657,0.858615,33.0047865,0.06666666666666667
2026-04-17,2026-04-17,4.809969,263,218,1.206422,18.288855,6,2.281369,4,45-54,unknown,,,,,0.801661,1.520913,,
2026-04-17,2026-04-17,1138.182636,55542,45987,1.207776,20.492288,1013,1.823845,855,55-64,female,20.0,1437.43,30.0,1.262917,1.123576,1.539376,56.9091318,0.023391812865497075
2026-04-17,2026-04-17,85.809445,4274,3448,1.239559,20.077081,45,1.052878,38,55-64,male,,,,,1.906877,0.889097,,
2026-04-17,2026-04-17,4.459971,330,261,1.264368,13.515064,5,1.515152,3,55-64,unknown,,,,,0.891994,0.909091,,
2026-04-17,2026-04-17,540.306504,23783,18773,1.266873,22.718181,618,2.598495,542,65+,female,14.0,679.12,18.0,1.256916,0.874282,2.278939,38.593321714285715,0.025830258302583026
2026-04-17,2026-04-17,43.139721,1950,1573,1.239669,22.122934,54,2.769231,53,65+,male,,,,,0.798884,2.717949,,
2026-04-17,2026-04-17,3.979974,210,156,1.346154,18.952258,3,1.428571,3,65+,unknown,,,,,1.326658,1.428571,,
2026-04-17,2026-04-17,0.0,0,0,0.0,,2,,0,Unknown,unknown,,,,,0.0,,,
2026-04-18,2026-04-18,3.580109,159,135,1.177778,22.516408,0,0.0,0,18-24,female,,,,,,,,
2026-04-18,2026-04-18,0.97003,25,15,1.666667,38.80118,0,0.0,0,18-24,male,,,,,,,,
2026-04-18,2026-04-18,0.180005,5,5,1.0,36.001095,0,0.0,0,18-24,unknown,,,,,,,,
2026-04-18,2026-04-18,46.36141,2125,1657,1.282438,21.817134,22,1.035294,17,25-34,female,,,,,2.107337,0.8,,
2026-04-18,2026-04-18,4.420134,210,174,1.206897,21.048259,6,2.857143,3,25-34,male,,,,,0.736689,1.428571,,
2026-04-18,2026-04-18,0.290009,20,15,1.333333,14.500441,1,5.0,1,25-34,unknown,,,,,0.290009,5.0,,
2026-04-18,2026-04-18,247.207519,13481,10490,1.285129,18.337476,188,1.394555,144,35-44,female,4.0,415.38,8.0,1.680289,1.314934,1.06817,61.80187975,0.027777777777777776
2026-04-18,2026-04-18,24.700751,1053,826,1.274818,23.457504,12,1.139601,9,35-44,male,1.0,54.93,,2.223819,2.058396,0.854701,24.700751,0.1111111111111111
2026-04-18,2026-04-18,2.760084,72,57,1.263158,38.334499,2,2.777778,2,35-44,unknown,,,,,1.380042,2.777778,,
2026-04-18,2026-04-18,726.402094,36099,29653,1.217381,20.122499,523,1.448794,402,45-54,female,24.0,1523.35,26.0,2.097117,1.388914,1.113604,30.26675391666667,0.05970149253731343
2026-04-18,2026-04-18,49.291499,2366,1930,1.225907,20.833263,16,0.676247,14,45-54,male,2.0,119.84,2.0,2.431251,3.080719,0.591716,24.6457495,0.14285714285714285
2026-04-18,2026-04-18,2.610079,173,142,1.21831,15.087164,10,5.780347,8,45-54,unknown,2.0,119.84,3.0,45.914312,0.261008,4.624277,1.3050395,0.25
2026-04-18,2026-04-18,987.510035,42701,32714,1.305282,23.126157,830,1.943748,674,55-64,female,36.0,2174.79,41.0,2.202297,1.189771,1.578417,27.430834305555557,0.05341246290801187
2026-04-18,2026-04-18,60.851851,2915,2217,1.31484,20.875421,41,1.406518,30,55-64,male,3.0,264.65,2.0,4.349087,1.484191,1.02916,20.283950333333333,0.1
2026-04-18,2026-04-18,4.340132,237,183,1.295082,18.312793,1,0.421941,0,55-64,unknown,,,,,4.340132,,,
2026-04-18,2026-04-18,438.853348,18741,14939,1.254502,23.416752,562,2.998773,495,65+,female,14.0,886.82,12.0,2.020766,0.780878,2.641268,31.34666771428571,0.028282828282828285
2026-04-18,2026-04-18,26.460805,1422,1085,1.310599,18.608161,38,2.672293,35,65+,male,,,,,0.696337,2.461322,,
2026-04-18,2026-04-18,3.490106,140,102,1.372549,24.92933,4,2.857143,3,65+,unknown,,,,,0.872527,2.142857,,
2026-04-19,2026-04-19,4.96012,200,172,1.162791,24.8006,4,2.0,4,18-24,female,,,,,1.24003,2.0,,
2026-04-19,2026-04-19,3.030073,46,27,1.703704,65.87116,1,2.173913,2,18-24,male,,,3.0,,3.030073,4.347826,,
2026-04-19,2026-04-19,0.130003,4,3,1.333333,32.500787,0,0.0,0,18-24,unknown,,,,,,,,
2026-04-19,2026-04-19,60.71147,2970,2278,1.303775,20.441572,52,1.750842,47,25-34,female,1.0,45.93,1.0,0.756529,1.167528,1.582492,60.71147,0.02127659574468085
2026-04-19,2026-04-19,7.880191,290,225,1.288889,27.173072,10,3.448276,7,25-34,male,,,,,0.788019,2.413793,,
2026-04-19,2026-04-19,0.540013,24,22,1.090909,22.500545,0,0.0,0,25-34,unknown,,,,,,,,
2026-04-19,2026-04-19,327.627931,18818,14995,1.254952,17.410348,214,1.137209,176,35-44,female,6.0,541.04,15.0,1.651385,1.530972,0.935275,54.60465516666667,0.03409090909090909
2026-04-19,2026-04-19,31.350759,1523,1133,1.344219,20.584871,23,1.510177,20,35-44,male,,,,,1.363076,1.313198,,
2026-04-19,2026-04-19,2.310056,122,93,1.311828,18.934885,0,0.0,0,35-44,unknown,,,,,,,,
2026-04-19,2026-04-19,912.342085,47912,37169,1.289031,19.042037,635,1.325346,498,45-54,female,12.0,635.22,26.0,0.696252,1.436759,1.039406,76.02850708333334,0.024096385542168676
2026-04-19,2026-04-19,63.781544,3170,2443,1.297585,20.120361,42,1.324921,31,45-54,male,,,5.0,,1.518608,0.977918,,
2026-04-19,2026-04-19,3.530085,227,180,1.261111,15.551037,2,0.881057,0,45-54,unknown,,,,,1.765043,,,
2026-04-19,2026-04-19,1200.399058,54862,43634,1.257322,21.880337,1032,1.881083,808,55-64,female,34.0,2019.1,50.0,1.682024,1.163177,1.472786,35.30585464705882,0.04207920792079208
2026-04-19,2026-04-19,70.131698,3774,2863,1.318198,18.582856,51,1.351351,37,55-64,male,,,1.0,,1.375131,0.980392,,
2026-04-19,2026-04-19,5.880142,305,246,1.239837,19.279155,5,1.639344,3,55-64,unknown,,,,,1.176028,0.983607,,
2026-04-19,2026-04-19,573.813891,24845,20149,1.233064,23.095749,702,2.825518,603,65+,female,13.0,860.83,22.0,1.50019,0.817399,2.427048,44.13953007692308,0.02155887230514096
2026-04-19,2026-04-19,33.930821,1911,1539,1.241715,17.755532,53,2.773417,45,65+,male,,,,,0.640204,2.354788,,
2026-04-19,2026-04-19,2.430059,188,149,1.261745,12.925845,1,0.531915,1,65+,unknown,,,,,2.430059,0.531915,,
2026-04-19,2026-04-19,0.0,0,0,0.0,,0,,0,Unknown,unknown,,,,,,,,
2026-04-20,2026-04-20,7.159898,279,235,1.187234,25.662718,1,0.358423,1,18-24,female,,,,,7.159898,0.358423,,
2026-04-20,2026-04-20,0.479993,21,19,1.105263,22.856818,1,4.761905,1,18-24,male,,,,,0.479993,4.761905,,
2026-04-20,2026-04-20,0.03,2,2,1.0,14.999787,0,0.0,0,18-24,unknown,,,,,,,,
2026-04-20,2026-04-20,53.469241,2935,2318,1.266178,18.217799,32,1.09029,22,25-34,female,4.0,178.87,2.0,3.345288,1.670914,0.749574,13.36731025,0.18181818181818182
2026-04-20,2026-04-20,6.279911,268,200,1.34,23.432503,5,1.865672,3,25-34,male,1.0,59.92,3.0,9.541537,1.255982,1.119403,6.279911,0.3333333333333333
2026-04-20,2026-04-20,0.249996,25,19,1.315789,9.999858,0,0.0,0,25-34,unknown,,,,,,,,
2026-04-20,2026-04-20,276.756073,16895,13438,1.257256,16.380945,154,0.911512,125,35-44,female,1.0,42.8,3.0,0.154649,1.797117,0.739864,276.756073,0.008
2026-04-20,2026-04-20,25.879633,1309,892,1.467489,19.770537,17,1.298701,17,35-44,male,,,1.0,,1.522331,1.298701,,
2026-04-20,2026-04-20,1.769975,91,71,1.28169,19.450273,0,0.0,0,35-44,unknown,,,,,,,,
2026-04-20,2026-04-20,782.758892,42751,34807,1.22823,18.309721,435,1.01752,325,45-54,female,5.0,254.81,23.0,0.325528,1.799446,0.760216,156.5517784,0.015384615384615385
2026-04-20,2026-04-20,45.509354,2548,2025,1.258272,17.860814,19,0.745683,15,45-54,male,,,,,2.395229,0.588697,,
2026-04-20,2026-04-20,3.669948,208,172,1.209302,17.64398,1,0.480769,2,45-54,unknown,,,,,3.669948,0.961538,,
2026-04-20,2026-04-20,1002.145778,47308,38444,1.230569,21.183432,687,1.452186,525,55-64,female,10.0,704.07,26.0,0.702562,1.458727,1.109749,100.2145778,0.01904761904761905
2026-04-20,2026-04-20,62.079119,3054,2295,1.330719,20.327151,37,1.211526,29,55-64,male,1.0,119.84,1.0,1.93044,1.677814,0.949574,62.079119,0.034482758620689655
2026-04-20,2026-04-20,6.189912,270,208,1.298077,22.925601,6,2.222222,4,55-64,unknown,,,,,1.031652,1.481481,,
2026-04-20,2026-04-20,509.332772,19350,15166,1.27588,26.322107,396,2.046512,343,65+,female,5.0,244.68,12.0,0.480393,1.286194,1.77261,101.8665544,0.014577259475218658
2026-04-20,2026-04-20,31.309556,1194,948,1.259494,26.222408,26,2.177554,16,65+,male,,,,,1.204214,1.340034,,
2026-04-20,2026-04-20,3.579949,173,124,1.395161,20.693348,10,5.780347,13,65+,unknown,,,,,0.357995,7.514451,,
2026-04-20,2026-04-20,0.0,0,0,0.0,,0,,0,Unknown,unknown,,,,,,,,
2026-04-21,2026-04-21,4.629684,245,191,1.282723,18.896671,2,0.816327,2,18-24,female,1.0,39.95,2.0,8.629098,2.314842,0.816327,4.629684,0.5
2026-04-21,2026-04-21,1.219917,33,27,1.222222,36.967177,2,6.060606,1,18-24,male,,,,,0.609958,3.030303,,
2026-04-21,2026-04-21,0.069995,5,5,1.0,13.999046,0,0.0,0,18-24,unknown,,,,,,,,
2026-04-21,2026-04-21,58.676,2682,2106,1.273504,21.877703,36,1.342282,30,25-34,female,1.0,199.92,6.0,3.407185,1.629889,1.118568,58.676,0.03333333333333333
2026-04-21,2026-04-21,5.729609,291,206,1.412621,19.68938,4,1.37457,5,25-34,male,,,,,1.432402,1.718213,,
2026-04-21,2026-04-21,0.249983,14,14,1.0,17.855926,0,0.0,0,25-34,unknown,,,,,,,,
2026-04-21,2026-04-21,264.961939,15255,12108,1.259911,17.368859,182,1.193051,146,35-44,female,2.0,163.71,7.0,0.617862,1.455835,0.957063,132.4809695,0.0136986301369863
2026-04-21,2026-04-21,25.538259,1280,918,1.394336,19.951765,11,0.859375,8,35-44,male,3.0,167.86,4.0,6.572883,2.32166,0.625,8.512753,0.375
2026-04-21,2026-04-21,1.669886,112,91,1.230769,14.909698,2,1.785714,0,35-44,unknown,,,,,0.834943,,,
2026-04-21,2026-04-21,719.980924,40232,34221,1.175652,17.895728,473,1.175681,355,45-54,female,14.0,908.56,28.0,1.261922,1.522158,0.882382,51.42720885714285,0.03943661971830986
2026-04-21,2026-04-21,50.61655,2631,2016,1.30506,19.238521,28,1.064234,25,45-54,male,1.0,59.92,2.0,1.183803,1.807734,0.950209,50.61655,0.04
2026-04-21,2026-04-21,3.689749,215,185,1.162162,17.161621,3,1.395349,4,45-54,unknown,1.0,79.88,2.0,21.649172,1.229916,1.860465,3.689749,0.25
2026-04-21,2026-04-21,999.411877,47975,38110,1.258856,20.831931,787,1.640438,641,55-64,female,14.0,1060.11,36.0,1.060734,1.269901,1.336113,71.38656264285714,0.0218408736349454
2026-04-21,2026-04-21,47.67675,2738,2228,1.228905,17.412984,26,0.949598,22,55-64,male,1.0,59.92,1.0,1.256797,1.833721,0.803506,47.67675,0.045454545454545456
2026-04-21,2026-04-21,6.989524,275,223,1.233184,25.416449,1,0.363636,0,55-64,unknown,1.0,32.09,,4.591157,6.989524,,6.989524,
2026-04-21,2026-04-21,548.282627,20457,16637,1.229609,26.801712,434,2.121523,360,65+,female,6.0,357.65,14.0,0.65231,1.263324,1.759789,91.38043783333335,0.016666666666666666
2026-04-21,2026-04-21,45.106925,1327,1006,1.319085,33.991654,32,2.411454,29,65+,male,1.0,24.97,,0.553574,1.409591,2.185381,45.106925,0.034482758620689655
2026-04-21,2026-04-21,2.9298,169,140,1.207143,17.336096,3,1.775148,2,65+,unknown,,,,,0.9766,1.183432,,
2026-04-22,2026-04-22,5.831758,222,180,1.233333,26.269181,6,2.702703,5,18-24,female,,,,,0.97196,2.252252,,
2026-04-22,2026-04-22,0.440133,28,26,1.076923,15.719025,0,0.0,0,18-24,male,,,,,,,,
2026-04-22,2026-04-22,57.597364,2782,2085,1.334293,20.703582,38,1.365924,28,25-34,female,,,1.0,,1.51572,1.00647,,
2026-04-22,2026-04-22,8.112446,308,199,1.547739,26.339109,18,5.844156,22,25-34,male,,,,,0.450691,7.142857,,
2026-04-22,2026-04-22,0.320097,15,15,1.0,21.339767,0,0.0,0,25-34,unknown,,,,,,,,
2026-04-22,2026-04-22,256.627365,15845,12893,1.228961,16.19611,147,0.927737,122,35-44,female,4.0,237.93,10.0,0.927142,1.745764,0.769959,64.15684125,0.03278688524590164
2026-04-22,2026-04-22,27.648335,1312,928,1.413793,21.073426,14,1.067073,9,35-44,male,,,,,1.974881,0.685976,,
2026-04-22,2026-04-22,1.390419,104,88,1.181818,13.369415,2,1.923077,1,35-44,unknown,,,,,0.69521,0.961538,,
2026-04-22,2026-04-22,683.826153,40004,33080,1.209311,17.093944,453,1.132387,360,45-54,female,12.0,759.41,23.0,1.110531,1.50955,0.89991,56.98551275,0.03333333333333333
2026-04-22,2026-04-22,49.384888,2608,2040,1.278431,18.935923,44,1.687117,38,45-54,male,,,,,1.122384,1.457055,,
2026-04-22,2026-04-22,4.221273,204,172,1.186047,20.692513,0,0.0,0,45-54,unknown,,,,,,,,
2026-04-22,2026-04-22,945.855146,46776,36883,1.268227,20.22095,772,1.650419,629,55-64,female,7.0,495.4,16.0,0.523759,1.225201,1.344707,135.1221637142857,0.011128775834658187
2026-04-22,2026-04-22,58.797726,2763,2261,1.222026,21.280393,21,0.760043,17,55-64,male,,,,,2.799892,0.615273,,
2026-04-22,2026-04-22,4.581381,302,233,1.296137,15.170136,1,0.331126,1,55-64,unknown,,,,,4.581381,0.331126,,
2026-04-22,2026-04-22,509.733669,19222,15393,1.248749,26.518243,355,1.846842,302,65+,female,5.0,354.37,13.0,0.695206,1.435869,1.571116,101.9467338,0.016556291390728478
2026-04-22,2026-04-22,36.030862,1150,893,1.287794,31.331185,21,1.826087,16,65+,male,,,,,1.715755,1.391304,,
2026-04-22,2026-04-22,3.270986,168,140,1.2,19.470155,5,2.97619,5,65+,unknown,,,,,0.654197,2.97619,,
2026-04-22,2026-04-22,0.0,0,0,0.0,,1,,0,Unknown,unknown,,,,,0.0,,,
2026-04-23,2026-04-23,5.020256,258,206,1.252427,19.458355,9,3.488372,7,18-24,female,1.0,39.95,,7.957762,0.557806,2.713178,5.020256,0.14285714285714285
2026-04-23,2026-04-23,0.460023,18,17,1.058824,25.556857,0,0.0,0,18-24,male,,,,,,,,
2026-04-23,2026-04-23,0.020001,2,2,1.0,10.000509,0,0.0,0,18-24,unknown,,,,,,,,
2026-04-23,2026-04-23,73.363735,3304,2540,1.300787,22.20452,35,1.059322,30,25-34,female,,,5.0,,2.096107,0.90799,,
2026-04-23,2026-04-23,8.64044,351,220,1.595455,24.616638,19,5.413105,25,25-34,male,,,,,0.45476,7.122507,,
2026-04-23,2026-04-23,0.300015,24,16,1.5,12.500636,0,0.0,0,25-34,unknown,,,,,,,,
2026-04-23,2026-04-23,297.155127,17066,13839,1.233182,17.412113,169,0.990273,126,35-44,female,2.0,147.79,5.0,0.49735,1.758314,0.73831,148.5775635,0.015873015873015872
2026-04-23,2026-04-23,25.441295,1450,983,1.475076,17.545721,16,1.103448,14,35-44,male,1.0,131.78,1.0,5.179768,1.590081,0.965517,25.441295,0.07142857142857142
2026-04-23,2026-04-23,2.140109,115,93,1.236559,18.609643,1,0.869565,0,35-44,unknown,,,,,2.140109,,,
2026-04-23,2026-04-23,736.517492,39937,33680,1.185778,18.441983,493,1.234444,372,45-54,female,14.0,859.12,21.0,1.166462,1.49395,0.931467,52.60839228571428,0.03763440860215054
2026-04-23,2026-04-23,48.552472,2571,2005,1.282294,18.884664,27,1.050175,24,45-54,male,,,,,1.79824,0.933489,,
2026-04-23,2026-04-23,4.220215,208,171,1.216374,20.289494,3,1.442308,2,45-54,unknown,,,,,1.406738,0.961538,,
2026-04-23,2026-04-23,958.868811,44101,35348,1.247624,21.742564,658,1.49203,537,55-64,female,17.0,1165.65,42.0,1.215651,1.457247,1.217659,56.404047705882356,0.03165735567970205
2026-04-23,2026-04-23,55.0128,2537,2038,1.244848,21.684194,30,1.182499,25,55-64,male,,,,,1.83376,0.985416,,
2026-04-23,2026-04-23,4.790244,229,199,1.150754,20.918095,0,0.0,0,55-64,unknown,,,,,,,,
2026-04-23,2026-04-23,490.864987,17498,14233,1.229396,28.052634,344,1.965939,313,65+,female,1.0,54.56,9.0,0.111151,1.426933,1.788776,490.864987,0.003194888178913738
2026-04-23,2026-04-23,34.901777,1063,804,1.322139,32.83328,11,1.034807,13,65+,male,,,,,3.172889,1.222954,,
2026-04-23,2026-04-23,3.980203,146,127,1.149606,27.261662,6,4.109589,5,65+,unknown,,,,,0.663367,3.424658,,
2026-04-24,2026-04-24,7.280226,345,240,1.4375,21.102103,4,1.15942,3,18-24,female,,,,,1.820056,0.869565,,
2026-04-24,2026-04-24,0.460014,32,16,2.0,14.375446,1,3.125,1,18-24,male,,,,,0.460014,3.125,,
2026-04-24,2026-04-24,0.150005,5,5,1.0,30.00093,0,0.0,0,18-24,unknown,,,,,,,,
2026-04-24,2026-04-24,76.862383,4093,3157,1.296484,18.778984,24,0.586367,19,25-34,female,,,2.0,,3.202599,0.464207,,
2026-04-24,2026-04-24,9.6903,469,346,1.355491,20.661621,5,1.066098,3,25-34,male,,,,,1.93806,0.639659,,
2026-04-24,2026-04-24,0.550017,28,26,1.076923,19.643466,1,3.571429,1,25-34,unknown,,,,,0.550017,3.571429,,
2026-04-24,2026-04-24,342.370614,22548,17455,1.291779,15.184079,191,0.847082,143,35-44,female,7.0,355.53,12.0,1.038436,1.792516,0.634203,48.910087714285716,0.04895104895104895
2026-04-24,2026-04-24,32.391004,1883,1390,1.354676,17.201808,12,0.637281,8,35-44,male,,,,,2.69925,0.424854,,
2026-04-24,2026-04-24,1.810056,141,118,1.194915,12.837277,1,0.70922,1,35-44,unknown,,,,,1.810056,0.70922,,
2026-04-24,2026-04-24,825.305586,50353,41679,1.208114,16.390396,593,1.177686,460,45-54,female,8.0,472.23,23.0,0.572188,1.391746,0.91355,103.16319825,0.017391304347826087
2026-04-24,2026-04-24,53.151648,3326,2543,1.307904,15.980652,45,1.352977,44,45-54,male,1.0,194.94,3.0,3.667619,1.181148,1.32291,53.151648,0.022727272727272728
2026-04-24,2026-04-24,4.560141,276,228,1.210526,16.522251,3,1.086957,1,45-54,unknown,,,,,1.520047,0.362319,,
2026-04-24,2026-04-24,1002.441078,51724,40216,1.286155,19.380579,762,1.473204,612,55-64,female,16.0,1127.81,42.0,1.125064,1.315539,1.183203,62.652567375,0.026143790849673203
2026-04-24,2026-04-24,60.271869,3141,2433,1.290999,19.188752,41,1.305317,36,55-64,male,1.0,59.92,1.0,0.994162,1.470046,1.146132,60.271869,0.027777777777777776
2026-04-24,2026-04-24,4.900152,288,237,1.21519,17.014416,1,0.347222,0,55-64,unknown,,,,,4.900152,,,
2026-04-24,2026-04-24,445.183802,18213,14977,1.216065,24.443189,362,1.987591,301,65+,female,3.0,154.8,3.0,0.347722,1.22979,1.652666,148.39460066666666,0.009966777408637873
2026-04-24,2026-04-24,30.660951,1134,950,1.193684,27.037875,15,1.322751,14,65+,male,,,,,2.044063,1.234568,,
2026-04-24,2026-04-24,4.960154,164,128,1.28125,30.24484,4,2.439024,5,65+,unknown,,,,,1.240038,3.04878,,
2026-04-24,2026-04-24,0.0,0,0,0.0,,0,,0,Unknown,unknown,,,,,,,,
2026-04-25,2026-04-25,4.950236,290,227,1.277533,17.06978,2,0.689655,1,18-24,female,,,,,2.475118,0.344828,,
2026-04-25,2026-04-25,0.62003,33,25,1.32,18.788776,1,3.030303,1,18-24,male,,,,,0.62003,3.030303,,
2026-04-25,2026-04-25,0.090004,2,2,1.0,45.002148,0,0.0,0,18-24,unknown,,,,,,,,
2026-04-25,2026-04-25,52.852523,3106,2376,1.307239,17.016266,31,0.998068,23,25-34,female,1.0,39.95,4.0,0.755877,1.70492,0.740502,52.852523,0.043478260869565216
2026-04-25,2026-04-25,6.840326,353,271,1.302583,19.377695,2,0.566572,1,25-34,male,,,,,3.420163,0.283286,,
2026-04-25,2026-04-25,0.21001,22,19,1.157895,9.54591,0,0.0,0,25-34,unknown,,,,,,,,
2026-04-25,2026-04-25,286.473674,17929,13792,1.299957,15.978229,159,0.886831,124,35-44,female,2.0,104.85,7.0,0.366002,1.801721,0.691617,143.236837,0.016129032258064516
2026-04-25,2026-04-25,30.701465,1637,1225,1.336327,18.754713,26,1.588271,20,35-44,male,,,,,1.180826,1.221747,,
2026-04-25,2026-04-25,1.47007,115,94,1.223404,12.783219,0,0.0,0,35-44,unknown,,,,,,,,
2026-04-25,2026-04-25,781.707311,42791,34650,1.234949,18.268031,545,1.273632,444,45-54,female,5.0,261.45,21.0,0.33446,1.434325,1.037601,156.3414622,0.01126126126126126
2026-04-25,2026-04-25,50.372404,3010,2367,1.271652,16.735018,35,1.162791,30,45-54,male,3.0,314.74,4.0,6.248262,1.439212,0.996678,16.790801333333334,0.1
2026-04-25,2026-04-25,3.080147,226,184,1.228261,13.628969,2,0.884956,1,45-54,unknown,,,,,1.540074,0.442478,,
2026-04-25,2026-04-25,880.502027,42579,33634,1.265951,20.679256,678,1.592334,538,55-64,female,8.0,392.88,27.0,0.4462,1.298676,1.263534,110.062753375,0.01486988847583643
2026-04-25,2026-04-25,60.152871,2843,2264,1.255742,21.158238,47,1.653183,33,55-64,male,1.0,59.92,2.0,0.996129,1.279848,1.160746,60.152871,0.030303030303030304
2026-04-25,2026-04-25,4.150198,231,200,1.155,17.966226,1,0.4329,1,55-64,unknown,,,,,4.150198,0.4329,,
2026-04-25,2026-04-25,327.135614,13193,10530,1.252896,24.796151,300,2.273933,241,65+,female,5.0,258.32,13.0,0.789642,1.090452,1.826726,65.42712279999999,0.02074688796680498
2026-04-25,2026-04-25,20.951,953,702,1.35755,21.98426,24,2.518363,19,65+,male,1.0,60.3,1.0,2.878144,0.872958,1.993704,20.951,0.05263157894736842
2026-04-25,2026-04-25,1.860089,103,79,1.303797,18.059114,2,1.941748,1,65+,unknown,,,,,0.930044,0.970874,,
2026-04-26,2026-04-26,5.470197,273,202,1.351485,20.037353,7,2.564103,6,18-24,female,,,,,0.781457,2.197802,,
2026-04-26,2026-04-26,0.380014,23,18,1.277778,16.522335,0,0.0,0,18-24,male,,,,,,,,
2026-04-26,2026-04-26,0.0,3,3,1.0,0.0,0,0.0,0,18-24,unknown,,,,,,,,
2026-04-26,2026-04-26,81.012922,3907,2889,1.352371,20.735327,58,1.484515,46,25-34,female,,,5.0,,1.396775,1.177374,,
2026-04-26,2026-04-26,10.990396,486,336,1.446429,22.613984,6,1.234568,5,25-34,male,,,,,1.831733,1.028807,,
2026-04-26,2026-04-26,0.360013,20,17,1.176471,18.000649,0,0.0,0,25-34,unknown,,,,,,,,
2026-04-26,2026-04-26,356.162848,21590,15363,1.405324,16.496658,223,1.032886,172,35-44,female,3.0,164.83,7.0,0.462794,1.597143,0.796665,118.72094933333334,0.01744186046511628
2026-04-26,2026-04-26,38.201378,2031,1408,1.442472,18.809147,24,1.181684,16,35-44,male,2.0,149.78,3.0,3.920801,1.591724,0.787789,19.100689,0.125
2026-04-26,2026-04-26,1.740063,135,96,1.40625,12.889354,5,3.703704,3,35-44,unknown,,,,,0.348013,2.222222,,
2026-04-26,2026-04-26,840.200308,46574,34429,1.352755,18.040115,565,1.213123,442,45-54,female,16.0,894.98,44.0,1.065198,1.48708,0.949027,52.51251925,0.03619909502262444
2026-04-26,2026-04-26,67.022418,3509,2528,1.388054,19.100148,42,1.196922,39,45-54,male,1.0,194.94,4.0,2.908579,1.595772,1.111428,67.022418,0.02564102564102564
2026-04-26,2026-04-26,4.400159,252,194,1.298969,17.460947,2,0.793651,2,45-54,unknown,1.0,46.37,1.0,10.538256,2.200079,0.793651,4.400159,0.5
2026-04-26,2026-04-26,947.954195,45561,33933,1.342675,20.806264,763,1.674678,617,55-64,female,17.0,1151.64,52.0,1.214869,1.242404,1.354228,55.762011470588234,0.027552674230145867
2026-04-26,2026-04-26,63.172279,2980,2212,1.347197,21.198751,46,1.543624,38,55-64,male,1.0,44.25,2.0,0.700465,1.37331,1.275168,63.172279,0.02631578947368421
2026-04-26,2026-04-26,4.100148,233,181,1.287293,17.597201,1,0.429185,1,55-64,unknown,,,,,4.100148,0.429185,,
2026-04-26,2026-04-26,330.201911,13997,10767,1.299991,23.590906,288,2.057584,234,65+,female,3.0,142.1,10.0,0.430343,1.146534,1.671787,110.06730366666666,0.01282051282051282
2026-04-26,2026-04-26,18.710675,926,675,1.371852,20.205912,12,1.295896,8,65+,male,,,,,1.559223,0.863931,,
2026-04-26,2026-04-26,2.090075,121,94,1.287234,17.27335,0,0.0,0,65+,unknown,,,,,,,,
2026-04-27,2026-04-27,5.210085,281,215,1.306977,18.541229,8,2.846975,6,18-24,female,,,,,0.651261,2.135231,,
2026-04-27,2026-04-27,0.64001,30,24,1.25,21.333682,0,0.0,0,18-24,male,,,,,,,,
2026-04-27,2026-04-27,0.03,6,6,1.0,5.000082,0,0.0,0,18-24,unknown,,,,,,,,
2026-04-27,2026-04-27,67.2211,3936,3003,1.310689,17.078531,55,1.397358,46,25-34,female,3.0,160.78,7.0,2.391809,1.222202,1.168699,22.407033333333334,0.06521739130434782
2026-04-27,2026-04-27,6.860112,522,357,1.462185,13.141977,3,0.574713,13,25-34,male,,,,,2.286704,2.490421,,
2026-04-27,2026-04-27,0.360006,30,26,1.153846,12.000196,0,0.0,0,25-34,unknown,,,,,,,,
2026-04-27,2026-04-27,281.604607,20740,16534,1.254385,13.57785,185,0.891996,132,35-44,female,4.0,269.42,8.0,0.956732,1.522187,0.636451,70.40115175,0.030303030303030304
2026-04-27,2026-04-27,34.470564,2175,1552,1.401418,15.848535,14,0.643678,9,35-44,male,,,,,2.462183,0.413793,,
2026-04-27,2026-04-27,1.970032,144,105,1.371429,13.680779,0,0.0,0,35-44,unknown,,,,,,,,
2026-04-27,2026-04-27,668.870941,44406,35266,1.259173,15.062625,544,1.22506,425,45-54,female,9.0,606.42,24.0,0.906632,1.229542,0.957078,74.31899344444444,0.021176470588235293
2026-04-27,2026-04-27,61.000998,3998,3019,1.32428,15.257878,32,0.8004,23,45-54,male,3.0,149.81,4.0,2.455861,1.906281,0.575288,20.333666,0.13043478260869565
2026-04-27,2026-04-27,3.900064,231,190,1.215789,16.883393,0,0.0,0,45-54,unknown,,,,,,,,
2026-04-27,2026-04-27,828.563554,46816,35680,1.312108,17.698299,672,1.435407,542,55-64,female,16.0,1175.83,40.0,1.419119,1.232981,1.157724,51.785222125,0.02952029520295203
2026-04-27,2026-04-27,58.930964,3576,2757,1.297062,16.479576,36,1.006711,30,55-64,male,1.0,54.93,3.0,0.932108,1.636971,0.838926,58.930964,0.03333333333333333
2026-04-27,2026-04-27,5.450089,268,222,1.207207,20.336154,7,2.61194,5,55-64,unknown,,,,,0.778584,1.865672,,
2026-04-27,2026-04-27,385.306303,17998,14511,1.2403,21.408284,339,1.883543,270,65+,female,4.0,239.69,9.0,0.622077,1.136597,1.500167,96.32657575,0.014814814814814815
2026-04-27,2026-04-27,32.070525,1295,995,1.301508,24.764884,22,1.698842,18,65+,male,,,2.0,,1.457751,1.389961,,
2026-04-27,2026-04-27,2.810046,172,135,1.274074,16.337477,1,0.581395,1,65+,unknown,,,,,2.810046,0.581395,,
2026-04-28,2026-04-28,7.501976,367,268,1.369403,20.441351,7,1.907357,6,18-24,female,,,1.0,,1.071711,1.634877,,
2026-04-28,2026-04-28,0.510134,39,31,1.258065,13.080368,0,0.0,0,18-24,male,,,,,,,,
2026-04-28,2026-04-28,0.050013,6,4,1.5,8.335529,0,0.0,0,18-24,unknown,,,,,,,,
2026-04-28,2026-04-28,61.46619,3246,2540,1.277953,18.93598,42,1.2939,30,25-34,female,4.0,531.49,4.0,8.646868,1.463481,0.924214,15.3665475,0.13333333333333333
2026-04-28,2026-04-28,8.682287,498,323,1.541796,17.434311,8,1.606426,11,25-34,male,,,4.0,,1.085286,2.208835,,
2026-04-28,2026-04-28,0.130034,16,15,1.066667,8.127141,0,0.0,0,25-34,unknown,,,,,,,,
2026-04-28,2026-04-28,248.815536,15539,11933,1.302187,16.012326,141,0.907394,114,35-44,female,3.0,124.88,7.0,0.501898,1.764649,0.733638,82.938512,0.02631578947368421
2026-04-28,2026-04-28,33.378792,1903,1388,1.371037,17.54009,25,1.313715,22,35-44,male,,,,,1.335152,1.156069,,
2026-04-28,2026-04-28,1.630429,125,99,1.262626,13.043436,2,1.6,1,35-44,unknown,,,,,0.815215,0.8,,
2026-04-28,2026-04-28,638.198097,37028,28124,1.316598,17.235554,453,1.223399,390,45-54,female,7.0,379.5,17.0,0.594643,1.408826,1.053257,91.17115671428571,0.017948717948717947
2026-04-28,2026-04-28,62.696514,3509,2536,1.383675,17.867345,48,1.367911,33,45-54,male,,,1.0,,1.306177,0.940439,,
2026-04-28,2026-04-28,2.930772,206,159,1.295597,14.227048,2,0.970874,2,45-54,unknown,,,,,1.465386,0.970874,,
2026-04-28,2026-04-28,815.794875,40559,32379,1.252633,20.113782,699,1.723415,621,55-64,female,11.0,799.22,26.0,0.979683,1.167089,1.531103,74.16317045454547,0.017713365539452495
2026-04-28,2026-04-28,59.45566,3483,2574,1.353147,17.070244,44,1.263279,43,55-64,male,,,2.0,,1.351265,1.234568,,
2026-04-28,2026-04-28,4.571204,260,219,1.187215,17.581554,2,0.769231,1,55-64,unknown,,,,,2.285602,0.384615,,
2026-04-28,2026-04-28,433.874279,16620,12772,1.301284,26.105552,423,2.545126,372,65+,female,11.0,590.17,19.0,1.360233,1.025708,2.238267,39.44311627272727,0.02956989247311828
2026-04-28,2026-04-28,46.532256,1572,1124,1.398577,29.600672,39,2.480916,44,65+,male,1.0,45.93,1.0,0.987057,1.193135,2.798982,46.532256,0.022727272727272728
2026-04-28,2026-04-28,3.610951,163,117,1.393162,22.153074,2,1.226994,2,65+,unknown,,,,,1.805476,1.226994,,
2026-04-29,2026-04-29,5.240305,263,191,1.376963,19.925113,1,0.380228,1,18-24,female,,,,,5.240305,0.380228,,
2026-04-29,2026-04-29,0.420024,20,19,1.052632,21.001221,1,5.0,1,18-24,male,,,,,0.420024,5.0,,
2026-04-29,2026-04-29,0.0,1,1,1.0,0.0,0,0.0,0,18-24,unknown,,,,,,,,
2026-04-29,2026-04-29,66.403862,2971,2217,1.340099,22.350677,50,1.682935,44,25-34,female,2.0,154.8,5.0,2.33119,1.328077,1.480983,33.201931,0.045454545454545456
2026-04-29,2026-04-29,7.900459,461,348,1.324713,17.137656,3,0.650759,1,25-34,male,,,,,2.633486,0.21692,,
2026-04-29,2026-04-29,0.260015,15,13,1.153846,17.334341,0,0.0,0,25-34,unknown,,,,,,,,
2026-04-29,2026-04-29,268.625622,14574,10991,1.325994,18.431839,174,1.193907,171,35-44,female,5.0,233.69,8.0,0.869947,1.543825,1.173322,53.725124400000006,0.029239766081871343
2026-04-29,2026-04-29,39.222281,2086,1466,1.42292,18.802628,26,1.246405,21,35-44,male,,,,,1.508549,1.006711,,
2026-04-29,2026-04-29,1.560091,116,88,1.318182,13.449058,0,0.0,0,35-44,unknown,,,,,,,,
2026-04-29,2026-04-29,663.128565,33241,24949,1.332358,19.949116,567,1.705725,481,45-54,female,6.0,389.63,13.0,0.587563,1.169539,1.447008,110.5214275,0.012474012474012475
2026-04-29,2026-04-29,71.474157,3733,2616,1.426988,19.146573,36,0.964372,32,45-54,male,,,,,1.985393,0.857219,,
2026-04-29,2026-04-29,3.370196,219,167,1.311377,15.389023,3,1.369863,2,45-54,unknown,,,,,1.123399,0.913242,,
2026-04-29,2026-04-29,863.950244,38212,28507,1.340443,22.609396,764,1.999372,664,55-64,female,10.0,559.69,24.0,0.647827,1.130825,1.737674,86.3950244,0.015060240963855422
2026-04-29,2026-04-29,82.044771,3822,2828,1.351485,21.46645,55,1.439037,50,55-64,male,1.0,27.96,,0.34079,1.491723,1.308216,82.044771,0.02
2026-04-29,2026-04-29,3.580208,212,169,1.254438,16.887775,2,0.943396,2,55-64,unknown,,,,,1.790104,0.943396,,
2026-04-29,2026-04-29,461.286826,16646,12599,1.321216,27.711572,425,2.553166,383,65+,female,10.0,641.03,22.0,1.389656,1.085381,2.300853,46.128682600000005,0.02610966057441253
2026-04-29,2026-04-29,37.642189,1599,1177,1.358539,23.541081,23,1.438399,15,65+,male,,,,,1.636617,0.938086,,
2026-04-29,2026-04-29,3.170184,134,113,1.185841,23.658092,4,2.985075,3,65+,unknown,,,2.0,,0.792546,2.238806,,
2026-04-29,2026-04-29,0.0,0,0,0.0,,1,,0,Unknown,unknown,,,3.0,,0.0,,,
2026-04-30,2026-04-30,4.49754,235,161,1.459627,19.138468,4,1.702128,2,18-24,female,,,,,1.124385,0.851064,,
2026-04-30,2026-04-30,0.319825,32,23,1.391304,9.994533,0,0.0,0,18-24,male,,,,,,,,
2026-04-30,2026-04-30,0.019989,3,3,1.0,6.663022,0,0.0,0,18-24,unknown,,,,,,,,
2026-04-30,2026-04-30,53.600681,2691,1922,1.400104,19.918499,39,1.449275,37,25-34,female,2.0,149.8,6.0,2.794741,1.374376,1.374954,26.8003405,0.05405405405405406
2026-04-30,2026-04-30,10.38432,447,326,1.371166,23.231141,3,0.671141,3,25-34,male,,,4.0,,3.46144,0.671141,,
2026-04-30,2026-04-30,0.539705,24,15,1.6,22.4877,1,4.166667,1,25-34,unknown,,,,,0.539705,4.166667,,
2026-04-30,2026-04-30,290.860904,14830,10838,1.368334,19.613008,180,1.213756,172,35-44,female,,,1.0,,1.615894,1.159811,,
2026-04-30,2026-04-30,37.659401,2062,1478,1.395129,18.263531,21,1.018429,16,35-44,male,,,,,1.793305,0.775946,,
2026-04-30,2026-04-30,0.909503,93,82,1.134146,9.779597,0,0.0,0,35-44,unknown,,,,,,,,
2026-04-30,2026-04-30,725.932926,35853,27061,1.324896,20.247481,535,1.492204,445,45-54,female,7.0,468.37,18.0,0.645197,1.356884,1.241179,103.70470371428571,0.015730337078651686
2026-04-30,2026-04-30,89.351126,4406,3115,1.414446,20.27942,47,1.066727,37,45-54,male,1.0,194.74,18.0,2.179491,1.901088,0.839764,89.351126,0.02702702702702703
2026-04-30,2026-04-30,3.478098,194,144,1.347222,17.928338,3,1.546392,3,45-54,unknown,,,,,1.159366,1.546392,,
2026-04-30,2026-04-30,946.962027,43465,32448,1.339528,21.786772,842,1.937191,727,55-64,female,12.0,673.24,32.0,0.710947,1.124658,1.67261,78.91350225000001,0.016506189821182942
2026-04-30,2026-04-30,89.021307,4370,3301,1.323841,20.371008,72,1.647597,63,55-64,male,,,,,1.236407,1.441648,,
2026-04-30,2026-04-30,4.16772,200,165,1.212121,20.838602,6,3.0,4,55-64,unknown,,,,,0.69462,2.0,,
2026-04-30,2026-04-30,531.499278,19114,14609,1.308372,27.806805,418,2.186879,347,65+,female,5.0,334.56,22.0,0.629465,1.271529,1.815423,106.2998556,0.01440922190201729
2026-04-30,2026-04-30,40.717728,1658,1234,1.343598,24.55834,37,2.231604,37,65+,male,,,,,1.100479,2.231604,,
2026-04-30,2026-04-30,3.797923,170,125,1.36,22.340721,2,1.176471,2,65+,unknown,,,,,1.898961,1.176471,,
2026-04-30,2026-04-30,0.0,0,0,0.0,,0,,0,Unknown,unknown,,,,,,,,
2026-05-01,2026-05-01,3.630209,120,84,1.428571,30.25174,0,0.0,0,18-24,female,,,,,,,,
2026-05-01,2026-05-01,0.17001,17,12,1.416667,10.000575,0,0.0,0,18-24,male,,,,,,,,
2026-05-01,2026-05-01,0.0,1,1,1.0,0.0,0,0.0,0,18-24,unknown,,,,,,,,
2026-05-01,2026-05-01,31.721824,1503,1033,1.454985,21.105672,23,1.530273,25,25-34,female,,,,,1.37921,1.66334,,
2026-05-01,2026-05-01,7.970458,322,204,1.578431,24.752976,10,3.10559,9,25-34,male,,,1.0,,0.797046,2.795031,,
2026-05-01,2026-05-01,0.17001,10,6,1.666667,17.000978,0,0.0,0,25-34,unknown,,,,,,,,
2026-05-01,2026-05-01,187.300772,9117,6332,1.439829,20.544123,126,1.382034,119,35-44,female,,,4.0,,1.486514,1.305254,,
2026-05-01,2026-05-01,36.482098,1424,939,1.516507,25.619451,18,1.264045,17,35-44,male,,,,,2.026783,1.19382,,
2026-05-01,2026-05-01,0.720041,52,39,1.333333,13.84695,1,1.923077,0,35-44,unknown,,,,,0.720041,,,
2026-05-01,2026-05-01,481.817709,21286,15325,1.388972,22.635427,321,1.508033,273,45-54,female,5.0,363.51,20.0,0.754455,1.50099,1.282533,96.3635418,0.018315018315018316
2026-05-01,2026-05-01,63.863673,2711,1728,1.568866,23.557238,30,1.106603,25,45-54,male,1.0,59.92,9.0,0.938249,2.128789,0.922169,63.863673,0.04
2026-05-01,2026-05-01,2.300132,131,101,1.29703,17.558262,1,0.763359,0,45-54,unknown,,,,,2.300132,,,
2026-05-01,2026-05-01,631.446314,25795,18787,1.373024,24.479407,553,2.143826,477,55-64,female,11.0,603.46,34.0,0.955679,1.141856,1.849196,57.404210363636366,0.023060796645702306
2026-05-01,2026-05-01,73.524228,2519,1707,1.475688,29.187864,43,1.707027,43,55-64,male,1.0,54.93,2.0,0.747101,1.709866,1.707027,73.524228,0.023255813953488372
2026-05-01,2026-05-01,3.440198,133,103,1.291262,25.866149,0,0.0,0,55-64,unknown,,,,,,,,
2026-05-01,2026-05-01,354.610394,11240,7724,1.455205,31.548967,306,2.72242,273,65+,female,16.0,620.01,36.0,1.748426,1.158858,2.428826,22.163149625,0.05860805860805861
2026-05-01,2026-05-01,31.81183,968,653,1.482389,32.86346,30,3.099174,28,65+,male,2.0,49.94,2.0,1.569856,1.060394,2.892562,15.905915,0.07142857142857142
2026-05-01,2026-05-01,1.7301,77,61,1.262295,22.468825,1,1.298701,0,65+,unknown,,,,,1.7301,,,
2026-05-02,2026-05-02,5.180253,182,143,1.272727,28.462926,4,2.197802,3,18-24,female,,,,,1.295063,1.648352,,
2026-05-02,2026-05-02,0.720035,23,18,1.277778,31.305874,0,0.0,0,18-24,male,,,,,,,,
2026-05-02,2026-05-02,0.020001,3,2,1.5,6.666992,0,0.0,0,18-24,unknown,,,,,,,,
2026-05-02,2026-05-02,32.141567,1796,1290,1.392248,17.896195,34,1.893096,29,25-34,female,,,2.0,,0.94534,1.614699,,
2026-05-02,2026-05-02,7.410361,354,228,1.552632,20.933224,13,3.672316,14,25-34,male,,,,,0.570028,3.954802,,
2026-05-02,2026-05-02,0.350017,23,15,1.533333,15.218133,0,0.0,0,25-34,unknown,,,,,,,,
2026-05-02,2026-05-02,209.560217,11495,8035,1.430616,18.230554,176,1.5311,181,35-44,female,4.0,314.58,11.0,1.501144,1.190683,1.574598,52.39005425,0.022099447513812154
2026-05-02,2026-05-02,28.121371,1481,995,1.488442,18.988097,26,1.755571,23,35-44,male,1.0,29.95,,1.065026,1.081591,1.553005,28.121371,0.043478260869565216
2026-05-02,2026-05-02,1.110054,64,46,1.391304,17.344596,1,1.5625,1,35-44,unknown,,,,,1.110054,1.5625,,
2026-05-02,2026-05-02,550.196825,28124,20026,1.404374,19.563249,618,2.197411,573,45-54,female,6.0,389.5,21.0,0.707928,0.890286,2.037406,91.69947083333334,0.010471204188481676
2026-05-02,2026-05-02,54.56266,3004,1951,1.539723,18.163336,40,1.331558,38,45-54,male,2.0,119.84,6.0,2.196374,1.364067,1.26498,27.28133,0.05263157894736842
2026-05-02,2026-05-02,2.780136,148,118,1.254237,18.7847,4,2.702703,3,45-54,unknown,,,,,0.695034,2.027027,,
2026-05-02,2026-05-02,736.875927,31466,21530,1.461496,23.418163,907,2.882476,846,55-64,female,19.0,1312.73,39.0,1.78148,0.812432,2.688616,38.78294352631579,0.022458628841607566
2026-05-02,2026-05-02,60.492949,2667,1847,1.443963,22.682021,47,1.76228,45,55-64,male,1.0,39.95,2.0,0.660408,1.287084,1.687289,60.492949,0.022222222222222223
2026-05-02,2026-05-02,3.630177,154,116,1.327586,23.572578,1,0.649351,1,55-64,unknown,,,,,3.630177,0.649351,,
2026-05-02,2026-05-02,330.126096,12087,8105,1.491302,27.312492,379,3.1356,365,65+,female,14.0,661.96,29.0,2.005173,0.871045,3.019773,23.58043542857143,0.038356164383561646
2026-05-02,2026-05-02,25.981267,1118,695,1.608633,23.239058,27,2.415027,36,65+,male,2.0,179.76,3.0,6.918831,0.962269,3.220036,12.9906335,0.05555555555555555
2026-05-02,2026-05-02,1.770086,89,68,1.308824,19.88861,4,4.494382,3,65+,unknown,,,,,0.442522,3.370787,,
2026-05-03,2026-05-03,5.100166,207,153,1.352941,24.638483,11,5.31401,6,18-24,female,,,,,0.463651,2.898551,,
2026-05-03,2026-05-03,0.30001,22,19,1.157895,13.636808,0,0.0,0,18-24,male,,,,,,,,
2026-05-03,2026-05-03,0.01,2,2,1.0,5.000163,0,0.0,0,18-24,unknown,,,,,,,,
2026-05-03,2026-05-03,51.481676,2767,1905,1.452493,18.605593,48,1.734731,40,25-34,female,2.0,114.85,4.0,2.230891,1.072535,1.445609,25.740838,0.05
2026-05-03,2026-05-03,10.920356,493,314,1.570064,22.150823,18,3.651116,20,25-34,male,,,,,0.606686,4.056795,,
2026-05-03,2026-05-03,0.32001,18,11,1.636364,17.778357,0,0.0,0,25-34,unknown,,,,,,,,
2026-05-03,2026-05-03,267.908723,16147,11251,1.435161,16.591857,249,1.542082,218,35-44,female,3.0,168.6,17.0,0.629319,1.075939,1.350096,89.30290766666667,0.013761467889908258
2026-05-03,2026-05-03,39.361282,2275,1550,1.467742,17.301662,20,0.879121,17,35-44,male,2.0,124.15,2.0,3.154115,1.968064,0.747253,19.680641,0.11764705882352941
2026-05-03,2026-05-03,1.370045,102,74,1.378378,13.43181,0,0.0,0,35-44,unknown,,,,,,,,
2026-05-03,2026-05-03,751.544469,41385,29466,1.4045,18.159828,657,1.587532,576,45-54,female,14.0,1100.74,37.0,1.464637,1.143903,1.391809,53.681747785714286,0.024305555555555556
2026-05-03,2026-05-03,80.682627,4584,3127,1.465942,17.600922,47,1.025305,41,45-54,male,2.0,121.64,4.0,1.507636,1.716652,0.894415,40.3413135,0.04878048780487805
2026-05-03,2026-05-03,2.900094,233,157,1.484076,12.446757,2,0.858369,2,45-54,unknown,,,,,1.450047,0.858369,,
2026-05-03,2026-05-03,989.292209,46977,32677,1.437617,21.059076,946,2.013751,855,55-64,female,30.0,1721.81,51.0,1.740446,1.045763,1.82004,32.976406966666666,0.03508771929824561
2026-05-03,2026-05-03,76.962506,4430,3117,1.421238,17.373026,65,1.467269,61,55-64,male,,,2.0,,1.184039,1.376975,,
2026-05-03,2026-05-03,7.310238,236,190,1.242105,30.975585,4,1.694915,3,55-64,unknown,,,,,1.82756,1.271186,,
2026-05-03,2026-05-03,441.514375,17826,12907,1.381111,24.768,469,2.630988,417,65+,female,8.0,521.9,15.0,1.182068,0.941395,2.33928,55.189296875,0.019184652278177457
2026-05-03,2026-05-03,34.531124,1472,1043,1.411314,23.458644,37,2.513587,34,65+,male,,,,,0.933274,2.309783,,
2026-05-03,2026-05-03,2.790091,138,104,1.326923,20.21805,0,0.0,0,65+,unknown,,,,,,,,
2026-05-04,2026-05-04,5.71,264,198,1.333333,21.628788,5,1.893939,5,18-24,female,,,,,1.142,1.893939,,
2026-05-04,2026-05-04,2.29,53,32,1.65625,43.207547,3,5.660377,3,18-24,male,,,,,0.763333,5.660377,,
2026-05-04,2026-05-04,0.04,4,4,1.0,10.0,0,0.0,0,18-24,unknown,,,,,,,,
2026-05-04,2026-05-04,41.35,2437,1749,1.393368,16.967583,33,1.354124,27,25-34,female,,,,,1.25303,1.10792,,
2026-05-04,2026-05-04,7.68,435,310,1.403226,17.655172,13,2.988506,24,25-34,male,,,1.0,,0.590769,5.517241,,
2026-05-04,2026-05-04,0.62,23,16,1.4375,26.956522,1,4.347826,1,25-34,unknown,,,,,0.62,4.347826,,
2026-05-04,2026-05-04,220.87,13477,9818,1.372683,16.388662,188,1.394969,197,35-44,female,4.0,270.89,10.0,1.226468,1.17484,1.46175,55.2175,0.02030456852791878
2026-05-04,2026-05-04,38.45,2351,1526,1.540629,16.354743,32,1.361123,25,35-44,male,,,4.0,,1.201563,1.063377,,
2026-05-04,2026-05-04,2.63,106,79,1.341772,24.811321,3,2.830189,3,35-44,unknown,,,,,0.876667,2.830189,,
2026-05-04,2026-05-04,558.11,32559,23908,1.361845,17.141497,537,1.649314,458,45-54,female,5.0,263.8,28.0,0.472667,1.039311,1.406677,111.622,0.010917030567685589
2026-05-04,2026-05-04,68.01,4278,2918,1.466073,15.897616,48,1.12202,34,45-54,male,1.0,59.92,2.0,0.881047,1.416875,0.794764,68.01,0.029411764705882353
2026-05-04,2026-05-04,3.41,238,162,1.469136,14.327731,1,0.420168,1,45-54,unknown,,,,,3.41,0.420168,,
2026-05-04,2026-05-04,867.43,41156,28750,1.431513,21.076635,796,1.934104,668,55-64,female,21.0,1122.63,42.0,1.294202,1.089736,1.623093,41.30619047619047,0.03143712574850299
2026-05-04,2026-05-04,78.21,4234,2760,1.534058,18.471894,52,1.228153,47,55-64,male,2.0,134.82,4.0,1.72382,1.504038,1.110061,39.105,0.0425531914893617
2026-05-04,2026-05-04,4.4,247,184,1.342391,17.813765,5,2.024292,3,55-64,unknown,,,,,0.88,1.214575,,
2026-05-04,2026-05-04,493.53,19313,14172,1.362758,25.55429,486,2.51644,435,65+,female,8.0,371.18,20.0,0.752092,1.015494,2.252369,61.69125,0.01839080459770115
2026-05-04,2026-05-04,36.43,1545,1150,1.343478,23.579288,20,1.294498,18,65+,male,,,,,1.8215,1.165049,,
2026-05-04,2026-05-04,2.73,137,102,1.343137,19.927007,1,0.729927,1,65+,unknown,,,,,2.73,0.729927,,
2026-05-04,2026-05-04,0.0,0,0,0.0,,1,,0,Unknown,unknown,,,,,0.0,,,
2026-05-05,2026-05-05,5.801141,217,156,1.391026,26.733371,5,2.304147,3,18-24,female,,,,,1.160228,1.382488,,
2026-05-05,2026-05-05,2.000394,38,26,1.461538,52.641937,2,5.263158,2,18-24,male,,,,,1.000197,5.263158,,
2026-05-05,2026-05-05,0.170033,4,4,1.0,42.508364,0,0.0,0,18-24,unknown,,,,,,,,
2026-05-05,2026-05-05,31.946286,1911,1384,1.38078,16.717052,33,1.726845,25,25-34,female,,,1.0,,0.968069,1.308216,,
2026-05-05,2026-05-05,7.591494,389,253,1.537549,19.515408,9,2.313625,9,25-34,male,,,2.0,,0.843499,2.313625,,
2026-05-05,2026-05-05,0.650128,18,12,1.5,36.118218,1,5.555556,1,25-34,unknown,,,,,0.650128,5.555556,,
2026-05-05,2026-05-05,192.447868,10850,7696,1.409823,17.737131,177,1.631336,163,35-44,female,2.0,142.57,9.0,0.740824,1.087276,1.502304,96.223934,0.012269938650306749
2026-05-05,2026-05-05,34.526794,1803,1184,1.522804,19.149636,18,0.998336,18,35-44,male,1.0,59.92,4.0,1.735464,1.918155,0.998336,34.526794,0.05555555555555555
2026-05-05,2026-05-05,1.27025,70,58,1.206897,18.146428,0,0.0,0,35-44,unknown,,,,,,,,
2026-05-05,2026-05-05,526.25355,28602,21455,1.333116,18.399187,454,1.587302,374,45-54,female,10.0,714.04,22.0,1.356836,1.159149,1.307601,52.625355,0.026737967914438502
2026-05-05,2026-05-05,64.402672,3568,2503,1.425489,18.050076,44,1.233184,35,45-54,male,1.0,106.99,,1.661266,1.463697,0.980942,64.402672,0.02857142857142857
2026-05-05,2026-05-05,3.670722,201,136,1.477941,18.2623,5,2.487562,5,45-54,unknown,,,,,0.734144,2.487562,,
2026-05-05,2026-05-05,813.840138,38239,28645,1.334928,21.282987,757,1.979654,648,55-64,female,17.0,1113.0,29.0,1.36759,1.075086,1.694605,47.872949294117646,0.026234567901234566
2026-05-05,2026-05-05,72.414249,3530,2409,1.465338,20.513952,44,1.246459,32,55-64,male,,,1.0,,1.645778,0.906516,,
2026-05-05,2026-05-05,7.541484,286,177,1.615819,26.368825,11,3.846154,7,55-64,unknown,1.0,59.92,3.0,7.945386,0.685589,2.447552,7.541484,0.14285714285714285
2026-05-05,2026-05-05,489.456309,18315,13589,1.347781,26.724341,497,2.713623,453,65+,female,8.0,464.39,18.0,0.948787,0.984822,2.473382,61.182038625,0.017660044150110375
2026-05-05,2026-05-05,30.145932,1313,969,1.355005,22.959582,34,2.58949,34,65+,male,,,1.0,,0.886645,2.58949,,
2026-05-05,2026-05-05,2.830557,135,117,1.153846,20.967089,2,1.481481,1,65+,unknown,,,,,1.415278,0.740741,,
2026-05-06,2026-05-06,7.112239,264,187,1.411765,26.940297,5,1.893939,3,18-24,female,,,,,1.422448,1.136364,,
2026-05-06,2026-05-06,1.320416,59,37,1.594595,22.379925,5,8.474576,7,18-24,male,,,,,0.264083,11.864407,,
2026-05-06,2026-05-06,0.260082,3,3,1.0,86.693953,0,0.0,0,18-24,unknown,,,,,,,,
2026-05-06,2026-05-06,35.031026,1879,1341,1.401193,18.643441,59,3.139968,60,25-34,female,,,1.0,,0.593746,3.193188,,
2026-05-06,2026-05-06,7.992516,390,271,1.439114,20.49363,4,1.025641,3,25-34,male,,,3.0,,1.998129,0.769231,,
2026-05-06,2026-05-06,0.520164,23,17,1.352941,22.615814,0,0.0,0,25-34,unknown,1.0,219.84,,422.636167,,,0.520164,
2026-05-06,2026-05-06,179.916628,10854,7860,1.380916,16.576067,147,1.354339,158,35-44,female,1.0,24.97,12.0,0.138787,1.223923,1.455685,179.916628,0.006329113924050633
2026-05-06,2026-05-06,27.248576,1746,1148,1.520906,15.606287,10,0.572738,9,35-44,male,,,,,2.724858,0.515464,,
2026-05-06,2026-05-06,2.200693,74,50,1.48,29.73909,0,0.0,0,35-44,unknown,,,,,,,,
2026-05-06,2026-05-06,583.593683,31003,22417,1.383013,18.823781,487,1.570816,406,45-54,female,10.0,687.55,24.0,1.178131,1.198344,1.309551,58.35936830000001,0.024630541871921183
2026-05-06,2026-05-06,69.031727,3633,2435,1.491992,19.001301,56,1.541426,48,45-54,male,,,,,1.232709,1.321222,,
2026-05-06,2026-05-06,4.061278,197,131,1.503817,20.615626,1,0.507614,0,45-54,unknown,,,,,4.061278,,,
2026-05-06,2026-05-06,951.569501,43477,32220,1.349379,21.886733,944,2.171263,799,55-64,female,19.0,1197.04,44.0,1.257964,1.008019,1.837753,50.08260531578947,0.023779724655819776
2026-05-06,2026-05-06,78.234624,3847,2779,1.384311,20.336528,57,1.481674,47,55-64,male,,,1.0,,1.372537,1.221731,,
2026-05-06,2026-05-06,6.442028,328,224,1.464286,19.640328,2,0.609756,2,55-64,unknown,,,,,3.221014,0.609756,,
2026-05-06,2026-05-06,576.681507,22103,15502,1.425816,26.090644,587,2.655748,569,65+,female,8.0,512.51,17.0,0.888723,0.982422,2.574311,72.085188375,0.014059753954305799
2026-05-06,2026-05-06,39.292367,1546,1129,1.369353,25.415503,31,2.005175,32,65+,male,,,1.0,,1.267496,2.069858,,
2026-05-06,2026-05-06,2.990941,175,134,1.30597,17.091094,8,4.571429,6,65+,unknown,,,,,0.373868,3.428571,,
2026-05-06,2026-05-06,0.020006,1,1,1.0,20.006297,0,0.0,0,Unknown,female,,,,,,,,
2026-05-06,2026-05-06,0.0,0,0,0.0,,1,,0,Unknown,unknown,,,,,0.0,,,
2026-05-07,2026-05-07,4.179479,213,167,1.275449,19.621969,1,0.469484,1,18-24,female,,,,,4.179479,0.469484,,
2026-05-07,2026-05-07,1.159856,54,42,1.285714,21.478806,0,0.0,0,18-24,male,,,,,,,,
2026-05-07,2026-05-07,0.019998,1,1,1.0,19.997509,0,0.0,0,18-24,unknown,,,,,,,,
2026-05-07,2026-05-07,33.845784,2042,1442,1.416089,16.574821,46,2.252693,46,25-34,female,,,,,0.735778,2.252693,,
2026-05-07,2026-05-07,7.169107,508,331,1.534743,14.112415,9,1.771654,17,25-34,male,,,1.0,,0.796567,3.346457,,
2026-05-07,2026-05-07,0.389951,21,14,1.5,18.569116,0,0.0,0,25-34,unknown,,,,,,,,
2026-05-07,2026-05-07,166.359279,10754,7964,1.350326,15.469526,154,1.432025,140,35-44,female,2.0,108.85,42.0,0.654307,1.080255,1.301841,83.1796395,0.014285714285714285
2026-05-07,2026-05-07,34.495703,1916,1292,1.482972,18.004021,13,0.678497,9,35-44,male,1.0,149.75,2.0,4.34112,2.653516,0.469729,34.495703,0.1111111111111111
2026-05-07,2026-05-07,0.679915,67,56,1.196429,10.14799,0,0.0,0,35-44,unknown,,,,,,,,
2026-05-07,2026-05-07,542.582418,31646,22959,1.37837,17.145371,484,1.529419,419,45-54,female,5.0,234.7,14.0,0.432561,1.121038,1.324022,108.51648359999999,0.011933174224343675
2026-05-07,2026-05-07,54.453218,3507,2566,1.366719,15.527008,27,0.769889,19,45-54,male,,,1.0,,2.016786,0.541774,,
2026-05-07,2026-05-07,4.029498,215,166,1.295181,18.741852,3,1.395349,1,45-54,unknown,,,,,1.343166,0.465116,,
2026-05-07,2026-05-07,893.548703,44205,32158,1.374619,20.213747,835,1.888927,684,55-64,female,8.0,418.45,22.0,0.468301,1.070118,1.547336,111.693587875,0.011695906432748537
2026-05-07,2026-05-07,65.121889,3738,2758,1.35533,17.421586,58,1.551632,48,55-64,male,,,1.0,,1.122791,1.284109,,
2026-05-07,2026-05-07,6.689167,291,224,1.299107,22.986828,9,3.092784,5,55-64,unknown,,,,,0.743241,1.718213,,
2026-05-07,2026-05-07,555.190848,21443,15293,1.402145,25.891473,556,2.592921,515,65+,female,5.0,269.65,21.0,0.485689,0.998545,2.401716,111.03816959999999,0.009708737864077669
2026-05-07,2026-05-07,33.985767,1624,1191,1.36356,20.927196,25,1.539409,25,65+,male,,,,,1.359431,1.539409,,
2026-05-07,2026-05-07,4.65942,236,146,1.616438,19.743304,7,2.966102,7,65+,unknown,,,,,0.665631,2.966102,,
2026-05-08,2026-05-08,7.309495,278,210,1.32381,26.293149,5,1.798561,5,18-24,female,,,,,1.461899,1.798561,,
2026-05-08,2026-05-08,0.609958,41,35,1.171429,14.877022,0,0.0,0,18-24,male,,,,,,,,
2026-05-08,2026-05-08,0.029998,4,4,1.0,7.499482,0,0.0,0,18-24,unknown,,,,,,,,
2026-05-08,2026-05-08,40.317217,2147,1562,1.37452,18.778396,50,2.328831,56,25-34,female,,,1.0,,0.806344,2.608291,,
2026-05-08,2026-05-08,4.839666,409,269,1.520446,11.832924,3,0.733496,5,25-34,male,,,,,1.613222,1.222494,,
2026-05-08,2026-05-08,0.269981,33,18,1.833333,8.181253,0,0.0,0,25-34,unknown,,,,,,,,
2026-05-08,2026-05-08,170.528227,11518,8386,1.37348,14.805368,179,1.554089,172,35-44,female,2.0,119.84,4.0,0.702758,0.952672,1.493315,85.2641135,0.011627906976744186
2026-05-08,2026-05-08,23.128403,1685,1083,1.555863,13.726055,15,0.890208,22,35-44,male,,,,,1.541894,1.305638,,
2026-05-08,2026-05-08,1.109923,81,67,1.208955,13.702758,0,0.0,0,35-44,unknown,,,,,,,,
2026-05-08,2026-05-08,580.469925,33674,24946,1.349876,17.237926,493,1.464038,439,45-54,female,12.0,690.04,23.0,1.188761,1.177424,1.303676,48.37249375,0.02733485193621868
2026-05-08,2026-05-08,51.516443,3123,2185,1.429291,16.495819,39,1.248799,34,45-54,male,1.0,119.84,1.0,2.326248,1.320934,1.088697,51.516443,0.029411764705882353
2026-05-08,2026-05-08,2.129853,172,129,1.333333,12.382866,1,0.581395,1,45-54,unknown,,,,,2.129853,0.581395,,
2026-05-08,2026-05-08,907.247364,45171,32969,1.370105,20.084731,807,1.786544,673,55-64,female,12.0,569.31,19.0,0.627514,1.124222,1.489894,75.60394699999999,0.017830609212481426
2026-05-08,2026-05-08,73.164949,3506,2291,1.530336,20.868496,59,1.682829,54,55-64,male,1.0,39.95,3.0,0.546026,1.240084,1.540217,73.164949,0.018518518518518517
2026-05-08,2026-05-08,5.189642,297,201,1.477612,17.473541,6,2.020202,5,55-64,unknown,,,,,0.86494,1.683502,,
2026-05-08,2026-05-08,563.121122,20828,14921,1.395885,27.036735,465,2.232572,436,65+,female,8.0,541.21,21.0,0.96109,1.211013,2.093336,70.39014025,0.01834862385321101
2026-05-08,2026-05-08,28.288047,1363,983,1.386572,20.754253,22,1.614087,19,65+,male,,,,,1.28582,1.393984,,
2026-05-08,2026-05-08,3.079787,184,121,1.520661,16.737975,0,0.0,0,65+,unknown,,,,,,,,
2026-05-08,2026-05-08,0.0,0,0,0.0,,3,,0,Unknown,unknown,,,,,0.0,,,
2026-05-09,2026-05-09,5.54962,282,212,1.330189,19.679505,5,1.77305,3,18-24,female,,,,,1.109924,1.06383,,
2026-05-09,2026-05-09,1.269913,52,38,1.368421,24.421407,5,9.615385,5,18-24,male,,,,,0.253983,9.615385,,
2026-05-09,2026-05-09,0.009999,1,1,1.0,9.999316,0,0.0,0,18-24,unknown,,,,,,,,
2026-05-09,2026-05-09,37.987402,2225,1677,1.326774,17.07299,29,1.303371,27,25-34,female,1.0,47.36,1.0,1.246729,1.30991,1.213483,37.987402,0.037037037037037035
2026-05-09,2026-05-09,7.469489,429,279,1.537634,17.411397,7,1.631702,8,25-34,male,,,,,1.06707,1.864802,,
2026-05-09,2026-05-09,0.349976,22,14,1.571429,15.908003,0,0.0,0,25-34,unknown,,,,,,,,
2026-05-09,2026-05-09,194.206718,12313,9076,1.356655,15.772494,180,1.46187,160,35-44,female,7.0,531.34,15.0,2.735951,1.078926,1.29944,27.743816857142857,0.04375
2026-05-09,2026-05-09,26.528186,1677,1073,1.562908,15.818835,18,1.073345,19,35-44,male,1.0,89.88,1.0,3.388095,1.473788,1.132976,26.528186,0.05263157894736842
2026-05-09,2026-05-09,1.089925,86,72,1.194444,12.673552,0,0.0,0,35-44,unknown,,,,,,,,
2026-05-09,2026-05-09,590.889588,34449,24950,1.380721,17.15259,611,1.773636,537,45-54,female,12.0,725.85,26.0,1.228402,0.967086,1.558826,49.240799,0.0223463687150838
2026-05-09,2026-05-09,49.186636,3146,2267,1.387737,15.634659,37,1.176097,26,45-54,male,,,,,1.329369,0.826446,,
2026-05-09,2026-05-09,3.349771,212,156,1.358974,15.800806,5,2.358491,4,45-54,unknown,,,,,0.669954,1.886792,,
2026-05-09,2026-05-09,874.590186,40798,29959,1.361794,21.437085,735,1.801559,656,55-64,female,8.0,452.45,16.0,0.517328,1.189919,1.607922,109.32377325,0.012195121951219513
2026-05-09,2026-05-09,65.695507,3161,2195,1.440091,20.78314,56,1.771591,53,55-64,male,1.0,89.95,1.0,1.369196,1.173134,1.676685,65.695507,0.018867924528301886
2026-05-09,2026-05-09,5.209644,248,181,1.370166,21.006628,4,1.612903,2,55-64,unknown,,,,,1.302411,0.806452,,
2026-05-09,2026-05-09,450.169212,17343,12435,1.394692,25.956825,460,2.652367,405,65+,female,5.0,292.6,8.0,0.649978,0.978629,2.335236,90.0338424,0.012345679012345678
2026-05-09,2026-05-09,24.088353,1199,869,1.379747,20.090369,21,1.75146,21,65+,male,,,,,1.147064,1.75146,,
2026-05-09,2026-05-09,1.849873,147,99,1.484848,12.584173,3,2.040816,3,65+,unknown,,,,,0.616625,2.040816,,
2026-05-09,2026-05-09,0.0,0,0,0.0,,2,,0,Unknown,unknown,,,,,0.0,,,
2026-05-10,2026-05-10,8.159512,325,227,1.431718,25.10619,8,2.461538,9,18-24,female,,,,,1.019939,2.769231,,
2026-05-10,2026-05-10,1.379917,83,48,1.729167,16.625511,5,6.024096,8,18-24,male,,,,,0.275983,9.638554,,
2026-05-10,2026-05-10,0.019999,2,2,1.0,9.999402,0,0.0,0,18-24,unknown,,,,,,,,
2026-05-10,2026-05-10,47.017187,2575,1842,1.397937,18.259102,52,2.019417,46,25-34,female,,,,,0.904177,1.786408,,
2026-05-10,2026-05-10,7.649542,419,262,1.599237,18.256664,9,2.147971,8,25-34,male,1.0,59.92,1.0,7.833148,0.849949,1.909308,7.649542,0.125
2026-05-10,2026-05-10,0.199988,24,19,1.263158,8.332835,0,0.0,0,25-34,unknown,,,,,,,,
2026-05-10,2026-05-10,236.065876,14691,10262,1.431592,16.068741,146,0.993806,154,35-44,female,2.0,79.9,12.0,0.338465,1.61689,1.048261,118.032938,0.012987012987012988
2026-05-10,2026-05-10,26.838394,1660,1063,1.561618,16.167707,16,0.963855,16,35-44,male,,,,,1.6774,0.963855,,
2026-05-10,2026-05-10,1.909886,77,65,1.184615,24.803711,2,2.597403,2,35-44,unknown,,,,,0.954943,2.597403,,
2026-05-10,2026-05-10,702.007997,38588,26980,1.430245,18.192391,667,1.728517,573,45-54,female,10.0,994.91,28.0,1.417235,1.052486,1.484918,70.2007997,0.017452006980802792
2026-05-10,2026-05-10,54.086764,3219,2003,1.607089,16.80235,53,1.646474,43,45-54,male,2.0,104.15,3.0,1.92561,1.020505,1.335819,27.043382,0.046511627906976744
2026-05-10,2026-05-10,5.819652,210,147,1.428571,27.712628,3,1.428571,3,45-54,unknown,,,,,1.939884,1.428571,,
2026-05-10,2026-05-10,1042.587619,47397,34144,1.38815,21.996912,955,2.014895,811,55-64,female,21.0,1133.21,45.0,1.086921,1.091715,1.711079,49.64702947619047,0.025893958076448828
2026-05-10,2026-05-10,75.155503,3270,2210,1.479638,22.983334,56,1.712538,48,55-64,male,1.0,59.92,1.0,0.79728,1.342063,1.46789,75.155503,0.020833333333333332
2026-05-10,2026-05-10,5.969643,276,204,1.352941,21.629141,6,2.173913,3,55-64,unknown,,,,,0.99494,1.086957,,
2026-05-10,2026-05-10,587.334858,20780,15085,1.377527,28.26443,489,2.353224,442,65+,female,3.0,136.79,9.0,0.2329,1.201094,2.127045,195.778286,0.006787330316742082
2026-05-10,2026-05-10,35.627868,1344,923,1.456121,26.508831,31,2.306548,31,65+,male,,,,,1.149286,2.306548,,
2026-05-10,2026-05-10,3.419795,130,101,1.287129,26.306118,2,1.538462,2,65+,unknown,,,,,1.709898,1.538462,,
2026-05-11,2026-05-11,3.51979,241,175,1.377143,14.604938,1,0.414938,1,18-24,female,,,,,3.51979,0.414938,,
2026-05-11,2026-05-11,4.02976,27,21,1.285714,149.250359,1,3.703704,1,18-24,male,,,,,4.02976,3.703704,,
2026-05-11,2026-05-11,36.027852,2325,1668,1.393885,15.49585,44,1.892473,40,25-34,female,,,2.0,,0.818815,1.72043,,
2026-05-11,2026-05-11,4.509731,321,220,1.459091,14.049006,2,0.623053,3,25-34,male,,,,,2.254866,0.934579,,
2026-05-11,2026-05-11,0.129992,20,14,1.428571,6.499612,0,0.0,0,25-34,unknown,,,,,,,,
2026-05-11,2026-05-11,179.809277,11549,8515,1.356312,15.569251,198,1.714434,193,35-44,female,1.0,54.93,5.0,0.30549,0.908128,1.67114,179.809277,0.0051813471502590676
2026-05-11,2026-05-11,17.678946,1254,870,1.441379,14.098043,29,2.3126,29,35-44,male,,,,,0.609619,2.3126,,
2026-05-11,2026-05-11,2.229867,83,61,1.360656,26.865868,7,8.433735,6,35-44,unknown,,,,,0.318552,7.228916,,
2026-05-11,2026-05-11,541.107731,29936,21539,1.389851,18.075485,502,1.676911,430,45-54,female,7.0,413.51,14.0,0.764192,1.077904,1.436398,77.30110442857142,0.01627906976744186
2026-05-11,2026-05-11,35.937857,2321,1493,1.554588,15.483782,23,0.990952,17,45-54,male,1.0,59.92,3.0,1.667323,1.562516,0.732443,35.937857,0.058823529411764705
2026-05-11,2026-05-11,3.919766,205,129,1.589147,19.120811,8,3.902439,9,45-54,unknown,,,4.0,,0.489971,4.390244,,
2026-05-11,2026-05-11,899.796341,38189,27235,1.402203,23.561663,783,2.050329,751,55-64,female,13.0,893.33,28.0,0.992814,1.149165,1.966535,69.21510315384616,0.017310252996005325
2026-05-11,2026-05-11,48.887085,2468,1601,1.541537,19.808381,37,1.49919,30,55-64,male,,,,,1.321273,1.215559,,
2026-05-11,2026-05-11,6.449615,232,162,1.432099,27.800066,10,4.310345,6,55-64,unknown,,,,,0.644962,2.586207,,
2026-05-11,2026-05-11,539.997798,18132,12712,1.426369,29.78148,544,3.000221,515,65+,female,5.0,294.14,16.0,0.544706,0.992643,2.840282,107.9995596,0.009708737864077669
2026-05-11,2026-05-11,21.048745,984,683,1.440703,21.391001,23,2.337398,22,65+,male,,,,,0.915163,2.235772,,
2026-05-11,2026-05-11,2.559847,157,109,1.440367,16.30476,1,0.636943,1,65+,unknown,,,,,2.559847,0.636943,,
2026-05-12,2026-05-12,6.299484,271,201,1.348259,23.24533,7,2.583026,6,18-24,female,,,,,0.899926,2.214022,,
2026-05-12,2026-05-12,0.48996,33,23,1.434783,14.84727,1,3.030303,1,18-24,male,,,,,0.48996,3.030303,,
2026-05-12,2026-05-12,0.109991,4,4,1.0,27.497749,0,0.0,0,18-24,unknown,,,,,,,,
2026-05-12,2026-05-12,43.726421,2434,1813,1.342526,17.96484,35,1.437962,32,25-34,female,1.0,59.92,1.0,1.370339,1.249326,1.314708,43.726421,0.03125
2026-05-12,2026-05-12,6.569462,307,216,1.421296,21.3989,4,1.302932,3,25-34,male,,,,,1.642366,0.977199,,
2026-05-12,2026-05-12,0.159987,10,10,1.0,15.998691,0,0.0,0,25-34,unknown,,,,,,,,
2026-05-12,2026-05-12,192.284263,11793,9190,1.283243,16.304949,151,1.280421,141,35-44,female,4.0,318.9,6.0,1.658482,1.273406,1.195625,48.07106575,0.028368794326241134
2026-05-12,2026-05-12,15.598723,1241,840,1.477381,12.569479,13,1.047542,11,35-44,male,1.0,59.92,2.0,3.84134,1.199902,0.886382,15.598723,0.09090909090909091
2026-05-12,2026-05-12,1.149906,63,58,1.086207,18.252474,0,0.0,0,35-44,unknown,,,,,,,,
2026-05-12,2026-05-12,602.960651,30711,24109,1.27384,19.633377,441,1.435968,399,45-54,female,7.0,496.64,19.0,0.823669,1.367258,1.299209,86.13723585714285,0.017543859649122806
2026-05-12,2026-05-12,38.596841,2370,1626,1.457565,16.285587,24,1.012658,16,45-54,male,,,,,1.608202,0.675105,,
2026-05-12,2026-05-12,3.41972,212,153,1.385621,16.130755,1,0.471698,1,45-54,unknown,,,,,3.41972,0.471698,,
2026-05-12,2026-05-12,922.914465,39032,29482,1.323926,23.645072,685,1.75497,608,55-64,female,10.0,605.78,27.0,0.656377,1.34732,1.557696,92.29144649999999,0.01644736842105263
2026-05-12,2026-05-12,50.655854,2553,1799,1.419122,19.841698,45,1.762632,44,55-64,male,,,,,1.125686,1.723463,,
2026-05-12,2026-05-12,11.079093,298,188,1.585106,37.178165,8,2.684564,10,55-64,unknown,,,,,1.384887,3.355705,,
2026-05-12,2026-05-12,621.259154,19602,13735,1.427157,31.693662,539,2.749719,511,65+,female,4.0,155.79,9.0,0.250765,1.152614,2.606877,155.3147885,0.007827788649706457
2026-05-12,2026-05-12,43.73642,1442,1001,1.440559,30.330389,31,2.149792,25,65+,male,1.0,83.86,,1.917395,1.410852,1.733703,43.73642,0.04
2026-05-12,2026-05-12,4.849603,184,130,1.415385,26.356539,3,1.630435,2,65+,unknown,,,,,1.616534,1.086957,,
2026-05-12,2026-05-12,0.0,0,0,0.0,,0,,0,Unknown,unknown,1.0,37.99,1.0,,,,0.0,
2026-05-13,2026-05-13,4.15931,236,188,1.255319,17.624193,4,1.694915,4,18-24,female,,,,,1.039827,1.694915,,
2026-05-13,2026-05-13,0.789869,41,30,1.366667,19.265094,0,0.0,0,18-24,male,,,,,,,,
2026-05-13,2026-05-13,0.0,2,1,2.0,0.0,0,0.0,0,18-24,unknown,,,,,,,,
2026-05-13,2026-05-13,40.913208,2489,1698,1.465842,16.437609,26,1.044596,27,25-34,female,1.0,59.92,4.0,1.464564,1.573585,1.084773,40.913208,0.037037037037037035
2026-05-13,2026-05-13,4.109318,351,253,1.387352,11.707458,3,0.854701,3,25-34,male,,,,,1.369773,0.854701,,
2026-05-13,2026-05-13,0.369939,20,15,1.333333,18.496929,0,0.0,0,25-34,unknown,,,,,,,,
2026-05-13,2026-05-13,206.225764,12358,9582,1.28971,16.687633,158,1.278524,140,35-44,female,4.0,280.7,9.0,1.36113,1.305226,1.132869,51.556441,0.02857142857142857
2026-05-13,2026-05-13,20.306629,1461,971,1.504634,13.89913,13,0.889802,14,35-44,male,,,,,1.562048,0.958248,,
2026-05-13,2026-05-13,5.399104,64,53,1.207547,84.360995,2,3.125,2,35-44,unknown,,,,,2.699552,3.125,,
2026-05-13,2026-05-13,582.203349,31363,23517,1.333631,18.563382,479,1.527277,420,45-54,female,7.0,461.77,15.0,0.793142,1.215456,1.339158,83.171907,0.016666666666666666
2026-05-13,2026-05-13,38.583595,2658,1913,1.389441,14.516025,27,1.015801,22,45-54,male,,,,,1.429022,0.82769,,
2026-05-13,2026-05-13,2.699552,193,155,1.245161,13.987315,0,0.0,0,45-54,unknown,,,,,,,,
2026-05-13,2026-05-13,920.267227,40486,30128,1.3438,22.730505,752,1.857432,653,55-64,female,13.0,703.62,21.0,0.764582,1.22376,1.612903,70.7897866923077,0.019908116385911178
2026-05-13,2026-05-13,46.192332,2855,2014,1.417577,16.179451,47,1.646235,43,55-64,male,1.0,54.93,2.0,1.189158,0.982816,1.50613,46.192332,0.023255813953488372
2026-05-13,2026-05-13,6.408936,274,178,1.539326,23.390278,1,0.364964,0,55-64,unknown,,,,,6.408936,,,
2026-05-13,2026-05-13,612.018399,20091,14358,1.39929,30.462316,487,2.423971,453,65+,female,1.0,54.92,4.0,0.089736,1.256711,2.254741,612.018399,0.002207505518763797
2026-05-13,2026-05-13,35.104172,1461,1090,1.340367,24.027496,28,1.916496,21,65+,male,,,,,1.25372,1.437372,,
2026-05-13,2026-05-13,4.2193,197,133,1.481203,21.417764,4,2.030457,3,65+,unknown,,,,,1.054825,1.522843,,
2026-05-14,2026-05-14,4.829925,161,128,1.257813,29.999532,2,1.242236,2,18-24,female,,,,,2.414962,1.242236,,
2026-05-14,2026-05-14,0.299995,16,14,1.142857,18.749707,0,0.0,0,18-24,male,,,,,,,,
2026-05-14,2026-05-14,27.229575,1534,1147,1.337402,17.750701,13,0.847458,9,25-34,female,1.0,105.83,1.0,3.886583,2.094583,0.586701,27.229575,0.1111111111111111
2026-05-14,2026-05-14,3.289949,186,135,1.377778,17.687896,3,1.612903,2,25-34,male,,,,,1.09665,1.075269,,
2026-05-14,2026-05-14,0.069999,12,10,1.2,5.833242,0,0.0,0,25-34,unknown,,,,,,,,
2026-05-14,2026-05-14,152.077626,8292,6627,1.251245,18.340283,93,1.121563,70,35-44,female,3.0,191.72,7.0,1.260672,1.635243,0.844187,50.692542,0.04285714285714286
2026-05-14,2026-05-14,11.429822,923,567,1.627866,12.383339,3,0.325027,2,35-44,male,,,,,3.809941,0.216685,,
2026-05-14,2026-05-14,1.599975,48,38,1.263158,33.332813,1,2.083333,1,35-44,unknown,,,,,1.599975,2.083333,,
2026-05-14,2026-05-14,451.832948,22279,16718,1.332635,20.280666,302,1.355537,253,45-54,female,8.0,702.45,23.0,1.554668,1.496136,1.135599,56.4791185,0.03162055335968379
2026-05-14,2026-05-14,30.199529,1614,1185,1.362025,18.710984,10,0.619579,9,45-54,male,,,,,3.019953,0.557621,,
2026-05-14,2026-05-14,2.979953,143,100,1.43,20.838836,1,0.699301,1,45-54,unknown,1.0,39.98,1.0,13.416317,2.979953,0.699301,2.979953,1.0
2026-05-14,2026-05-14,704.799,27560,20156,1.367335,25.573258,438,1.58926,400,55-64,female,9.0,553.27,15.0,0.785004,1.60913,1.451379,78.31099999999999,0.0225
2026-05-14,2026-05-14,40.739364,1969,1414,1.392504,20.690383,22,1.117318,21,55-64,male,,,,,1.851789,1.066531,,
2026-05-14,2026-05-14,5.589913,177,137,1.291971,31.581428,3,1.694915,2,55-64,unknown,,,,,1.863304,1.129944,,
2026-05-14,2026-05-14,453.142928,13481,9214,1.4631,33.613451,309,2.292115,288,65+,female,9.0,449.46,12.0,0.991872,1.466482,2.13634,50.34921422222222,0.03125
2026-05-14,2026-05-14,30.219528,904,664,1.361446,33.428682,7,0.774336,7,65+,male,,,,,4.317075,0.774336,,
2026-05-14,2026-05-14,1.839971,138,88,1.568182,13.333125,1,0.724638,1,65+,unknown,,,,,1.839971,0.724638,,
2026-05-15,2026-05-15,2.979934,126,112,1.125,23.650268,2,1.587302,1,18-24,female,,,,,1.489967,0.793651,,
2026-05-15,2026-05-15,0.199996,14,13,1.076923,14.285397,1,7.142857,1,18-24,male,,,,,0.199996,7.142857,,
2026-05-15,2026-05-15,0.029999,1,1,1.0,29.999333,0,0.0,0,18-24,unknown,,,,,,,,
2026-05-15,2026-05-15,21.859514,1399,1189,1.176619,15.625099,18,1.286633,14,25-34,female,2.0,132.39,2.0,6.056402,1.214417,1.000715,10.929757,0.14285714285714285
2026-05-15,2026-05-15,1.78996,140,117,1.196581,12.78543,0,0.0,0,25-34,male,,,,,,,,
2026-05-15,2026-05-15,0.089998,12,9,1.333333,7.499833,0,0.0,0,25-34,unknown,,,,,,,,
2026-05-15,2026-05-15,116.697406,8341,7085,1.177276,13.990817,70,0.839228,60,35-44,female,2.0,215.83,5.0,1.849484,1.667106,0.719338,58.348703,0.03333333333333333
2026-05-15,2026-05-15,8.10982,742,567,1.308642,10.929676,13,1.752022,13,35-44,male,,,,,0.623832,1.752022,,
2026-05-15,2026-05-15,1.029977,47,40,1.175,21.914406,0,0.0,0,35-44,unknown,,,,,,,,
2026-05-15,2026-05-15,360.28199,21776,18930,1.150343,16.544911,186,0.854151,148,45-54,female,3.0,219.71,5.0,0.609828,1.937,0.679647,120.09399666666667,0.02027027027027027
2026-05-15,2026-05-15,20.329548,1465,1182,1.239425,13.876825,6,0.409556,6,45-54,male,,,,,3.388258,0.409556,,
2026-05-15,2026-05-15,1.679963,103,87,1.183908,16.310317,0,0.0,0,45-54,unknown,,,,,,,,
2026-05-15,2026-05-15,491.059083,24141,19826,1.217644,20.34129,332,1.375254,272,55-64,female,9.0,531.62,16.0,1.082599,1.479094,1.126714,54.56212033333333,0.03308823529411765
2026-05-15,2026-05-15,28.659363,1469,1203,1.221114,19.509437,24,1.633764,18,55-64,male,,,,,1.19414,1.225323,,
2026-05-15,2026-05-15,2.659941,168,141,1.191489,15.832981,3,1.785714,3,55-64,unknown,,,,,0.886647,1.785714,,
2026-05-15,2026-05-15,274.483898,9862,8090,1.219036,27.832478,179,1.815048,140,65+,female,6.0,404.85,9.0,1.47495,1.53343,1.41959,45.74731633333334,0.04285714285714286
2026-05-15,2026-05-15,15.75965,624,460,1.356522,25.255849,16,2.564103,14,65+,male,,,1.0,,0.984978,2.24359,,
2026-05-15,2026-05-15,1.679963,68,62,1.096774,24.705333,0,0.0,0,65+,unknown,,,,,,,,
2026-05-16,2026-05-16,2.130013,186,183,1.016393,11.451684,2,1.075269,1,18-24,female,,,,,1.065007,0.537634,,
2026-05-16,2026-05-16,0.140001,14,14,1.0,10.000062,0,0.0,0,18-24,male,,,,,,,,
2026-05-16,2026-05-16,0.01,3,3,1.0,3.333354,0,0.0,0,18-24,unknown,,,,,,,,
2026-05-16,2026-05-16,25.140155,1745,1664,1.048678,14.406966,10,0.573066,8,25-34,female,,,,,2.514016,0.458453,,
2026-05-16,2026-05-16,1.840011,176,156,1.128205,10.45461,3,1.704545,2,25-34,male,,,,,0.613337,1.136364,,
2026-05-16,2026-05-16,0.240001,10,10,1.0,24.000148,0,0.0,0,25-34,unknown,,,,,,,,
2026-05-16,2026-05-16,131.11081,10635,10028,1.060531,12.328238,60,0.564175,42,35-44,female,,,,,2.18518,0.394922,,
2026-05-16,2026-05-16,9.570059,847,762,1.111549,11.298771,2,0.236128,2,35-44,male,,,,,4.78503,0.236128,,
2026-05-16,2026-05-16,0.460003,55,51,1.078431,8.363688,0,0.0,0,35-44,unknown,,,,,,,,
2026-05-16,2026-05-16,427.52264,26266,23480,1.118654,16.276656,204,0.776669,155,45-54,female,3.0,285.46,8.0,0.667707,2.095699,0.590117,142.50754666666668,0.01935483870967742
2026-05-16,2026-05-16,22.520139,1781,1601,1.11243,12.64466,20,1.122965,13,45-54,male,,,,,1.126007,0.729927,,
2026-05-16,2026-05-16,3.110019,132,116,1.137931,23.560752,3,2.272727,2,45-54,unknown,,,,,1.036673,1.515152,,
2026-05-16,2026-05-16,590.293645,28185,25731,1.095371,20.943539,288,1.02182,215,55-64,female,3.0,292.58,17.0,0.495652,2.049631,0.762817,196.76454833333332,0.013953488372093023
2026-05-16,2026-05-16,34.410212,2093,1853,1.12952,16.440618,17,0.812231,13,55-64,male,,,,,2.02413,0.621118,,
2026-05-16,2026-05-16,3.320021,149,135,1.103704,22.282017,1,0.671141,0,55-64,unknown,,,,,3.320021,,,
2026-05-16,2026-05-16,345.522134,12324,10949,1.125582,28.036525,175,1.419994,115,65+,female,9.0,766.05,13.0,2.217079,1.974412,0.933139,38.39134822222222,0.0782608695652174
2026-05-16,2026-05-16,19.40012,910,823,1.105711,21.318813,8,0.879121,8,65+,male,,,,,2.425015,0.879121,,
2026-05-16,2026-05-16,2.650016,115,108,1.064815,23.043621,3,2.608696,1,65+,unknown,,,,,0.883339,0.869565,,
2026-05-17,2026-05-17,5.710023,459,403,1.138958,12.440138,5,1.089325,2,18-24,female,1.0,71.88,1.0,12.58839,1.142005,0.43573,5.710023,0.5
2026-05-17,2026-05-17,1.680007,34,32,1.0625,49.411966,2,5.882353,2,18-24,male,,,,,0.840003,5.882353,,
2026-05-17,2026-05-17,0.190001,6,5,1.2,31.666796,0,0.0,0,18-24,unknown,,,,,,,,
2026-05-17,2026-05-17,43.250176,3488,3142,1.110121,12.399706,24,0.688073,17,25-34,female,,,1.0,,1.802091,0.487385,,
2026-05-17,2026-05-17,5.290022,399,320,1.246875,13.258199,3,0.75188,3,25-34,male,,,,,1.763341,0.75188,,
2026-05-17,2026-05-17,0.230001,21,17,1.235294,10.952426,1,4.761905,1,25-34,unknown,,,,,0.230001,4.761905,,
2026-05-17,2026-05-17,235.95096,19302,16912,1.14132,12.224172,154,0.797845,127,35-44,female,2.0,149.8,4.0,0.634878,1.532149,0.657963,117.97548,0.015748031496062992
2026-05-17,2026-05-17,12.34005,1749,1543,1.133506,7.055489,11,0.628931,8,35-44,male,,,,,1.121823,0.457404,,
2026-05-17,2026-05-17,1.330005,119,106,1.122642,11.176516,1,0.840336,1,35-44,unknown,,,,,1.330005,0.840336,,
2026-05-17,2026-05-17,686.432793,47191,38473,1.2266,14.545841,413,0.875167,316,45-54,female,3.0,184.89,15.0,0.269349,1.662065,0.669619,228.81093099999998,0.00949367088607595
2026-05-17,2026-05-17,34.090139,3421,2926,1.169173,9.964963,12,0.350775,10,45-54,male,,,,,2.840845,0.292312,,
2026-05-17,2026-05-17,4.330018,264,227,1.162996,16.401582,3,1.136364,1,45-54,unknown,,,,,1.443339,0.378788,,
2026-05-17,2026-05-17,924.783763,50168,42195,1.188956,18.433738,708,1.411258,559,55-64,female,16.0,709.88,32.0,0.767617,1.306192,1.114256,57.7989851875,0.028622540250447227
2026-05-17,2026-05-17,42.430173,3370,2898,1.162871,12.590556,28,0.830861,21,55-64,male,,,1.0,,1.515363,0.623145,,
2026-05-17,2026-05-17,4.91002,315,275,1.145455,15.587365,4,1.269841,3,55-64,unknown,,,,,1.227505,0.952381,,
2026-05-17,2026-05-17,431.931758,19379,16983,1.141082,22.28865,340,1.754477,274,65+,female,13.0,814.11,29.0,1.884812,1.270388,1.413902,33.225519846153844,0.04744525547445255
2026-05-17,2026-05-17,20.410083,1230,1073,1.146319,16.593563,15,1.219512,11,65+,male,,,1.0,,1.360672,0.894309,,
2026-05-17,2026-05-17,1.980008,160,143,1.118881,12.37505,4,2.5,2,65+,unknown,,,,,0.495002,1.25,,
2026-05-17,2026-05-17,0.0,0,0,0.0,,0,,0,Unknown,unknown,,,,,,,,
2026-05-18,2026-05-18,2.93976,158,126,1.253968,18.606076,1,0.632911,1,18-24,female,,,,,2.93976,0.632911,,
2026-05-18,2026-05-18,2.949759,24,11,2.181818,122.906633,1,4.166667,1,18-24,male,,,,,2.949759,4.166667,,
2026-05-18,2026-05-18,0.009999,1,1,1.0,9.999184,0,0.0,0,18-24,unknown,,,,,,,,
2026-05-18,2026-05-18,22.118194,1306,943,1.384942,16.93583,13,0.995406,11,25-34,female,,,4.0,,1.7014,0.842266,,
2026-05-18,2026-05-18,2.769774,193,103,1.873786,14.35116,4,2.072539,3,25-34,male,,,,,0.692443,1.554404,,
2026-05-18,2026-05-18,0.309975,18,12,1.5,17.220816,0,0.0,0,25-34,unknown,,,,,,,,
2026-05-18,2026-05-18,115.620561,6897,5166,1.335075,16.763892,80,1.159925,69,35-44,female,3.0,154.8,8.0,1.338862,1.445257,1.000435,38.540186999999996,0.043478260869565216
2026-05-18,2026-05-18,9.109256,617,385,1.602597,14.763787,11,1.78282,12,35-44,male,,,,,0.828114,1.944895,,
2026-05-18,2026-05-18,0.889927,38,33,1.151515,23.419141,1,2.631579,1,35-44,unknown,,,,,0.889927,2.631579,,
2026-05-18,2026-05-18,330.423024,18944,14068,1.346602,17.442094,226,1.19299,193,45-54,female,7.0,507.66,11.0,1.536394,1.462049,1.018792,47.203289142857145,0.03626943005181347
2026-05-18,2026-05-18,19.5984,1267,854,1.483607,15.46835,10,0.789266,6,45-54,male,,,,,1.95984,0.47356,,
2026-05-18,2026-05-18,1.749857,121,89,1.359551,14.461629,1,0.826446,1,45-54,unknown,,,,,1.749857,0.826446,,
2026-05-18,2026-05-18,486.590275,23893,18118,1.318744,20.36539,398,1.66576,317,55-64,female,5.0,360.51,16.0,0.74089,1.222589,1.326748,97.318055,0.015772870662460567
2026-05-18,2026-05-18,24.677985,1379,996,1.384538,17.895566,18,1.305294,15,55-64,male,1.0,62.79,1.0,2.544373,1.370999,1.087745,24.677985,0.06666666666666667
2026-05-18,2026-05-18,2.339809,132,102,1.294118,17.725826,2,1.515152,2,55-64,unknown,,,,,1.169904,1.515152,,
2026-05-18,2026-05-18,311.97453,11530,8086,1.425921,27.057635,242,2.098873,213,65+,female,4.0,294.66,5.0,0.9445,1.289151,1.847355,77.9936325,0.018779342723004695
2026-05-18,2026-05-18,12.00902,582,419,1.389021,20.634054,12,2.061856,10,65+,male,,,,,1.000752,1.718213,,
2026-05-18,2026-05-18,1.299894,96,73,1.315068,13.540561,0,0.0,0,65+,unknown,,,,,,,,
2026-05-19,2026-05-19,3.619707,113,87,1.298851,32.032801,1,0.884956,1,18-24,female,,,,,3.619707,0.884956,,
2026-05-19,2026-05-19,0.239981,14,13,1.076923,17.141467,0,0.0,0,18-24,male,,,,,,,,
2026-05-19,2026-05-19,19.058455,985,628,1.568471,19.348685,20,2.030457,17,25-34,female,1.0,211.87,3.0,11.116851,0.952923,1.725888,19.058455,0.058823529411764705
2026-05-19,2026-05-19,2.769775,177,89,1.988764,15.648449,0,0.0,0,25-34,male,,,,,,,,
2026-05-19,2026-05-19,0.339972,18,13,1.384615,18.887358,1,5.555556,1,25-34,unknown,,,,,0.339972,5.555556,,
2026-05-19,2026-05-19,84.703133,4513,3019,1.494866,18.768698,43,0.952803,39,35-44,female,,,,,1.96984,0.86417,,
2026-05-19,2026-05-19,5.569548,414,239,1.732218,13.453016,2,0.483092,2,35-44,male,,,,,2.784774,0.483092,,
2026-05-19,2026-05-19,0.589952,29,22,1.318182,20.343178,0,0.0,0,35-44,unknown,,,,,,,,
2026-05-19,2026-05-19,266.348406,12262,8650,1.417572,21.721449,183,1.492416,161,45-54,female,3.0,133.82,7.0,0.502425,1.455456,1.313,88.782802,0.018633540372670808
2026-05-19,2026-05-19,16.64865,974,547,1.780622,17.09307,13,1.334702,10,45-54,male,,,,,1.280665,1.026694,,
2026-05-19,2026-05-19,1.269897,65,47,1.382979,19.536878,0,0.0,0,45-54,unknown,,,,,,,,
2026-05-19,2026-05-19,449.423564,16592,11400,1.455439,27.086763,319,1.922613,270,55-64,female,3.0,124.82,4.0,0.277734,1.408851,1.62729,149.80785466666666,0.011111111111111112
2026-05-19,2026-05-19,24.05805,1078,686,1.571429,22.3173,14,1.298701,7,55-64,male,,,,,1.718432,0.649351,,
2026-05-19,2026-05-19,5.239575,117,63,1.857143,44.782694,2,1.709402,2,55-64,unknown,,,,,2.619788,1.709402,,
2026-05-19,2026-05-19,336.522717,8997,5827,1.544019,37.403881,249,2.767589,212,65+,female,1.0,39.95,4.0,0.118714,1.351497,2.356341,336.522717,0.0047169811320754715
2026-05-19,2026-05-19,15.798719,593,398,1.48995,26.642022,4,0.674536,3,65+,male,,,,,3.94968,0.505902,,
2026-05-19,2026-05-19,1.259898,48,40,1.2,26.247872,1,2.083333,1,65+,unknown,,,,,1.259898,2.083333,,
2026-05-20,2026-05-20,2.010049,105,86,1.22093,19.143322,4,3.809524,4,18-24,female,,,,,0.502512,3.809524,,
2026-05-20,2026-05-20,0.280007,16,12,1.333333,17.500425,0,0.0,0,18-24,male,,,,,,,,
2026-05-20,2026-05-20,21.930533,1108,807,1.372986,19.7929,20,1.805054,16,25-34,female,,,,,1.096527,1.444043,,
2026-05-20,2026-05-20,2.820069,186,86,2.162791,15.161659,1,0.537634,1,25-34,male,,,,,2.820069,0.537634,,
2026-05-20,2026-05-20,0.330008,20,14,1.428571,16.500401,0,0.0,0,25-34,unknown,,,,,,,,
2026-05-20,2026-05-20,106.18258,5454,4060,1.34335,19.468753,57,1.045105,60,35-44,female,1.0,119.84,6.0,1.128622,1.862852,1.10011,106.18258,0.016666666666666666
2026-05-20,2026-05-20,6.530159,497,276,1.800725,13.139152,8,1.609658,6,35-44,male,,,,,0.81627,1.207243,,
2026-05-20,2026-05-20,1.050026,33,30,1.1,31.818955,2,6.060606,1,35-44,unknown,,,,,0.525013,3.030303,,
2026-05-20,2026-05-20,288.066998,15443,11832,1.305189,18.653565,186,1.204429,152,45-54,female,2.0,194.74,6.0,0.676023,1.548747,0.984265,144.033499,0.013157894736842105
2026-05-20,2026-05-20,14.530353,921,669,1.376682,15.776713,10,1.085776,8,45-54,male,,,,,1.453035,0.868621,,
2026-05-20,2026-05-20,2.250055,90,70,1.285714,25.000607,1,1.111111,1,45-54,unknown,,,,,2.250055,1.111111,,
2026-05-20,2026-05-20,483.531747,20455,15163,1.349007,23.638805,333,1.627964,282,55-64,female,7.0,348.54,10.0,0.720821,1.452047,1.378636,69.07596385714285,0.024822695035460994
2026-05-20,2026-05-20,19.890483,1072,797,1.345044,18.554555,17,1.585821,11,55-64,male,1.0,39.94,2.0,2.007995,1.170028,1.026119,19.890483,0.09090909090909091
2026-05-20,2026-05-20,4.900119,143,95,1.505263,34.266567,2,1.398601,2,55-64,unknown,,,,,2.45006,1.398601,,
2026-05-20,2026-05-20,269.61655,9963,7228,1.37839,27.061784,180,1.806685,157,65+,female,2.0,100.86,4.0,0.374087,1.49787,1.575831,134.808275,0.012738853503184714
2026-05-20,2026-05-20,9.88024,527,330,1.59697,18.748084,6,1.13852,5,65+,male,,,1.0,,1.646707,0.948767,,
2026-05-20,2026-05-20,1.040025,69,53,1.301887,15.07283,0,0.0,0,65+,unknown,,,,,,,,
2026-05-21,2026-05-21,2.37,90,71,1.267606,26.333333,0,0.0,0,18-24,female,,,,,,,,
2026-05-21,2026-05-21,0.53,18,13,1.384615,29.444444,0,0.0,0,18-24,male,,,,,,,,
2026-05-21,2026-05-21,0.0,1,1,1.0,0.0,0,0.0,0,18-24,unknown,,,,,,,,
2026-05-21,2026-05-21,18.44,879,615,1.429268,20.978385,8,0.910125,7,25-34,female,1.0,24.97,3.0,1.354121,2.305,0.79636,18.44,0.14285714285714285
2026-05-21,2026-05-21,2.77,144,81,1.777778,19.236111,0,0.0,1,25-34,male,,,,,,0.694444,,
2026-05-21,2026-05-21,0.7,12,8,1.5,58.333333,0,0.0,0,25-34,unknown,,,,,,,,
2026-05-21,2026-05-21,90.59,4272,3032,1.408971,21.205524,71,1.661985,70,35-44,female,,,3.0,,1.275915,1.638577,,
2026-05-21,2026-05-21,6.26,369,259,1.42471,16.96477,1,0.271003,1,35-44,male,,,,,6.26,0.271003,,
2026-05-21,2026-05-21,0.67,26,19,1.368421,25.769231,0,0.0,0,35-44,unknown,,,,,,,,
2026-05-21,2026-05-21,301.15,12538,9371,1.337958,24.018982,197,1.571223,157,45-54,female,7.0,441.38,10.0,1.465648,1.52868,1.252193,43.021428571428565,0.044585987261146494
2026-05-21,2026-05-21,16.83,870,603,1.442786,19.344828,14,1.609195,12,45-54,male,,,,,1.202143,1.37931,,
2026-05-21,2026-05-21,2.03,81,58,1.396552,25.061728,0,0.0,0,45-54,unknown,,,,,,,,
2026-05-21,2026-05-21,459.84,16902,12853,1.315024,27.206248,307,1.816353,261,55-64,female,6.0,387.48,14.0,0.842641,1.49785,1.544196,76.64,0.022988505747126436
2026-05-21,2026-05-21,22.69,1024,724,1.414365,22.158203,17,1.660156,15,55-64,male,,,,,1.334706,1.464844,,
2026-05-21,2026-05-21,2.72,107,71,1.507042,25.420561,3,2.803738,3,55-64,unknown,,,,,0.906667,2.803738,,
2026-05-21,2026-05-21,265.76,8589,5987,1.434608,30.941902,168,1.95599,156,65+,female,,,1.0,,1.581905,1.816277,,
2026-05-21,2026-05-21,15.77,620,435,1.425287,25.435484,11,1.774194,10,65+,male,,,,,1.433636,1.612903,,
2026-05-21,2026-05-21,1.78,78,53,1.471698,22.820513,4,5.128205,2,65+,unknown,,,,,0.445,2.564103,,
2026-05-22,2026-05-22,2.229947,96,77,1.246753,23.228616,1,1.041667,1,18-24,female,,,,,2.229947,1.041667,,
2026-05-22,2026-05-22,0.099998,6,6,1.0,16.666271,0,0.0,0,18-24,male,,,,,,,,
2026-05-22,2026-05-22,0.039999,1,1,1.0,39.999051,0,0.0,0,18-24,unknown,,,,,,,,
2026-05-22,2026-05-22,16.919599,735,493,1.490872,23.019862,7,0.952381,6,25-34,female,,,,,2.417086,0.816327,,
2026-05-22,2026-05-22,1.369968,131,73,1.794521,10.457767,0,0.0,0,25-34,male,,,,,,,,
2026-05-22,2026-05-22,0.709983,18,7,2.571429,39.443509,0,0.0,0,25-34,unknown,,,,,,,,
2026-05-22,2026-05-22,106.387477,4511,3148,1.432973,23.584012,62,1.374418,69,35-44,female,2.0,216.66,2.0,2.036518,1.715927,1.529594,53.1937385,0.028985507246376812
2026-05-22,2026-05-22,4.069903,323,211,1.530806,12.60032,4,1.23839,4,35-44,male,,,,,1.017476,1.23839,,
2026-05-22,2026-05-22,0.629985,25,18,1.388889,25.199402,0,0.0,0,35-44,unknown,,,,,,,,
2026-05-22,2026-05-22,324.442305,13386,9620,1.391476,24.237435,249,1.860152,215,45-54,female,5.0,339.55,17.0,1.046565,1.302981,1.606156,64.88846099999999,0.023255813953488372
2026-05-22,2026-05-22,16.959598,813,552,1.472826,20.860514,9,1.107011,8,45-54,male,1.0,59.92,1.0,3.533103,1.8844,0.98401,16.959598,0.125
2026-05-22,2026-05-22,1.569963,72,53,1.358491,21.805038,0,0.0,0,45-54,unknown,,,,,,,,
2026-05-22,2026-05-22,472.158801,17754,12629,1.405812,26.594503,314,1.768616,289,55-64,female,8.0,387.48,20.0,0.820656,1.50369,1.627802,59.019850125,0.02768166089965398
2026-05-22,2026-05-22,24.279424,1002,702,1.42735,24.230962,15,1.497006,12,55-64,male,,,,,1.618628,1.197605,,
2026-05-22,2026-05-22,2.559939,99,69,1.434783,25.857973,1,1.010101,1,55-64,unknown,,,,,2.559939,1.010101,,
2026-05-22,2026-05-22,278.103404,8200,5824,1.407967,33.915049,187,2.280488,173,65+,female,3.0,124.84,6.0,0.448898,1.487184,2.109756,92.70113466666668,0.017341040462427744
2026-05-22,2026-05-22,11.129736,485,343,1.413994,22.947909,7,1.443299,6,65+,male,,,,,1.589962,1.237113,,
2026-05-22,2026-05-22,1.209971,60,37,1.621622,20.166188,3,5.0,3,65+,unknown,,,,,0.403324,5.0,,
2026-05-22,2026-05-22,0.0,0,0,0.0,,0,,0,Unknown,unknown,,,,,,,,
2026-05-23,2026-05-23,3.288498,76,62,1.225806,43.269709,1,1.315789,1,18-24,female,,,,,3.288498,1.315789,,
2026-05-23,2026-05-23,0.589731,6,6,1.0,98.288436,2,33.333333,2,18-24,male,,,,,0.294865,33.333333,,
2026-05-23,2026-05-23,0.009995,1,1,1.0,9.995434,0,0.0,0,18-24,unknown,,,,,,,,
2026-05-23,2026-05-23,15.043128,606,445,1.361798,24.823644,5,0.825083,4,25-34,female,,,,,3.008626,0.660066,,
2026-05-23,2026-05-23,1.229438,93,61,1.52459,13.219768,2,2.150538,1,25-34,male,,,,,0.614719,1.075269,,
2026-05-23,2026-05-23,0.139936,8,5,1.6,17.49201,0,0.0,0,25-34,unknown,,,,,,,,
2026-05-23,2026-05-23,83.581821,3797,2673,1.420501,22.012594,55,1.448512,46,35-44,female,3.0,532.68,6.0,6.373156,1.519669,1.211483,27.860607,0.06521739130434782
2026-05-23,2026-05-23,4.527932,285,192,1.484375,15.88748,1,0.350877,1,35-44,male,,,,,4.527932,0.350877,,
2026-05-23,2026-05-23,0.259881,18,16,1.125,14.437849,0,0.0,0,35-44,unknown,,,,,,,,
2026-05-23,2026-05-23,284.639979,11343,8228,1.378585,25.093889,181,1.595698,147,45-54,female,2.0,104.91,7.0,0.368571,1.572597,1.295953,142.3199895,0.013605442176870748
2026-05-23,2026-05-23,14.263485,684,493,1.387424,20.853048,6,0.877193,6,45-54,male,,,,,2.377247,0.877193,,
2026-05-23,2026-05-23,1.659242,80,45,1.777778,20.740526,1,1.25,1,45-54,unknown,,,,,1.659242,1.25,,
2026-05-23,2026-05-23,460.77952,15530,11533,1.346571,29.670285,274,1.764327,227,55-64,female,10.0,863.18,27.0,1.873304,1.681677,1.461687,46.077951999999996,0.04405286343612335
2026-05-23,2026-05-23,22.559695,896,649,1.380586,25.178231,13,1.450893,11,55-64,male,,,,,1.735361,1.227679,,
2026-05-23,2026-05-23,4.757827,103,68,1.514706,46.192492,1,0.970874,1,55-64,unknown,,,,,4.757827,0.970874,,
2026-05-23,2026-05-23,246.517393,7095,5195,1.365736,34.745228,140,1.973221,122,65+,female,3.0,379.78,7.0,1.540581,1.760839,1.719521,82.17246433333334,0.02459016393442623
2026-05-23,2026-05-23,14.27348,530,368,1.440217,26.931094,14,2.641509,12,65+,male,,,,,1.019534,2.264151,,
2026-05-23,2026-05-23,2.149018,58,38,1.526316,37.052041,1,1.724138,1,65+,unknown,,,,,2.149018,1.724138,,
2026-05-24,2026-05-24,2.900021,128,110,1.163636,22.656415,3,2.34375,2,18-24,female,,,2.0,,0.966674,1.5625,,
2026-05-24,2026-05-24,1.39001,27,21,1.285714,51.481857,0,0.0,0,18-24,male,,,,,,,,
2026-05-24,2026-05-24,0.02,3,2,1.5,6.666715,0,0.0,0,18-24,unknown,,,,,,,,
2026-05-24,2026-05-24,25.730188,1034,724,1.428177,24.884128,13,1.257253,12,25-34,female,,,2.0,,1.979245,1.160542,,
2026-05-24,2026-05-24,2.170016,179,108,1.657407,12.122994,1,0.558659,1,25-34,male,,,1.0,,2.170016,0.558659,,
2026-05-24,2026-05-24,0.100001,7,4,1.75,14.285819,0,0.0,0,25-34,unknown,,,,,,,,
2026-05-24,2026-05-24,109.920802,5278,3702,1.425716,20.826223,61,1.155741,53,35-44,female,,,24.0,,1.80198,1.004168,,
2026-05-24,2026-05-24,4.560033,391,288,1.357639,11.662489,5,1.278772,4,35-44,male,,,1.0,,0.912007,1.023018,,
2026-05-24,2026-05-24,0.630005,24,17,1.411765,26.250192,2,8.333333,1,35-44,unknown,,,,,0.315002,4.166667,,
2026-05-24,2026-05-24,364.502661,15829,10871,1.456076,23.027523,259,1.636237,226,45-54,female,7.0,690.12,107.0,1.89332,1.407346,1.427759,52.071808714285716,0.030973451327433628
2026-05-24,2026-05-24,16.990124,836,592,1.412162,20.323115,9,1.076555,5,45-54,male,,,,,1.887792,0.598086,,
2026-05-24,2026-05-24,1.780013,92,68,1.352941,19.347967,1,1.086957,1,45-54,unknown,,,,,1.780013,1.086957,,
2026-05-24,2026-05-24,520.243798,19552,14616,1.337712,26.608214,311,1.59063,243,55-64,female,7.0,418.53,105.0,0.804488,1.67281,1.24284,74.32054257142856,0.02880658436213992
2026-05-24,2026-05-24,17.310126,928,696,1.333333,18.653153,12,1.293103,7,55-64,male,,,1.0,,1.442511,0.75431,,
2026-05-24,2026-05-24,3.030022,116,78,1.487179,26.12088,2,1.724138,2,55-64,unknown,,,,,1.515011,1.724138,,
2026-05-24,2026-05-24,281.602056,8344,6047,1.379858,33.749048,175,2.097315,153,65+,female,3.0,262.71,39.0,0.932912,1.609155,1.833653,93.867352,0.0196078431372549
2026-05-24,2026-05-24,16.150118,573,392,1.461735,28.185197,8,1.396161,7,65+,male,,,5.0,,2.018765,1.22164,,
2026-05-24,2026-05-24,0.780006,59,42,1.404762,13.220436,0,0.0,0,65+,unknown,,,,,,,,
2026-05-25,2026-05-25,2.750508,118,89,1.325843,23.309387,1,0.847458,1,18-24,female,,,,,2.750508,0.847458,,
2026-05-25,2026-05-25,0.170031,12,8,1.5,14.169282,0,0.0,0,18-24,male,,,,,,,,
2026-05-25,2026-05-25,20.603803,928,642,1.445483,22.202374,19,2.047414,14,25-34,female,1.0,119.84,10.0,5.816402,1.084411,1.508621,20.603803,0.07142857142857142
2026-05-25,2026-05-25,2.150397,147,97,1.515464,14.62855,4,2.721088,4,25-34,male,,,2.0,,0.537599,2.721088,,
2026-05-25,2026-05-25,0.430079,16,10,1.6,26.879961,0,0.0,0,25-34,unknown,,,,,,,,
2026-05-25,2026-05-25,113.911025,5592,3789,1.475851,20.370355,69,1.233906,60,35-44,female,2.0,84.89,27.0,0.745231,1.650884,1.072961,56.9555125,0.03333333333333333
2026-05-25,2026-05-25,4.790884,397,262,1.515267,12.067719,4,1.007557,3,35-44,male,,,,,1.197721,0.755668,,
2026-05-25,2026-05-25,0.990183,41,21,1.952381,24.150799,0,0.0,0,35-44,unknown,,,,,,,,
2026-05-25,2026-05-25,360.88661,16171,11799,1.37054,22.316901,284,1.75623,252,45-54,female,8.0,561.31,106.0,1.555364,1.270728,1.558345,45.11082625,0.031746031746031744
2026-05-25,2026-05-25,16.062965,778,567,1.372134,20.646484,15,1.928021,13,45-54,male,,,4.0,,1.070864,1.670951,,
2026-05-25,2026-05-25,1.370253,84,64,1.3125,16.312535,0,0.0,0,45-54,unknown,,,,,,,,
2026-05-25,2026-05-25,493.311052,19700,14486,1.359934,25.04117,364,1.847716,311,55-64,female,10.0,579.84,124.0,1.175404,1.35525,1.57868,49.3311052,0.03215434083601286
2026-05-25,2026-05-25,18.083338,991,709,1.397743,18.247566,15,1.513623,11,55-64,male,,,2.0,,1.205556,1.10999,,
2026-05-25,2026-05-25,3.41063,90,74,1.216216,37.895883,0,0.0,0,55-64,unknown,,,,,,,,
2026-05-25,2026-05-25,249.556061,8845,6154,1.437277,28.214365,202,2.283776,177,65+,female,4.0,219.71,59.0,0.880403,1.235426,2.001131,62.38901525,0.022598870056497175
2026-05-25,2026-05-25,10.711977,574,374,1.534759,18.661981,14,2.439024,12,65+,male,,,2.0,,0.765141,2.090592,,
2026-05-25,2026-05-25,1.110205,71,55,1.290909,15.636689,1,1.408451,0,65+,unknown,,,,,1.110205,,,
2026-05-26,2026-05-26,2.790364,168,135,1.244444,16.60931,4,2.380952,3,18-24,female,,,,,0.697591,1.785714,,
2026-05-26,2026-05-26,0.23003,31,29,1.068966,7.420323,1,3.225806,1,18-24,male,,,,,0.23003,3.225806,,
2026-05-26,2026-05-26,0.010001,1,1,1.0,10.001305,0,0.0,0,18-24,unknown,,,,,,,,
2026-05-26,2026-05-26,17.582294,1145,896,1.277902,15.355715,11,0.960699,11,25-34,female,,,4.0,,1.59839,0.960699,,
2026-05-26,2026-05-26,2.840371,274,192,1.427083,10.366316,4,1.459854,3,25-34,male,1.0,59.92,3.0,21.095839,0.710093,1.094891,2.840371,0.3333333333333333
2026-05-26,2026-05-26,0.590077,17,13,1.307692,34.710411,1,5.882353,1,25-34,unknown,,,,,0.590077,5.882353,,
2026-05-26,2026-05-26,94.122279,5584,4028,1.386296,16.855709,57,1.020774,50,35-44,female,,,23.0,,1.651268,0.895415,,
2026-05-26,2026-05-26,4.160543,466,373,1.24933,8.928203,5,1.072961,2,35-44,male,,,,,0.832109,0.429185,,
2026-05-26,2026-05-26,0.390051,39,32,1.21875,10.001305,0,0.0,0,35-44,unknown,,,,,,,,
2026-05-26,2026-05-26,257.113543,14603,10993,1.328391,17.606899,199,1.362734,167,45-54,female,3.0,149.81,59.0,0.582661,1.292028,1.143601,85.70451433333334,0.017964071856287425
2026-05-26,2026-05-26,14.651911,955,649,1.471495,15.342316,9,0.942408,4,45-54,male,,,2.0,,1.62799,0.418848,,
2026-05-26,2026-05-26,1.350176,83,65,1.276923,16.267182,3,3.614458,1,45-54,unknown,,,,,0.450059,1.204819,,
2026-05-26,2026-05-26,389.24078,18393,13618,1.350639,21.162441,279,1.516881,233,55-64,female,7.0,369.52,67.0,0.949335,1.395128,1.266786,55.60582571428571,0.030042918454935622
2026-05-26,2026-05-26,18.852459,1143,855,1.336842,16.49384,7,0.612423,5,55-64,male,,,3.0,,2.693208,0.437445,,
2026-05-26,2026-05-26,1.550202,102,76,1.342105,15.198061,1,0.980392,1,55-64,unknown,,,,,1.550202,0.980392,,
2026-05-26,2026-05-26,251.742842,9371,6974,1.343705,26.864032,171,1.824779,140,65+,female,4.0,194.75,42.0,0.773607,1.47218,1.493971,62.9357105,0.02857142857142857
2026-05-26,2026-05-26,14.091838,639,518,1.233591,22.052955,8,1.251956,5,65+,male,,,,,1.76148,0.782473,,
2026-05-26,2026-05-26,1.830239,99,71,1.394366,18.48726,1,1.010101,1,65+,unknown,,,,,1.830239,1.010101,,
2026-05-27,2026-05-27,3.139399,153,128,1.195313,20.518951,0,0.0,0,18-24,female,,,,,,,,
2026-05-27,2026-05-27,0.409922,13,13,1.0,31.532429,1,7.692308,0,18-24,male,,,,,0.409922,,,
2026-05-27,2026-05-27,17.246701,842,609,1.382594,20.483017,9,1.068884,7,25-34,female,1.0,59.92,5.0,3.474288,1.9163,0.831354,17.246701,0.14285714285714285
2026-05-27,2026-05-27,1.919633,135,85,1.588235,14.219502,1,0.740741,0,25-34,male,,,,,1.919633,,,
2026-05-27,2026-05-27,0.119977,9,6,1.5,13.330783,0,0.0,0,25-34,unknown,,,,,,,,
2026-05-27,2026-05-27,99.890891,5303,3966,1.337115,18.836676,64,1.206864,62,35-44,female,2.0,99.87,30.0,0.999791,1.560795,1.16915,49.9454455,0.03225806451612903
2026-05-27,2026-05-27,5.558937,403,276,1.460145,13.793887,2,0.496278,2,35-44,male,2.0,75.98,2.0,13.668082,2.779468,0.496278,2.7794685,1.0
2026-05-27,2026-05-27,0.659874,29,23,1.26087,22.754268,1,3.448276,1,35-44,unknown,,,1.0,,0.659874,3.448276,,
2026-05-27,2026-05-27,303.861872,15844,12551,1.26237,19.178356,216,1.363292,182,45-54,female,2.0,119.84,58.0,0.39439,1.406768,1.1487,151.930936,0.01098901098901099
2026-05-27,2026-05-27,16.016936,968,733,1.3206,16.546421,12,1.239669,10,45-54,male,,,1.0,,1.334745,1.033058,,
2026-05-27,2026-05-27,1.299751,82,76,1.078947,15.850626,0,0.0,0,45-54,unknown,,,,,,,,
2026-05-27,2026-05-27,451.113702,21228,16112,1.317527,21.250881,352,1.658187,298,55-64,female,11.0,653.18,106.0,1.447928,1.281573,1.403806,41.01033654545454,0.03691275167785235
2026-05-27,2026-05-27,22.775643,1285,1033,1.24395,17.724236,23,1.789883,19,55-64,male,1.0,39.95,7.0,1.754067,0.990245,1.478599,22.775643,0.05263157894736842
2026-05-27,2026-05-27,4.469145,137,112,1.223214,32.621497,4,2.919708,4,55-64,unknown,,,1.0,,1.117286,2.919708,,
2026-05-27,2026-05-27,305.301596,10953,8247,1.328119,27.873788,264,2.410299,250,65+,female,4.0,181.76,51.0,0.595346,1.156445,2.28248,76.325399,0.016
2026-05-27,2026-05-27,18.746414,718,553,1.298373,26.109211,14,1.949861,15,65+,male,,,1.0,,1.33903,2.089136,,
2026-05-27,2026-05-27,2.049608,109,72,1.513889,18.803742,0,0.0,0,65+,unknown,,,,,,,,
2026-05-28,2026-05-28,2.47,139,119,1.168067,17.769784,1,0.719424,1,18-24,female,,,1.0,,2.47,0.719424,,
2026-05-28,2026-05-28,0.43,40,35,1.142857,10.75,0,0.0,0,18-24,male,,,,,,,,
2026-05-28,2026-05-28,0.11,4,3,1.333333,27.5,0,0.0,0,18-24,unknown,,,,,,,,
2026-05-28,2026-05-28,20.34,991,728,1.361264,20.524723,12,1.210898,12,25-34,female,,,5.0,,1.695,1.210898,,
2026-05-28,2026-05-28,2.75,198,124,1.596774,13.888889,2,1.010101,2,25-34,male,,,1.0,,1.375,1.010101,,
2026-05-28,2026-05-28,0.53,15,6,2.5,35.333333,0,0.0,0,25-34,unknown,,,,,,,,
2026-05-28,2026-05-28,114.02,5729,4158,1.377826,19.902252,96,1.675685,86,35-44,female,1.0,89.88,37.0,0.788283,1.187708,1.501135,114.02,0.011627906976744186
2026-05-28,2026-05-28,7.75,495,378,1.309524,15.656566,2,0.40404,2,35-44,male,,,,,3.875,0.40404,,
2026-05-28,2026-05-28,0.39,35,27,1.296296,11.142857,0,0.0,0,35-44,unknown,,,,,,,,
2026-05-28,2026-05-28,349.65,17150,12874,1.332142,20.387755,228,1.329446,185,45-54,female,6.0,326.56,65.0,0.933963,1.533553,1.078717,58.275,0.032432432432432434
2026-05-28,2026-05-28,21.76,1058,779,1.358151,20.567108,10,0.94518,9,45-54,male,,,2.0,,2.176,0.850662,,
2026-05-28,2026-05-28,2.06,86,76,1.131579,23.953488,0,0.0,0,45-54,unknown,,,,,,,,
2026-05-28,2026-05-28,488.44,22140,16419,1.348438,22.061427,358,1.616983,318,55-64,female,4.0,262.71,72.0,0.537855,1.364358,1.436314,122.11,0.012578616352201259
2026-05-28,2026-05-28,26.58,1282,1026,1.249513,20.733229,17,1.326053,16,55-64,male,,,5.0,,1.563529,1.24805,,
2026-05-28,2026-05-28,3.31,165,116,1.422414,20.060606,3,1.818182,2,55-64,unknown,,,1.0,,1.103333,1.212121,,
2026-05-28,2026-05-28,297.12,10871,8185,1.328161,27.331432,217,1.996137,181,65+,female,6.0,259.66,30.0,0.873923,1.369217,1.66498,49.52,0.03314917127071823
2026-05-28,2026-05-28,19.9,710,546,1.300366,28.028169,15,2.112676,16,65+,male,,,1.0,,1.326667,2.253521,,
2026-05-28,2026-05-28,1.25,123,71,1.732394,10.162602,2,1.626016,2,65+,unknown,,,,,0.625,1.626016,,
2026-05-28,2026-05-28,0.0,0,0,0.0,,0,,0,Unknown,unknown,,,1.0,,,,,
2026-05-29,2026-05-29,3.24,137,118,1.161017,23.649635,2,1.459854,2,18-24,female,,,1.0,,1.62,1.459854,,
2026-05-29,2026-05-29,0.22,20,17,1.176471,11.0,0,0.0,0,18-24,male,,,,,,,,
2026-05-29,2026-05-29,0.0,1,1,1.0,0.0,0,0.0,0,18-24,unknown,,,,,,,,
2026-05-29,2026-05-29,20.05,1012,807,1.254027,19.812253,9,0.889328,8,25-34,female,,,4.0,,2.227778,0.790514,,
2026-05-29,2026-05-29,2.63,182,120,1.516667,14.450549,3,1.648352,3,25-34,male,,,,,0.876667,1.648352,,
2026-05-29,2026-05-29,0.13,18,10,1.8,7.222222,0,0.0,0,25-34,unknown,,,,,,,,
2026-05-29,2026-05-29,117.06,6603,5100,1.294706,17.728305,57,0.863244,47,35-44,female,1.0,59.92,12.0,0.511874,2.053684,0.711798,117.06,0.02127659574468085
2026-05-29,2026-05-29,8.45,565,422,1.338863,14.955752,4,0.707965,4,35-44,male,,,2.0,,2.1125,0.707965,,
2026-05-29,2026-05-29,0.83,52,47,1.106383,15.961538,0,0.0,0,35-44,unknown,,,,,,,,
2026-05-29,2026-05-29,363.81,19850,15827,1.254186,18.32796,232,1.168766,184,45-54,female,5.0,319.58,58.0,0.878426,1.568147,0.926952,72.762,0.02717391304347826
2026-05-29,2026-05-29,23.09,1252,987,1.26849,18.442492,15,1.198083,14,45-54,male,,,4.0,,1.539333,1.118211,,
2026-05-29,2026-05-29,1.56,101,92,1.097826,15.445545,0,0.0,0,45-54,unknown,,,,,,,,
2026-05-29,2026-05-29,545.43,25075,19568,1.281429,21.751944,490,1.954138,409,55-64,female,12.0,680.09,105.0,1.246888,1.113122,1.631107,45.45249999999999,0.029339853300733496
2026-05-29,2026-05-29,23.7,1497,1202,1.245424,15.831663,9,0.601202,7,55-64,male,1.0,54.93,3.0,2.317722,2.633333,0.467602,23.7,0.14285714285714285
2026-05-29,2026-05-29,3.23,217,130,1.669231,14.884793,3,1.382488,1,55-64,unknown,,,,,1.076667,0.460829,,
2026-05-29,2026-05-29,316.34,11909,9203,1.294035,26.563104,234,1.964901,191,65+,female,2.0,119.84,33.0,0.378833,1.35188,1.603829,158.17,0.010471204188481676
2026-05-29,2026-05-29,17.01,817,671,1.217586,20.820073,13,1.591187,11,65+,male,,,1.0,,1.308462,1.346389,,
2026-05-29,2026-05-29,1.68,99,81,1.222222,16.969697,1,1.010101,1,65+,unknown,,,,,1.68,1.010101,,
2026-05-30,2026-05-30,1.98022,109,91,1.197802,18.167156,1,0.917431,1,18-24,female,,,,,1.98022,0.917431,,
2026-05-30,2026-05-30,1.790199,16,12,1.333333,111.887429,0,0.0,0,18-24,male,,,,,,,,
2026-05-30,2026-05-30,0.0,1,1,1.0,0.0,0,0.0,0,18-24,unknown,,,,,,,,
2026-05-30,2026-05-30,15.081675,767,592,1.295608,19.663201,10,1.303781,8,25-34,female,,,2.0,,1.508168,1.043025,,
2026-05-30,2026-05-30,1.180131,108,91,1.186813,10.92714,1,0.925926,0,25-34,male,,,,,1.180131,,,
2026-05-30,2026-05-30,0.060007,11,7,1.571429,5.455151,0,0.0,0,25-34,unknown,,,,,,,,
2026-05-30,2026-05-30,92.750303,4744,3651,1.29937,19.551076,68,1.43339,64,35-44,female,3.0,163.26,36.0,1.76021,1.363975,1.349073,30.91676766666667,0.046875
2026-05-30,2026-05-30,7.870874,386,303,1.273927,20.390866,5,1.295337,4,35-44,male,,,,,1.574175,1.036269,,
2026-05-30,2026-05-30,0.490054,42,35,1.2,11.667963,0,0.0,0,35-44,unknown,,,,,,,,
2026-05-30,2026-05-30,309.354365,14370,11253,1.276993,21.527792,238,1.656228,191,45-54,female,10.0,738.04,77.0,2.385743,1.299808,1.329158,30.935436499999998,0.05235602094240838
2026-05-30,2026-05-30,19.522169,928,727,1.276479,21.03682,12,1.293103,11,45-54,male,,,3.0,,1.626847,1.185345,,
2026-05-30,2026-05-30,0.99011,71,63,1.126984,13.945211,0,0.0,0,45-54,unknown,,,,,,,,
2026-05-30,2026-05-30,453.79041,18435,13966,1.319991,24.615699,351,1.903987,302,55-64,female,4.0,226.58,94.0,0.499305,1.29285,1.638188,113.4476025,0.013245033112582781
2026-05-30,2026-05-30,17.231914,1147,940,1.220213,15.023465,9,0.784656,8,55-64,male,,,1.0,,1.914657,0.697472,,
2026-05-30,2026-05-30,2.890321,117,89,1.314607,24.703599,3,2.564103,3,55-64,unknown,,,,,0.96344,2.564103,,
2026-05-30,2026-05-30,228.415374,7999,6150,1.30065,28.555491,167,2.087761,139,65+,female,3.0,117.66,42.0,0.515114,1.367757,1.737717,76.138458,0.02158273381294964
2026-05-30,2026-05-30,14.681631,596,473,1.260042,24.633609,19,3.187919,16,65+,male,,,2.0,,0.772717,2.684564,,
2026-05-30,2026-05-30,2.180242,98,55,1.781818,22.247369,4,4.081633,4,65+,unknown,,,1.0,,0.545061,4.081633,,
2026-05-30,2026-05-30,0.0,0,0,0.0,,0,,0,Unknown,unknown,,,,,,,,
2026-05-31,2026-05-31,3.130129,128,100,1.28,24.45413,3,2.34375,3,18-24,female,,,1.0,,1.043376,2.34375,,
2026-05-31,2026-05-31,0.430018,24,17,1.411765,17.917403,2,8.333333,2,18-24,male,,,,,0.215009,8.333333,,
2026-05-31,2026-05-31,21.670891,917,683,1.342606,23.632378,11,1.199564,8,25-34,female,,,2.0,,1.970081,0.87241,,
2026-05-31,2026-05-31,2.630108,125,89,1.404494,21.040865,0,0.0,0,25-34,male,,,1.0,,,,,
2026-05-31,2026-05-31,0.110005,10,8,1.25,11.000452,0,0.0,0,25-34,unknown,,,,,,,,
2026-05-31,2026-05-31,117.724839,5599,4000,1.39975,21.026047,92,1.643151,81,35-44,female,2.0,108.43,30.0,0.921046,1.279618,1.446687,58.8624195,0.024691358024691357
2026-05-31,2026-05-31,7.720317,431,319,1.351097,17.912569,4,0.928074,4,35-44,male,,,1.0,,1.930079,0.928074,,
2026-05-31,2026-05-31,0.550023,38,32,1.1875,14.474279,0,0.0,0,35-44,unknown,,,,,,,,
2026-05-31,2026-05-31,403.436584,16498,12483,1.321637,24.453666,311,1.885077,277,45-54,female,4.0,229.77,88.0,0.569532,1.297224,1.678991,100.859146,0.01444043321299639
2026-05-31,2026-05-31,19.540803,981,753,1.302789,19.919269,11,1.121305,11,45-54,male,,,7.0,,1.776437,1.121305,,
2026-05-31,2026-05-31,3.560146,97,80,1.2125,36.70254,3,3.092784,2,45-54,unknown,,,1.0,,1.186715,2.061856,,
2026-05-31,2026-05-31,558.482958,20125,14723,1.366909,27.750706,406,2.017391,352,55-64,female,9.0,826.91,93.0,1.480636,1.375574,1.749068,62.053662,0.02556818181818182
2026-05-31,2026-05-31,31.531296,1225,1001,1.223776,25.739834,10,0.816327,9,55-64,male,,,5.0,,3.15313,0.734694,,
2026-05-31,2026-05-31,1.94008,106,88,1.204545,18.302639,0,0.0,0,55-64,unknown,,,,,,,,
2026-05-31,2026-05-31,270.691127,8863,6446,1.374961,30.541705,232,2.617624,219,65+,female,9.0,485.79,57.0,1.794628,1.166772,2.470947,30.076791888888888,0.0410958904109589
2026-05-31,2026-05-31,15.140622,556,420,1.32381,27.231335,21,3.776978,20,65+,male,,,6.0,,0.720982,3.597122,,
2026-05-31,2026-05-31,1.310054,106,66,1.606061,12.358999,2,1.886792,1,65+,unknown,,,,,0.655027,0.943396,,
2026-06-01,2026-06-01,3.419712,139,116,1.198276,24.602243,6,4.316547,7,18-24,female,,,4.0,,0.569952,5.035971,,
2026-06-01,2026-06-01,0.94992,55,46,1.195652,17.271272,1,1.818182,1,18-24,male,,,,,0.94992,1.818182,,
2026-06-01,2026-06-01,21.338202,1100,832,1.322115,19.398365,17,1.545455,14,25-34,female,1.0,33.95,7.0,1.591043,1.255188,1.272727,21.338202,0.07142857142857142
2026-06-01,2026-06-01,2.659776,210,166,1.26506,12.665599,0,0.0,0,25-34,male,,,,,,,,
2026-06-01,2026-06-01,0.099992,7,7,1.0,14.284511,0,0.0,0,25-34,unknown,,,,,,,,
2026-06-01,2026-06-01,127.659242,6682,4999,1.336667,19.104945,88,1.316971,78,35-44,female,1.0,66.88,30.0,0.523895,1.450673,1.167315,127.659242,0.01282051282051282
2026-06-01,2026-06-01,12.568941,602,430,1.4,20.878639,7,1.162791,8,35-44,male,,,1.0,,1.795563,1.328904,,
2026-06-01,2026-06-01,0.619948,46,44,1.045455,13.477125,1,2.173913,0,35-44,unknown,,,,,0.619948,,,
2026-06-01,2026-06-01,355.080077,17380,13294,1.307357,20.430384,251,1.444189,210,45-54,female,12.0,614.18,81.0,1.729694,1.414662,1.208285,29.590006416666668,0.05714285714285714
2026-06-01,2026-06-01,18.078477,1060,792,1.338384,17.055167,14,1.320755,13,45-54,male,1.0,59.92,5.0,3.314439,1.29132,1.226415,18.078477,0.07692307692307693
2026-06-01,2026-06-01,1.099907,91,85,1.070588,12.086894,0,0.0,0,45-54,unknown,,,,,,,,
2026-06-01,2026-06-01,522.215992,21037,16184,1.299864,24.823691,384,1.825355,317,55-64,female,10.0,710.31,78.0,1.360184,1.359937,1.506869,52.2215992,0.031545741324921134
2026-06-01,2026-06-01,26.247788,1296,975,1.329231,20.252923,21,1.62037,14,55-64,male,1.0,50.65,3.0,1.929686,1.249895,1.080247,26.247788,0.07142857142857142
2026-06-01,2026-06-01,2.659776,178,102,1.745098,14.942561,0,0.0,0,55-64,unknown,,,,,,,,
2026-06-01,2026-06-01,307.664073,10289,7809,1.317582,29.902233,235,2.283993,209,65+,female,6.0,280.71,56.0,0.912391,1.309209,2.031296,51.277345499999996,0.028708133971291867
2026-06-01,2026-06-01,19.878325,739,567,1.303351,26.898951,19,2.571042,13,65+,male,,,2.0,,1.046228,1.759134,,
2026-06-01,2026-06-01,1.739853,89,68,1.308824,19.548914,1,1.123596,1,65+,unknown,,,,,1.739853,1.123596,,
2026-06-02,2026-06-02,9.073383,179,149,1.201342,50.689289,3,1.675978,3,18-24,female,,,3.0,,3.024461,1.675978,,
2026-06-02,2026-06-02,0.370138,25,24,1.041667,14.80552,0,0.0,0,18-24,male,,,,,,,,
2026-06-02,2026-06-02,0.030011,2,2,1.0,15.005594,0,0.0,0,18-24,unknown,,,,,,,,
2026-06-02,2026-06-02,21.588048,1251,980,1.276531,17.256633,16,1.278977,15,25-34,female,,,2.0,,1.349253,1.199041,,
2026-06-02,2026-06-02,3.631354,184,159,1.157233,19.735619,1,0.543478,0,25-34,male,,,,,3.631354,,,
2026-06-02,2026-06-02,0.090034,10,9,1.111111,9.003357,0,0.0,0,25-34,unknown,,,,,,,,
2026-06-02,2026-06-02,126.167037,7201,5622,1.280861,17.520766,91,1.263713,71,35-44,female,,,27.0,,1.386451,0.985974,,
2026-06-02,2026-06-02,13.154904,701,503,1.393638,18.765912,5,0.713267,3,35-44,male,3.0,125.97,4.0,9.575896,2.630981,0.42796,4.384968,1.0
2026-06-02,2026-06-02,1.080403,48,43,1.116279,22.508391,0,0.0,0,35-44,unknown,,,,,,,,
2026-06-02,2026-06-02,372.688943,19622,15255,1.286267,18.993423,240,1.223117,197,45-54,female,11.0,525.33,72.0,1.409567,1.552871,1.003975,33.880812999999996,0.05583756345177665
2026-06-02,2026-06-02,20.047474,1336,1129,1.183348,15.005594,10,0.748503,7,45-54,male,,,,,2.004747,0.523952,,
2026-06-02,2026-06-02,2.050765,117,98,1.193878,17.527902,2,1.709402,1,45-54,unknown,,,1.0,,1.025382,0.854701,,
2026-06-02,2026-06-02,546.533754,24893,19827,1.25551,21.955319,369,1.482344,288,55-64,female,6.0,336.54,108.0,0.615772,1.481121,1.156952,91.088959,0.020833333333333332
2026-06-02,2026-06-02,36.873747,1833,1404,1.305556,20.11661,16,0.872886,11,55-64,male,,,1.0,,2.304609,0.600109,,
2026-06-02,2026-06-02,2.640985,136,116,1.172414,19.419004,0,0.0,0,55-64,unknown,,,,,,,,
2026-06-02,2026-06-02,385.813836,13454,10186,1.320833,28.676515,237,1.761558,184,65+,female,7.0,393.48,57.0,1.01987,1.627906,1.367623,55.116262285714285,0.03804347826086957
2026-06-02,2026-06-02,38.114209,1234,961,1.284079,30.886718,19,1.539708,15,65+,male,,,4.0,,2.006011,1.215559,,
2026-06-02,2026-06-02,2.620977,124,92,1.347826,21.136912,3,2.419355,3,65+,unknown,,,,,0.873659,2.419355,,
2026-06-03,2026-06-03,2.340252,133,120,1.108333,17.59588,1,0.75188,1,18-24,female,,,,,2.340252,0.75188,,
2026-06-03,2026-06-03,0.210023,18,17,1.058824,11.667923,0,0.0,0,18-24,male,,,,,,,,
2026-06-03,2026-06-03,0.050005,2,2,1.0,25.002693,0,0.0,0,18-24,unknown,,,,,,,,
2026-06-03,2026-06-03,24.42263,1321,907,1.45645,18.487987,20,1.514005,19,25-34,female,,,5.0,,1.221132,1.438304,,
2026-06-03,2026-06-03,3.300355,210,130,1.615385,15.715978,2,0.952381,2,25-34,male,,,,,1.650178,0.952381,,
2026-06-03,2026-06-03,0.580062,15,7,2.142857,38.670831,3,20.0,3,25-34,unknown,,,,,0.193354,20.0,,
2026-06-03,2026-06-03,134.464481,7682,5622,1.366418,17.503838,110,1.431919,97,35-44,female,2.0,129.83,27.0,0.965534,1.222404,1.262692,67.2322405,0.020618556701030927
2026-06-03,2026-06-03,10.651147,654,434,1.506912,16.286158,9,1.376147,8,35-44,male,,,2.0,,1.183461,1.223242,,
2026-06-03,2026-06-03,0.670072,50,46,1.086957,13.401443,0,0.0,0,35-44,unknown,,,,,,,,
2026-06-03,2026-06-03,377.860693,20597,15198,1.355244,18.345424,224,1.087537,177,45-54,female,5.0,239.69,74.0,0.634334,1.686878,0.859348,75.5721386,0.02824858757062147
2026-06-03,2026-06-03,19.012047,1319,1001,1.317682,14.413986,12,0.90978,13,45-54,male,,,3.0,,1.584337,0.985595,,
2026-06-03,2026-06-03,1.570169,113,98,1.153061,13.895302,0,0.0,0,45-54,unknown,,,,,,,,
2026-06-03,2026-06-03,566.801041,26764,20229,1.323051,21.17774,396,1.479599,305,55-64,female,6.0,422.65,129.0,0.745676,1.431316,1.13959,94.46684016666667,0.019672131147540985
2026-06-03,2026-06-03,32.953549,1769,1311,1.349352,18.628349,19,1.074053,16,55-64,male,1.0,54.93,4.0,1.666892,1.734397,0.904466,32.953549,0.0625
2026-06-03,2026-06-03,3.080332,150,113,1.327434,20.535545,2,1.333333,2,55-64,unknown,,,1.0,,1.540166,1.333333,,
2026-06-03,2026-06-03,372.290093,14062,10322,1.362333,26.474904,300,2.133409,232,65+,female,7.0,448.15,55.0,1.203766,1.240967,1.649836,53.184299,0.03017241379310345
2026-06-03,2026-06-03,26.362839,1243,948,1.311181,21.209042,29,2.333065,27,65+,male,,,1.0,,0.909063,2.172164,,
2026-06-03,2026-06-03,1.930208,156,94,1.659574,12.373127,0,0.0,0,65+,unknown,,,,,,,,
2026-06-04,2026-06-04,4.419854,161,122,1.319672,27.45251,6,3.726708,5,18-24,female,,,,,0.736642,3.10559,,
2026-06-04,2026-06-04,0.629979,41,35,1.171429,15.365347,0,0.0,0,18-24,male,,,,,,,,
2026-06-04,2026-06-04,0.019999,2,2,1.0,9.99967,0,0.0,0,18-24,unknown,,,,,,,,
2026-06-04,2026-06-04,23.249233,1177,835,1.409581,19.752959,15,1.274427,12,25-34,female,,,3.0,,1.549949,1.019541,,
2026-06-04,2026-06-04,3.439887,195,135,1.444444,17.640444,1,0.512821,0,25-34,male,,,1.0,,3.439887,,,
2026-06-04,2026-06-04,0.119996,7,7,1.0,17.142292,0,0.0,0,25-34,unknown,,,,,,,,
2026-06-04,2026-06-04,134.135574,6365,4359,1.460197,21.073932,92,1.445405,89,35-44,female,3.0,167.7,39.0,1.250228,1.457995,1.398272,44.711858,0.033707865168539325
2026-06-04,2026-06-04,8.49972,577,406,1.421182,14.730883,6,1.039861,6,35-44,male,1.0,59.92,5.0,7.049644,1.41662,1.039861,8.49972,0.16666666666666666
2026-06-04,2026-06-04,0.649979,34,30,1.133333,19.117016,0,0.0,0,35-44,unknown,,,,,,,,
2026-06-04,2026-06-04,366.13792,16332,11404,1.432129,22.418437,276,1.689934,243,45-54,female,4.0,279.27,71.0,0.762745,1.326587,1.487877,91.53448,0.01646090534979424
2026-06-04,2026-06-04,16.729448,1077,781,1.379001,15.533378,2,0.185701,2,45-54,male,,,1.0,,8.364724,0.185701,,
2026-06-04,2026-06-04,1.609947,78,66,1.181818,20.640345,1,1.282051,2,45-54,unknown,,,,,1.609947,2.564103,,
2026-06-04,2026-06-04,547.901923,21161,15250,1.387607,25.892062,426,2.013137,366,55-64,female,17.0,1149.93,138.0,2.098788,1.286155,1.729597,32.22952488235294,0.04644808743169399
2026-06-04,2026-06-04,29.549025,1494,1064,1.404135,19.778464,24,1.606426,21,55-64,male,1.0,75.92,3.0,2.56929,1.231209,1.405622,29.549025,0.047619047619047616
2026-06-04,2026-06-04,3.859873,120,100,1.2,32.165605,0,0.0,0,55-64,unknown,,,,,,,,
2026-06-04,2026-06-04,344.758625,10686,7337,1.456454,32.262645,211,1.974546,182,65+,female,6.0,270.64,66.0,0.785013,1.633927,1.703163,57.45977083333333,0.03296703296703297
2026-06-04,2026-06-04,28.449061,895,621,1.441224,31.786661,18,2.011173,17,65+,male,,,1.0,,1.580503,1.899441,,
2026-06-04,2026-06-04,1.269958,97,78,1.24359,13.092352,4,4.123711,2,65+,unknown,,,,,0.31749,2.061856,,
2026-06-05,2026-06-05,3.020076,172,132,1.30303,17.558582,1,0.581395,1,18-24,female,,,1.0,,3.020076,0.581395,,
2026-06-05,2026-06-05,0.500013,54,37,1.459459,9.259493,0,0.0,0,18-24,male,,,,,,,,
2026-06-05,2026-06-05,0.310008,4,2,2.0,77.501954,1,25.0,1,18-24,unknown,,,,,0.310008,25.0,,
2026-06-05,2026-06-05,29.550745,1298,846,1.534279,22.766368,21,1.617874,20,25-34,female,1.0,39.95,11.0,1.351912,1.407178,1.540832,29.550745,0.05
2026-06-05,2026-06-05,3.710094,251,167,1.502994,14.781249,0,0.0,0,25-34,male,1.0,54.93,4.0,14.805557,,,3.710094,
2026-06-05,2026-06-05,0.100003,11,8,1.375,9.091138,0,0.0,0,25-34,unknown,,,,,,,,
2026-06-05,2026-06-05,153.913881,6504,4449,1.461902,23.664496,107,1.645141,108,35-44,female,2.0,99.87,41.0,0.648869,1.438447,1.660517,76.9569405,0.018518518518518517
2026-06-05,2026-06-05,10.880274,652,397,1.642317,16.687537,0,0.0,0,35-44,male,,,,,,,,
2026-06-05,2026-06-05,0.680017,42,28,1.5,16.190884,0,0.0,0,35-44,unknown,,,,,,,,
2026-06-05,2026-06-05,395.359968,17163,11489,1.493864,23.035598,271,1.578978,244,45-54,female,4.0,289.4,67.0,0.731991,1.458893,1.421663,98.839992,0.01639344262295082
2026-06-05,2026-06-05,19.480491,1189,809,1.469716,16.383929,13,1.093356,11,45-54,male,,,1.0,,1.498499,0.925147,,
2026-06-05,2026-06-05,1.520038,96,73,1.315068,15.833733,2,2.083333,1,45-54,unknown,,,,,0.760019,1.041667,,
2026-06-05,2026-06-05,567.914319,21820,15063,1.448583,26.027237,438,2.007333,391,55-64,female,10.0,685.63,117.0,1.207277,1.296608,1.791934,56.7914319,0.02557544757033248
2026-06-05,2026-06-05,31.34079,1527,1026,1.488304,20.524421,32,2.095612,29,55-64,male,1.0,59.92,8.0,1.911885,0.9794,1.899149,31.34079,0.034482758620689655
2026-06-05,2026-06-05,1.280032,107,75,1.426667,11.962918,2,1.869159,1,55-64,unknown,,,,,0.640016,0.934579,,
2026-06-05,2026-06-05,344.078675,11634,7427,1.566447,29.575269,266,2.286402,264,65+,female,7.0,360.2,55.0,1.046854,1.293529,2.269211,49.15409642857143,0.026515151515151516
2026-06-05,2026-06-05,21.510542,843,640,1.317188,25.516658,16,1.897983,14,65+,male,,,2.0,,1.344409,1.660735,,
2026-06-05,2026-06-05,1.330034,93,63,1.47619,14.301436,2,2.150538,2,65+,unknown,,,,,0.665017,2.150538,,
2026-06-06,2026-06-06,2.100029,130,111,1.171171,16.154067,4,3.076923,3,18-24,female,,,,,0.525007,2.307692,,
2026-06-06,2026-06-06,0.220003,28,19,1.473684,7.85725,0,0.0,0,18-24,male,,,,,,,,
2026-06-06,2026-06-06,0.040001,2,2,1.0,20.000273,0,0.0,0,18-24,unknown,,,,,,,,
2026-06-06,2026-06-06,17.260236,1279,1008,1.268849,13.495102,11,0.860047,9,25-34,female,,,2.0,,1.569112,0.703675,,
2026-06-06,2026-06-06,2.670036,176,141,1.248227,15.170662,4,2.272727,4,25-34,male,1.0,89.88,,33.662461,0.667509,2.272727,2.670036,0.25
2026-06-06,2026-06-06,0.210003,17,15,1.133333,12.35311,0,0.0,0,25-34,unknown,,,,,,,,
2026-06-06,2026-06-06,134.611839,8794,6947,1.26587,15.307237,90,1.023425,74,35-44,female,1.0,54.93,20.0,0.408062,1.495687,0.841483,134.611839,0.013513513513513514
2026-06-06,2026-06-06,7.110097,684,529,1.293006,10.394879,3,0.438596,3,35-44,male,,,,,2.370032,0.438596,,
2026-06-06,2026-06-06,0.76001,79,59,1.338983,9.620385,1,1.265823,1,35-44,unknown,,,1.0,,0.76001,1.265823,,
2026-06-06,2026-06-06,383.195235,27728,23375,1.186225,13.819794,298,1.074726,229,45-54,female,2.0,119.84,65.0,0.312739,1.28589,0.82588,191.5976175,0.008733624454148471
2026-06-06,2026-06-06,22.390306,1571,1295,1.213127,14.252263,15,0.954806,12,45-54,male,,,,,1.492687,0.763845,,
2026-06-06,2026-06-06,2.450033,187,144,1.298611,13.101783,1,0.534759,1,45-54,unknown,,,,,2.450033,0.534759,,
2026-06-06,2026-06-06,536.097324,35635,27924,1.276142,15.044123,473,1.327347,359,55-64,female,8.0,556.24,119.0,1.037573,1.133398,1.007437,67.0121655,0.022284122562674095
2026-06-06,2026-06-06,33.68046,2379,1956,1.216258,14.157402,28,1.176965,25,55-64,male,2.0,112.84,9.0,3.350311,1.202874,1.050862,16.84023,0.08
2026-06-06,2026-06-06,2.130029,182,149,1.221477,11.703457,3,1.648352,2,55-64,unknown,,,,,0.71001,1.098901,,
2026-06-06,2026-06-06,298.284075,15923,12834,1.240689,18.732907,290,1.821265,230,65+,female,1.0,63.13,57.0,0.211644,1.028566,1.444451,298.284075,0.004347826086956522
2026-06-06,2026-06-06,18.720256,1404,1207,1.163215,13.333515,15,1.068376,14,65+,male,,,1.0,,1.248017,0.997151,,
2026-06-06,2026-06-06,2.080028,102,89,1.146067,20.392435,1,0.980392,0,65+,unknown,,,,,2.080028,,,
2026-06-07,2026-06-07,3.48998,158,126,1.253968,22.088482,1,0.632911,1,18-24,female,,,,,3.48998,0.632911,,
2026-06-07,2026-06-07,1.289993,100,67,1.492537,12.899927,1,1.0,1,18-24,male,,,,,1.289993,1.0,,
2026-06-07,2026-06-07,0.03,2,1,2.0,14.999915,0,0.0,0,18-24,unknown,,,,,,,,
2026-06-07,2026-06-07,28.659837,1253,838,1.495227,22.872975,32,2.553871,30,25-34,female,,,4.0,,0.89562,2.394254,,
2026-06-07,2026-06-07,3.929978,224,162,1.382716,17.544543,0,0.0,0,25-34,male,,,,,,,,
2026-06-07,2026-06-07,0.379998,11,10,1.1,34.545258,0,0.0,0,25-34,unknown,,,,,,,,
2026-06-07,2026-06-07,155.589116,7348,4725,1.555132,21.174349,133,1.810016,123,35-44,female,5.0,305.6,43.0,1.964148,1.169843,1.673925,31.117823199999997,0.04065040650406504
2026-06-07,2026-06-07,12.36993,696,402,1.731343,17.772888,6,0.862069,5,35-44,male,,,,,2.061655,0.718391,,
2026-06-07,2026-06-07,1.75999,66,45,1.466667,26.666515,1,1.515152,0,35-44,unknown,,,1.0,,1.75999,,,
2026-06-07,2026-06-07,468.027342,19549,12898,1.515661,23.941242,357,1.82618,321,45-54,female,12.0,724.47,117.0,1.547922,1.311001,1.642028,39.002278499999996,0.037383177570093455
2026-06-07,2026-06-07,20.299885,1192,813,1.466175,17.030105,11,0.922819,7,45-54,male,,,2.0,,1.845444,0.587248,,
2026-06-07,2026-06-07,4.469975,124,78,1.589744,36.048182,4,3.225806,3,45-54,unknown,,,2.0,,1.117494,2.419355,,
2026-06-07,2026-06-07,657.206268,24790,17017,1.456779,26.510943,542,2.186365,478,55-64,female,8.0,525.07,131.0,0.798942,1.212558,1.928197,82.1507835,0.016736401673640166
2026-06-07,2026-06-07,34.039807,1477,1081,1.366327,23.046585,20,1.354096,16,55-64,male,1.0,59.92,3.0,1.760292,1.70199,1.083277,34.039807,0.0625
2026-06-07,2026-06-07,2.719985,180,102,1.764706,15.111025,1,0.555556,1,55-64,unknown,,,,,2.719985,0.555556,,
2026-06-07,2026-06-07,342.198057,11866,7811,1.51914,28.838535,301,2.536659,268,65+,female,16.0,867.32,93.0,2.534556,1.136871,2.258554,21.3873785625,0.05970149253731343
2026-06-07,2026-06-07,21.429878,808,627,1.288676,26.522127,17,2.10396,14,65+,male,,,7.0,,1.260581,1.732673,,
2026-06-07,2026-06-07,2.909983,93,62,1.5,31.290145,1,1.075269,1,65+,unknown,,,,,2.909983,1.075269,,
2026-06-07,2026-06-07,0.04,1,1,1.0,39.999773,0,0.0,0,Unknown,male,,,,,,,,
2026-06-08,2026-06-08,3.689953,241,181,1.331492,15.311007,1,0.414938,0,18-24,female,,,,,3.689953,,,
2026-06-08,2026-06-08,1.109986,103,73,1.410959,10.776561,3,2.912621,2,18-24,male,,,,,0.369995,1.941748,,
2026-06-08,2026-06-08,23.299701,1564,1021,1.531832,14.897507,40,2.557545,42,25-34,female,,,7.0,,0.582493,2.685422,,
2026-06-08,2026-06-08,4.359944,275,183,1.502732,15.854342,1,0.363636,1,25-34,male,,,,,4.359944,0.363636,,
2026-06-08,2026-06-08,0.03,6,6,1.0,4.999936,0,0.0,0,25-34,unknown,,,,,,,,
2026-06-08,2026-06-08,119.518464,7526,5281,1.425109,15.880742,94,1.249003,85,35-44,female,6.0,375.04,34.0,3.137925,1.271473,1.129418,19.919743999999998,0.07058823529411765
2026-06-08,2026-06-08,9.859873,640,424,1.509434,15.406052,8,1.25,7,35-44,male,2.0,101.91,4.0,10.335833,1.232484,1.09375,4.9299365,0.2857142857142857
2026-06-08,2026-06-08,1.509981,69,47,1.468085,21.883777,1,1.449275,0,35-44,unknown,,,,,1.509981,,,
2026-06-08,2026-06-08,383.085076,20974,15382,1.363542,18.26476,295,1.406503,262,45-54,female,9.0,704.63,77.0,1.839356,1.298593,1.249166,42.565008444444445,0.03435114503816794
2026-06-08,2026-06-08,18.119767,1267,844,1.501185,14.301316,11,0.868193,8,45-54,male,1.0,89.88,6.0,4.960329,1.647252,0.631413,18.119767,0.125
2026-06-08,2026-06-08,1.939975,124,97,1.278351,15.64496,1,0.806452,1,45-54,unknown,,,,,1.939975,0.806452,,
2026-06-08,2026-06-08,567.11271,28213,21438,1.316028,20.101113,455,1.612732,367,55-64,female,15.0,1299.09,126.0,2.290709,1.246402,1.300819,37.807514,0.04087193460490463
2026-06-08,2026-06-08,27.449647,1515,1173,1.29156,18.118579,28,1.848185,25,55-64,male,,,8.0,,0.980345,1.650165,,
2026-06-08,2026-06-08,3.469955,193,128,1.507813,17.979044,1,0.518135,0,55-64,unknown,,,,,3.469955,,,
2026-06-08,2026-06-08,368.705261,14995,11039,1.358366,24.588547,300,2.000667,287,65+,female,9.0,506.82,73.0,1.374594,1.229018,1.913971,40.967251222222224,0.0313588850174216
2026-06-08,2026-06-08,18.979756,942,699,1.347639,20.148361,31,3.29087,33,65+,male,,,2.0,,0.61225,3.503185,,
2026-06-08,2026-06-08,3.649953,125,104,1.201923,29.199625,5,4.0,7,65+,unknown,,,3.0,,0.729991,5.6,,
2026-06-08,2026-06-08,0.01,1,1,1.0,9.999871,0,0.0,0,Unknown,female,,,,,,,,
2026-06-08,2026-06-08,0.0,0,0,0.0,,11,,0,Unknown,unknown,,,,,0.0,,,
2026-06-09,2026-06-09,8.310408,725,624,1.161859,11.462632,5,0.689655,5,18-24,female,,,1.0,,1.662082,0.689655,,
2026-06-09,2026-06-09,8.120399,1329,1254,1.059809,6.110157,4,0.300978,4,18-24,male,,,,,2.0301,0.300978,,
2026-06-09,2026-06-09,0.120006,18,17,1.058824,6.666994,0,0.0,0,18-24,unknown,,,,,,,,
2026-06-09,2026-06-09,40.702,2437,1847,1.319437,16.701682,30,1.231022,27,25-34,female,1.0,24.97,6.0,0.613483,1.356733,1.10792,40.702,0.037037037037037035
2026-06-09,2026-06-09,15.87078,2149,1962,1.095311,7.385193,8,0.372266,6,25-34,male,,,,,1.983847,0.2792,,
2026-06-09,2026-06-09,0.310015,25,22,1.136364,12.400609,1,4.0,1,25-34,unknown,,,,,0.310015,4.0,,
2026-06-09,2026-06-09,160.7979,8189,5802,1.41141,19.635841,117,1.428746,96,35-44,female,2.0,209.72,46.0,1.304246,1.374341,1.172304,80.39895,0.020833333333333332
2026-06-09,2026-06-09,18.350902,1970,1552,1.26933,9.315178,17,0.862944,14,35-44,male,,,3.0,,1.079465,0.71066,,
2026-06-09,2026-06-09,1.800088,82,58,1.413793,21.952298,3,3.658537,2,35-44,unknown,,,,,0.600029,2.439024,,
2026-06-09,2026-06-09,449.792098,19050,13445,1.416884,23.611134,272,1.427822,235,45-54,female,9.0,599.27,90.0,1.332327,1.653647,1.233596,49.97689977777778,0.03829787234042553
2026-06-09,2026-06-09,24.381198,1824,1485,1.228283,13.366885,10,0.548246,9,45-54,male,1.0,74.9,2.0,3.072039,2.43812,0.493421,24.381198,0.1111111111111111
2026-06-09,2026-06-09,4.240208,137,92,1.48913,30.950426,2,1.459854,2,45-54,unknown,,,1.0,,2.120104,1.459854,,
2026-06-09,2026-06-09,626.71079,24601,17463,1.40875,25.475013,420,1.707248,358,55-64,female,10.0,686.54,134.0,1.095465,1.492169,1.455225,62.671079,0.027932960893854747
2026-06-09,2026-06-09,30.391493,1858,1450,1.281379,16.357101,19,1.022605,20,55-64,male,1.0,59.92,4.0,1.971604,1.599552,1.076426,30.391493,0.05
2026-06-09,2026-06-09,4.47022,215,124,1.733871,20.791719,7,3.255814,4,55-64,unknown,,,,,0.638603,1.860465,,
2026-06-09,2026-06-09,414.450362,14120,9893,1.427272,29.352009,299,2.117564,267,65+,female,8.0,455.03,81.0,1.097912,1.386122,1.890935,51.80629525,0.0299625468164794
2026-06-09,2026-06-09,21.501056,1046,819,1.277167,20.555503,18,1.720841,14,65+,male,,,1.0,,1.194503,1.338432,,
2026-06-09,2026-06-09,1.570077,104,86,1.209302,15.096896,2,1.923077,1,65+,unknown,,,,,0.785039,0.961538,,
2026-06-09,2026-06-09,0.0,0,0,0.0,,1,,0,Unknown,unknown,,,6.0,,0.0,,,
2026-06-10,2026-06-10,8.729565,625,490,1.27551,13.967304,6,0.96,6,18-24,female,,,,,1.454927,0.96,,
2026-06-10,2026-06-10,3.749813,516,465,1.109677,7.26708,1,0.193798,1,18-24,male,,,,,3.749813,0.193798,,
2026-06-10,2026-06-10,0.019999,4,4,1.0,4.999751,0,0.0,0,18-24,unknown,,,,,,,,
2026-06-10,2026-06-10,56.687174,2987,2317,1.289167,18.977963,33,1.104787,30,25-34,female,,,14.0,,1.717793,1.004352,,
2026-06-10,2026-06-10,13.509327,1455,1256,1.158439,9.284761,7,0.4811,6,25-34,male,1.0,49.97,1.0,3.698926,1.929904,0.412371,13.509327,0.16666666666666666
2026-06-10,2026-06-10,0.259987,18,16,1.125,14.443725,0,0.0,0,25-34,unknown,,,,,,,,
2026-06-10,2026-06-10,194.160322,8885,6628,1.340525,21.852597,123,1.384356,100,35-44,female,2.0,119.84,46.0,0.617222,1.578539,1.125492,97.080161,0.02
2026-06-10,2026-06-10,20.009003,1719,1499,1.146765,11.639908,8,0.465387,9,35-44,male,,,1.0,,2.501125,0.52356,,
2026-06-10,2026-06-10,1.179941,57,44,1.295455,20.700723,0,0.0,0,35-44,unknown,,,,,,,,
2026-06-10,2026-06-10,466.25676,19271,13423,1.43567,24.194736,339,1.75912,271,45-54,female,10.0,644.24,122.0,1.381728,1.375389,1.406258,46.625676,0.03690036900369004
2026-06-10,2026-06-10,24.958756,1666,1337,1.246073,14.981246,15,0.90036,12,45-54,male,,,3.0,,1.663917,0.720288,,
2026-06-10,2026-06-10,2.039898,112,79,1.417722,18.213378,1,0.892857,1,45-54,unknown,,,,,2.039898,0.892857,,
2026-06-10,2026-06-10,605.049842,23933,18398,1.300848,25.280986,404,1.688046,320,55-64,female,6.0,261.65,123.0,0.432444,1.497648,1.337066,100.84164033333333,0.01875
2026-06-10,2026-06-10,30.078501,1643,1266,1.297788,18.307061,15,0.912964,14,55-64,male,,,1.0,,2.005233,0.8521,,
2026-06-10,2026-06-10,2.769862,133,96,1.385417,20.82603,2,1.503759,2,55-64,unknown,,,,,1.384931,1.503759,,
2026-06-10,2026-06-10,355.482281,12355,9084,1.360084,28.772342,251,2.031566,204,65+,female,7.0,364.52,54.0,1.025424,1.416264,1.651153,50.783183,0.03431372549019608
2026-06-10,2026-06-10,19.26904,918,754,1.217507,20.990239,11,1.198257,6,65+,male,,,2.0,,1.751731,0.653595,,
2026-06-10,2026-06-10,1.369932,94,64,1.46875,14.573742,0,0.0,0,65+,unknown,,,,,,,,
2026-06-10,2026-06-10,0.029999,2,2,1.0,14.999252,0,0.0,0,Unknown,female,,,,,,,,
2026-06-11,2026-06-11,5.410438,343,250,1.372,15.773873,1,0.291545,1,18-24,female,,,,,5.410438,0.291545,,
2026-06-11,2026-06-11,1.350109,150,129,1.162791,9.000729,2,1.333333,2,18-24,male,,,,,0.675055,1.333333,,
2026-06-11,2026-06-11,0.050004,3,2,1.5,16.668017,0,0.0,0,18-24,unknown,,,,,,,,
2026-06-11,2026-06-11,35.532879,1795,1364,1.315982,19.795476,12,0.668524,11,25-34,female,,,3.0,,2.961073,0.612813,,
2026-06-11,2026-06-11,5.710463,526,361,1.457064,10.856393,3,0.570342,2,25-34,male,,,1.0,,1.903488,0.380228,,
2026-06-11,2026-06-11,0.180015,17,12,1.416667,10.589093,0,0.0,0,25-34,unknown,,,,,,,,
2026-06-11,2026-06-11,138.971261,8358,6000,1.393,16.627334,101,1.208423,80,35-44,female,1.0,59.92,23.0,0.431168,1.375953,0.957167,138.971261,0.0125
2026-06-11,2026-06-11,9.200746,752,568,1.323944,12.235034,13,1.728723,10,35-44,male,,,3.0,,0.70775,1.329787,,
2026-06-11,2026-06-11,1.190096,45,36,1.25,26.446587,0,0.0,0,35-44,unknown,,,,,,,,
2026-06-11,2026-06-11,373.360253,19983,14793,1.350842,18.683894,249,1.246059,187,45-54,female,7.0,717.01,96.0,1.920424,1.499439,0.935795,53.337179,0.0374331550802139
2026-06-11,2026-06-11,18.921533,1252,915,1.368306,15.113046,16,1.277955,9,45-54,male,1.0,21.97,6.0,1.161111,1.182596,0.71885,18.921533,0.1111111111111111
2026-06-11,2026-06-11,1.010082,100,84,1.190476,10.100818,1,1.0,1,45-54,unknown,,,,,1.010082,1.0,,
2026-06-11,2026-06-11,538.613643,24824,18689,1.328268,21.697295,456,1.836932,362,55-64,female,12.0,886.23,134.0,1.645391,1.18117,1.458266,44.88447025,0.03314917127071823
2026-06-11,2026-06-11,29.74241,1438,1054,1.364326,20.683178,21,1.460362,19,55-64,male,,,3.0,,1.416305,1.32128,,
2026-06-11,2026-06-11,1.710139,139,100,1.39,12.303155,2,1.438849,1,55-64,unknown,,,,,0.855069,0.719424,,
2026-06-11,2026-06-11,301.664444,12468,9034,1.38012,24.195095,250,2.005133,182,65+,female,3.0,139.8,42.0,0.463429,1.206658,1.459737,100.55481466666667,0.016483516483516484
2026-06-11,2026-06-11,17.081384,773,601,1.28619,22.097521,13,1.681759,11,65+,male,,,3.0,,1.313953,1.423027,,
2026-06-11,2026-06-11,1.250101,75,63,1.190476,16.668017,0,0.0,0,65+,unknown,,,,,,,,
2026-06-11,2026-06-11,0.0,0,0,0.0,,0,,0,Unknown,unknown,,,,,,,,
2026-06-12,2026-06-12,5.510199,205,154,1.331169,26.879018,4,1.95122,4,18-24,female,,,,,1.37755,1.95122,,
2026-06-12,2026-06-12,0.380014,26,22,1.181818,14.615912,0,0.0,0,18-24,male,,,,,,,,
2026-06-12,2026-06-12,23.140834,1334,983,1.35707,17.346952,16,1.1994,14,25-34,female,,,2.0,,1.446302,1.049475,,
2026-06-12,2026-06-12,3.730134,211,138,1.528986,17.678363,2,0.947867,1,25-34,male,,,1.0,,1.865067,0.473934,,
2026-06-12,2026-06-12,0.380014,11,6,1.833333,34.5467,0,0.0,0,25-34,unknown,,,,,,,,
2026-06-12,2026-06-12,128.574636,7224,5205,1.387896,17.798261,75,1.038206,63,35-44,female,2.0,149.8,36.0,1.165082,1.714328,0.872093,64.287318,0.031746031746031744
2026-06-12,2026-06-12,9.580345,544,368,1.478261,17.610929,4,0.735294,2,35-44,male,,,1.0,,2.395086,0.367647,,
2026-06-12,2026-06-12,0.630023,39,33,1.181818,16.154429,0,0.0,0,35-44,unknown,,,,,,,,
2026-06-12,2026-06-12,370.133345,18503,13779,1.342841,20.003964,237,1.280873,185,45-54,female,6.0,364.23,76.0,0.984051,1.561744,0.999838,61.68889083333334,0.032432432432432434
2026-06-12,2026-06-12,17.19062,1108,816,1.357843,15.515,9,0.812274,6,45-54,male,1.0,59.92,5.0,3.485622,1.910069,0.541516,17.19062,0.16666666666666666
2026-06-12,2026-06-12,0.990036,85,73,1.164384,11.647479,1,1.176471,0,45-54,unknown,,,,,0.990036,,,
2026-06-12,2026-06-12,512.008461,22340,17039,1.31111,22.918911,364,1.629364,275,55-64,female,11.0,574.2,112.0,1.121466,1.406617,1.230976,46.546223727272725,0.04
2026-06-12,2026-06-12,35.911295,1347,974,1.382957,26.660204,25,1.855976,25,55-64,male,3.0,177.98,18.0,4.956101,1.436452,1.855976,11.970431666666668,0.12
2026-06-12,2026-06-12,2.140077,195,87,2.241379,10.974755,1,0.512821,0,55-64,unknown,,,,,2.140077,,,
2026-06-12,2026-06-12,259.939372,10170,7532,1.350239,25.559427,181,1.779744,145,65+,female,3.0,102.07,62.0,0.392668,1.436129,1.425762,86.64645733333333,0.020689655172413793
2026-06-12,2026-06-12,15.110545,665,512,1.298828,22.722624,16,2.406015,21,65+,male,1.0,39.95,4.0,2.643849,0.944409,3.157895,15.110545,0.047619047619047616
2026-06-12,2026-06-12,1.39005,70,53,1.320755,19.857859,0,0.0,0,65+,unknown,,,,,,,,
2026-06-13,2026-06-13,5.329965,221,156,1.416667,24.11749,4,1.809955,4,18-24,female,,,1.0,,1.332491,1.809955,,
2026-06-13,2026-06-13,0.469997,40,31,1.290323,11.749923,0,0.0,0,18-24,male,,,,,,,,
2026-06-13,2026-06-13,28.339815,1275,900,1.416667,22.227306,17,1.333333,16,25-34,female,,,4.0,,1.667048,1.254902,,
2026-06-13,2026-06-13,4.419971,205,127,1.614173,21.560835,2,0.97561,2,25-34,male,,,,,2.209986,0.97561,,
2026-06-13,2026-06-13,0.089999,6,6,1.0,14.999902,0,0.0,0,25-34,unknown,,,,,,,,
2026-06-13,2026-06-13,147.599038,6798,4573,1.486552,21.712127,105,1.544572,88,35-44,female,5.0,290.59,42.0,1.96878,1.405705,1.294498,29.5198076,0.056818181818181816
2026-06-13,2026-06-13,10.549931,528,342,1.54386,19.98093,12,2.272727,11,35-44,male,,,4.0,,0.879161,2.083333,,
2026-06-13,2026-06-13,0.719995,31,20,1.55,23.225655,0,0.0,0,35-44,unknown,,,,,,,,
2026-06-13,2026-06-13,422.01725,18295,12792,1.430191,23.067354,253,1.382892,201,45-54,female,7.0,509.32,102.0,1.20687,1.668052,1.098661,60.28817857142857,0.03482587064676617
2026-06-13,2026-06-13,21.799858,1160,782,1.483376,18.792981,6,0.517241,5,45-54,male,,,1.0,,3.63331,0.431034,,
2026-06-13,2026-06-13,1.48999,104,73,1.424658,14.32683,1,0.961538,1,45-54,unknown,,,,,1.48999,0.961538,,
2026-06-13,2026-06-13,560.006351,22762,16095,1.414228,24.602687,423,1.85836,345,55-64,female,7.0,439.42,145.0,0.78467,1.323892,1.515684,80.00090728571429,0.020289855072463767
2026-06-13,2026-06-13,29.509808,1322,925,1.429189,22.322094,19,1.437216,14,55-64,male,1.0,24.97,9.0,0.846159,1.553148,1.059002,29.509808,0.07142857142857142
2026-06-13,2026-06-13,2.039987,158,83,1.903614,12.911308,2,1.265823,2,55-64,unknown,,,,,1.019993,1.265823,,
2026-06-13,2026-06-13,276.558198,10723,7059,1.519054,25.791122,220,2.051665,168,65+,female,6.0,349.54,58.0,1.263893,1.257083,1.566726,46.093033,0.03571428571428571
2026-06-13,2026-06-13,22.639852,704,479,1.469729,32.158881,9,1.278409,9,65+,male,2.0,79.9,8.0,3.529175,2.515539,1.278409,11.319926,0.2222222222222222
2026-06-13,2026-06-13,0.959994,98,64,1.53125,9.795855,1,1.020408,1,65+,unknown,,,1.0,,0.959994,1.020408,,
2026-06-13,2026-06-13,0.02,1,1,1.0,19.99987,0,0.0,0,Unknown,female,,,,,,,,
2026-06-14,2026-06-14,5.60013,227,178,1.275281,24.670177,3,1.321586,1,18-24,female,,,,,1.86671,0.440529,,
2026-06-14,2026-06-14,0.470011,24,22,1.090909,19.583788,0,0.0,0,18-24,male,,,,,,,,
2026-06-14,2026-06-14,0.060001,3,1,3.0,20.000465,0,0.0,0,18-24,unknown,,,,,,,,
2026-06-14,2026-06-14,32.030744,1593,1223,1.302535,20.107184,15,0.94162,13,25-34,female,2.0,264.59,9.0,8.260501,2.135383,0.81607,16.015372,0.15384615384615385
2026-06-14,2026-06-14,3.270076,170,139,1.223022,19.235741,1,0.588235,1,25-34,male,,,,,3.270076,0.588235,,
2026-06-14,2026-06-14,0.160004,15,14,1.071429,10.666915,0,0.0,0,25-34,unknown,,,,,,,,
2026-06-14,2026-06-14,153.013556,9101,6828,1.332894,16.812829,84,0.922976,70,35-44,female,6.0,499.53,42.0,3.264613,1.82159,0.769146,25.50225933333333,0.08571428571428572
2026-06-14,2026-06-14,8.260192,581,433,1.341801,14.217198,2,0.344234,2,35-44,male,,,,,4.130096,0.344234,,
2026-06-14,2026-06-14,0.830019,57,43,1.325581,14.561742,2,3.508772,1,35-44,unknown,,,,,0.41501,1.754386,,
2026-06-14,2026-06-14,456.350604,25465,19433,1.3104,17.920699,321,1.260554,244,45-54,female,11.0,711.18,106.0,1.558407,1.421653,0.958178,41.48641854545454,0.045081967213114756
2026-06-14,2026-06-14,22.970534,1390,1048,1.326336,16.525564,17,1.223022,12,45-54,male,,,4.0,,1.351208,0.863309,,
2026-06-14,2026-06-14,1.790042,119,100,1.19,15.042366,1,0.840336,1,45-54,unknown,,,,,1.790042,0.840336,,
2026-06-14,2026-06-14,633.284715,30191,23374,1.291649,20.975944,475,1.573317,357,55-64,female,5.0,271.49,128.0,0.428701,1.333231,1.182472,126.656943,0.014005602240896359
2026-06-14,2026-06-14,40.170933,1805,1358,1.329161,22.255365,25,1.385042,18,55-64,male,,,7.0,,1.606837,0.99723,,
2026-06-14,2026-06-14,5.460127,185,144,1.284722,29.514199,0,0.0,0,55-64,unknown,,,,,,,,
2026-06-14,2026-06-14,327.387607,13008,10313,1.261321,25.168174,249,1.914207,202,65+,female,9.0,628.16,85.0,1.918704,1.31481,1.552891,36.376400777777775,0.04455445544554455
2026-06-14,2026-06-14,29.190678,1063,854,1.244731,27.460657,17,1.599247,14,65+,male,1.0,59.92,3.0,2.05271,1.717099,1.317027,29.190678,0.07142857142857142
2026-06-14,2026-06-14,1.130026,95,70,1.357143,11.895013,0,0.0,0,65+,unknown,,,,,,,,
2026-06-15,2026-06-15,5.219781,234,174,1.344828,22.306755,3,1.282051,3,18-24,female,,,,,1.739927,1.282051,,
2026-06-15,2026-06-15,1.019957,30,25,1.2,33.998571,0,0.0,0,18-24,male,,,,,,,,
2026-06-15,2026-06-15,0.069997,4,4,1.0,17.499265,0,0.0,0,18-24,unknown,,,,,,,,
2026-06-15,2026-06-15,35.858493,1541,1147,1.343505,23.269626,17,1.10318,15,25-34,female,1.0,69.96,7.0,1.951002,2.109323,0.973394,35.858493,0.06666666666666667
2026-06-15,2026-06-15,4.709802,241,143,1.685315,19.542747,2,0.829876,1,25-34,male,,,,,2.354901,0.414938,,
2026-06-15,2026-06-15,1.349943,17,12,1.416667,79.408427,2,11.764706,1,25-34,unknown,,,,,0.674972,5.882353,,
2026-06-15,2026-06-15,136.224275,7126,5243,1.359146,19.116513,102,1.431378,73,35-44,female,1.0,59.92,34.0,0.439863,1.335532,1.024418,136.224275,0.0136986301369863
2026-06-15,2026-06-15,9.099618,594,395,1.503797,15.319221,3,0.505051,4,35-44,male,1.0,119.84,1.0,13.169784,3.033206,0.673401,9.099618,0.25
2026-06-15,2026-06-15,0.649973,56,35,1.6,11.606655,0,0.0,0,35-44,unknown,,,,,,,,
2026-06-15,2026-06-15,403.953022,19984,14767,1.353288,20.213822,286,1.431145,219,45-54,female,3.0,159.79,96.0,0.395566,1.412423,1.095877,134.65100733333333,0.0136986301369863
2026-06-15,2026-06-15,17.36927,1124,844,1.331754,15.453087,13,1.156584,11,45-54,male,,,7.0,,1.336098,0.978648,,
2026-06-15,2026-06-15,1.839923,113,85,1.329412,16.282502,2,1.769912,1,45-54,unknown,,,,,0.919961,0.884956,,
2026-06-15,2026-06-15,604.484594,26596,19185,1.386291,22.728403,442,1.661904,354,55-64,female,13.0,764.04,135.0,1.263953,1.367612,1.331027,46.49881492307692,0.03672316384180791
2026-06-15,2026-06-15,40.818284,1735,1243,1.395817,23.526389,26,1.498559,20,55-64,male,,,2.0,,1.569934,1.152738,,
2026-06-15,2026-06-15,3.349859,146,117,1.247863,22.944241,0,0.0,0,55-64,unknown,,,,,,,,
2026-06-15,2026-06-15,363.80471,13750,10414,1.320338,26.458524,269,1.956364,225,65+,female,7.0,434.43,61.0,1.19413,1.352434,1.636364,51.97210142857143,0.03111111111111111
2026-06-15,2026-06-15,33.798579,1147,846,1.355792,29.466939,22,1.918047,18,65+,male,2.0,119.84,8.0,3.545711,1.536299,1.569311,16.8992895,0.1111111111111111
2026-06-15,2026-06-15,1.889921,149,97,1.536082,12.684031,0,0.0,0,65+,unknown,,,,,,,,
2026-06-16,2026-06-16,8.139908,317,214,1.481308,25.677943,2,0.630915,2,18-24,female,1.0,59.92,2.0,7.361263,4.069954,0.630915,8.139908,0.5
2026-06-16,2026-06-16,1.499983,85,59,1.440678,17.64686,0,0.0,0,18-24,male,,,,,,,,
2026-06-16,2026-06-16,0.02,4,3,1.333333,4.999944,1,25.0,1,18-24,unknown,,,,,0.02,25.0,,
2026-06-16,2026-06-16,43.749506,1828,1234,1.481361,23.93299,23,1.258206,20,25-34,female,,,8.0,,1.902152,1.094092,,
2026-06-16,2026-06-16,6.379928,350,180,1.944444,18.228366,4,1.142857,3,25-34,male,,,,,1.594982,0.857143,,
2026-06-16,2026-06-16,0.479995,17,11,1.545455,28.234975,0,0.0,0,25-34,unknown,,,,,,,,
2026-06-16,2026-06-16,175.578017,8495,5851,1.451889,20.668395,111,1.306651,86,35-44,female,2.0,104.93,57.0,0.597626,1.581784,1.01236,87.7890085,0.023255813953488372
2026-06-16,2026-06-16,12.749856,699,434,1.610599,18.240137,10,1.430615,6,35-44,male,,,1.0,,1.274986,0.858369,,
2026-06-16,2026-06-16,0.839991,58,44,1.318182,14.482595,1,1.724138,1,35-44,unknown,,,1.0,,0.839991,1.724138,,
2026-06-16,2026-06-16,460.264802,22689,16668,1.361231,20.285813,338,1.489709,258,45-54,female,9.0,510.44,130.0,1.109014,1.36173,1.137115,51.14053355555555,0.03488372093023256
2026-06-16,2026-06-16,27.939684,1490,959,1.553702,18.751466,15,1.006711,12,45-54,male,,,3.0,,1.862646,0.805369,,
2026-06-16,2026-06-16,2.529971,125,92,1.358696,20.239771,2,1.6,2,45-54,unknown,,,,,1.264986,1.6,,
2026-06-16,2026-06-16,613.57307,28161,20948,1.344329,21.788043,478,1.697383,358,55-64,female,13.0,848.71,141.0,1.383226,1.283626,1.271262,47.19792846153847,0.036312849162011177
2026-06-16,2026-06-16,37.929572,1704,1185,1.437975,22.259138,16,0.938967,12,55-64,male,1.0,39.95,4.0,1.053268,2.370598,0.704225,37.929572,0.08333333333333333
2026-06-16,2026-06-16,4.119953,184,114,1.614035,22.391051,2,1.086957,1,55-64,unknown,,,,,2.059977,0.543478,,
2026-06-16,2026-06-16,334.076227,13956,10150,1.374975,23.937821,316,2.264259,257,65+,female,5.0,244.68,64.0,0.732408,1.057203,1.841502,66.81524540000001,0.019455252918287938
2026-06-16,2026-06-16,38.249568,1162,773,1.503234,32.917012,36,3.098107,43,65+,male,,,5.0,,1.062488,3.700516,,
2026-06-16,2026-06-16,2.749969,183,88,2.079545,15.027153,4,2.185792,3,65+,unknown,,,,,0.687492,1.639344,,
2026-06-16,2026-06-16,0.01,1,1,1.0,9.999887,0,0.0,0,Unknown,female,,,,,,,,
2026-06-17,2026-06-17,4.730376,233,185,1.259459,20.302041,2,0.858369,1,18-24,female,,,,,2.365188,0.429185,,
2026-06-17,2026-06-17,1.330106,122,94,1.297872,10.902505,0,0.0,0,18-24,male,,,,,,,,
2026-06-17,2026-06-17,0.160013,2,2,1.0,80.006352,0,0.0,0,18-24,unknown,,,,,,,,
2026-06-17,2026-06-17,32.402572,1536,1157,1.327571,21.095425,22,1.432292,18,25-34,female,,,8.0,,1.472844,1.171875,,
2026-06-17,2026-06-17,5.330423,339,215,1.576744,15.723962,1,0.294985,1,25-34,male,1.0,89.88,,16.861701,5.330423,0.294985,5.330423,1.0
2026-06-17,2026-06-17,0.180014,12,8,1.5,15.001191,0,0.0,0,25-34,unknown,,,,,,,,
2026-06-17,2026-06-17,131.88047,7862,5666,1.387575,16.774417,81,1.030272,72,35-44,female,3.0,136.61,29.0,1.035862,1.628154,0.915798,43.96015666666667,0.041666666666666664
2026-06-17,2026-06-17,13.161045,776,502,1.545817,16.960109,6,0.773196,3,35-44,male,,,4.0,,2.193507,0.386598,,
2026-06-17,2026-06-17,0.88007,38,30,1.266667,23.159733,1,2.631579,1,35-44,unknown,,,1.0,,0.88007,2.631579,,
2026-06-17,2026-06-17,399.011678,20844,15212,1.370234,19.142759,306,1.468048,249,45-54,female,9.0,549.3,131.0,1.376651,1.30396,1.194588,44.33463088888889,0.03614457831325301
2026-06-17,2026-06-17,20.681642,1352,971,1.392379,15.297072,9,0.66568,8,45-54,male,,,1.0,,2.29796,0.591716,,
2026-06-17,2026-06-17,1.2601,114,83,1.373494,11.053509,1,0.877193,1,45-54,unknown,,,1.0,,1.2601,0.877193,,
2026-06-17,2026-06-17,542.393061,25320,18825,1.34502,21.421527,391,1.544234,324,55-64,female,16.0,872.74,162.0,1.609055,1.387195,1.279621,33.8995663125,0.04938271604938271
2026-06-17,2026-06-17,28.582269,1559,1148,1.358014,18.33372,25,1.603592,22,55-64,male,,,3.0,,1.143291,1.411161,,
2026-06-17,2026-06-17,1.910152,115,94,1.223404,16.610014,0,0.0,0,55-64,unknown,,,,,,,,
2026-06-17,2026-06-17,300.16383,12270,8693,1.411481,24.46323,231,1.882641,202,65+,female,2.0,99.87,60.0,0.332718,1.299411,1.646292,150.081915,0.009900990099009901
2026-06-17,2026-06-17,25.07199,851,580,1.467241,29.461798,26,3.055229,22,65+,male,,,3.0,,0.964307,2.585194,,
2026-06-17,2026-06-17,2.360187,102,73,1.39726,23.139092,1,0.980392,0,65+,unknown,,,,,2.360187,,,
2026-06-17,2026-06-17,0.020002,2,2,1.0,10.000794,0,0.0,0,Unknown,female,,,,,,,,
2026-06-18,2026-06-18,5.820069,368,301,1.222591,15.815404,1,0.271739,1,18-24,female,,,,,5.820069,0.271739,,
2026-06-18,2026-06-18,1.400017,273,259,1.054054,5.128266,2,0.732601,1,18-24,male,,,,,0.700008,0.3663,,
2026-06-18,2026-06-18,0.01,5,4,1.25,2.000024,0,0.0,0,18-24,unknown,,,,,,,,
2026-06-18,2026-06-18,32.360381,1795,1372,1.308309,18.028068,18,1.002786,15,25-34,female,1.0,39.94,1.0,1.234225,1.797799,0.835655,32.360381,0.06666666666666667
2026-06-18,2026-06-18,4.860057,454,396,1.146465,10.704972,2,0.440529,2,25-34,male,,,,,2.430029,0.440529,,
2026-06-18,2026-06-18,0.300004,15,15,1.0,20.000236,0,0.0,0,25-34,unknown,,,,,,,,
2026-06-18,2026-06-18,151.981791,8996,6738,1.335114,16.894374,98,1.089373,79,35-44,female,3.0,169.78,46.0,1.117108,1.550835,0.878168,50.660596999999996,0.0379746835443038
2026-06-18,2026-06-18,14.240168,821,597,1.375209,17.344906,6,0.730816,5,35-44,male,,,,,2.373361,0.609013,,
2026-06-18,2026-06-18,0.670008,48,33,1.454545,13.958498,0,0.0,0,35-44,unknown,,,,,,,,
2026-06-18,2026-06-18,422.324978,24434,19502,1.252897,17.284316,324,1.326021,253,45-54,female,6.0,449.5,104.0,1.064346,1.303472,1.035442,70.38749633333333,0.023715415019762844
2026-06-18,2026-06-18,25.960306,1585,1177,1.346644,16.378742,17,1.072555,11,45-54,male,,,6.0,,1.527077,0.694006,,
2026-06-18,2026-06-18,2.900034,140,95,1.473684,20.71453,2,1.428571,2,45-54,unknown,,,1.0,,1.450017,1.428571,,
2026-06-18,2026-06-18,596.197027,29409,23096,1.273337,20.272605,437,1.48594,342,55-64,female,12.0,622.8,128.0,1.044621,1.364295,1.162909,49.68308558333334,0.03508771929824561
2026-06-18,2026-06-18,38.370452,1842,1398,1.317597,20.830864,10,0.542888,7,55-64,male,,,2.0,,3.837045,0.380022,,
2026-06-18,2026-06-18,4.350051,201,143,1.405594,21.642046,6,2.985075,3,55-64,unknown,,,,,0.725009,1.492537,,
2026-06-18,2026-06-18,363.13428,13972,10662,1.310448,25.990143,251,1.79645,204,65+,female,4.0,234.69,73.0,0.64629,1.44675,1.460063,90.78357,0.0196078431372549
2026-06-18,2026-06-18,30.390358,1080,843,1.281139,28.139221,30,2.777778,27,65+,male,,,6.0,,1.013012,2.5,,
2026-06-18,2026-06-18,1.610019,97,82,1.182927,16.598134,1,1.030928,1,65+,unknown,,,,,1.610019,1.030928,,
2026-06-19,2026-06-19,6.660071,436,349,1.249284,15.275392,2,0.458716,1,18-24,female,,,,,3.330035,0.229358,,
2026-06-19,2026-06-19,1.770019,163,151,1.07947,10.859011,2,1.226994,2,18-24,male,,,,,0.885009,1.226994,,
2026-06-19,2026-06-19,0.050001,6,5,1.2,8.333422,0,0.0,0,18-24,unknown,,,,,,,,
2026-06-19,2026-06-19,44.590474,1975,1623,1.216882,22.577455,20,1.012658,14,25-34,female,,,3.0,,2.229524,0.708861,,
2026-06-19,2026-06-19,7.390079,485,342,1.418129,15.237275,3,0.618557,3,25-34,male,,,,,2.46336,0.618557,,
2026-06-19,2026-06-19,0.180002,14,13,1.076923,12.857279,0,0.0,0,25-34,unknown,,,,,,,,
2026-06-19,2026-06-19,181.121925,9959,7593,1.311603,18.186758,127,1.275228,97,35-44,female,3.0,154.8,54.0,0.854673,1.426157,0.973993,60.373975,0.030927835051546393
2026-06-19,2026-06-19,11.970127,778,583,1.334477,15.385768,3,0.385604,2,35-44,male,,,,,3.990042,0.257069,,
2026-06-19,2026-06-19,0.730008,42,37,1.135135,17.381137,0,0.0,0,35-44,unknown,,,,,,,,
2026-06-19,2026-06-19,479.305093,25257,18242,1.384552,18.977119,339,1.342202,256,45-54,female,6.0,389.27,108.0,0.812155,1.413879,1.01358,79.88418216666666,0.0234375
2026-06-19,2026-06-19,31.410334,1454,1026,1.417154,21.602705,15,1.031637,14,45-54,male,,,3.0,,2.094022,0.962861,,
2026-06-19,2026-06-19,3.010032,144,92,1.565217,20.903,5,3.472222,4,45-54,unknown,,,3.0,,0.602006,2.777778,,
2026-06-19,2026-06-19,656.966981,28852,21414,1.347343,22.770241,490,1.698322,384,55-64,female,12.0,690.89,165.0,1.051636,1.340749,1.33093,54.74724841666667,0.03125
2026-06-19,2026-06-19,34.940371,1691,1243,1.360418,20.66255,27,1.596688,22,55-64,male,,,10.0,,1.294088,1.301005,,
2026-06-19,2026-06-19,3.030032,179,119,1.504202,16.927554,2,1.117318,2,55-64,unknown,,,2.0,,1.515016,1.117318,,
2026-06-19,2026-06-19,379.944037,13389,9926,1.348882,28.377327,295,2.203301,251,65+,female,4.0,317.01,78.0,0.83436,1.287946,1.874673,94.98600925,0.01593625498007968
2026-06-19,2026-06-19,36.68039,910,674,1.350148,40.308121,24,2.637363,25,65+,male,,,1.0,,1.52835,2.747253,,
2026-06-19,2026-06-19,2.350025,129,85,1.517647,18.217248,1,0.775194,1,65+,unknown,,,,,2.350025,0.775194,,
2026-06-19,2026-06-19,0.0,0,0,0.0,,0,,0,Unknown,unknown,,,,,,,,
2026-06-20,2026-06-20,6.789961,341,276,1.235507,19.91191,1,0.293255,1,18-24,female,,,,,6.789961,0.293255,,
2026-06-20,2026-06-20,0.959995,84,76,1.105263,11.428506,0,0.0,0,18-24,male,,,,,,,,
2026-06-20,2026-06-20,0.109999,6,6,1.0,18.333229,0,0.0,0,18-24,unknown,,,,,,,,
2026-06-20,2026-06-20,33.039811,1652,1292,1.278638,19.999886,17,1.029056,16,25-34,female,,,2.0,,1.943518,0.968523,,
2026-06-20,2026-06-20,4.989972,325,242,1.342975,15.353759,1,0.307692,0,25-34,male,,,,,4.989972,,,
2026-06-20,2026-06-20,0.089999,12,10,1.2,7.499957,0,0.0,0,25-34,unknown,,,,,,,,
2026-06-20,2026-06-20,164.67906,8871,6291,1.41011,18.563754,101,1.138541,93,35-44,female,,,36.0,,1.630486,1.04836,,
2026-06-20,2026-06-20,13.439923,780,601,1.297837,17.230671,3,0.384615,1,35-44,male,,,1.0,,4.479974,0.128205,,
2026-06-20,2026-06-20,0.659996,59,45,1.311111,11.186377,0,0.0,0,35-44,unknown,,,,,,,,
2026-06-20,2026-06-20,456.327396,22811,16500,1.382485,20.004708,345,1.512428,279,45-54,female,13.0,805.9,138.0,1.766057,1.322688,1.223094,35.10210738461539,0.04659498207885305
2026-06-20,2026-06-20,25.739853,1469,1044,1.407088,17.522024,23,1.565691,19,45-54,male,,,6.0,,1.119124,1.293397,,
2026-06-20,2026-06-20,3.56998,123,84,1.464286,29.024225,3,2.439024,2,45-54,unknown,,,,,1.189993,1.626016,,
2026-06-20,2026-06-20,597.956588,25816,19173,1.346477,23.162248,459,1.777967,364,55-64,female,13.0,866.89,159.0,1.449754,1.302738,1.409978,45.99666061538461,0.03571428571428571
2026-06-20,2026-06-20,35.0198,1573,1194,1.31742,22.263064,22,1.398601,21,55-64,male,1.0,49.98,6.0,1.427193,1.591809,1.335029,35.0198,0.047619047619047616
2026-06-20,2026-06-20,2.629985,134,114,1.175439,19.626754,2,1.492537,2,55-64,unknown,,,1.0,,1.314993,1.492537,,
2026-06-20,2026-06-20,374.717862,12265,8620,1.422854,30.551803,266,2.168773,243,65+,female,6.0,318.58,94.0,0.850186,1.408714,1.981247,62.452977000000004,0.024691358024691357
2026-06-20,2026-06-20,28.789836,951,679,1.400589,30.273224,17,1.787592,15,65+,male,,,2.0,,1.69352,1.577287,,
2026-06-20,2026-06-20,3.099982,85,72,1.180556,36.47038,2,2.352941,1,65+,unknown,,,,,1.549991,1.176471,,
2026-06-21,2026-06-21,8.250414,490,365,1.342466,16.83758,4,0.816327,4,18-24,female,,,1.0,,2.062604,0.816327,,
2026-06-21,2026-06-21,2.300115,346,301,1.149502,6.647733,3,0.867052,3,18-24,male,,,,,0.766705,0.867052,,
2026-06-21,2026-06-21,0.210011,16,10,1.6,13.125659,0,0.0,0,18-24,unknown,,,,,,,,
2026-06-21,2026-06-21,41.8221,2675,1930,1.38601,15.63443,23,0.859813,20,25-34,female,,,7.0,,1.818352,0.747664,,
2026-06-21,2026-06-21,13.760691,1971,1643,1.199635,6.981578,11,0.558092,10,25-34,male,2.0,335.14,6.0,24.354882,1.250972,0.507357,6.8803455,0.2
2026-06-21,2026-06-21,0.220011,12,12,1.0,18.334254,0,0.0,0,25-34,unknown,,,,,,,,
2026-06-21,2026-06-21,203.400212,12656,8613,1.469407,16.071445,152,1.201011,121,35-44,female,2.0,129.83,64.0,0.638298,1.338159,0.956068,101.700106,0.01652892561983471
2026-06-21,2026-06-21,27.841398,3568,2990,1.193311,7.803082,11,0.308296,11,35-44,male,,,3.0,,2.531036,0.308296,,
2026-06-21,2026-06-21,0.880044,83,65,1.276923,10.602942,1,1.204819,0,35-44,unknown,,,,,0.880044,,,
2026-06-21,2026-06-21,553.6978,31893,22188,1.437399,17.361107,388,1.216568,313,45-54,female,9.0,671.1,145.0,1.212033,1.427056,0.981407,61.52197777777778,0.02875399361022364
2026-06-21,2026-06-21,44.192219,3940,3216,1.225124,11.216299,29,0.736041,25,45-54,male,,,5.0,,1.52387,0.634518,,
2026-06-21,2026-06-21,2.360118,171,124,1.379032,13.801863,1,0.584795,1,45-54,unknown,,,1.0,,2.360118,0.584795,,
2026-06-21,2026-06-21,792.069768,38420,27421,1.401116,20.616079,646,1.681416,529,55-64,female,13.0,964.85,213.0,1.218138,1.226114,1.376887,60.92844369230769,0.024574669187145556
2026-06-21,2026-06-21,53.332678,3506,2646,1.325019,15.21183,43,1.226469,32,55-64,male,1.0,21.97,11.0,0.411943,1.240295,0.912721,53.332678,0.03125
2026-06-21,2026-06-21,3.630182,199,154,1.292208,18.242122,4,2.01005,1,55-64,unknown,,,,,0.907546,0.502513,,
2026-06-21,2026-06-21,406.100389,16649,11737,1.418506,24.391879,313,1.879993,278,65+,female,6.0,354.53,79.0,0.873011,1.297445,1.66977,67.68339816666666,0.02158273381294964
2026-06-21,2026-06-21,34.741744,1908,1510,1.263576,18.208461,32,1.677149,45,65+,male,,,1.0,,1.08568,2.358491,,
2026-06-21,2026-06-21,2.080104,126,89,1.41573,16.508765,2,1.587302,2,65+,unknown,,,,,1.040052,1.587302,,
2026-06-21,2026-06-21,0.030002,2,2,1.0,15.000753,0,0.0,0,Unknown,female,,,,,,,,
2026-06-21,2026-06-21,0.0,0,0,0.0,,0,,0,Unknown,unknown,,,,,,,,
2026-06-22,2026-06-22,14.829361,1620,1358,1.192931,9.153926,10,0.617284,8,18-24,female,,,,,1.482936,0.493827,,
2026-06-22,2026-06-22,13.479419,2602,2276,1.143234,5.180407,12,0.461184,12,18-24,male,,,,,1.123285,0.461184,,
2026-06-22,2026-06-22,0.139994,26,21,1.238095,5.384383,0,0.0,0,18-24,unknown,,,,,,,,
2026-06-22,2026-06-22,47.097969,3999,3264,1.225184,11.777437,21,0.525131,15,25-34,female,1.0,27.96,3.0,0.593656,2.24276,0.375094,47.097969,0.06666666666666667
2026-06-22,2026-06-22,22.639024,3734,3338,1.118634,6.062942,14,0.374933,14,25-34,male,,,,,1.617073,0.374933,,
2026-06-22,2026-06-22,0.479979,46,34,1.352941,10.434333,0,0.0,0,25-34,unknown,,,,,,,,
2026-06-22,2026-06-22,175.81242,12066,8728,1.382447,14.570895,134,1.110559,113,35-44,female,4.0,374.5,52.0,2.130111,1.312033,0.936516,43.953105,0.035398230088495575
2026-06-22,2026-06-22,22.079048,3068,2650,1.157736,7.196561,14,0.456323,13,35-44,male,,,2.0,,1.577075,0.423729,,
2026-06-22,2026-06-22,1.029956,83,75,1.106667,12.409104,0,0.0,0,35-44,unknown,,,,,,,,
2026-06-22,2026-06-22,479.18934,30250,22510,1.343847,15.84097,348,1.150413,277,45-54,female,9.0,488.33,130.0,1.019075,1.376981,0.915702,53.24326,0.032490974729241874
2026-06-22,2026-06-22,38.368346,3230,2482,1.30137,11.878745,31,0.959752,26,45-54,male,1.0,24.97,18.0,0.650797,1.237689,0.804954,38.368346,0.038461538461538464
2026-06-22,2026-06-22,2.339899,147,111,1.324324,15.917681,0,0.0,0,45-54,unknown,,,,,,,,
2026-06-22,2026-06-22,725.008742,38257,28826,1.32717,18.951009,595,1.555271,464,55-64,female,14.0,729.89,168.0,1.006733,1.218502,1.21285,51.78633871428571,0.03017241379310345
2026-06-22,2026-06-22,43.448127,3504,2619,1.337915,12.39958,32,0.913242,26,55-64,male,,,5.0,,1.357754,0.742009,,
2026-06-22,2026-06-22,3.459851,207,154,1.344156,16.714255,2,0.966184,1,55-64,unknown,,,,,1.729925,0.483092,,
2026-06-22,2026-06-22,461.500103,19439,13710,1.41787,23.740938,386,1.985699,326,65+,female,9.0,426.59,104.0,0.924355,1.195596,1.677041,51.277789222222225,0.027607361963190184
2026-06-22,2026-06-22,33.85854,2032,1528,1.329843,16.662667,32,1.574803,29,65+,male,1.0,59.92,4.0,1.769716,1.058079,1.427165,33.85854,0.034482758620689655
2026-06-22,2026-06-22,2.719883,174,132,1.318182,15.63151,4,2.298851,3,65+,unknown,,,,,0.679971,1.724138,,
2026-06-23,2026-06-23,10.060095,1013,912,1.110746,9.930993,9,0.88845,10,18-24,female,,,,,1.117788,0.987167,,
2026-06-23,2026-06-23,10.870103,1991,1867,1.066417,5.45962,18,0.904068,17,18-24,male,,,,,0.603895,0.853842,,
2026-06-23,2026-06-23,0.04,11,11,1.0,3.636398,0,0.0,0,18-24,unknown,,,,,,,,
2026-06-23,2026-06-23,39.730377,3452,2824,1.22238,11.509379,49,1.419467,47,25-34,female,2.0,246.46,16.0,6.203314,0.810824,1.36153,19.8651885,0.0425531914893617
2026-06-23,2026-06-23,25.640243,4503,4119,1.093227,5.694036,19,0.421941,20,25-34,male,,,2.0,,1.349486,0.444148,,
2026-06-23,2026-06-23,0.540005,42,29,1.448276,12.857265,0,0.0,0,25-34,unknown,,,,,,,,
2026-06-23,2026-06-23,160.511523,10971,8377,1.309657,14.630528,120,1.093793,111,35-44,female,3.0,179.76,35.0,1.11992,1.337596,1.011758,53.503841,0.02702702702702703
2026-06-23,2026-06-23,29.670282,4807,4262,1.127874,6.172307,23,0.478469,22,35-44,male,,,7.0,,1.290012,0.457666,,
2026-06-23,2026-06-23,0.760007,81,66,1.227273,9.382805,0,0.0,0,35-44,unknown,,,,,,,,
2026-06-23,2026-06-23,485.304606,26566,20034,1.326046,18.267884,311,1.170669,257,45-54,female,3.0,171.56,99.0,0.35351,1.560465,0.967402,161.768202,0.011673151750972763
2026-06-23,2026-06-23,42.940408,4476,3641,1.229333,9.593478,27,0.603217,26,45-54,male,1.0,39.95,13.0,0.930359,1.590385,0.580876,42.940408,0.038461538461538464
2026-06-23,2026-06-23,2.560024,160,130,1.230769,16.000152,2,1.25,2,45-54,unknown,,,,,1.280012,1.25,,
2026-06-23,2026-06-23,730.456933,33193,23910,1.388248,22.006355,511,1.539481,442,55-64,female,16.0,929.33,165.0,1.272258,1.429466,1.331606,45.6535583125,0.03619909502262444
2026-06-23,2026-06-23,54.950522,3924,3060,1.282353,14.003701,39,0.993884,38,55-64,male,,,8.0,,1.408988,0.9684,,
2026-06-23,2026-06-23,3.11003,204,144,1.416667,15.245243,2,0.980392,2,55-64,unknown,,,,,1.555015,0.980392,,
2026-06-23,2026-06-23,471.134471,17633,12287,1.435094,26.718906,320,1.814779,270,65+,female,9.0,518.23,82.0,1.099962,1.472295,1.53122,52.348274555555555,0.03333333333333333
2026-06-23,2026-06-23,36.960351,2258,1830,1.23388,16.368623,43,1.90434,40,65+,male,,,2.0,,0.859543,1.771479,,
2026-06-23,2026-06-23,2.040019,135,115,1.173913,15.111255,1,0.740741,1,65+,unknown,,,,,2.040019,0.740741,,
2026-06-23,2026-06-23,0.01,1,1,1.0,10.000095,0,0.0,0,Unknown,male,,,,,,,,
2026-06-24,2026-06-24,3.400034,149,128,1.164063,22.81902,2,1.342282,2,18-24,female,,,,,1.700017,1.342282,,
2026-06-24,2026-06-24,0.260003,19,19,1.0,13.684347,0,0.0,0,18-24,male,,,,,,,,
2026-06-24,2026-06-24,0.03,2,2,1.0,15.00015,0,0.0,0,18-24,unknown,,,,,,,,
2026-06-24,2026-06-24,26.770268,1235,869,1.421174,21.67633,10,0.809717,9,25-34,female,,,,,2.677027,0.728745,,
2026-06-24,2026-06-24,3.930039,192,122,1.57377,20.468955,0,0.0,0,25-34,male,,,,,,,,
2026-06-24,2026-06-24,0.450005,7,5,1.4,64.286357,0,0.0,0,25-34,unknown,,,,,,,,
2026-06-24,2026-06-24,137.771377,6681,4937,1.353251,20.621371,97,1.451878,80,35-44,female,3.0,219.62,38.0,1.59409,1.420323,1.197426,45.92379233333333,0.0375
2026-06-24,2026-06-24,13.550135,636,425,1.496471,21.305244,7,1.100629,5,35-44,male,,,2.0,,1.935734,0.786164,,
2026-06-24,2026-06-24,0.320003,28,27,1.037037,11.428686,0,0.0,0,35-44,unknown,,,,,,,,
2026-06-24,2026-06-24,464.874646,20375,15678,1.299592,22.815934,272,1.334969,222,45-54,female,10.0,644.41,104.0,1.386202,1.709098,1.089571,46.487464599999996,0.04504504504504504
2026-06-24,2026-06-24,35.560355,1489,1150,1.294783,23.882039,18,1.208865,16,45-54,male,,,6.0,,1.975575,1.074547,,
2026-06-24,2026-06-24,2.490025,104,78,1.333333,23.942547,0,0.0,0,45-54,unknown,,,,,,,,
2026-06-24,2026-06-24,703.41703,26326,20147,1.306696,26.71948,438,1.663754,344,55-64,female,11.0,894.1,139.0,1.271081,1.605975,1.306693,63.947002727272725,0.03197674418604651
2026-06-24,2026-06-24,49.180492,2002,1480,1.352703,24.56568,30,1.498502,24,55-64,male,,,12.0,,1.63935,1.198801,,
2026-06-24,2026-06-24,3.660037,144,96,1.5,25.416921,5,3.472222,4,55-64,unknown,,,1.0,,0.732007,2.777778,,
2026-06-24,2026-06-24,507.695074,14480,10348,1.399304,35.061814,270,1.864641,244,65+,female,6.0,327.37,79.0,0.644816,1.880352,1.685083,84.61584566666666,0.02459016393442623
2026-06-24,2026-06-24,45.800458,1177,866,1.359122,38.912878,16,1.359388,12,65+,male,,,1.0,,2.862529,1.019541,,
2026-06-24,2026-06-24,1.830018,98,78,1.25641,18.673656,1,1.020408,0,65+,unknown,,,,,1.830018,,,
2026-06-24,2026-06-24,0.270003,6,6,1.0,45.00045,0,0.0,0,Unknown,female,,,,,,,,
2026-06-24,2026-06-24,0.0,0,0,0.0,,0,,0,Unknown,unknown,,,,,,,,
2026-06-25,2026-06-25,5.660114,168,141,1.191489,33.691155,2,1.190476,2,18-24,female,,,,,2.830057,1.190476,,
2026-06-25,2026-06-25,0.650013,57,56,1.017857,11.403739,1,1.754386,1,18-24,male,,,,,0.650013,1.754386,,
2026-06-25,2026-06-25,0.02,3,2,1.5,6.666801,0,0.0,0,18-24,unknown,,,,,,,,
2026-06-25,2026-06-25,27.210548,1149,860,1.336047,23.681939,15,1.305483,14,25-34,female,,,2.0,,1.814037,1.218451,,
2026-06-25,2026-06-25,2.48005,178,134,1.328358,13.932865,1,0.561798,1,25-34,male,,,,,2.48005,0.561798,,
2026-06-25,2026-06-25,0.060001,5,4,1.25,12.000242,0,0.0,0,25-34,unknown,,,,,,,,
2026-06-25,2026-06-25,150.713038,7130,5263,1.354741,21.137873,94,1.318373,86,35-44,female,4.0,195.08,35.0,1.29438,1.60333,1.206171,37.6782595,0.046511627906976744
2026-06-25,2026-06-25,13.750277,624,445,1.402247,22.035701,8,1.282051,9,35-44,male,1.0,41.93,3.0,3.049393,1.718785,1.442308,13.750277,0.1111111111111111
2026-06-25,2026-06-25,0.770016,40,26,1.538462,19.250388,0,0.0,0,35-44,unknown,,,,,,,,
2026-06-25,2026-06-25,479.829671,21638,16311,1.326589,22.175324,258,1.192347,199,45-54,female,11.0,749.42,97.0,1.561846,1.859805,0.919678,43.62087918181818,0.05527638190954774
2026-06-25,2026-06-25,35.24071,1682,1299,1.294842,20.951671,23,1.36742,17,45-54,male,1.0,59.92,6.0,1.700306,1.532205,1.010702,35.24071,0.058823529411764705
2026-06-25,2026-06-25,1.450029,97,78,1.24359,14.948755,0,0.0,0,45-54,unknown,,,,,,,,
2026-06-25,2026-06-25,703.884186,28042,21511,1.303612,25.101069,472,1.68319,390,55-64,female,11.0,634.82,131.0,0.901881,1.49128,1.390771,63.98947145454545,0.028205128205128206
2026-06-25,2026-06-25,54.751103,2368,1707,1.387229,23.121243,34,1.435811,27,55-64,male,1.0,63.88,6.0,1.166734,1.610327,1.140203,54.751103,0.037037037037037035
2026-06-25,2026-06-25,3.060062,151,116,1.301724,20.265309,0,0.0,0,55-64,unknown,,,,,,,,
2026-06-25,2026-06-25,461.899309,14459,10851,1.332504,31.945453,273,1.888097,226,65+,female,7.0,399.27,63.0,0.864409,1.691939,1.56304,65.98561557142857,0.030973451327433628
2026-06-25,2026-06-25,39.580798,1115,835,1.335329,35.498473,33,2.959641,28,65+,male,,,4.0,,1.199418,2.511211,,
2026-06-25,2026-06-25,3.45007,115,88,1.306818,30.000605,1,0.869565,1,65+,unknown,,,,,3.45007,0.869565,,
2026-06-25,2026-06-25,0.200004,1,1,1.0,200.004031,0,0.0,0,Unknown,male,,,,,,,,
2026-06-26,2026-06-26,6.04066,191,161,1.186335,31.626492,0,0.0,0,18-24,female,,,,,,,,
2026-06-26,2026-06-26,0.250027,29,27,1.074074,8.621632,0,0.0,0,18-24,male,,,,,,,,
2026-06-26,2026-06-26,0.020002,6,6,1.0,3.333698,0,0.0,0,18-24,unknown,,,,,,,,
2026-06-26,2026-06-26,29.373209,1365,1078,1.266234,21.518834,21,1.538462,16,25-34,female,,,5.0,,1.398724,1.172161,,
2026-06-26,2026-06-26,4.640507,216,146,1.479452,21.483829,3,1.388889,3,25-34,male,,,3.0,,1.546836,1.388889,,
2026-06-26,2026-06-26,0.360039,12,10,1.2,30.003278,1,8.333333,1,25-34,unknown,,,,,0.360039,8.333333,,
2026-06-26,2026-06-26,151.656569,8869,7033,1.261055,17.099624,105,1.183899,86,35-44,female,1.0,71.01,33.0,0.468229,1.444348,0.96967,151.656569,0.011627906976744186
2026-06-26,2026-06-26,16.221772,795,599,1.327212,20.404745,5,0.628931,5,35-44,male,,,,,3.244354,0.628931,,
2026-06-26,2026-06-26,0.540059,55,46,1.195652,9.819255,0,0.0,0,35-44,unknown,,,,,,,,
2026-06-26,2026-06-26,515.256293,25904,21014,1.232702,19.890993,307,1.185145,231,45-54,female,5.0,462.85,86.0,0.898291,1.678359,0.891754,103.05125860000001,0.021645021645021644
2026-06-26,2026-06-26,45.254944,1919,1501,1.278481,23.582566,12,0.625326,11,45-54,male,,,,,3.771245,0.573215,,
2026-06-26,2026-06-26,3.010329,144,120,1.2,20.905062,0,0.0,0,45-54,unknown,,,,,,,,
2026-06-26,2026-06-26,718.268472,30837,24106,1.279225,23.292424,440,1.426857,338,55-64,female,5.0,312.34,117.0,0.434851,1.632428,1.096086,143.6536944,0.014792899408284023
2026-06-26,2026-06-26,68.09744,2804,1913,1.465761,24.28582,29,1.034237,25,55-64,male,,,6.0,,2.348188,0.891583,,
2026-06-26,2026-06-26,2.630287,162,123,1.317073,16.236342,0,0.0,0,55-64,unknown,,,,,,,,
2026-06-26,2026-06-26,400.413746,13890,10913,1.272794,28.827484,241,1.735061,195,65+,female,8.0,448.55,68.0,1.120216,1.661468,1.403888,50.05171825,0.041025641025641026
2026-06-26,2026-06-26,47.825225,1244,929,1.339074,38.444715,29,2.33119,19,65+,male,1.0,95.82,7.0,2.003545,1.649146,1.527331,47.825225,0.05263157894736842
2026-06-26,2026-06-26,3.790414,108,80,1.35,35.096427,5,4.62963,5,65+,unknown,,,,,0.758083,4.62963,,
2026-06-26,2026-06-26,0.030003,2,2,1.0,15.001639,0,0.0,0,Unknown,female,,,,,,,,
2026-06-26,2026-06-26,0.020002,1,1,1.0,20.002185,0,0.0,0,Unknown,male,,,,,,,,
2026-06-27,2026-06-27,5.0,197,168,1.172619,25.380711,3,1.522843,3,18-24,female,,,,,1.666667,1.522843,,
2026-06-27,2026-06-27,2.36,57,48,1.1875,41.403509,2,3.508772,2,18-24,male,,,1.0,,1.18,3.508772,,
2026-06-27,2026-06-27,0.04,3,2,1.5,13.333333,0,0.0,0,18-24,unknown,,,,,,,,
2026-06-27,2026-06-27,31.22,1574,1232,1.277597,19.834816,21,1.33418,18,25-34,female,,,5.0,,1.486667,1.143583,,
2026-06-27,2026-06-27,4.73,376,316,1.189873,12.579787,2,0.531915,2,25-34,male,,,,,2.365,0.531915,,
2026-06-27,2026-06-27,0.24,13,11,1.181818,18.461538,0,0.0,0,25-34,unknown,,,,,,,,
2026-06-27,2026-06-27,165.35,9294,7437,1.249697,17.791048,79,0.850011,73,35-44,female,1.0,57.9,33.0,0.350166,2.093038,0.785453,165.35,0.0136986301369863
2026-06-27,2026-06-27,18.59,1006,875,1.149714,18.479125,10,0.994036,6,35-44,male,,,2.0,,1.859,0.596421,,
2026-06-27,2026-06-27,1.05,60,47,1.276596,17.5,0,0.0,0,35-44,unknown,,,,,,,,
2026-06-27,2026-06-27,583.98,29664,23669,1.253285,19.686489,351,1.183252,276,45-54,female,12.0,937.08,134.0,1.604644,1.663761,0.930421,48.665,0.043478260869565216
2026-06-27,2026-06-27,51.46,2455,1980,1.239899,20.961303,27,1.099796,22,45-54,male,1.0,89.88,10.0,1.746599,1.905926,0.89613,51.46,0.045454545454545456
2026-06-27,2026-06-27,2.75,152,135,1.125926,18.092105,1,0.657895,0,45-54,unknown,,,,,2.75,,,
2026-06-27,2026-06-27,830.63,35879,27340,1.312326,23.150868,556,1.549653,444,55-64,female,7.0,346.06,160.0,0.416624,1.493939,1.237493,118.66142857142857,0.015765765765765764
2026-06-27,2026-06-27,78.58,3095,2342,1.32152,25.389338,37,1.195477,30,55-64,male,,,7.0,,2.123784,0.969305,,
2026-06-27,2026-06-27,7.45,218,168,1.297619,34.174312,5,2.293578,3,55-64,unknown,,,,,1.49,1.376147,,
2026-06-27,2026-06-27,485.19,16283,12502,1.302432,29.797335,320,1.96524,263,65+,female,3.0,153.72,84.0,0.316824,1.516219,1.615181,161.73,0.011406844106463879
2026-06-27,2026-06-27,54.19,1497,1253,1.194733,36.199065,36,2.40481,33,65+,male,,,3.0,,1.505278,2.204409,,
2026-06-27,2026-06-27,3.06,129,106,1.216981,23.72093,4,3.100775,4,65+,unknown,,,1.0,,0.765,3.100775,,
2026-06-27,2026-06-27,0.01,1,1,1.0,10.0,0,0.0,0,Unknown,male,,,,,,,,
2026-06-27,2026-06-27,0.0,0,0,0.0,,0,,0,Unknown,unknown,,,1.0,,,,,
2026-06-28,2026-06-28,4.8,335,281,1.192171,14.328358,1,0.298507,0,18-24,female,,,,,4.8,,,
2026-06-28,2026-06-28,2.27,319,300,1.063333,7.115987,2,0.626959,2,18-24,male,,,,,1.135,0.626959,,
2026-06-28,2026-06-28,0.02,3,3,1.0,6.666667,0,0.0,0,18-24,unknown,,,,,,,,
2026-06-28,2026-06-28,36.16,2264,1857,1.219171,15.971731,20,0.883392,18,25-34,female,1.0,41.93,11.0,1.159569,1.808,0.795053,36.16,0.05555555555555555
2026-06-28,2026-06-28,10.86,1279,1157,1.105445,8.491009,3,0.234558,3,25-34,male,,,,,3.62,0.234558,,
2026-06-28,2026-06-28,0.54,18,12,1.5,30.0,0,0.0,0,25-34,unknown,,,,,,,,
2026-06-28,2026-06-28,160.66,9658,7904,1.221913,16.634914,104,1.076828,85,35-44,female,,,32.0,,1.544808,0.880099,,
2026-06-28,2026-06-28,23.22,2613,2269,1.151609,8.886338,11,0.420972,11,35-44,male,,,2.0,,2.110909,0.420972,,
2026-06-28,2026-06-28,1.37,64,53,1.207547,21.40625,1,1.5625,0,35-44,unknown,,,,,1.37,,,
2026-06-28,2026-06-28,531.96,26923,21211,1.269294,19.758571,331,1.229432,269,45-54,female,10.0,481.2,139.0,0.904579,1.60713,0.999146,53.196000000000005,0.03717472118959108
2026-06-28,2026-06-28,63.52,3494,2847,1.227257,18.179737,29,0.829994,24,45-54,male,,,5.0,,2.190345,0.686892,,
2026-06-28,2026-06-28,1.92,118,99,1.191919,16.271186,1,0.847458,1,45-54,unknown,,,,,1.92,0.847458,,
2026-06-28,2026-06-28,817.25,33397,25949,1.287025,24.470761,557,1.667814,458,55-64,female,4.0,194.15,159.0,0.237565,1.467235,1.371381,204.3125,0.008733624454148471
2026-06-28,2026-06-28,76.51,3672,2899,1.266644,20.836057,44,1.198257,35,55-64,male,,,8.0,,1.738864,0.953159,,
2026-06-28,2026-06-28,5.21,202,158,1.278481,25.792079,2,0.990099,2,55-64,unknown,,,,,2.605,0.990099,,
2026-06-28,2026-06-28,499.89,15576,11196,1.391211,32.093606,356,2.285568,309,65+,female,6.0,302.03,95.0,0.604193,1.404185,1.983821,83.315,0.019417475728155338
2026-06-28,2026-06-28,63.77,2023,1634,1.238066,31.522491,27,1.334652,26,65+,male,1.0,63.88,5.0,1.001725,2.361852,1.28522,63.77,0.038461538461538464
2026-06-28,2026-06-28,5.37,155,101,1.534653,34.645161,5,3.225806,5,65+,unknown,,,3.0,,1.074,3.225806,,
2026-06-28,2026-06-28,0.0,0,0,0.0,,0,,0,Unknown,unknown,,,,,,,,
2026-06-29,2026-06-29,5.239654,233,185,1.259459,22.487784,3,1.287554,3,18-24,female,,,,,1.746551,1.287554,,
2026-06-29,2026-06-29,1.869876,148,118,1.254237,12.6343,1,0.675676,1,18-24,male,,,,,1.869876,0.675676,,
2026-06-29,2026-06-29,0.089994,4,3,1.333333,22.498513,0,0.0,0,18-24,unknown,,,,,,,,
2026-06-29,2026-06-29,29.138074,1464,1141,1.283085,19.903056,12,0.819672,10,25-34,female,,,1.0,,2.428173,0.68306,,
2026-06-29,2026-06-29,5.309649,291,218,1.334862,18.246217,1,0.343643,1,25-34,male,,,,,5.309649,0.343643,,
2026-06-29,2026-06-29,0.179988,10,10,1.0,17.99881,0,0.0,0,25-34,unknown,,,,,,,,
2026-06-29,2026-06-29,127.661563,7666,5835,1.313796,16.652956,74,0.965301,59,35-44,female,,,26.0,,1.725156,0.769632,,
2026-06-29,2026-06-29,10.049336,664,488,1.360656,15.134542,9,1.355422,8,35-44,male,1.0,59.92,4.0,5.962583,1.116593,1.204819,10.049336,0.125
2026-06-29,2026-06-29,0.399974,31,28,1.107143,12.902373,0,0.0,0,35-44,unknown,,,,,,,,
2026-06-29,2026-06-29,473.228723,24181,18700,1.293102,19.570271,274,1.133121,209,45-54,female,11.0,699.88,112.0,1.478947,1.727112,0.864315,43.020793,0.05263157894736842
2026-06-29,2026-06-29,34.227738,1606,1267,1.267561,21.312415,15,0.933998,10,45-54,male,1.0,49.98,6.0,1.460219,2.281849,0.622665,34.227738,0.1
2026-06-29,2026-06-29,2.549831,121,98,1.234694,21.072987,1,0.826446,0,45-54,unknown,,,,,2.549831,,,
2026-06-29,2026-06-29,761.129695,33851,27117,1.248331,22.484703,491,1.450474,386,55-64,female,15.0,903.93,128.0,1.187616,1.550162,1.140291,50.741979666666666,0.038860103626943004
2026-06-29,2026-06-29,49.32674,2422,1753,1.381631,20.366119,25,1.032205,19,55-64,male,,,1.0,,1.97307,0.784476,,
2026-06-29,2026-06-29,3.62976,176,150,1.173333,20.623637,1,0.568182,1,55-64,unknown,,,,,3.62976,0.568182,,
2026-06-29,2026-06-29,554.933323,18727,14766,1.268251,29.632793,336,1.794201,288,65+,female,8.0,478.04,61.0,0.861437,1.651587,1.537886,69.366665375,0.027777777777777776
2026-06-29,2026-06-29,55.496332,1380,1054,1.309298,40.214733,38,2.753623,35,65+,male,,,2.0,,1.46043,2.536232,,
2026-06-29,2026-06-29,3.78975,167,117,1.42735,22.693111,3,1.796407,3,65+,unknown,,,,,1.26325,1.796407,,
2026-06-29,2026-06-29,0.009999,1,1,1.0,9.999339,0,0.0,0,Unknown,female,,,,,,,,
2026-06-30,2026-06-30,5.930027,352,306,1.150327,16.846669,6,1.704545,4,18-24,female,,,,,0.988338,1.136364,,
2026-06-30,2026-06-30,1.880009,332,306,1.084967,5.662677,0,0.0,0,18-24,male,,,,,,,,
2026-06-30,2026-06-30,0.02,4,4,1.0,5.000023,0,0.0,0,18-24,unknown,,,,,,,,
2026-06-30,2026-06-30,31.790147,1914,1510,1.26755,16.609272,14,0.731452,12,25-34,female,1.0,249.87,6.0,7.859983,2.270725,0.626959,31.790147,0.08333333333333333
2026-06-30,2026-06-30,6.160028,813,730,1.113699,7.576911,3,0.369004,2,25-34,male,,,,,2.053343,0.246002,,
2026-06-30,2026-06-30,0.380002,21,19,1.105263,18.095322,0,0.0,0,25-34,unknown,,,,,,,,
2026-06-30,2026-06-30,136.000629,7924,6137,1.291185,17.163128,76,0.959112,61,35-44,female,3.0,127.83,28.0,0.939922,1.789482,0.769813,45.333543,0.04918032786885246
2026-06-30,2026-06-30,13.200061,1245,1014,1.227811,10.602459,5,0.401606,3,35-44,male,,,2.0,,2.640012,0.240964,,
2026-06-30,2026-06-30,1.050005,43,38,1.131579,24.418718,0,0.0,0,35-44,unknown,,,,,,,,
2026-06-30,2026-06-30,499.30231,23409,17597,1.330284,21.329502,291,1.243112,236,45-54,female,8.0,603.16,112.0,1.208006,1.715816,1.008159,62.41278875,0.03389830508474576
2026-06-30,2026-06-30,30.710142,1998,1608,1.242537,15.370441,15,0.750751,13,45-54,male,1.0,59.92,5.0,1.951147,2.047343,0.650651,30.710142,0.07692307692307693
2026-06-30,2026-06-30,2.25001,116,100,1.16,19.396641,4,3.448276,2,45-54,unknown,,,,,0.562503,1.724138,,
2026-06-30,2026-06-30,772.563574,33100,25019,1.322995,23.340289,483,1.459215,366,55-64,female,12.0,536.63,129.0,0.69461,1.599511,1.10574,64.38029783333333,0.03278688524590164
2026-06-30,2026-06-30,51.050236,2752,2116,1.300567,18.550231,32,1.162791,25,55-64,male,,,4.0,,1.59532,0.90843,,
2026-06-30,2026-06-30,4.34002,189,156,1.211538,22.963069,3,1.587302,3,55-64,unknown,,,3.0,,1.446673,1.587302,,
2026-06-30,2026-06-30,558.712584,19711,15313,1.287207,28.345218,378,1.917711,329,65+,female,6.0,318.25,75.0,0.569613,1.478076,1.669119,93.118764,0.0182370820668693
2026-06-30,2026-06-30,42.380196,1558,1256,1.240446,27.201666,25,1.604621,21,65+,male,1.0,59.92,3.0,1.413868,1.695208,1.347882,42.380196,0.047619047619047616
2026-06-30,2026-06-30,4.040019,150,109,1.376147,26.933458,5,3.333333,5,65+,unknown,,,3.0,,0.808004,3.333333,,
2026-06-30,2026-06-30,0.04,2,2,1.0,20.000093,0,0.0,0,Unknown,female,,,,,,,,
2026-07-01,2026-07-01,4.459346,268,234,1.145299,16.639349,0,0.0,0,18-24,female,,,,,,,,
2026-07-01,2026-07-01,1.299809,229,222,1.031532,5.676023,0,0.0,0,18-24,male,,,,,,,,
2026-07-01,2026-07-01,0.079988,5,5,1.0,15.997653,0,0.0,0,18-24,unknown,,,,,,,,
2026-07-01,2026-07-01,27.036033,1661,1318,1.260243,16.276961,24,1.444913,20,25-34,female,1.0,,3.0,,1.126501,1.204094,27.036033,0.05
2026-07-01,2026-07-01,5.599178,663,557,1.190305,8.445216,2,0.301659,2,25-34,male,,,,,2.799589,0.301659,,
2026-07-01,2026-07-01,0.249963,12,9,1.333333,20.830277,2,16.666667,1,25-34,unknown,,,,,0.124982,8.333333,,
2026-07-01,2026-07-01,136.629951,8002,5858,1.365995,17.074475,84,1.049738,72,35-44,female,2.0,109.86,30.0,0.80407,1.626547,0.899775,68.3149755,0.027777777777777776
2026-07-01,2026-07-01,14.527868,1280,1085,1.179724,11.349897,6,0.46875,5,35-44,male,,,1.0,,2.421311,0.390625,,
2026-07-01,2026-07-01,0.669902,52,40,1.3,12.882725,1,1.923077,1,35-44,unknown,,,1.0,,0.669902,1.923077,,
2026-07-01,2026-07-01,426.81737,23406,17901,1.307525,18.235383,289,1.234726,225,45-54,female,4.0,274.64,82.0,0.64346,1.476877,0.961292,106.7043425,0.017777777777777778
2026-07-01,2026-07-01,33.565075,2071,1643,1.260499,16.207182,21,1.014003,17,45-54,male,,,7.0,,1.598337,0.820859,,
2026-07-01,2026-07-01,1.599765,137,108,1.268519,11.677119,0,0.0,0,45-54,unknown,,,,,,,,
2026-07-01,2026-07-01,683.289735,32642,24549,1.329667,20.932839,470,1.439863,378,55-64,female,11.0,553.56,122.0,0.810139,1.453808,1.158017,62.117248636363634,0.0291005291005291
2026-07-01,2026-07-01,39.024274,2509,1899,1.321222,15.553716,25,0.996413,16,55-64,male,,,2.0,,1.560971,0.637704,,
2026-07-01,2026-07-01,5.4492,186,141,1.319149,29.296776,3,1.612903,4,55-64,unknown,,,,,1.8164,2.150538,,
2026-07-01,2026-07-01,548.629495,18788,13549,1.386671,29.201059,389,2.070471,324,65+,female,14.0,703.86,94.0,1.282942,1.410359,1.724505,39.18782107142857,0.043209876543209874
2026-07-01,2026-07-01,43.41363,1479,1131,1.307692,29.353367,27,1.825558,21,65+,male,,,6.0,,1.607912,1.419878,,
2026-07-01,2026-07-01,3.929423,156,112,1.392857,25.188612,6,3.846154,6,65+,unknown,,,1.0,,0.654904,3.846154,,
2026-07-01,2026-07-01,0.039994,3,3,1.0,13.331377,0,0.0,0,Unknown,female,,,,,,,,
2026-07-02,2026-07-02,6.989873,296,230,1.286957,23.614436,7,2.364865,7,18-24,female,,,1.0,,0.998553,2.364865,,
2026-07-02,2026-07-02,0.689987,57,54,1.055556,12.105043,1,1.754386,1,18-24,male,,,,,0.689987,1.754386,,
2026-07-02,2026-07-02,0.079999,6,5,1.2,13.333091,0,0.0,0,18-24,unknown,,,,,,,,
2026-07-02,2026-07-02,31.32943,1734,1320,1.313636,18.067722,23,1.326413,17,25-34,female,,,2.0,,1.362149,0.980392,,
2026-07-02,2026-07-02,4.729914,308,210,1.466667,15.356864,3,0.974026,3,25-34,male,,,,,1.576638,0.974026,,
2026-07-02,2026-07-02,0.899984,26,22,1.181818,34.614755,0,0.0,0,25-34,unknown,,,,,,,,
2026-07-02,2026-07-02,132.287595,7866,6011,1.308601,16.817645,84,1.067887,61,35-44,female,3.0,139.82,19.0,1.05694,1.574852,0.775489,44.095865,0.04918032786885246
2026-07-02,2026-07-02,10.909802,675,484,1.394628,16.162669,5,0.740741,5,35-44,male,1.0,45.93,7.0,4.209976,2.18196,0.740741,10.909802,0.2
2026-07-02,2026-07-02,0.919983,53,36,1.472222,17.358175,0,0.0,0,35-44,unknown,,,,,,,,
2026-07-02,2026-07-02,478.191307,25781,19203,1.342551,18.548206,316,1.225709,237,45-54,female,2.0,99.87,89.0,0.208849,1.513264,0.919282,239.0956535,0.008438818565400843
2026-07-02,2026-07-02,31.029436,1702,1212,1.40429,18.231161,9,0.52879,5,45-54,male,,,1.0,,3.447715,0.293772,,
2026-07-02,2026-07-02,1.709969,140,103,1.359223,12.214064,0,0.0,0,45-54,unknown,,,,,,,,
2026-07-02,2026-07-02,804.835369,35586,26173,1.359645,22.616629,551,1.548362,441,55-64,female,10.0,550.86,165.0,0.684438,1.460681,1.239251,80.4835369,0.022675736961451247
2026-07-02,2026-07-02,49.639098,2347,1682,1.395363,21.15002,19,0.809544,17,55-64,male,1.0,59.92,3.0,1.207113,2.612584,0.724329,49.639098,0.058823529411764705
2026-07-02,2026-07-02,4.139925,203,154,1.318182,20.393718,1,0.492611,1,55-64,unknown,,,,,4.139925,0.492611,,
2026-07-02,2026-07-02,596.029165,19691,14668,1.342446,30.269116,341,1.731756,282,65+,female,3.0,135.88,58.0,0.227975,1.747886,1.432126,198.67638833333334,0.010638297872340425
2026-07-02,2026-07-02,41.679242,1378,1008,1.367063,30.246185,18,1.306241,17,65+,male,,,2.0,,2.315513,1.233672,,
2026-07-02,2026-07-02,3.619934,119,101,1.178218,30.419615,5,4.201681,5,65+,unknown,,,2.0,,0.723987,4.201681,,
2026-07-02,2026-07-02,0.409993,6,6,1.0,68.332091,0,0.0,0,Unknown,female,,,,,,,,
2026-07-02,2026-07-02,0.249995,1,1,1.0,249.995455,0,0.0,0,Unknown,male,,,,,,,,
2026-07-03,2026-07-03,5.930081,323,284,1.137324,18.359384,2,0.619195,2,18-24,female,,,1.0,,2.965041,0.619195,,
2026-07-03,2026-07-03,2.820039,351,338,1.038462,8.034298,2,0.569801,2,18-24,male,,,,,1.410019,0.569801,,
2026-07-03,2026-07-03,0.040001,5,4,1.25,8.000109,0,0.0,0,18-24,unknown,,,,,,,,
2026-07-03,2026-07-03,34.720475,1840,1450,1.268966,18.869823,26,1.413043,24,25-34,female,1.0,74.9,14.0,2.157229,1.335403,1.304348,34.720475,0.041666666666666664
2026-07-03,2026-07-03,8.630118,923,770,1.198701,9.350074,5,0.541712,5,25-34,male,1.0,89.88,3.0,10.414689,1.726024,0.541712,8.630118,0.2
2026-07-03,2026-07-03,0.460006,21,18,1.166667,21.905062,0,0.0,0,25-34,unknown,,,,,,,,
2026-07-03,2026-07-03,149.352043,8257,6052,1.364342,18.087931,91,1.102095,76,35-44,female,2.0,117.52,32.0,0.786866,1.641231,0.920431,74.6760215,0.02631578947368421
2026-07-03,2026-07-03,13.87019,1244,983,1.265514,11.14967,5,0.401929,5,35-44,male,,,,,2.774038,0.401929,,
2026-07-03,2026-07-03,1.130015,71,51,1.392157,15.915711,1,1.408451,1,35-44,unknown,,,,,1.130015,1.408451,,
2026-07-03,2026-07-03,498.946826,24335,17791,1.367826,20.50326,260,1.06842,218,45-54,female,6.0,318.04,86.0,0.637423,1.919026,0.895829,83.15780433333333,0.027522935779816515
2026-07-03,2026-07-03,29.93041,2098,1569,1.337157,14.266163,18,0.85796,13,45-54,male,2.0,183.51,4.0,6.131222,1.662801,0.619638,14.965205,0.15384615384615385
2026-07-03,2026-07-03,2.250031,113,78,1.448718,19.911777,1,0.884956,1,45-54,unknown,,,1.0,,2.250031,0.884956,,
2026-07-03,2026-07-03,804.581008,32986,24225,1.361651,24.391591,498,1.509731,413,55-64,female,11.0,567.76,146.0,0.705659,1.615625,1.252046,73.143728,0.026634382566585957
2026-07-03,2026-07-03,58.5008,2499,1895,1.318734,23.409684,28,1.120448,24,55-64,male,1.0,89.88,7.0,1.536389,2.089314,0.960384,58.5008,0.041666666666666664
2026-07-03,2026-07-03,5.950081,233,152,1.532895,25.53683,8,3.433476,7,55-64,unknown,,,4.0,,0.74376,3.004292,,
2026-07-03,2026-07-03,524.567177,17838,13016,1.370467,29.407287,296,1.659379,248,65+,female,4.0,158.79,59.0,0.302707,1.772186,1.39029,131.14179425,0.016129032258064516
2026-07-03,2026-07-03,48.670666,1573,1180,1.333051,30.941301,18,1.14431,19,65+,male,,,3.0,,2.703926,1.207883,,
2026-07-03,2026-07-03,1.990027,110,89,1.235955,18.091157,0,0.0,0,65+,unknown,,,,,,,,
2026-07-03,2026-07-03,0.340005,7,7,1.0,48.572093,0,0.0,0,Unknown,female,,,,,,,,
2026-07-03,2026-07-03,0.02,1,1,1.0,20.000274,0,0.0,0,Unknown,male,,,,,,,,
2026-07-04,2026-07-04,5.040955,301,245,1.228571,16.747358,3,0.996678,3,18-24,female,,,1.0,,1.680318,0.996678,,
2026-07-04,2026-07-04,1.290244,106,102,1.039216,12.172117,0,0.0,0,18-24,male,,,,,,,,
2026-07-04,2026-07-04,0.020004,1,1,1.0,20.003789,0,0.0,0,18-24,unknown,,,,,,,,
2026-07-04,2026-07-04,31.195909,1730,1314,1.316591,18.032317,23,1.32948,17,25-34,female,,,1.0,,1.356344,0.982659,,
2026-07-04,2026-07-04,5.100966,564,451,1.250554,9.044266,0,0.0,0,25-34,male,,,,,,,,
2026-07-04,2026-07-04,0.050009,10,10,1.0,5.000947,0,0.0,0,25-34,unknown,,,,,,,,
2026-07-04,2026-07-04,149.338286,7978,5858,1.361898,18.718762,86,1.077964,70,35-44,female,3.0,179.76,35.0,1.20371,1.736492,0.877413,49.77942866666667,0.04285714285714286
2026-07-04,2026-07-04,11.202122,1117,956,1.16841,10.028757,9,0.80573,8,35-44,male,,,1.0,,1.24468,0.716204,,
2026-07-04,2026-07-04,0.730138,49,41,1.195122,14.900782,0,0.0,0,35-44,unknown,,,,,,,,
2026-07-04,2026-07-04,494.423647,23408,17398,1.345442,21.121995,284,1.21326,231,45-54,female,10.0,613.43,96.0,1.240697,1.740928,0.986842,49.4423647,0.04329004329004329
2026-07-04,2026-07-04,36.036826,2427,1794,1.352843,14.848301,18,0.741656,13,45-54,male,,,6.0,,2.002046,0.535641,,
2026-07-04,2026-07-04,1.490282,86,70,1.228571,17.328864,0,0.0,0,45-54,unknown,,,,,,,,
2026-07-04,2026-07-04,827.196677,32731,24069,1.359882,25.272576,493,1.506217,407,55-64,female,17.0,980.67,162.0,1.185534,1.677884,1.243469,48.65862805882353,0.04176904176904177
2026-07-04,2026-07-04,63.261982,2754,2252,1.222913,22.970945,33,1.198257,36,55-64,male,2.0,114.13,13.0,1.804085,1.91703,1.30719,31.630991,0.05555555555555555
2026-07-04,2026-07-04,11.382156,200,146,1.369863,56.910779,8,4.0,9,55-64,unknown,,,3.0,,1.422769,4.5,,
2026-07-04,2026-07-04,487.032247,17129,12673,1.351614,28.433198,306,1.786444,264,65+,female,5.0,228.24,60.0,0.468634,1.591609,1.541246,97.4064494,0.01893939393939394
2026-07-04,2026-07-04,36.566926,1639,1279,1.28147,22.31051,20,1.220256,20,65+,male,,,1.0,,1.828346,1.220256,,
2026-07-04,2026-07-04,3.000568,113,98,1.153061,26.553702,4,3.539823,4,65+,unknown,,,,,0.750142,3.539823,,
2026-07-04,2026-07-04,0.290055,8,8,1.0,36.256867,0,0.0,0,Unknown,female,,,,,,,,
2026-07-04,2026-07-04,0.0,0,0,0.0,,0,,0,Unknown,unknown,,,,,,,,
2026-07-05,2026-07-05,5.809596,368,320,1.15,15.786945,2,0.543478,2,18-24,female,,,1.0,,2.904798,0.543478,,
2026-07-05,2026-07-05,2.72981,225,204,1.102941,12.132489,1,0.444444,1,18-24,male,,,,,2.72981,0.444444,,
2026-07-05,2026-07-05,0.039997,5,5,1.0,7.999443,0,0.0,0,18-24,unknown,,,,,,,,
2026-07-05,2026-07-05,38.407328,2127,1646,1.292224,18.057042,28,1.316408,23,25-34,female,,,5.0,,1.37169,1.081335,,
2026-07-05,2026-07-05,8.719393,1094,900,1.215556,7.970195,5,0.457038,5,25-34,male,,,,,1.743879,0.457038,,
2026-07-05,2026-07-05,0.409971,19,16,1.1875,21.577446,0,0.0,0,25-34,unknown,,,,,,,,
2026-07-05,2026-07-05,163.858599,8789,6461,1.360316,18.6436,90,1.024007,70,35-44,female,3.0,169.78,42.0,1.036137,1.820651,0.79645,54.619533,0.04285714285714286
2026-07-05,2026-07-05,22.258451,2553,2320,1.100431,8.718547,7,0.274187,7,35-44,male,,,1.0,,3.179779,0.274187,,
2026-07-05,2026-07-05,0.769946,57,38,1.5,13.507832,1,1.754386,1,35-44,unknown,,,,,0.769946,1.754386,,
2026-07-05,2026-07-05,542.322266,24373,16725,1.45728,22.250944,332,1.362163,291,45-54,female,9.0,680.91,107.0,1.255545,1.633501,1.193944,60.25802955555556,0.030927835051546393
2026-07-05,2026-07-05,45.936804,3869,3191,1.212473,11.873043,12,0.310158,11,45-54,male,,,5.0,,3.828067,0.284311,,
2026-07-05,2026-07-05,1.639886,105,84,1.25,15.617961,1,0.952381,1,45-54,unknown,,,,,1.639886,0.952381,,
2026-07-05,2026-07-05,755.087462,30428,20561,1.479889,24.815547,462,1.518338,392,55-64,female,10.0,471.25,139.0,0.6241,1.634388,1.288287,75.50874619999999,0.025510204081632654
2026-07-05,2026-07-05,47.756677,3178,2574,1.234654,15.027274,17,0.534928,13,55-64,male,,,3.0,,2.809216,0.409062,,
2026-07-05,2026-07-05,5.829594,181,115,1.573913,32.207704,6,3.314917,3,55-64,unknown,,,3.0,,0.971599,1.657459,,
2026-07-05,2026-07-05,474.636975,14449,9864,1.464822,32.849123,291,2.01398,272,65+,female,4.0,289.68,74.0,0.610319,1.631055,1.882483,118.65924375,0.014705882352941176
2026-07-05,2026-07-05,36.427465,1847,1491,1.238766,19.722504,34,1.840823,29,65+,male,1.0,59.92,4.0,1.644913,1.071396,1.570114,36.427465,0.034482758620689655
2026-07-05,2026-07-05,2.949795,104,91,1.142857,28.363411,0,0.0,0,65+,unknown,,,,,,,,
2026-07-05,2026-07-05,0.099993,5,5,1.0,19.998609,0,0.0,0,Unknown,female,,,,,,,,
2026-07-05,2026-07-05,0.129991,2,2,1.0,64.995478,0,0.0,0,Unknown,male,,,,,,,,
2026-07-06,2026-07-06,9.079497,907,679,1.335788,10.010471,3,0.330761,3,18-24,female,,,,,3.026499,0.330761,,
2026-07-06,2026-07-06,2.229877,324,245,1.322449,6.882335,0,0.0,0,18-24,male,,,,,,,,
2026-07-06,2026-07-06,0.009999,3,3,1.0,3.333149,0,0.0,0,18-24,unknown,,,,,,,,
2026-07-06,2026-07-06,40.157777,2667,2089,1.276687,15.057284,23,0.862392,22,25-34,female,,,5.0,,1.74599,0.824897,,
2026-07-06,2026-07-06,5.359703,723,508,1.423228,7.413144,4,0.55325,4,25-34,male,,,,,1.339926,0.55325,,
2026-07-06,2026-07-06,0.379979,31,18,1.722222,12.257386,0,0.0,0,25-34,unknown,,,,,,,,
2026-07-06,2026-07-06,161.731049,9576,7308,1.310345,16.889207,85,0.887636,66,35-44,female,2.0,239.82,37.0,1.482832,1.902718,0.689223,80.8655245,0.030303030303030304
2026-07-06,2026-07-06,13.529251,1264,977,1.293756,10.703522,8,0.632911,6,35-44,male,,,2.0,,1.691156,0.474684,,
2026-07-06,2026-07-06,0.429976,46,40,1.15,9.347309,0,0.0,0,35-44,unknown,,,,,,,,
2026-07-06,2026-07-06,505.602016,25374,18183,1.395479,19.925988,301,1.186254,240,45-54,female,7.0,358.6,115.0,0.709254,1.679741,0.94585,72.22885942857143,0.029166666666666667
2026-07-06,2026-07-06,28.038448,2072,1438,1.44089,13.53207,19,0.916988,16,45-54,male,,,9.0,,1.475708,0.772201,,
2026-07-06,2026-07-06,1.909894,121,104,1.163462,15.78425,4,3.305785,4,45-54,unknown,,,,,0.477474,3.305785,,
2026-07-06,2026-07-06,707.590837,30832,21589,1.428135,22.949884,449,1.456279,367,55-64,female,20.0,1155.61,176.0,1.633161,1.575926,1.190322,35.379541849999995,0.05449591280653951
2026-07-06,2026-07-06,42.237662,2111,1476,1.430217,20.008367,24,1.136902,25,55-64,male,1.0,54.93,11.0,1.300498,1.759903,1.184273,42.237662,0.04
2026-07-06,2026-07-06,7.309595,231,135,1.711111,31.64327,2,0.865801,2,55-64,unknown,,,6.0,,3.654798,0.865801,,
2026-07-06,2026-07-06,438.725718,15975,10597,1.507502,27.463269,319,1.99687,273,65+,female,8.0,532.08,92.0,1.212785,1.375316,1.70892,54.84071475,0.029304029304029304
2026-07-06,2026-07-06,21.528808,1271,961,1.322581,16.93848,21,1.652242,19,65+,male,1.0,39.95,5.0,1.855653,1.025181,1.494886,21.528808,0.05263157894736842
2026-07-06,2026-07-06,1.559914,104,85,1.223529,14.99917,0,0.0,0,65+,unknown,,,,,,,,
2026-07-06,2026-07-06,0.039998,2,2,1.0,19.998893,0,0.0,0,Unknown,female,,,,,,,,
2026-07-06,2026-07-06,0.0,0,0,0.0,,1,,0,Unknown,unknown,,,,,0.0,,,
2026-07-07,2026-07-07,10.289513,405,329,1.231003,25.406205,2,0.493827,2,18-24,female,,,,,5.144757,0.493827,,
2026-07-07,2026-07-07,1.519928,160,140,1.142857,9.49955,1,0.625,1,18-24,male,,,1.0,,1.519928,0.625,,
2026-07-07,2026-07-07,0.01,3,2,1.5,3.333176,0,0.0,0,18-24,unknown,,,,,,,,
2026-07-07,2026-07-07,40.498083,2213,1730,1.279191,18.300083,26,1.174876,22,25-34,female,1.0,309.49,10.0,7.64209,1.557619,0.994126,40.498083,0.045454545454545456
2026-07-07,2026-07-07,8.319606,1045,847,1.233766,7.961346,4,0.382775,4,25-34,male,,,,,2.079902,0.382775,,
2026-07-07,2026-07-07,0.599972,24,16,1.5,24.998817,0,0.0,0,25-34,unknown,,,,,,,,
2026-07-07,2026-07-07,182.311371,9447,6876,1.373909,19.298335,136,1.43961,111,35-44,female,5.0,475.59,52.0,2.608669,1.340525,1.174976,36.4622742,0.04504504504504504
2026-07-07,2026-07-07,16.779206,2000,1728,1.157407,8.389603,8,0.4,6,35-44,male,,,2.0,,2.097401,0.3,,
2026-07-07,2026-07-07,0.84996,60,51,1.176471,14.165996,0,0.0,0,35-44,unknown,,,,,,,,
2026-07-07,2026-07-07,585.582285,26353,19218,1.371267,22.220707,341,1.29397,301,45-54,female,13.0,749.09,135.0,1.279222,1.71725,1.142185,45.04479115384615,0.04318936877076412
2026-07-07,2026-07-07,31.918489,2845,2348,1.21167,11.219153,19,0.667838,18,45-54,male,1.0,59.92,5.0,1.877282,1.67992,0.632689,31.918489,0.05555555555555555
2026-07-07,2026-07-07,2.149898,120,105,1.142857,17.915819,3,2.5,2,45-54,unknown,,,1.0,,0.716633,1.666667,,
2026-07-07,2026-07-07,833.260562,32055,22649,1.415294,25.994714,459,1.431914,391,55-64,female,7.0,278.64,132.0,0.334397,1.815382,1.219779,119.03722314285714,0.017902813299232736
2026-07-07,2026-07-07,53.007491,2572,2099,1.225345,20.609444,18,0.699844,16,55-64,male,1.0,42.8,3.0,0.807433,2.944861,0.622084,53.007491,0.0625
2026-07-07,2026-07-07,7.239657,252,132,1.909091,28.728799,5,1.984127,4,55-64,unknown,,,1.0,,1.447931,1.587302,,
2026-07-07,2026-07-07,509.82587,15492,10787,1.436173,32.908977,312,2.013943,247,65+,female,6.0,296.47,70.0,0.581512,1.634057,1.594371,84.97097833333333,0.024291497975708502
2026-07-07,2026-07-07,36.728262,1436,1059,1.355996,25.576784,17,1.183844,15,65+,male,,,1.0,,2.160486,1.044568,,
2026-07-07,2026-07-07,3.189849,144,110,1.309091,22.151729,5,3.472222,6,65+,unknown,,,,,0.63797,4.166667,,
2026-07-07,2026-07-07,0.039998,1,1,1.0,39.998107,0,0.0,0,Unknown,female,,,,,,,,
2026-07-07,2026-07-07,0.0,0,0,0.0,,0,,0,Unknown,unknown,,,1.0,,,,,
2026-07-08,2026-07-08,4.800128,200,180,1.111111,24.00064,1,0.5,1,18-24,female,,,,,4.800128,0.5,,
2026-07-08,2026-07-08,0.520014,34,29,1.172414,15.294526,4,11.764706,3,18-24,male,,,2.0,,0.130003,8.823529,,
2026-07-08,2026-07-08,0.080002,1,1,1.0,80.002134,0,0.0,0,18-24,unknown,,,,,,,,
2026-07-08,2026-07-08,39.611056,1772,1299,1.364126,22.353869,24,1.354402,22,25-34,female,,,7.0,,1.650461,1.241535,,
2026-07-08,2026-07-08,4.480119,300,164,1.829268,14.933732,3,1.0,3,25-34,male,,,,,1.493373,1.0,,
2026-07-08,2026-07-08,0.110003,9,7,1.285714,12.222548,0,0.0,0,25-34,unknown,,,,,,,,
2026-07-08,2026-07-08,185.644951,9049,6488,1.394729,20.515521,122,1.348215,107,35-44,female,5.0,242.17,45.0,1.304479,1.52168,1.182451,37.1289902,0.04672897196261682
2026-07-08,2026-07-08,10.51028,695,524,1.326336,15.122705,4,0.57554,4,35-44,male,,,3.0,,2.62757,0.57554,,
2026-07-08,2026-07-08,0.920025,49,37,1.324324,18.776011,1,2.040816,1,35-44,unknown,,,,,0.920025,2.040816,,
2026-07-08,2026-07-08,564.215047,26058,19519,1.335007,21.652278,392,1.504336,326,45-54,female,6.0,351.52,126.0,0.623025,1.439324,1.251055,94.03584116666667,0.018404907975460124
2026-07-08,2026-07-08,32.26086,1588,1115,1.424215,20.315403,17,1.070529,15,45-54,male,1.0,54.93,9.0,1.702682,1.897698,0.944584,32.26086,0.06666666666666667
2026-07-08,2026-07-08,2.900077,106,95,1.115789,27.35922,2,1.886792,2,45-54,unknown,,,,,1.450039,1.886792,,
2026-07-08,2026-07-08,785.330945,30598,23491,1.302541,25.666087,456,1.490293,369,55-64,female,7.0,467.24,122.0,0.594959,1.722217,1.205961,112.19013500000001,0.018970189701897018
2026-07-08,2026-07-08,39.231046,1772,1295,1.36834,22.139417,23,1.297968,22,55-64,male,,,2.0,,1.705698,1.241535,,
2026-07-08,2026-07-08,7.820209,227,139,1.633094,34.450258,3,1.321586,2,55-64,unknown,,,,,2.606736,0.881057,,
2026-07-08,2026-07-08,532.284196,15697,10929,1.43627,33.909932,302,1.923935,259,65+,female,10.0,639.75,67.0,1.201896,1.76253,1.649997,53.228419599999995,0.03861003861003861
2026-07-08,2026-07-08,35.880957,973,693,1.40404,36.876626,21,2.158273,18,65+,male,,,1.0,,1.708617,1.849949,,
2026-07-08,2026-07-08,2.63007,108,84,1.285714,24.352501,3,2.777778,3,65+,unknown,,,,,0.87669,2.777778,,
2026-07-08,2026-07-08,0.510014,10,10,1.0,51.00136,2,20.0,2,Unknown,female,,,1.0,,0.255007,20.0,,
2026-07-09,2026-07-09,4.270061,178,152,1.171053,23.989109,1,0.561798,0,18-24,female,,,1.0,,4.270061,,,
2026-07-09,2026-07-09,2.260032,51,22,2.318182,44.314362,4,7.843137,3,18-24,male,,,3.0,,0.565008,5.882353,,
2026-07-09,2026-07-09,0.140002,4,4,1.0,35.000503,0,0.0,0,18-24,unknown,,,,,,,,
2026-07-09,2026-07-09,34.440495,1611,1194,1.349246,21.378333,13,0.806952,9,25-34,female,,,3.0,,2.649269,0.558659,,
2026-07-09,2026-07-09,4.410063,217,141,1.539007,20.322873,5,2.304147,4,25-34,male,,,1.0,,0.882013,1.843318,,
2026-07-09,2026-07-09,0.900013,17,10,1.7,52.941937,0,0.0,0,25-34,unknown,,,,,,,,
2026-07-09,2026-07-09,163.232344,8412,6169,1.363592,19.404701,85,1.010461,69,35-44,female,5.0,187.75,35.0,1.150201,1.920381,0.820257,32.6464688,0.07246376811594203
2026-07-09,2026-07-09,10.520151,661,479,1.379958,15.915508,0,0.0,0,35-44,male,,,,,,,,
2026-07-09,2026-07-09,1.010015,54,47,1.148936,18.703972,0,0.0,0,35-44,unknown,,,,,,,,
2026-07-09,2026-07-09,530.977625,24434,18345,1.331916,21.731097,337,1.379226,287,45-54,female,10.0,594.22,113.0,1.119106,1.575601,1.174593,53.0977625,0.03484320557491289
2026-07-09,2026-07-09,35.080504,1585,1171,1.353544,22.13281,10,0.630915,12,45-54,male,1.0,59.92,5.0,1.708071,3.50805,0.757098,35.080504,0.08333333333333333
2026-07-09,2026-07-09,2.140031,116,95,1.221053,18.448541,1,0.862069,1,45-54,unknown,,,,,2.140031,0.862069,,
2026-07-09,2026-07-09,732.860524,29277,21807,1.342551,25.031954,448,1.530211,369,55-64,female,12.0,577.85,125.0,0.788486,1.635849,1.260375,61.071710333333336,0.032520325203252036
2026-07-09,2026-07-09,43.680627,1872,1292,1.448916,23.333668,30,1.602564,29,55-64,male,,,7.0,,1.456021,1.549145,,
2026-07-09,2026-07-09,6.900099,201,132,1.522727,34.328851,4,1.99005,4,55-64,unknown,,,,,1.725025,1.99005,,
2026-07-09,2026-07-09,480.546901,15108,10580,1.427977,31.807446,319,2.111464,254,65+,female,10.0,563.33,64.0,1.172269,1.506417,1.681228,48.0546901,0.03937007874015748
2026-07-09,2026-07-09,31.080446,1099,726,1.513774,28.280661,11,1.00091,9,65+,male,1.0,59.92,2.0,1.9279,2.825495,0.818926,31.080446,0.1111111111111111
2026-07-09,2026-07-09,4.580066,126,106,1.188679,36.349728,2,1.587302,2,65+,unknown,,,1.0,,2.290033,1.587302,,
2026-07-10,2026-07-10,3.800041,219,187,1.171123,17.351786,1,0.456621,1,18-24,female,,,,,3.800041,0.456621,,
2026-07-10,2026-07-10,1.240013,76,58,1.310345,16.315966,0,0.0,0,18-24,male,,,,,,,,
2026-07-10,2026-07-10,0.01,2,2,1.0,5.000054,0,0.0,0,18-24,unknown,,,,,,,,
2026-07-10,2026-07-10,27.7503,1568,1212,1.293729,17.697896,21,1.339286,17,25-34,female,1.0,53.68,7.0,1.934393,1.321443,1.084184,27.7503,0.058823529411764705
2026-07-10,2026-07-10,4.340047,423,362,1.168508,10.260158,2,0.472813,2,25-34,male,,,,,2.170023,0.472813,,
2026-07-10,2026-07-10,0.190002,14,10,1.4,13.571575,1,7.142857,1,25-34,unknown,,,,,0.190002,7.142857,,
2026-07-10,2026-07-10,153.041656,7719,5854,1.318586,19.826617,86,1.114134,70,35-44,female,3.0,126.09,27.0,0.823893,1.779554,0.906853,51.01388533333333,0.04285714285714286
2026-07-10,2026-07-10,12.860139,1246,1001,1.244755,10.321139,7,0.561798,6,35-44,male,,,,,1.837163,0.481541,,
2026-07-10,2026-07-10,0.650007,47,42,1.119048,13.829937,0,0.0,0,35-44,unknown,,,,,,,,
2026-07-10,2026-07-10,459.274969,20851,15077,1.382967,22.02652,262,1.256534,221,45-54,female,9.0,488.23,101.0,1.063045,1.752958,1.059901,51.03055211111111,0.04072398190045249
2026-07-10,2026-07-10,31.47034,2179,1679,1.297796,14.442561,31,1.422671,25,45-54,male,,,8.0,,1.015172,1.147315,,
2026-07-10,2026-07-10,2.040022,84,73,1.150685,24.285977,1,1.190476,1,45-54,unknown,,,,,2.040022,1.190476,,
2026-07-10,2026-07-10,660.257143,23872,17643,1.353058,27.658225,395,1.654658,341,55-64,female,14.0,829.67,140.0,1.256586,1.671537,1.428452,47.1612245,0.04105571847507331
2026-07-10,2026-07-10,39.040422,1900,1426,1.332398,20.547591,13,0.684211,11,55-64,male,,,1.0,,3.003109,0.578947,,
2026-07-10,2026-07-10,3.67004,145,106,1.367925,25.310619,1,0.689655,0,55-64,unknown,,,,,3.67004,,,
2026-07-10,2026-07-10,409.724433,11963,8323,1.437342,34.249305,232,1.939313,204,65+,female,8.0,554.35,67.0,1.352983,1.766054,1.705258,51.215554125,0.0392156862745098
2026-07-10,2026-07-10,34.830377,945,692,1.365607,36.857542,14,1.481481,13,65+,male,3.0,189.75,6.0,5.447831,2.487884,1.375661,11.610125666666667,0.23076923076923078
2026-07-10,2026-07-10,4.440048,89,78,1.141026,49.88818,2,2.247191,2,65+,unknown,,,1.0,,2.220024,2.247191,,
2026-07-11,2026-07-11,8.469655,270,228,1.184211,31.369092,2,0.740741,2,18-24,female,,,1.0,,4.234827,0.740741,,
2026-07-11,2026-07-11,1.129954,33,26,1.269231,34.241029,0,0.0,0,18-24,male,,,,,,,,
2026-07-11,2026-07-11,0.049998,1,1,1.0,49.997963,0,0.0,0,18-24,unknown,,,,,,,,
2026-07-11,2026-07-11,33.798623,1710,1360,1.257353,19.765276,18,1.052632,15,25-34,female,1.0,45.66,6.0,1.350943,1.877701,0.877193,33.798623,0.06666666666666667
2026-07-11,2026-07-11,2.859883,182,125,1.456,15.713645,3,1.648352,3,25-34,male,,,1.0,,0.953294,1.648352,,
2026-07-11,2026-07-11,0.139994,15,14,1.071429,9.332953,0,0.0,0,25-34,unknown,,,,,,,,
2026-07-11,2026-07-11,174.012909,9569,7588,1.26107,18.185067,93,0.971888,80,35-44,female,2.0,99.87,26.0,0.573923,1.871107,0.836033,87.0064545,0.025
2026-07-11,2026-07-11,12.919474,582,424,1.372642,22.198408,7,1.202749,5,35-44,male,1.0,69.99,6.0,5.417403,1.845639,0.859107,12.919474,0.2
2026-07-11,2026-07-11,0.639974,49,46,1.065217,13.060692,0,0.0,0,35-44,unknown,,,,,,,,
2026-07-11,2026-07-11,617.464837,29073,23396,1.242648,21.238429,352,1.210745,287,45-54,female,8.0,789.35,138.0,1.278372,1.754161,0.98717,77.183104625,0.027874564459930314
2026-07-11,2026-07-11,31.538715,1491,1103,1.351768,21.152726,10,0.670691,8,45-54,male,,,,,3.153871,0.536553,,
2026-07-11,2026-07-11,2.159912,125,107,1.168224,17.279296,4,3.2,3,45-54,unknown,,,,,0.539978,2.4,,
2026-07-11,2026-07-11,802.307305,33319,26590,1.253065,24.079573,538,1.614694,445,55-64,female,6.0,323.86,119.0,0.403661,1.491278,1.335574,133.71788416666666,0.01348314606741573
2026-07-11,2026-07-11,47.768053,1718,1254,1.370016,27.804455,24,1.396973,21,55-64,male,,,5.0,,1.990336,1.222352,,
2026-07-11,2026-07-11,2.519897,144,120,1.2,17.499287,0,0.0,0,55-64,unknown,,,,,,,,
2026-07-11,2026-07-11,441.542006,14850,11151,1.331719,29.733468,262,1.76431,221,65+,female,8.0,629.16,64.0,1.424915,1.685275,1.488215,55.19275075,0.03619909502262444
2026-07-11,2026-07-11,26.318927,763,569,1.340949,34.494007,21,2.752294,15,65+,male,1.0,21.97,2.0,0.83476,1.253282,1.965924,26.318927,0.06666666666666667
2026-07-11,2026-07-11,2.859883,116,102,1.137255,24.654168,2,1.724138,1,65+,unknown,,,,,1.429942,0.862069,,
2026-07-11,2026-07-11,0.0,0,0,0.0,,0,,0,Unknown,unknown,,,2.0,,,,,
2026-07-12,2026-07-12,6.290158,202,154,1.311688,31.139394,3,1.485149,3,18-24,female,,,,,2.096719,1.485149,,
2026-07-12,2026-07-12,0.910023,31,18,1.722222,29.355574,0,0.0,0,18-24,male,,,,,,,,
2026-07-12,2026-07-12,0.030001,3,3,1.0,10.000251,0,0.0,0,18-24,unknown,,,,,,,,
2026-07-12,2026-07-12,31.020777,1519,1051,1.44529,20.421841,18,1.18499,16,25-34,female,,,3.0,,1.723377,1.053325,,
2026-07-12,2026-07-12,4.220106,205,132,1.55303,20.585882,5,2.439024,4,25-34,male,,,,,0.844021,1.95122,,
2026-07-12,2026-07-12,0.260007,10,8,1.25,26.000651,0,0.0,0,25-34,unknown,,,,,,,,
2026-07-12,2026-07-12,184.84463,7777,5572,1.395729,23.768115,127,1.63302,108,35-44,female,2.0,73.9,54.0,0.399795,1.45547,1.38871,92.422315,0.018518518518518517
2026-07-12,2026-07-12,14.420361,620,406,1.527094,23.258647,5,0.806452,3,35-44,male,1.0,119.84,2.0,8.310471,2.884072,0.483871,14.420361,0.3333333333333333
2026-07-12,2026-07-12,1.540039,52,34,1.529412,29.616127,0,0.0,0,35-44,unknown,,,,,,,,
2026-07-12,2026-07-12,606.235186,23985,16614,1.443662,25.275597,378,1.575985,314,45-54,female,11.0,621.73,138.0,1.025559,1.603797,1.309152,55.112289636363634,0.03503184713375796
2026-07-12,2026-07-12,44.981127,1409,956,1.473849,31.92415,22,1.561391,19,45-54,male,,,2.0,,2.044597,1.348474,,
2026-07-12,2026-07-12,3.400085,132,90,1.466667,25.758221,3,2.272727,3,45-54,unknown,1.0,59.92,4.0,17.623088,1.133362,2.272727,3.400085,0.3333333333333333
2026-07-12,2026-07-12,848.471254,28957,20823,1.390626,29.301076,527,1.81994,439,55-64,female,12.0,773.52,174.0,0.911663,1.610002,1.516041,70.70593783333334,0.02733485193621868
2026-07-12,2026-07-12,51.161282,1741,1182,1.472927,29.386147,16,0.919012,13,55-64,male,,,6.0,,3.19758,0.746697,,
2026-07-12,2026-07-12,3.690092,134,102,1.313725,27.538003,0,0.0,0,55-64,unknown,,,,,,,,
2026-07-12,2026-07-12,549.263759,14128,9870,1.431408,38.877673,346,2.449037,294,65+,female,15.0,712.54,115.0,1.297264,1.587468,2.080974,36.617583933333336,0.05102040816326531
2026-07-12,2026-07-12,40.041003,873,609,1.433498,45.865983,16,1.832761,15,65+,male,,,1.0,,2.502563,1.718213,,
2026-07-12,2026-07-12,4.440111,117,81,1.444444,37.949669,9,7.692308,9,65+,unknown,,,6.0,,0.493346,7.692308,,
2026-07-12,2026-07-12,0.0,0,0,0.0,,0,,0,Unknown,unknown,,,,,,,,
2026-07-13,2026-07-13,4.699583,281,237,1.185654,16.724496,4,1.423488,4,18-24,female,,,1.0,,1.174896,1.423488,,
2026-07-13,2026-07-13,0.969914,105,93,1.129032,9.237277,2,1.904762,2,18-24,male,,,,,0.484957,1.904762,,
2026-07-13,2026-07-13,39.37651,1693,1240,1.365323,23.258423,21,1.240402,20,25-34,female,1.0,59.92,5.0,1.521719,1.875072,1.181335,39.37651,0.05
2026-07-13,2026-07-13,5.359525,284,199,1.427136,18.871567,2,0.704225,2,25-34,male,,,,,2.679763,0.704225,,
2026-07-13,2026-07-13,0.039996,4,3,1.333333,9.999114,0,0.0,0,25-34,unknown,,,,,,,,
2026-07-13,2026-07-13,165.285351,8652,6378,1.356538,19.103716,109,1.259824,93,35-44,female,,,48.0,,1.516379,1.074896,,
2026-07-13,2026-07-13,12.938853,791,481,1.644491,16.357589,7,0.884956,6,35-44,male,,,1.0,,1.848408,0.758534,,
2026-07-13,2026-07-13,0.729935,36,32,1.125,20.275981,0,0.0,0,35-44,unknown,,,,,,,,
2026-07-13,2026-07-13,540.922059,25509,18403,1.386133,21.205146,356,1.395586,310,45-54,female,14.0,788.2,140.0,1.457142,1.519444,1.215257,38.63728992857143,0.04516129032258064
2026-07-13,2026-07-13,36.706747,1535,1073,1.430569,23.91319,23,1.498371,16,45-54,male,,,3.0,,1.595946,1.042345,,
2026-07-13,2026-07-13,1.859835,127,93,1.365591,14.644371,1,0.787402,1,45-54,unknown,,,1.0,,1.859835,0.787402,,
2026-07-13,2026-07-13,831.266326,31734,23304,1.36174,26.194817,579,1.824542,480,55-64,female,22.0,1314.31,172.0,1.581094,1.435693,1.512573,37.784833,0.04583333333333333
2026-07-13,2026-07-13,45.595959,1919,1247,1.538893,23.76027,33,1.719646,32,55-64,male,,,6.0,,1.381696,1.667535,,
2026-07-13,2026-07-13,3.079727,156,117,1.333333,19.74184,1,0.641026,1,55-64,unknown,,,,,3.079727,0.641026,,
2026-07-13,2026-07-13,611.495804,17530,12671,1.383474,34.882818,405,2.310325,312,65+,female,11.0,735.35,113.0,1.202543,1.509866,1.779806,55.59052763636364,0.035256410256410256
2026-07-13,2026-07-13,64.87425,1086,781,1.390525,59.736879,21,1.933702,19,65+,male,,,7.0,,3.08925,1.74954,,
2026-07-13,2026-07-13,4.229625,136,99,1.373737,31.100185,0,0.0,0,65+,unknown,,,,,,,,
2026-07-13,2026-07-13,0.0,0,0,0.0,,0,,0,Unknown,unknown,,,,,,,,
2026-07-14,2026-07-14,4.429694,288,235,1.225532,15.380882,5,1.736111,2,18-24,female,,,,,0.885939,0.694444,,
2026-07-14,2026-07-14,1.139921,88,75,1.173333,12.953651,0,0.0,0,18-24,male,,,1.0,,,,,
2026-07-14,2026-07-14,0.019999,2,2,1.0,9.999309,0,0.0,0,18-24,unknown,,,,,,,,
2026-07-14,2026-07-14,29.577957,1769,1318,1.342185,16.720157,36,2.035048,26,25-34,female,,,12.0,,0.82161,1.469757,,
2026-07-14,2026-07-14,4.009723,407,308,1.321429,9.8519,6,1.474201,5,25-34,male,,,1.0,,0.668287,1.228501,,
2026-07-14,2026-07-14,0.399972,17,13,1.307692,23.527787,0,0.0,0,25-34,unknown,,,,,,,,
2026-07-14,2026-07-14,159.348996,9306,7060,1.31813,17.123253,111,1.192779,84,35-44,female,6.0,436.03,57.0,2.736321,1.435577,0.902643,26.558166,0.07142857142857142
2026-07-14,2026-07-14,13.579062,788,603,1.306799,17.232313,6,0.761421,5,35-44,male,,,2.0,,2.263177,0.634518,,
2026-07-14,2026-07-14,1.30991,65,56,1.160714,20.152454,3,4.615385,1,35-44,unknown,,,,,0.436637,1.538462,,
2026-07-14,2026-07-14,553.261793,28327,21172,1.337946,19.531253,435,1.535637,347,45-54,female,8.0,473.86,143.0,0.856484,1.271866,1.22498,69.157724125,0.023054755043227664
2026-07-14,2026-07-14,30.84787,1690,1177,1.435854,18.253177,13,0.769231,10,45-54,male,,,3.0,,2.372913,0.591716,,
2026-07-14,2026-07-14,4.019722,235,189,1.243386,17.105202,8,3.404255,8,45-54,unknown,,,5.0,,0.502465,3.404255,,
2026-07-14,2026-07-14,834.332383,34596,25295,1.367701,24.116441,663,1.916407,518,55-64,female,26.0,1623.92,207.0,1.946371,1.25842,1.497283,32.08970703846154,0.05019305019305019
2026-07-14,2026-07-14,46.416795,2004,1436,1.395543,23.162073,31,1.546906,25,55-64,male,4.0,272.68,16.0,5.874598,1.497316,1.247505,11.60419875,0.16
2026-07-14,2026-07-14,4.279704,334,257,1.299611,12.813486,4,1.197605,3,55-64,unknown,,,,,1.069926,0.898204,,
2026-07-14,2026-07-14,586.31951,18593,13508,1.376444,31.534422,455,2.447158,363,65+,female,11.0,458.0,115.0,0.781144,1.288614,1.952348,53.30177363636364,0.030303030303030304
2026-07-14,2026-07-14,39.81725,1223,866,1.41224,32.557032,18,1.471791,16,65+,male,,,1.0,,2.212069,1.308258,,
2026-07-14,2026-07-14,3.789738,191,158,1.208861,19.841562,1,0.52356,1,65+,unknown,,,,,3.789738,0.52356,,
2026-07-14,2026-07-14,0.0,1,1,1.0,0.0,0,0.0,0,Unknown,female,,,,,,,,
2026-07-15,2026-07-15,7.670097,260,202,1.287129,29.500374,4,1.538462,4,18-24,female,,,1.0,,1.917524,1.538462,,
2026-07-15,2026-07-15,1.710022,43,20,2.15,39.767946,0,0.0,0,18-24,male,,,,,,,,
2026-07-15,2026-07-15,0.060001,4,4,1.0,15.00019,0,0.0,0,18-24,unknown,,,,,,,,
2026-07-15,2026-07-15,29.910379,1780,1353,1.315595,16.803584,19,1.067416,13,25-34,female,1.0,33.95,5.0,1.135057,1.57423,0.730337,29.910379,0.07692307692307693
2026-07-15,2026-07-15,2.830036,255,164,1.554878,11.09818,3,1.176471,3,25-34,male,,,,,0.943345,1.176471,,
2026-07-15,2026-07-15,0.090001,11,11,1.0,8.181922,0,0.0,0,25-34,unknown,,,,,,,,
2026-07-15,2026-07-15,165.822102,9503,7194,1.320962,17.449448,122,1.283805,101,35-44,female,2.0,98.62,32.0,0.594734,1.359198,1.062822,82.911051,0.019801980198019802
2026-07-15,2026-07-15,11.720149,664,449,1.478842,17.650826,9,1.355422,6,35-44,male,,,2.0,,1.302239,0.903614,,
2026-07-15,2026-07-15,1.260016,82,65,1.261538,15.366048,0,0.0,0,35-44,unknown,,,,,,,,
2026-07-15,2026-07-15,559.537093,32588,24843,1.311758,17.170035,434,1.331779,341,45-54,female,9.0,503.49,144.0,0.899833,1.289256,1.046397,62.170788111111115,0.026392961876832845
2026-07-15,2026-07-15,29.260371,1754,1227,1.429503,16.682081,29,1.653364,21,45-54,male,,,8.0,,1.008978,1.197263,,
2026-07-15,2026-07-15,4.840061,330,240,1.375,14.666853,3,0.909091,4,45-54,unknown,,,1.0,,1.613354,1.212121,,
2026-07-15,2026-07-15,855.190841,40049,29118,1.375404,21.353613,691,1.725386,526,55-64,female,19.0,1063.84,214.0,1.24398,1.237613,1.313391,45.010044263157894,0.03612167300380228
2026-07-15,2026-07-15,51.140648,2174,1580,1.375949,23.523757,32,1.471941,28,55-64,male,1.0,33.95,8.0,0.663855,1.598145,1.287948,51.140648,0.03571428571428571
2026-07-15,2026-07-15,5.56007,415,321,1.292835,13.39776,8,1.927711,8,55-64,unknown,,,,,0.695009,1.927711,,
2026-07-15,2026-07-15,594.277533,21058,14921,1.4113,28.220986,474,2.250926,378,65+,female,10.0,560.15,130.0,0.942573,1.25375,1.795042,59.42775329999999,0.026455026455026454
2026-07-15,2026-07-15,40.810517,1207,884,1.365385,33.811531,16,1.325601,15,65+,male,2.0,119.84,7.0,2.936498,2.550657,1.242751,20.4052585,0.13333333333333333
2026-07-15,2026-07-15,4.910062,260,210,1.238095,18.884855,3,1.153846,2,65+,unknown,,,1.0,,1.636687,0.769231,,
2026-07-15,2026-07-15,0.0,1,1,1.0,0.0,0,0.0,0,Unknown,male,,,,,,,,
2026-07-16,2026-07-16,5.759269,306,249,1.228916,18.821141,4,1.30719,3,18-24,female,,,1.0,,1.439817,0.980392,,
2026-07-16,2026-07-16,0.889887,32,18,1.777778,27.808972,0,0.0,0,18-24,male,,,,,,,,
2026-07-16,2026-07-16,0.029996,4,3,1.333333,7.499049,0,0.0,0,18-24,unknown,,,,,,,,
2026-07-16,2026-07-16,35.615481,2003,1588,1.261335,17.781069,34,1.697454,29,25-34,female,,,10.0,,1.047514,1.447828,,
2026-07-16,2026-07-16,2.279711,224,162,1.382716,10.17728,0,0.0,0,25-34,male,,,,,,,,
2026-07-16,2026-07-16,0.259967,18,15,1.2,14.442612,0,0.0,0,25-34,unknown,,,,,,,,
2026-07-16,2026-07-16,149.061087,9966,7992,1.246997,14.956962,127,1.274333,102,35-44,female,,,58.0,,1.173709,1.02348,,
2026-07-16,2026-07-16,15.398046,789,547,1.442413,19.515902,11,1.39417,9,35-44,male,,,5.0,,1.399822,1.140684,,
2026-07-16,2026-07-16,2.399696,67,59,1.135593,35.816351,2,2.985075,2,35-44,unknown,,,1.0,,1.199848,2.985075,,
2026-07-16,2026-07-16,576.306879,36529,28582,1.278042,15.776695,521,1.426264,395,45-54,female,9.0,479.37,174.0,0.831796,1.106155,1.081333,64.03409766666667,0.02278481012658228
2026-07-16,2026-07-16,28.836341,1950,1360,1.433824,14.787867,24,1.230769,19,45-54,male,1.0,59.92,3.0,2.077934,1.201514,0.974359,28.836341,0.05263157894736842
2026-07-16,2026-07-16,4.469433,339,258,1.313953,13.184168,12,3.539823,8,45-54,unknown,,,4.0,,0.372453,2.359882,,
2026-07-16,2026-07-16,902.345512,47304,35957,1.315571,19.075459,796,1.682733,594,55-64,female,11.0,588.22,245.0,0.651879,1.1336,1.255708,82.03141018181817,0.018518518518518517
2026-07-16,2026-07-16,65.591678,2670,1887,1.414944,24.566171,54,2.022472,40,55-64,male,1.0,45.93,18.0,0.700241,1.214661,1.498127,65.591678,0.025
2026-07-16,2026-07-16,7.059104,522,406,1.285714,13.523188,5,0.957854,5,55-64,unknown,,,,,1.411821,0.957854,,
2026-07-16,2026-07-16,678.273942,27110,20587,1.31685,25.019327,591,2.180007,481,65+,female,14.0,948.74,153.0,1.398756,1.147672,1.774253,48.44813871428572,0.029106029106029108
2026-07-16,2026-07-16,41.744704,1541,1171,1.315969,27.08936,37,2.401038,31,65+,male,,,9.0,,1.128235,2.011681,,
2026-07-16,2026-07-16,5.759269,366,265,1.381132,15.735708,10,2.73224,9,65+,unknown,,,,,0.575927,2.459016,,
2026-07-16,2026-07-16,0.029996,1,1,1.0,29.996194,0,0.0,0,Unknown,female,,,,,,,,
2026-07-17,2026-07-17,5.250081,292,247,1.182186,17.979729,2,0.684932,2,18-24,female,,,,,2.62504,0.684932,,
2026-07-17,2026-07-17,0.410006,38,26,1.461538,10.78964,0,0.0,0,18-24,male,,,,,,,,
2026-07-17,2026-07-17,0.02,5,5,1.0,4.000062,0,0.0,0,18-24,unknown,,,,,,,,
2026-07-17,2026-07-17,35.830553,2114,1655,1.277341,16.949173,34,1.608325,26,25-34,female,,,12.0,,1.05384,1.229896,,
2026-07-17,2026-07-17,4.270066,243,156,1.557692,17.572288,4,1.646091,4,25-34,male,,,,,1.067516,1.646091,,
2026-07-17,2026-07-17,0.380006,27,23,1.173913,14.074291,1,3.703704,0,25-34,unknown,,,,,0.380006,,,
2026-07-17,2026-07-17,169.692618,12110,9396,1.288846,14.012603,139,1.147812,111,35-44,female,3.0,267.61,40.0,1.577028,1.22081,0.916598,56.564206000000006,0.02702702702702703
2026-07-17,2026-07-17,13.63021,851,572,1.487762,16.016698,7,0.822562,3,35-44,male,1.0,199.3,2.0,14.621931,1.947173,0.352526,13.63021,0.3333333333333333
2026-07-17,2026-07-17,1.250019,116,89,1.303371,10.776028,5,4.310345,4,35-44,unknown,,,1.0,,0.250004,3.448276,,
2026-07-17,2026-07-17,661.400203,40578,32062,1.26561,16.299478,641,1.579674,495,45-54,female,17.0,961.6,199.0,1.453885,1.031826,1.219873,38.90589429411765,0.03434343434343434
2026-07-17,2026-07-17,30.600472,2237,1666,1.342737,13.679245,22,0.98346,17,45-54,male,,,5.0,,1.390931,0.759946,,
2026-07-17,2026-07-17,6.340098,368,286,1.286713,17.228527,7,1.902174,4,45-54,unknown,,,,,0.905728,1.086957,,
2026-07-17,2026-07-17,921.664218,49216,38019,1.294511,18.726923,856,1.739272,666,55-64,female,15.0,948.02,248.0,1.028596,1.076711,1.353218,61.4442812,0.02252252252252252
2026-07-17,2026-07-17,57.750891,2977,2102,1.41627,19.399023,43,1.444407,31,55-64,male,1.0,45.93,10.0,0.795312,1.343044,1.041317,57.750891,0.03225806451612903
2026-07-17,2026-07-17,6.090094,515,415,1.240964,11.825425,6,1.165049,4,55-64,unknown,,,1.0,,1.015016,0.776699,,
2026-07-17,2026-07-17,629.659713,25186,19631,1.282971,25.000386,554,2.199635,428,65+,female,4.0,225.62,143.0,0.358321,1.13657,1.699357,157.41492825,0.009345794392523364
2026-07-17,2026-07-17,44.120681,1584,1127,1.405501,27.853965,38,2.39899,30,65+,male,,,24.0,,1.161071,1.893939,,
2026-07-17,2026-07-17,4.650072,323,252,1.281746,14.396507,1,0.309598,1,65+,unknown,,,,,4.650072,0.309598,,
2026-07-18,2026-07-18,5.49,253,209,1.210526,21.699605,3,1.185771,3,18-24,female,,,,,1.83,1.185771,,
2026-07-18,2026-07-18,0.5,40,24,1.666667,12.5,0,0.0,0,18-24,male,,,,,,,,
2026-07-18,2026-07-18,0.08,6,4,1.5,13.333333,2,33.333333,1,18-24,unknown,,,,,0.04,16.666667,,
2026-07-18,2026-07-18,33.98,2005,1505,1.332226,16.947631,31,1.546135,23,25-34,female,1.0,59.92,7.0,1.76339,1.096129,1.147132,33.98,0.043478260869565216
2026-07-18,2026-07-18,4.95,222,152,1.460526,22.297297,5,2.252252,4,25-34,male,,,,,0.99,1.801802,,
2026-07-18,2026-07-18,0.27,24,21,1.142857,11.25,0,0.0,0,25-34,unknown,,,,,,,,
2026-07-18,2026-07-18,165.49,11595,9253,1.253107,14.272531,144,1.241915,127,35-44,female,3.0,171.72,43.0,1.037646,1.149236,1.0953,55.163333333333334,0.023622047244094488
2026-07-18,2026-07-18,11.84,842,609,1.382594,14.061758,10,1.187648,6,35-44,male,1.0,59.92,2.0,5.060811,1.184,0.712589,11.84,0.16666666666666666
2026-07-18,2026-07-18,1.59,101,78,1.294872,15.742574,0,0.0,0,35-44,unknown,,,,,,,,
2026-07-18,2026-07-18,629.83,40430,31563,1.28093,15.578283,584,1.444472,440,45-54,female,7.0,482.28,175.0,0.76573,1.078476,1.088301,89.97571428571429,0.015909090909090907
2026-07-18,2026-07-18,33.67,2122,1643,1.29154,15.867107,24,1.131008,23,45-54,male,1.0,59.92,6.0,1.779626,1.402917,1.083883,33.67,0.043478260869565216
2026-07-18,2026-07-18,4.44,360,281,1.281139,12.333333,8,2.222222,6,45-54,unknown,,,2.0,,0.555,1.666667,,
2026-07-18,2026-07-18,902.74,49755,38085,1.30642,18.143704,864,1.736509,676,55-64,female,17.0,983.35,255.0,1.089295,1.044838,1.358657,53.10235294117647,0.02514792899408284
2026-07-18,2026-07-18,47.16,2880,2084,1.381958,16.375,26,0.902778,21,55-64,male,,,5.0,,1.813846,0.729167,,
2026-07-18,2026-07-18,7.28,507,409,1.239609,14.358974,14,2.761341,9,55-64,unknown,,,2.0,,0.52,1.775148,,
2026-07-18,2026-07-18,518.63,23775,18091,1.314189,21.81409,540,2.271293,424,65+,female,8.0,435.5,132.0,0.839712,0.960426,1.783386,64.82875,0.018867924528301886
2026-07-18,2026-07-18,40.99,1510,1093,1.381519,27.145695,21,1.390728,18,65+,male,1.0,359.52,8.0,8.77092,1.951905,1.192053,40.99,0.05555555555555555
2026-07-18,2026-07-18,4.24,293,242,1.210744,14.47099,3,1.023891,2,65+,unknown,,,,,1.413333,0.682594,,
2026-07-18,2026-07-18,0.0,0,0,0.0,,0,,0,Unknown,unknown,,,,,,,,
2026-07-19,2026-07-19,3.98,193,161,1.198758,20.621762,2,1.036269,2,18-24,female,,,,,1.99,1.036269,,
2026-07-19,2026-07-19,0.34,30,17,1.764706,11.333333,0,0.0,0,18-24,male,,,,,,,,
2026-07-19,2026-07-19,0.02,2,2,1.0,10.0,0,0.0,0,18-24,unknown,,,,,,,,
2026-07-19,2026-07-19,35.84,1780,1337,1.331339,20.134831,22,1.235955,15,25-34,female,1.0,59.92,10.0,1.671875,1.629091,0.842697,35.84,0.06666666666666667
2026-07-19,2026-07-19,4.54,217,126,1.722222,20.921659,1,0.460829,1,25-34,male,,,,,4.54,0.460829,,
2026-07-19,2026-07-19,0.08,8,8,1.0,10.0,0,0.0,0,25-34,unknown,,,,,,,,
2026-07-19,2026-07-19,176.1,11299,8292,1.362639,15.58545,156,1.380653,140,35-44,female,4.0,329.56,76.0,1.871437,1.128846,1.239048,44.025,0.02857142857142857
2026-07-19,2026-07-19,11.12,758,537,1.411546,14.670185,13,1.71504,12,35-44,male,,,3.0,,0.855385,1.583113,,
2026-07-19,2026-07-19,0.94,92,71,1.295775,10.217391,0,0.0,0,35-44,unknown,,,,,,,,
2026-07-19,2026-07-19,630.99,36488,27314,1.335872,17.293083,522,1.430607,391,45-54,female,9.0,540.0,174.0,0.855798,1.208793,1.071585,70.11,0.023017902813299233
2026-07-19,2026-07-19,36.41,2014,1442,1.396671,18.078451,26,1.290963,23,45-54,male,1.0,59.92,9.0,1.645702,1.400385,1.142006,36.41,0.043478260869565216
2026-07-19,2026-07-19,3.33,303,226,1.340708,10.990099,1,0.330033,1,45-54,unknown,,,,,3.33,0.330033,,
2026-07-19,2026-07-19,873.87,43739,31921,1.370227,19.979195,751,1.717003,602,55-64,female,16.0,954.05,241.0,1.091753,1.163609,1.376346,54.616875,0.026578073089700997
2026-07-19,2026-07-19,46.64,2627,1878,1.398829,17.754092,34,1.294252,28,55-64,male,1.0,59.92,10.0,1.284734,1.371765,1.065855,46.64,0.03571428571428571
2026-07-19,2026-07-19,6.14,415,303,1.369637,14.795181,3,0.722892,3,55-64,unknown,,,,,2.046667,0.722892,,
2026-07-19,2026-07-19,557.25,20891,15196,1.37477,26.674166,503,2.407735,401,65+,female,10.0,704.86,115.0,1.26489,1.107853,1.919487,55.725,0.02493765586034913
2026-07-19,2026-07-19,33.1,1332,915,1.455738,24.84985,19,1.426426,19,65+,male,,,2.0,,1.742105,1.426426,,
2026-07-19,2026-07-19,4.38,283,226,1.252212,15.477032,5,1.766784,4,65+,unknown,,,,,0.876,1.413428,,
2026-07-19,2026-07-19,0.03,1,1,1.0,30.0,0,0.0,0,Unknown,female,,,,,,,,
2026-07-20,2026-07-20,4.120159,332,294,1.129252,12.410118,6,1.807229,5,18-24,female,,,,,0.686693,1.506024,,
2026-07-20,2026-07-20,0.690027,68,49,1.387755,10.147451,0,0.0,0,18-24,male,,,,,,,,
2026-07-20,2026-07-20,0.070003,5,4,1.25,14.000541,0,0.0,0,18-24,unknown,,,,,,,,
2026-07-20,2026-07-20,38.7815,2418,1881,1.285486,16.038668,33,1.364764,23,25-34,female,2.0,85.87,11.0,2.2142,1.175197,0.951199,19.39075,0.08695652173913043
2026-07-20,2026-07-20,3.790147,383,251,1.525896,9.895944,2,0.522193,2,25-34,male,,,,,1.895073,0.522193,,
2026-07-20,2026-07-20,0.400015,17,16,1.0625,23.530322,0,0.0,0,25-34,unknown,,,,,,,,
2026-07-20,2026-07-20,185.967192,12775,9728,1.31322,14.557119,167,1.307241,133,35-44,female,2.0,39.95,45.0,0.214823,1.113576,1.041096,92.983596,0.015037593984962405
2026-07-20,2026-07-20,11.690452,980,723,1.355463,11.929033,7,0.714286,6,35-44,male,,,2.0,,1.670065,0.612245,,
2026-07-20,2026-07-20,0.640025,82,66,1.242424,7.80518,1,1.219512,1,35-44,unknown,,,,,0.640025,1.219512,,
2026-07-20,2026-07-20,581.352482,36974,27419,1.348481,15.723278,477,1.290096,399,45-54,female,10.0,743.6,159.0,1.279086,1.218768,1.079137,58.1352482,0.02506265664160401
2026-07-20,2026-07-20,25.230976,1983,1524,1.301181,12.723639,15,0.75643,14,45-54,male,,,4.0,,1.682065,0.706001,,
2026-07-20,2026-07-20,5.660219,316,232,1.362069,17.912085,1,0.316456,1,45-54,unknown,,,,,5.660219,0.316456,,
2026-07-20,2026-07-20,829.512079,42823,32192,1.330237,19.370714,795,1.856479,624,55-64,female,10.0,501.11,224.0,0.604102,1.043411,1.457161,82.9512079,0.016025641025641024
2026-07-20,2026-07-20,44.571724,2514,1818,1.382838,17.729405,25,0.994431,24,55-64,male,,,6.0,,1.782869,0.954654,,
2026-07-20,2026-07-20,4.630179,414,301,1.375415,11.184007,4,0.966184,3,55-64,unknown,,,3.0,,1.157545,0.724638,,
2026-07-20,2026-07-20,539.65087,22711,17010,1.335156,23.761652,501,2.205979,386,65+,female,15.0,924.54,132.0,1.713219,1.077147,1.699617,35.97672466666667,0.038860103626943004
2026-07-20,2026-07-20,43.811694,1292,934,1.383298,33.90998,22,1.702786,16,65+,male,,,9.0,,1.991441,1.23839,,
2026-07-20,2026-07-20,6.610256,310,243,1.27572,21.323405,7,2.258065,5,65+,unknown,,,,,0.944322,1.612903,,
2026-07-20,2026-07-20,0.050002,2,2,1.0,25.000967,0,0.0,0,Unknown,female,,,,,,,,
2026-07-20,2026-07-20,0.0,0,0,0.0,,0,,0,Unknown,unknown,,,1.0,,,,,
2026-07-21,2026-07-21,4.367436,322,270,1.192593,13.563467,4,1.242236,2,18-24,female,,,,,1.091859,0.621118,,
2026-07-21,2026-07-21,0.889478,61,39,1.564103,14.581605,0,0.0,0,18-24,male,,,,,,,,
2026-07-21,2026-07-21,0.11993,3,3,1.0,39.976535,0,0.0,0,18-24,unknown,,,,,,,,
2026-07-21,2026-07-21,41.225801,2377,1728,1.375579,17.343627,31,1.304165,23,25-34,female,,,8.0,,1.329865,0.967606,,
2026-07-21,2026-07-21,3.098181,250,188,1.329787,12.392726,3,1.2,3,25-34,male,,,,,1.032727,1.2,,
2026-07-21,2026-07-21,0.309818,17,14,1.214286,18.224597,1,5.882353,1,25-34,unknown,,,,,0.309818,5.882353,,
2026-07-21,2026-07-21,187.429983,12292,8484,1.448845,15.248127,171,1.391149,144,35-44,female,6.0,323.02,68.0,1.723417,1.096082,1.171494,31.2383305,0.041666666666666664
2026-07-21,2026-07-21,13.472092,925,624,1.482372,14.564424,7,0.756757,5,35-44,male,,,3.0,,1.924585,0.540541,,
2026-07-21,2026-07-21,0.969431,97,81,1.197531,9.994134,1,1.030928,0,35-44,unknown,,,,,0.969431,,,
2026-07-21,2026-07-21,598.148899,36741,27544,1.333902,16.280148,527,1.434365,415,45-54,female,12.0,850.23,182.0,1.421435,1.135007,1.129528,49.845741583333336,0.02891566265060241
2026-07-21,2026-07-21,28.463293,2196,1533,1.432485,12.961427,28,1.275046,25,45-54,male,2.0,177.09,11.0,6.221698,1.016546,1.138434,14.2316465,0.08
2026-07-21,2026-07-21,5.136985,316,243,1.300412,16.256281,3,0.949367,3,45-54,unknown,,,1.0,,1.712328,0.949367,,
2026-07-21,2026-07-21,857.136879,46180,33940,1.360636,18.560781,783,1.695539,576,55-64,female,10.0,754.92,164.0,0.880746,1.094683,1.247293,85.7136879,0.017361111111111112
2026-07-21,2026-07-21,47.8719,2757,1892,1.457188,17.363765,45,1.632209,37,55-64,male,2.0,116.88,25.0,2.441516,1.06382,1.342038,23.93595,0.05405405405405406
2026-07-21,2026-07-21,6.376257,450,348,1.293103,14.169461,7,1.555556,5,55-64,unknown,,,,,0.910894,1.111111,,
2026-07-21,2026-07-21,613.319994,24795,17992,1.378112,24.735632,555,2.238355,438,65+,female,16.0,1053.72,136.0,1.718059,1.105081,1.766485,38.332499625,0.0365296803652968
2026-07-21,2026-07-21,40.766071,1542,1085,1.421198,26.437141,28,1.815824,22,65+,male,2.0,133.11,8.0,3.265215,1.455931,1.426719,20.3830355,0.09090909090909091
2026-07-21,2026-07-21,4.137571,304,246,1.235772,13.610432,5,1.644737,2,65+,unknown,,,,,0.827514,0.657895,,
2026-07-21,2026-07-21,0.0,0,0,0.0,,0,,0,Unknown,unknown,,,,,,,,
2026-07-22,2026-07-22,5.511564,267,208,1.283654,20.642562,3,1.123596,1,18-24,female,,,,,1.837188,0.374532,,
2026-07-22,2026-07-22,0.290082,34,22,1.545455,8.531833,0,0.0,0,18-24,male,,,,,,,,
2026-07-22,2026-07-22,0.150043,5,5,1.0,30.008516,0,0.0,0,18-24,unknown,,,,,,,,
2026-07-22,2026-07-22,37.930764,2233,1593,1.401758,16.986459,22,0.985222,15,25-34,female,,,2.0,,1.724126,0.671742,,
2026-07-22,2026-07-22,3.881101,378,202,1.871287,10.267464,3,0.793651,3,25-34,male,,,,,1.2937,0.793651,,
2026-07-22,2026-07-22,0.120034,20,17,1.176471,6.001703,0,0.0,0,25-34,unknown,,,,,,,,
2026-07-22,2026-07-22,181.081387,11991,8326,1.440187,15.101442,134,1.117505,107,35-44,female,1.0,89.88,34.0,0.496351,1.351354,0.892336,181.081387,0.009345794392523364
2026-07-22,2026-07-22,13.88394,984,627,1.569378,14.109695,15,1.52439,13,35-44,male,1.0,28.0,5.0,2.016719,0.925596,1.321138,13.88394,0.07692307692307693
2026-07-22,2026-07-22,1.48042,84,75,1.12,17.624049,1,1.190476,1,35-44,unknown,,,,,1.48042,1.190476,,
2026-07-22,2026-07-22,584.015732,34472,25967,1.327531,16.941742,445,1.290903,350,45-54,female,3.0,176.69,151.0,0.302543,1.312395,1.015317,194.67191066666666,0.008571428571428572
2026-07-22,2026-07-22,36.130253,2194,1569,1.398343,16.467754,24,1.093892,15,45-54,male,,,4.0,,1.505427,0.683683,,
2026-07-22,2026-07-22,3.931116,307,218,1.408257,12.804937,11,3.583062,9,45-54,unknown,,,,,0.357374,2.931596,,
2026-07-22,2026-07-22,867.776258,44057,32383,1.360498,19.696672,719,1.631977,552,55-64,female,12.0,723.11,177.0,0.833291,1.206921,1.252922,72.31468816666667,0.021739130434782608
2026-07-22,2026-07-22,50.384298,2919,2138,1.365295,17.260808,46,1.575882,39,55-64,male,,,10.0,,1.095311,1.336074,,
2026-07-22,2026-07-22,4.591303,399,299,1.334448,11.507025,2,0.501253,1,55-64,unknown,,,,,2.295651,0.250627,,
2026-07-22,2026-07-22,623.156839,24940,18279,1.364407,24.986241,550,2.205293,419,65+,female,13.0,858.03,121.0,1.376909,1.133012,1.680032,47.935141461538464,0.031026252983293555
2026-07-22,2026-07-22,47.613512,1816,1341,1.354213,26.218894,38,2.092511,25,65+,male,,,5.0,,1.252987,1.376652,,
2026-07-22,2026-07-22,4.771354,280,231,1.212121,17.04055,2,0.714286,1,65+,unknown,,,,,2.385677,0.357143,,
2026-07-22,2026-07-22,0.0,0,0,0.0,,0,,0,Unknown,unknown,,,,,,,,
2026-07-23,2026-07-23,4.350363,324,245,1.322449,13.427048,3,0.925926,3,18-24,female,,,,,1.450121,0.925926,,
2026-07-23,2026-07-23,0.740062,49,36,1.361111,15.103303,0,0.0,0,18-24,male,,,,,,,,
2026-07-23,2026-07-23,0.030003,5,4,1.25,6.000501,0,0.0,0,18-24,unknown,,,,,,,,
2026-07-23,2026-07-23,47.663982,2536,1763,1.438457,18.794946,27,1.064669,24,25-34,female,1.0,39.95,10.0,0.838159,1.765333,0.946372,47.663982,0.041666666666666664
2026-07-23,2026-07-23,8.570716,534,270,1.977778,16.05003,1,0.187266,1,25-34,male,,,,,8.570716,0.187266,,
2026-07-23,2026-07-23,0.260022,21,21,1.0,12.381987,0,0.0,0,25-34,unknown,,,,,,,,
2026-07-23,2026-07-23,200.546755,13173,9328,1.4122,15.224076,141,1.070371,115,35-44,female,4.0,272.92,39.0,1.36088,1.422317,0.872998,50.13668875,0.034782608695652174
2026-07-23,2026-07-23,18.541549,1364,850,1.604706,13.593511,11,0.806452,8,35-44,male,,,2.0,,1.685595,0.58651,,
2026-07-23,2026-07-23,1.230103,90,66,1.363636,13.667809,0,0.0,0,35-44,unknown,,,,,,,,
2026-07-23,2026-07-23,660.365171,37293,26683,1.397631,17.707483,512,1.372912,400,45-54,female,9.0,490.88,159.0,0.743346,1.289776,1.072587,73.3739078888889,0.0225
2026-07-23,2026-07-23,49.274117,2807,1897,1.479705,17.554014,29,1.033131,22,45-54,male,1.0,39.95,8.0,0.810771,1.699107,0.783755,49.274117,0.045454545454545456
2026-07-23,2026-07-23,4.450372,310,229,1.353712,14.356038,3,0.967742,2,45-54,unknown,,,,,1.483457,0.645161,,
2026-07-23,2026-07-23,905.655664,44540,31519,1.413116,20.333535,800,1.796138,625,55-64,female,16.0,1050.71,214.0,1.160165,1.13207,1.403233,56.603479,0.0256
2026-07-23,2026-07-23,54.374543,3245,2364,1.372673,16.756408,40,1.232666,28,55-64,male,,,10.0,,1.359364,0.862866,,
2026-07-23,2026-07-23,6.410536,427,344,1.241279,15.012964,4,0.936768,3,55-64,unknown,,,,,1.602634,0.702576,,
2026-07-23,2026-07-23,609.620932,24316,17952,1.354501,25.070774,562,2.311235,454,65+,female,6.0,334.56,115.0,0.5488,1.084735,1.867083,101.60348866666668,0.013215859030837005
2026-07-23,2026-07-23,58.004846,1911,1360,1.405147,30.353138,59,3.087389,37,65+,male,,,11.0,,0.983133,1.936159,,
2026-07-23,2026-07-23,3.160264,259,224,1.15625,12.201792,5,1.930502,3,65+,unknown,,,,,0.632053,1.158301,,
2026-07-23,2026-07-23,0.0,1,1,1.0,0.0,0,0.0,0,Unknown,female,,,,,,,,
2026-07-23,2026-07-23,0.010001,1,1,1.0,10.000836,0,0.0,0,Unknown,male,,,,,,,,
