campaign_id,campaign_name,date_start,date_stop,spend,impressions,reach,frequency,cpm,clicks,cpc,ctr,inline_link_clicks,inline_link_click_ctr,purchases,purchase_value,checkouts_initiated,purchase_roas,cpa,cvr
6972562335830,Magic - Test Sales Campaign,2025-11-20,2025-11-20,46.99,565,409,1.381418,83.168142,45,1.044222,7.964602,43,7.610619,1.0,3.99,,0.084912,46.99,0.023255813953488372
6972562335830,Magic - Test Sales Campaign,2025-11-21,2025-11-21,258.03,3456,2283,1.513798,74.661458,273,0.945165,7.899306,243,7.03125,12.0,285.45,,1.106267,21.502499999999998,0.04938271604938271
6972562335830,Magic - Test Sales Campaign,2025-11-22,2025-11-22,340.42,5533,3681,1.503124,61.525393,317,1.07388,5.729261,272,4.915959,8.0,214.57,,0.63031,42.5525,0.029411764705882353
6972562335830,Magic - Test Sales Campaign,2025-11-23,2025-11-23,795.74,12435,8822,1.409544,63.991958,593,1.341889,4.768798,502,4.036992,33.0,938.48,,1.17938,24.113333333333333,0.06573705179282868
6972562335830,Magic - Test Sales Campaign,2025-11-24,2025-11-24,860.37,18797,13359,1.407066,45.771666,762,1.129094,4.053838,641,3.410119,23.0,424.17,,0.493009,37.407391304347826,0.0358814352574103
6972562335830,Magic - Test Sales Campaign,2025-11-25,2025-11-25,807.95,20572,14773,1.39254,39.274256,728,1.109821,3.538791,581,2.824227,22.0,485.11,,0.600421,36.725,0.0378657487091222
6972562335830,Magic - Test Sales Campaign,2025-11-26,2025-11-26,822.26,19779,14421,1.371542,41.572375,702,1.171311,3.549219,611,3.089135,26.0,510.91,,0.621348,31.625384615384615,0.0425531914893617
6976510154030,ASC - Magic Portraits - CC ($35),2025-11-26,2025-11-26,90.11,2681,2147,1.248719,33.610593,100,0.9011,3.729952,84,3.133159,,,,,,
6976513156630,ASC - Magic Portraits,2025-11-26,2025-11-26,93.09,3172,2764,1.147612,29.347415,128,0.727266,4.035309,108,3.404792,3.0,47.88,,0.514341,31.03,0.027777777777777776
6972562335830,Magic - Test Sales Campaign,2025-11-27,2025-11-27,1253.2,29544,21225,1.391943,42.418088,1138,1.10123,3.851882,949,3.212158,37.0,1130.47,,0.902067,33.87027027027027,0.03898840885142255
6976510154030,ASC - Magic Portraits - CC ($35),2025-11-27,2025-11-27,102.62,2547,2045,1.245477,40.290538,118,0.869661,4.632901,104,4.083235,,,,,,
6976513156630,ASC - Magic Portraits,2025-11-27,2025-11-27,324.61,13027,10472,1.243984,24.918247,381,0.851995,2.924695,292,2.241498,3.0,47.9,,0.147562,108.20333333333333,0.010273972602739725
6972562335830,Magic - Test Sales Campaign,2025-11-28,2025-11-28,2235.79,33316,22873,1.456565,67.108596,1772,1.261733,5.318766,1492,4.478329,64.0,2436.38,,1.089718,34.93421875,0.04289544235924933
6976510154030,ASC - Magic Portraits - CC ($35),2025-11-28,2025-11-28,111.68,2073,1637,1.266341,53.873613,99,1.128081,4.775687,87,4.196816,7.0,195.51,,1.750627,15.954285714285716,0.08045977011494253
6976513156630,ASC - Magic Portraits,2025-11-28,2025-11-28,303.52,7249,6073,1.193644,41.870603,336,0.903333,4.635122,255,3.517727,14.0,381.21,,1.255963,21.68,0.054901960784313725
6972562335830,Magic - Test Sales Campaign,2025-11-29,2025-11-29,946.9,14804,9096,1.627529,63.962443,964,0.982261,6.511754,822,5.552553,55.0,1575.76,,1.664125,17.216363636363635,0.06690997566909976
6976510154030,ASC - Magic Portraits - CC ($35),2025-11-29,2025-11-29,56.75,1362,1164,1.170103,41.666667,76,0.746711,5.580029,61,4.478708,1.0,11.97,,0.210925,56.75,0.01639344262295082
6976513156630,ASC - Magic Portraits,2025-11-29,2025-11-29,54.0,1220,1048,1.164122,44.262295,86,0.627907,7.04918,61,5.0,2.0,67.83,,1.256111,27.0,0.03278688524590164
6972562335830,Magic - Test Sales Campaign,2025-11-30,2025-11-30,1567.35,27990,18132,1.54368,55.996785,1385,1.131661,4.948196,1167,4.169346,55.0,2002.19,,1.277436,28.497272727272726,0.04712939160239932
6976510154030,ASC - Magic Portraits - CC ($35),2025-11-30,2025-11-30,54.76,1381,1051,1.313987,39.652426,57,0.960702,4.127444,49,3.548154,1.0,11.97,,0.21859,54.76,0.02040816326530612
6976513156630,ASC - Magic Portraits,2025-11-30,2025-11-30,50.22,1349,1202,1.122296,37.227576,83,0.60506,6.152706,60,4.447739,4.0,308.23,,6.137595,12.555,0.06666666666666667
6972562335830,Magic - Test Sales Campaign,2025-12-01,2025-12-01,1980.12,28687,18813,1.52485,69.024994,1493,1.326269,5.204448,1240,4.322515,52.0,1893.95,,0.956482,38.07923076923077,0.041935483870967745
6976510154030,ASC - Magic Portraits - CC ($35),2025-12-01,2025-12-01,50.01,1243,934,1.330835,40.233307,60,0.8335,4.827031,44,3.539823,5.0,173.68,,3.472905,10.001999999999999,0.11363636363636363
6976513156630,ASC - Magic Portraits,2025-12-01,2025-12-01,137.89,3327,2768,1.201951,41.445747,185,0.745351,5.560565,126,3.787196,6.0,99.34,,0.720429,22.981666666666666,0.047619047619047616
6972562335830,Magic - Test Sales Campaign,2025-12-02,2025-12-02,1442.95,29712,21359,1.391076,48.564553,1281,1.126425,4.311389,1064,3.581045,55.0,1702.25,,1.179701,26.235454545454548,0.05169172932330827
6976510154030,ASC - Magic Portraits - CC ($35),2025-12-02,2025-12-02,53.45,1459,1078,1.353432,36.634681,49,1.090816,3.358465,42,2.878684,2.0,51.87,,0.97044,26.725,0.047619047619047616
6976513156630,ASC - Magic Portraits,2025-12-02,2025-12-02,147.24,5430,4640,1.170259,27.116022,235,0.626553,4.327808,163,3.001842,7.0,129.72,,0.881011,21.034285714285716,0.04294478527607362
6972562335830,Magic - Test Sales Campaign,2025-12-03,2025-12-03,1444.93,38526,28770,1.339103,37.505321,1351,1.069526,3.506723,1104,2.865597,38.0,1509.41,,1.044625,38.02447368421053,0.034420289855072464
6976510154030,ASC - Magic Portraits - CC ($35),2025-12-03,2025-12-03,55.04,1861,1430,1.301399,29.575497,52,1.058462,2.794197,39,2.095648,4.0,127.68,,2.319767,13.76,0.10256410256410256
6976513156630,ASC - Magic Portraits,2025-12-03,2025-12-03,136.24,5941,5013,1.185119,22.932166,184,0.740435,3.097122,129,2.171352,4.0,170.8,,1.25367,34.06,0.031007751937984496
6972562335830,Magic - Test Sales Campaign,2025-12-04,2025-12-04,1320.54,36196,26949,1.34313,36.483037,1191,1.108766,3.290419,961,2.65499,28.0,979.03,,0.741386,47.162142857142854,0.029136316337148804
6976510154030,ASC - Magic Portraits - CC ($35),2025-12-04,2025-12-04,154.19,4518,3518,1.284252,34.127933,180,0.856611,3.984064,150,3.320053,5.0,199.81,,1.295869,30.838,0.03333333333333333
6976513156630,ASC - Magic Portraits,2025-12-04,2025-12-04,146.82,4105,3185,1.288854,35.766139,163,0.900736,3.970767,132,3.215591,4.0,123.82,,0.843346,36.705,0.030303030303030304
6972562335830,Magic - Test Sales Campaign,2025-12-05,2025-12-05,1493.41,37294,26930,1.38485,40.044243,1199,1.245546,3.214994,993,2.662627,55.0,2207.84,,1.478388,27.15290909090909,0.0553877139979859
6976510154030,ASC - Magic Portraits - CC ($35),2025-12-05,2025-12-05,164.9,4093,3233,1.266007,40.288297,142,1.161268,3.469338,123,3.005131,5.0,137.77,,0.835476,32.980000000000004,0.04065040650406504
6976513156630,ASC - Magic Portraits,2025-12-05,2025-12-05,174.63,3731,2912,1.28125,46.805146,174,1.003621,4.663629,157,4.207987,2.0,83.86,,0.480215,87.315,0.012738853503184714
6972562335830,Magic - Test Sales Campaign,2025-12-06,2025-12-06,1244.42,28798,20635,1.39559,43.212029,1098,1.133352,3.812765,927,3.218974,41.0,1447.75,,1.163393,30.351707317073174,0.04422869471413161
6976510154030,ASC - Magic Portraits - CC ($35),2025-12-06,2025-12-06,115.22,2755,2292,1.202007,41.822142,173,0.666012,6.279492,149,5.408348,7.0,247.67,,2.14954,16.46,0.04697986577181208
6976513156630,ASC - Magic Portraits,2025-12-06,2025-12-06,120.38,2578,2053,1.255723,46.695112,120,1.003167,4.654771,103,3.995345,5.0,97.58,,0.8106,24.076,0.04854368932038835
6972562335830,Magic - Test Sales Campaign,2025-12-07,2025-12-07,1638.2,43981,29259,1.503161,37.247903,1723,0.950784,3.917601,1428,3.246857,55.0,2220.25,,1.355299,29.785454545454545,0.03851540616246499
6976510154030,ASC - Magic Portraits - CC ($35),2025-12-07,2025-12-07,179.83,5278,4426,1.192499,34.071618,268,0.671007,5.077681,221,4.187192,5.0,410.5,,2.282711,35.966,0.02262443438914027
6976513156630,ASC - Magic Portraits,2025-12-07,2025-12-07,175.77,4707,3852,1.221963,37.342256,224,0.784688,4.75887,204,4.333971,8.0,273.61,,1.556637,21.97125,0.0392156862745098
6972562335830,Magic - Test Sales Campaign,2025-12-08,2025-12-08,1512.65,44288,29849,1.483735,34.15485,1822,0.830214,4.113981,1463,3.303378,57.0,1683.31,,1.112822,26.537719298245616,0.03896103896103896
6976510154030,ASC - Magic Portraits - CC ($35),2025-12-08,2025-12-08,172.02,5258,4144,1.268822,32.715862,211,0.815261,4.012933,176,3.34728,4.0,127.83,,0.743111,43.005,0.022727272727272728
6976513156630,ASC - Magic Portraits,2025-12-08,2025-12-08,156.21,4732,3817,1.239717,33.011412,182,0.858297,3.846154,152,3.212172,14.0,237.65,,1.521349,11.157857142857143,0.09210526315789473
6972562335830,Magic - Test Sales Campaign,2025-12-09,2025-12-09,1852.92,50602,34173,1.48076,36.617525,1862,0.995124,3.679696,1532,3.027548,60.0,1797.19,,0.969923,30.882,0.0391644908616188
6976510154030,ASC - Magic Portraits - CC ($35),2025-12-09,2025-12-09,152.29,4697,3710,1.266038,32.422823,191,0.79733,4.066425,153,3.257398,4.0,209.65,,1.37665,38.0725,0.026143790849673203
6976513156630,ASC - Magic Portraits,2025-12-09,2025-12-09,223.58,6370,4810,1.324324,35.098901,235,0.951404,3.689168,198,3.10832,7.0,201.71,,0.902183,31.94,0.03535353535353535
6972562335830,Magic - Test Sales Campaign,2025-12-10,2025-12-10,2398.8,65754,45882,1.433111,36.481431,1923,1.247426,2.924537,1578,2.399854,56.0,1742.85,,0.726551,42.83571428571429,0.035487959442332066
6976510154030,ASC - Magic Portraits - CC ($35),2025-12-10,2025-12-10,158.24,4451,3639,1.223138,35.551561,181,0.874254,4.066502,151,3.392496,3.0,95.84,,0.605662,52.74666666666667,0.019867549668874173
6976513156630,ASC - Magic Portraits,2025-12-10,2025-12-10,667.32,16718,12304,1.358745,39.916258,543,1.22895,3.247996,448,2.679746,21.0,843.94,,1.264671,31.77714285714286,0.046875
6972562335830,Magic - Test Sales Campaign,2025-12-11,2025-12-11,1941.34,55602,43468,1.279148,34.914931,1757,1.104917,3.159958,1435,2.580842,53.0,1592.04,,0.820073,36.629056603773584,0.036933797909407665
6976510154030,ASC - Magic Portraits - CC ($35),2025-12-11,2025-12-11,154.37,4611,3731,1.235862,33.478638,187,0.825508,4.055519,144,3.122967,4.0,197.85,,1.281661,38.5925,0.027777777777777776
6976513156630,ASC - Magic Portraits,2025-12-11,2025-12-11,466.22,12151,8738,1.390593,38.368859,396,1.177323,3.258991,322,2.649988,15.0,533.99,,1.145361,31.081333333333337,0.046583850931677016
6985706012030,1 - Testing,2025-12-11,2025-12-11,28.19,631,504,1.251984,44.675119,20,1.4095,3.169572,20,3.169572,,,,,,
6972562335830,Magic - Test Sales Campaign,2025-12-12,2025-12-12,1851.37,52950,42384,1.249292,34.964495,1842,1.005087,3.478754,1431,2.70255,57.0,1715.54,,0.926633,32.48017543859649,0.039832285115303984
6976510154030,ASC - Magic Portraits - CC ($35),2025-12-12,2025-12-12,104.37,3251,2781,1.169004,32.103968,104,1.003558,3.199016,84,2.58382,5.0,157.75,,1.51145,20.874000000000002,0.05952380952380952
6976513156630,ASC - Magic Portraits,2025-12-12,2025-12-12,839.45,22197,15209,1.459465,37.818174,815,1.03,3.671667,659,2.96887,24.0,920.86,,1.09698,34.97708333333333,0.036418816388467376
6985706012030,1 - Testing,2025-12-12,2025-12-12,27.79,577,438,1.317352,48.162912,19,1.462632,3.292894,15,2.599653,,,,,,
6972562335830,Magic - Test Sales Campaign,2025-12-13,2025-12-13,1703.84,48963,38681,1.265815,34.798521,1849,0.921493,3.776321,1530,3.124809,54.0,2150.04,,1.261879,31.552592592592593,0.03529411764705882
6976510154030,ASC - Magic Portraits - CC ($35),2025-12-13,2025-12-13,93.23,2675,2187,1.223137,34.852336,154,0.60539,5.757009,127,4.747664,2.0,79.91,,0.857128,46.615,0.015748031496062992
6976513156630,ASC - Magic Portraits,2025-12-13,2025-12-13,738.5,17564,12920,1.359443,42.046231,737,1.002035,4.196083,636,3.621043,23.0,974.64,,1.319756,32.108695652173914,0.036163522012578615
6985706012030,1 - Testing,2025-12-13,2025-12-13,25.63,579,422,1.372038,44.265976,9,2.847778,1.554404,9,1.554404,2.0,159.92,,6.239563,12.815,0.2222222222222222
6972562335830,Magic - Test Sales Campaign,2025-12-14,2025-12-14,1972.91,63923,49089,1.302186,30.863852,2277,0.866451,3.562098,1833,2.867512,62.0,2112.64,,1.070824,31.821129032258067,0.03382433169667212
6976510154030,ASC - Magic Portraits - CC ($35),2025-12-14,2025-12-14,114.39,2950,2486,1.186645,38.776271,137,0.834964,4.644068,108,3.661017,4.0,177.76,,1.553982,28.5975,0.037037037037037035
6976513156630,ASC - Magic Portraits,2025-12-14,2025-12-14,870.96,23240,15995,1.452954,37.476764,967,0.900683,4.160929,835,3.592943,35.0,1410.41,,1.619374,24.88457142857143,0.041916167664670656
6985706012030,1 - Testing,2025-12-14,2025-12-14,32.64,777,621,1.251208,42.007722,25,1.3056,3.217503,18,2.316602,,,,,,
6972562335830,Magic - Test Sales Campaign,2025-12-15,2025-12-15,1926.77,67870,56993,1.190848,28.389126,2056,0.937145,3.029321,1620,2.386916,37.0,1085.36,,0.563305,52.074864864864864,0.022839506172839506
6976510154030,ASC - Magic Portraits - CC ($35),2025-12-15,2025-12-15,173.3,4906,3889,1.261507,35.324093,171,1.01345,3.485528,151,3.077864,5.0,455.27,,2.627063,34.660000000000004,0.033112582781456956
6976513156630,ASC - Magic Portraits,2025-12-15,2025-12-15,950.97,25830,18005,1.434602,36.816492,940,1.01167,3.639179,795,3.077816,29.0,932.55,,0.98063,32.792068965517245,0.03647798742138365
6985706012030,1 - Testing,2025-12-15,2025-12-15,45.17,1072,932,1.150215,42.136194,29,1.557586,2.705224,28,2.61194,,,,,,
6972562335830,Magic - Test Sales Campaign,2025-12-16,2025-12-16,1756.24,72044,58965,1.22181,24.377325,1855,0.94676,2.574815,1471,2.041808,42.0,1434.95,,0.817058,41.815238095238094,0.028552005438477225
6976510154030,ASC - Magic Portraits - CC ($35),2025-12-16,2025-12-16,161.68,4440,3496,1.270023,36.414414,203,0.796453,4.572072,177,3.986486,5.0,199.72,,1.23528,32.336,0.02824858757062147
6976513156630,ASC - Magic Portraits,2025-12-16,2025-12-16,975.72,29309,21468,1.365241,33.290798,973,1.002795,3.319799,785,2.678358,39.0,1448.14,,1.484176,25.01846153846154,0.049681528662420385
6985706012030,1 - Testing,2025-12-16,2025-12-16,25.41,577,441,1.30839,44.038128,28,0.9075,4.852686,25,4.332756,1.0,115.84,,4.558835,25.41,0.04
6972562335830,Magic - Test Sales Campaign,2025-12-17,2025-12-17,1712.3,72480,61978,1.169447,23.624448,1643,1.042179,2.266832,1317,1.817053,39.0,1071.28,,0.625638,43.90512820512821,0.029612756264236904
6976510154030,ASC - Magic Portraits - CC ($35),2025-12-17,2025-12-17,156.88,4933,3887,1.269102,31.802149,197,0.796345,3.993513,158,3.202919,5.0,143.76,,0.916369,31.375999999999998,0.03164556962025317
6976513156630,ASC - Magic Portraits,2025-12-17,2025-12-17,1513.55,48813,36217,1.347792,31.007109,1445,1.047439,2.960277,1175,2.407146,41.0,1171.3,,0.773876,36.915853658536584,0.03489361702127659
6985706012030,1 - Testing,2025-12-17,2025-12-17,87.63,1898,1512,1.255291,46.169652,72,1.217083,3.793467,59,3.108535,3.0,71.92,,0.820724,29.209999999999997,0.05084745762711865
6972562335830,Magic - Test Sales Campaign,2025-12-18,2025-12-18,1420.7,50403,44432,1.134385,28.186814,1236,1.149434,2.452235,916,1.817352,27.0,1033.99,,0.727803,52.61851851851852,0.02947598253275109
6976510154030,ASC - Magic Portraits - CC ($35),2025-12-18,2025-12-18,157.27,4149,3459,1.19948,37.905519,172,0.91436,4.145577,141,3.398409,4.0,95.84,,0.609398,39.3175,0.028368794326241134
6976513156630,ASC - Magic Portraits,2025-12-18,2025-12-18,1845.76,54599,41250,1.323612,33.805747,1503,1.228051,2.752798,1125,2.060477,32.0,1416.45,,0.767407,57.68,0.028444444444444446
6985706012030,1 - Testing,2025-12-18,2025-12-18,84.78,1829,1414,1.293494,46.353198,53,1.599623,2.897758,41,2.241662,,,,,,
6972562335830,Magic - Test Sales Campaign,2025-12-19,2025-12-19,1131.77,45307,40139,1.128753,24.980025,981,1.15369,2.165228,781,1.723795,16.0,469.22,,0.41459,70.735625,0.020486555697823303
6976510154030,ASC - Magic Portraits - CC ($35),2025-12-19,2025-12-19,134.37,3902,3196,1.220901,34.436187,136,0.988015,3.485392,109,2.793439,4.0,157.77,,1.174146,33.5925,0.03669724770642202
6976513156630,ASC - Magic Portraits,2025-12-19,2025-12-19,1547.46,54277,40547,1.338619,28.510419,1222,1.266334,2.251414,976,1.798183,29.0,1167.63,,0.754546,53.360689655172415,0.02971311475409836
6985706012030,1 - Testing,2025-12-19,2025-12-19,80.14,2022,1526,1.325033,39.634026,47,1.705106,2.324431,39,1.928783,,,,,,
6972562335830,Magic - Test Sales Campaign,2025-12-20,2025-12-20,621.66,23311,19651,1.18625,26.668097,734,0.846948,3.148728,598,2.565313,19.0,603.3,,0.970466,32.71894736842105,0.03177257525083612
6976510154030,ASC - Magic Portraits - CC ($35),2025-12-20,2025-12-20,99.83,3003,2498,1.202162,33.243423,149,0.67,4.961705,121,4.029304,5.0,113.85,,1.140439,19.966,0.04132231404958678
6976513156630,ASC - Magic Portraits,2025-12-20,2025-12-20,869.67,30348,22365,1.356942,28.656584,949,0.916407,3.127059,797,2.626203,28.0,1172.03,,1.347672,31.059642857142855,0.03513174404015056
6985706012030,1 - Testing,2025-12-20,2025-12-20,79.71,2262,1763,1.28304,35.238727,81,0.984074,3.580902,72,3.183024,1.0,23.96,,0.30059,79.71,0.013888888888888888
6972562335830,Magic - Test Sales Campaign,2025-12-21,2025-12-21,742.69,29074,25421,1.1437,25.544817,806,0.921452,2.772236,654,2.249432,22.0,530.1,,0.713757,33.75863636363636,0.03363914373088685
6976510154030,ASC - Magic Portraits - CC ($35),2025-12-21,2025-12-21,162.62,5652,4351,1.299012,28.772116,216,0.75287,3.821656,172,3.043171,4.0,401.29,,2.467655,40.655,0.023255813953488372
6976513156630,ASC - Magic Portraits,2025-12-21,2025-12-21,1050.7,38396,27419,1.400343,27.36483,1020,1.030098,2.656527,846,2.203355,26.0,1336.96,,1.272447,40.41153846153846,0.030732860520094562
6985706012030,1 - Testing,2025-12-21,2025-12-21,97.69,3100,2260,1.371681,31.512903,78,1.252436,2.516129,72,2.322581,2.0,143.77,,1.471696,48.845,0.027777777777777776
6972562335830,Magic - Test Sales Campaign,2025-12-22,2025-12-22,54.11,1696,1575,1.076825,31.904481,75,0.721467,4.42217,68,4.009434,2.0,59.9,,1.107004,27.055,0.029411764705882353
6976510154030,ASC - Magic Portraits - CC ($35),2025-12-22,2025-12-22,166.71,6240,4624,1.349481,26.716346,244,0.683238,3.910256,216,3.461538,5.0,119.8,,0.718613,33.342,0.023148148148148147
6976513156630,ASC - Magic Portraits,2025-12-22,2025-12-22,1001.47,37979,27198,1.396389,26.369046,966,1.036718,2.543511,797,2.098528,21.0,860.7,,0.859437,47.68904761904762,0.026348808030112924
6985706012030,1 - Testing,2025-12-22,2025-12-22,55.84,1927,1428,1.34944,28.977686,60,0.930667,3.113648,47,2.439024,3.0,46.94,,0.840616,18.613333333333333,0.06382978723404255
6972562335830,Magic - Test Sales Campaign,2025-12-23,2025-12-23,53.97,1821,1700,1.071176,29.637562,54,0.999444,2.965404,49,2.690829,7.0,233.79,,4.331851,7.71,0.14285714285714285
6976510154030,ASC - Magic Portraits - CC ($35),2025-12-23,2025-12-23,157.38,7382,5645,1.307706,21.319426,224,0.702589,3.034408,188,2.546735,2.0,47.92,,0.304486,78.69,0.010638297872340425
6976513156630,ASC - Magic Portraits,2025-12-23,2025-12-23,902.96,40315,28503,1.414413,22.397619,890,1.014562,2.207615,726,1.800819,15.0,486.57,,0.538861,60.19733333333333,0.02066115702479339
6985706012030,1 - Testing,2025-12-23,2025-12-23,52.09,1800,1366,1.317716,28.938889,45,1.157556,2.5,43,2.388889,1.0,23.96,,0.459973,52.09,0.023255813953488372
6972562335830,Magic - Test Sales Campaign,2025-12-24,2025-12-24,106.65,5301,4827,1.098198,20.118846,121,0.881405,2.282588,90,1.697793,2.0,97.93,,0.918237,53.325,0.022222222222222223
6976510154030,ASC - Magic Portraits - CC ($35),2025-12-24,2025-12-24,152.76,8821,6969,1.265748,17.317764,185,0.82573,2.097268,144,1.632468,,,,,,
6976513156630,ASC - Magic Portraits,2025-12-24,2025-12-24,543.11,27985,20655,1.354878,19.407182,541,1.0039,1.933178,434,1.550831,15.0,486.91,,0.896522,36.20733333333333,0.03456221198156682
6985706012030,1 - Testing,2025-12-24,2025-12-24,37.8,1410,1200,1.175,26.808511,40,0.945,2.836879,33,2.340426,1.0,591.19,,15.639947,37.8,0.030303030303030304
6972562335830,Magic - Test Sales Campaign,2025-12-25,2025-12-25,99.99,5156,4783,1.077985,19.39294,146,0.684863,2.831652,114,2.211016,2.0,67.9,,0.679068,49.995,0.017543859649122806
6976510154030,ASC - Magic Portraits - CC ($35),2025-12-25,2025-12-25,162.33,9897,8214,1.204894,16.40194,200,0.81165,2.020814,154,1.556027,2.0,53.91,,0.332101,81.165,0.012987012987012988
6976513156630,ASC - Magic Portraits,2025-12-25,2025-12-25,489.71,29875,22402,1.333586,16.391967,591,0.828613,1.978243,480,1.606695,14.0,567.68,,1.159217,34.979285714285716,0.029166666666666667
6985706012030,1 - Testing,2025-12-25,2025-12-25,40.26,1888,1478,1.277402,21.324153,36,1.118333,1.90678,31,1.641949,,,,,,
6972562335830,Magic - Test Sales Campaign,2025-12-26,2025-12-26,201.09,10120,9004,1.123945,19.870553,250,0.80436,2.470356,202,1.996047,2.0,49.44,,0.24586,100.545,0.009900990099009901
6976510154030,ASC - Magic Portraits - CC ($35),2025-12-26,2025-12-26,141.66,8703,6500,1.338923,16.277146,174,0.814138,1.999311,139,1.59715,1.0,23.96,,0.169137,141.66,0.007194244604316547
6976513156630,ASC - Magic Portraits,2025-12-26,2025-12-26,476.68,25029,17329,1.444342,19.045108,484,0.984876,1.933757,403,1.610132,12.0,379.47,,0.796069,39.723333333333336,0.02977667493796526
6985706012030,1 - Testing,2025-12-26,2025-12-26,38.26,1542,1303,1.183423,24.811933,36,1.062778,2.33463,31,2.010376,,,,,,
6972562335830,Magic - Test Sales Campaign,2025-12-27,2025-12-27,177.86,8656,7290,1.18738,20.547597,199,0.893769,2.298983,163,1.883087,7.0,309.58,,1.740582,25.40857142857143,0.04294478527607362
6976510154030,ASC - Magic Portraits - CC ($35),2025-12-27,2025-12-27,106.47,5726,4394,1.303141,18.594132,151,0.705099,2.637094,126,2.200489,1.0,23.96,,0.22504,106.47,0.007936507936507936
6976513156630,ASC - Magic Portraits,2025-12-27,2025-12-27,454.24,24964,18167,1.37414,18.195802,524,0.86687,2.099023,431,1.726486,34.0,1314.22,,2.893228,13.36,0.07888631090487239
6985706012030,1 - Testing,2025-12-27,2025-12-27,36.86,1937,1522,1.272668,19.029427,22,1.675455,1.135777,18,0.929272,1.0,23.96,,0.650027,36.86,0.05555555555555555
6972562335830,Magic - Test Sales Campaign,2025-12-28,2025-12-28,241.38,10354,8633,1.199351,23.312729,280,0.862071,2.704269,235,2.269654,13.0,679.19,,2.813779,18.567692307692308,0.05531914893617021
6976510154030,ASC - Magic Portraits - CC ($35),2025-12-28,2025-12-28,184.67,8929,6975,1.280143,20.682047,251,0.735737,2.811065,200,2.239892,3.0,103.87,,0.562463,61.556666666666665,0.015
6976513156630,ASC - Magic Portraits,2025-12-28,2025-12-28,600.22,27013,19650,1.374707,22.219672,640,0.937844,2.36923,514,1.902788,24.0,884.96,,1.474393,25.00916666666667,0.04669260700389105
6985706012030,1 - Testing,2025-12-28,2025-12-28,51.25,1723,1266,1.360979,29.744631,48,1.067708,2.785839,40,2.321532,,,,,,
6972562335830,Magic - Test Sales Campaign,2025-12-29,2025-12-29,420.29,22041,19789,1.113801,19.068554,433,0.970647,1.964521,329,1.492673,4.0,135.78,,0.323063,105.0725,0.0121580547112462
6976510154030,ASC - Magic Portraits - CC ($35),2025-12-29,2025-12-29,140.63,7546,5732,1.316469,18.636364,182,0.772692,2.411874,133,1.762523,4.0,89.85,,0.638911,35.1575,0.03007518796992481
6976513156630,ASC - Magic Portraits,2025-12-29,2025-12-29,836.91,41650,31768,1.311068,20.093878,791,1.05804,1.89916,630,1.512605,18.0,721.12,,0.861646,46.495,0.02857142857142857
6985706012030,1 - Testing,2025-12-29,2025-12-29,33.23,1169,879,1.32992,28.426005,20,1.6615,1.710864,20,1.710864,1.0,47.92,,1.44207,33.23,0.05
6972562335830,Magic - Test Sales Campaign,2025-12-30,2025-12-30,354.12,17747,16122,1.100794,19.953795,338,1.047692,1.904547,267,1.50448,4.0,189.73,,0.535779,88.53,0.0149812734082397
6976510154030,ASC - Magic Portraits - CC ($35),2025-12-30,2025-12-30,159.29,9925,7847,1.264815,16.04937,211,0.754929,2.125945,154,1.551637,4.0,220.64,,1.385147,39.8225,0.025974025974025976
6976513156630,ASC - Magic Portraits,2025-12-30,2025-12-30,699.16,32905,26049,1.263196,21.247835,635,1.101039,1.929798,512,1.555995,11.0,333.53,,0.477044,63.559999999999995,0.021484375
6985706012030,1 - Testing,2025-12-30,2025-12-30,141.72,4414,3213,1.373794,32.106932,96,1.47625,2.174898,83,1.880381,1.0,41.93,,0.295865,141.72,0.012048192771084338
6972562335830,Magic - Test Sales Campaign,2025-12-31,2025-12-31,296.03,16903,15024,1.125067,17.513459,345,0.858058,2.041058,270,1.59735,6.0,189.77,,0.64105,49.33833333333333,0.022222222222222223
6976510154030,ASC - Magic Portraits - CC ($35),2025-12-31,2025-12-31,164.69,10275,8933,1.150229,16.028224,190,0.866789,1.849148,142,1.381995,2.0,29.95,,0.181857,82.345,0.014084507042253521
6976513156630,ASC - Magic Portraits,2025-12-31,2025-12-31,447.73,23358,18072,1.292497,19.168165,512,0.874473,2.191968,397,1.699632,9.0,393.08,,0.87794,49.74777777777778,0.022670025188916875
6985706012030,1 - Testing,2025-12-31,2025-12-31,113.5,4922,3122,1.576553,23.059732,92,1.233696,1.869159,85,1.72694,,,,,,
6972562335830,Magic - Test Sales Campaign,2026-01-01,2026-01-01,260.21,17927,16385,1.09411,14.514977,436,0.596812,2.432086,362,2.019301,6.0,214.66,,0.824949,43.36833333333333,0.016574585635359115
6976510154030,ASC - Magic Portraits - CC ($35),2026-01-01,2026-01-01,158.56,10123,8724,1.160362,15.663341,249,0.636787,2.459745,194,1.916428,3.0,151.76,,0.957114,52.85333333333333,0.015463917525773196
6976513156630,ASC - Magic Portraits,2026-01-01,2026-01-01,419.52,25640,19805,1.294623,16.361934,626,0.67016,2.441498,502,1.957878,11.0,217.68,,0.518879,38.13818181818181,0.021912350597609563
6985706012030,1 - Testing,2026-01-01,2026-01-01,120.46,5449,3626,1.502758,22.106809,159,0.75761,2.917967,132,2.422463,4.0,89.85,,0.745891,30.115,0.030303030303030304
6972562335830,Magic - Test Sales Campaign,2026-01-02,2026-01-02,242.66,20906,18633,1.121988,11.607194,404,0.600644,1.93246,319,1.525878,5.0,209.8,,0.864584,48.532,0.01567398119122257
6976510154030,ASC - Magic Portraits - CC ($35),2026-01-02,2026-01-02,144.05,8566,7223,1.185934,16.816484,210,0.685952,2.451553,166,1.937894,3.0,65.89,,0.457411,48.01666666666667,0.018072289156626505
6976513156630,ASC - Magic Portraits,2026-01-02,2026-01-02,505.53,33682,26168,1.287145,15.008907,745,0.678564,2.211864,610,1.811056,18.0,749.65,,1.482899,28.084999999999997,0.029508196721311476
6985706012030,1 - Testing,2026-01-02,2026-01-02,89.81,3842,2496,1.539263,23.375846,86,1.044302,2.238417,72,1.874024,1.0,17.97,,0.200089,89.81,0.013888888888888888
6972562335830,Magic - Test Sales Campaign,2026-01-03,2026-01-03,204.12,14068,12542,1.121671,14.509525,285,0.716211,2.025874,240,1.705999,6.0,235.63,,1.15437,34.02,0.025
6976510154030,ASC - Magic Portraits - CC ($35),2026-01-03,2026-01-03,98.1,5508,4301,1.280632,17.810458,161,0.609317,2.923021,130,2.360203,2.0,179.7,,1.831804,49.05,0.015384615384615385
6976513156630,ASC - Magic Portraits,2026-01-03,2026-01-03,455.69,27068,20885,1.29605,16.835008,599,0.760751,2.212945,488,1.802867,24.0,848.73,,1.862516,18.987083333333334,0.04918032786885246
6985706012030,1 - Testing,2026-01-03,2026-01-03,69.34,2960,1908,1.551363,23.425676,74,0.937027,2.5,62,2.094595,3.0,315.66,,4.552351,23.113333333333333,0.04838709677419355
6972562335830,Magic - Test Sales Campaign,2026-01-04,2026-01-04,286.2,20884,18822,1.109553,13.704271,456,0.627632,2.18349,350,1.675924,3.0,119.48,,0.41747,95.39999999999999,0.008571428571428572
6976510154030,ASC - Magic Portraits - CC ($35),2026-01-04,2026-01-04,182.97,10451,8686,1.203201,17.507416,295,0.620237,2.822696,220,2.105062,9.0,205.7,,1.124228,20.33,0.04090909090909091
6976513156630,ASC - Magic Portraits,2026-01-04,2026-01-04,570.89,33229,27739,1.197916,17.180475,717,0.79622,2.157754,546,1.643143,14.0,641.76,,1.12414,40.777857142857144,0.02564102564102564
6985706012030,1 - Testing,2026-01-04,2026-01-04,105.69,4467,2940,1.519388,23.660175,103,1.026117,2.305798,86,1.925229,1.0,159.92,,1.513104,105.69,0.011627906976744186
6972562335830,Magic - Test Sales Campaign,2026-01-05,2026-01-05,152.84,11459,10191,1.124424,13.337988,242,0.63157,2.111877,177,1.544637,5.0,573.43,,3.751832,30.568,0.02824858757062147
6976510154030,ASC - Magic Portraits - CC ($35),2026-01-05,2026-01-05,168.68,9863,7942,1.241879,17.102302,238,0.70874,2.413059,200,2.027781,7.0,269.59,,1.598233,24.09714285714286,0.035
6976513156630,ASC - Magic Portraits,2026-01-05,2026-01-05,496.15,28909,23852,1.212016,17.162475,607,0.817381,2.099692,476,1.646546,8.0,251.58,,0.507064,62.01875,0.01680672268907563
6985706012030,1 - Testing,2026-01-05,2026-01-05,53.38,2461,1668,1.47542,21.69037,42,1.270952,1.706623,33,1.340918,,,,,,
6972562335830,Magic - Test Sales Campaign,2026-01-06,2026-01-06,150.71,11155,10327,1.080178,13.510533,222,0.678874,1.990139,183,1.64052,2.0,59.9,,0.397452,75.355,0.01092896174863388
6976510154030,ASC - Magic Portraits - CC ($35),2026-01-06,2026-01-06,70.62,3465,2691,1.287625,20.380952,85,0.830824,2.453102,68,1.962482,,,,,,
6976513156630,ASC - Magic Portraits,2026-01-06,2026-01-06,491.09,27330,22069,1.238389,17.968899,547,0.897788,2.001464,449,1.642883,8.0,202.71,,0.412776,61.38625,0.017817371937639197
6985706012030,1 - Testing,2026-01-06,2026-01-06,50.13,2222,1516,1.465699,22.560756,38,1.319211,1.710171,29,1.305131,,,,,,
6972562335830,Magic - Test Sales Campaign,2026-01-07,2026-01-07,121.9,8339,8068,1.033589,14.61806,147,0.829252,1.762801,111,1.331095,,,,,,
6976510154030,ASC - Magic Portraits - CC ($35),2026-01-07,2026-01-07,117.02,6028,4755,1.267718,19.412741,161,0.726832,2.670869,146,2.422031,,,,,,
6976513156630,ASC - Magic Portraits,2026-01-07,2026-01-07,484.45,27260,22407,1.216584,17.77146,540,0.89713,1.980924,437,1.603081,7.0,230.71,,0.476231,69.20714285714286,0.016018306636155607
6985706012030,1 - Testing,2026-01-07,2026-01-07,203.79,7552,5458,1.383657,26.984905,271,0.751993,3.588453,209,2.767479,2.0,634.94,,3.115658,101.895,0.009569377990430622
6972562335830,Magic - Test Sales Campaign,2026-01-08,2026-01-08,96.74,6596,6078,1.085225,14.666465,109,0.887523,1.652517,91,1.379624,3.0,95.84,,0.990697,32.24666666666666,0.03296703296703297
6976510154030,ASC - Magic Portraits - CC ($35),2026-01-08,2026-01-08,143.77,7247,5466,1.325832,19.838554,225,0.638978,3.104733,180,2.483786,2.0,29.95,,0.208319,71.885,0.011111111111111112
6976513156630,ASC - Magic Portraits,2026-01-08,2026-01-08,487.23,30993,25726,1.204735,15.720647,588,0.828622,1.897203,464,1.497112,13.0,484.07,,0.993514,37.47923076923077,0.028017241379310345
6985706012030,1 - Testing,2026-01-08,2026-01-08,232.21,8446,6260,1.349201,27.493488,292,0.79524,3.457258,226,2.675823,2.0,13.98,,0.060204,116.105,0.008849557522123894
6972562335830,Magic - Test Sales Campaign,2026-01-09,2026-01-09,65.48,3973,3680,1.07962,16.481248,104,0.629615,2.617669,81,2.038762,2.0,79.91,,1.220373,32.74,0.024691358024691357
6976510154030,ASC - Magic Portraits - CC ($35),2026-01-09,2026-01-09,99.45,5378,3942,1.364282,18.492004,178,0.558708,3.309781,136,2.528821,1.0,23.96,,0.240925,99.45,0.007352941176470588
6976513156630,ASC - Magic Portraits,2026-01-09,2026-01-09,495.02,29619,23503,1.260222,16.712921,643,0.76986,2.170904,504,1.70161,11.0,1337.28,,2.701467,45.00181818181818,0.021825396825396824
6985706012030,1 - Testing,2026-01-09,2026-01-09,213.86,8371,6120,1.36781,25.547724,297,0.720067,3.547963,227,2.711743,5.0,82.87,,0.387496,42.772000000000006,0.022026431718061675
6972562335830,Magic - Test Sales Campaign,2026-01-10,2026-01-10,47.96,2896,2786,1.039483,16.560773,97,0.494433,3.349448,79,2.727901,1.0,17.97,,0.374687,47.96,0.012658227848101266
6976510154030,ASC - Magic Portraits - CC ($35),2026-01-10,2026-01-10,87.04,4796,3943,1.216333,18.148457,144,0.604444,3.002502,110,2.293578,1.0,23.96,,0.275276,87.04,0.00909090909090909
6976513156630,ASC - Magic Portraits,2026-01-10,2026-01-10,464.64,29215,23151,1.261933,15.904159,656,0.708293,2.245422,522,1.786753,24.0,760.84,,1.637483,19.36,0.04597701149425287
6985706012030,1 - Testing,2026-01-10,2026-01-10,193.13,8500,6266,1.356527,22.721176,336,0.574792,3.952941,261,3.070588,3.0,65.93,,0.341376,64.37666666666667,0.011494252873563218
6972562335830,Magic - Test Sales Campaign,2026-01-11,2026-01-11,66.96,4502,4184,1.076004,14.87339,116,0.577241,2.576633,99,2.199023,1.0,23.96,,0.357826,66.96,0.010101010101010102
6976510154030,ASC - Magic Portraits - CC ($35),2026-01-11,2026-01-11,119.11,6629,5339,1.241618,17.968019,241,0.494232,3.635541,196,2.956705,5.0,95.84,,0.804634,23.822,0.025510204081632654
6976513156630,ASC - Magic Portraits,2026-01-11,2026-01-11,550.35,41086,32649,1.258415,13.395074,880,0.625398,2.141849,673,1.638028,19.0,716.03,,1.301045,28.96578947368421,0.02823179791976226
6985706012030,1 - Testing,2026-01-11,2026-01-11,245.81,10371,7475,1.387425,23.701668,367,0.669782,3.538714,285,2.748047,1.0,35.94,,0.14621,245.81,0.0035087719298245615
6972562335830,Magic - Test Sales Campaign,2026-01-12,2026-01-12,29.82,2000,1886,1.060445,14.91,42,0.71,2.1,30,1.5,1.0,23.96,,0.803488,29.82,0.03333333333333333
6976510154030,ASC - Magic Portraits - CC ($35),2026-01-12,2026-01-12,103.17,5825,4625,1.259459,17.711588,164,0.629085,2.815451,124,2.128755,1.0,23.96,,0.232238,103.17,0.008064516129032258
6976513156630,ASC - Magic Portraits,2026-01-12,2026-01-12,855.04,65489,53734,1.218763,13.056238,1177,0.726457,1.797248,885,1.351372,14.0,395.42,,0.462458,61.074285714285715,0.015819209039548022
6985706012030,1 - Testing,2026-01-12,2026-01-12,112.05,5129,3528,1.453798,21.846364,158,0.709177,3.080523,112,2.183662,1.0,23.96,,0.213833,112.05,0.008928571428571428
6972562335830,Magic - Test Sales Campaign,2026-01-13,2026-01-13,30.15,1598,1426,1.120617,18.867334,37,0.814865,2.315394,28,1.75219,,,,,,
6976510154030,ASC - Magic Portraits - CC ($35),2026-01-13,2026-01-13,35.9,1929,1550,1.244516,18.610679,67,0.535821,3.473302,51,2.643857,,,,,,
6976513156630,ASC - Magic Portraits,2026-01-13,2026-01-13,697.87,45100,36219,1.245203,15.473836,922,0.756909,2.044346,705,1.563193,13.0,537.32,,0.769943,53.682307692307695,0.018439716312056736
6985706012030,1 - Testing,2026-01-13,2026-01-13,97.55,4644,3233,1.436437,21.005599,180,0.541944,3.875969,148,3.186908,,,,,,
6972562335830,Magic - Test Sales Campaign,2026-01-14,2026-01-14,29.91,1078,945,1.140741,27.745826,44,0.679773,4.081633,39,3.617811,,,,,,
6976510154030,ASC - Magic Portraits - CC ($35),2026-01-14,2026-01-14,66.03,3945,2888,1.365997,16.737643,124,0.5325,3.143219,106,2.686946,2.0,17.97,,0.272149,33.015,0.018867924528301886
6976513156630,ASC - Magic Portraits,2026-01-14,2026-01-14,699.92,43997,34555,1.273246,15.908357,943,0.742227,2.143328,724,1.645567,12.0,647.35,,0.924891,58.32666666666666,0.016574585635359115
6985706012030,1 - Testing,2026-01-14,2026-01-14,0.0,0,0,0.0,,0,,,0,,,,,,,
6972562335830,Magic - Test Sales Campaign,2026-01-15,2026-01-15,32.18,919,825,1.113939,35.016322,46,0.699565,5.005441,40,4.352557,1.0,23.96,,0.744562,32.18,0.025
6976510154030,ASC - Magic Portraits - CC ($35),2026-01-15,2026-01-15,53.11,2808,2051,1.369088,18.913818,114,0.465877,4.059829,90,3.205128,1.0,23.96,,0.451139,53.11,0.011111111111111112
6976513156630,ASC - Magic Portraits,2026-01-15,2026-01-15,704.64,39994,30624,1.305969,17.618643,899,0.783804,2.247837,720,1.80027,15.0,383.46,,0.544193,46.976,0.020833333333333332
6985706012030,1 - Testing,2026-01-15,2026-01-15,0.0,0,0,0.0,,0,,,0,,,,,,,
6972562335830,Magic - Test Sales Campaign,2026-01-16,2026-01-16,17.92,590,504,1.170635,30.372881,15,1.194667,2.542373,12,2.033898,,,,,,
6976510154030,ASC - Magic Portraits - CC ($35),2026-01-16,2026-01-16,19.27,1090,861,1.26597,17.678899,51,0.377843,4.678899,42,3.853211,3.0,107.82,,5.595226,6.423333333333333,0.07142857142857142
6976513156630,ASC - Magic Portraits,2026-01-16,2026-01-16,744.25,45403,36803,1.233677,16.392089,976,0.762551,2.149638,750,1.651873,27.0,828.96,,1.113819,27.564814814814813,0.036
6985706012030,1 - Testing,2026-01-16,2026-01-16,0.0,0,0,0.0,,0,,,0,,,,,,,
6976510154030,ASC - Magic Portraits - CC ($35),2026-01-17,2026-01-17,71.55,4471,3536,1.264423,16.003131,124,0.577016,2.773429,92,2.057705,2.0,47.92,,0.669741,35.775,0.021739130434782608
6976513156630,ASC - Magic Portraits,2026-01-17,2026-01-17,718.5,43670,34690,1.258864,16.452943,1109,0.647881,2.539501,879,2.012823,11.0,399.37,,0.555839,65.31818181818181,0.012514220705346985
6985706012030,1 - Testing,2026-01-17,2026-01-17,0.0,0,0,0.0,,0,,,0,,,,,,,
6972562335830,Magic - Test Sales Campaign,2026-01-18,2026-01-18,0.0,0,0,0.0,,0,,,0,,,,,,,
6976510154030,ASC - Magic Portraits - CC ($35),2026-01-18,2026-01-18,77.0,3623,3100,1.16871,21.253105,148,0.52027,4.085012,111,3.063759,1.0,,,,77.0,0.009009009009009009
6976513156630,ASC - Magic Portraits,2026-01-18,2026-01-18,802.68,46643,36783,1.268059,17.209013,1414,0.567666,3.031537,1127,2.416225,23.0,884.3,,1.101684,34.899130434782606,0.02040816326530612
6985706012030,1 - Testing,2026-01-18,2026-01-18,0.0,0,0,0.0,,0,,,0,,,,,,,
6976510154030,ASC - Magic Portraits - CC ($35),2026-01-19,2026-01-19,28.37,1256,1043,1.204219,22.58758,59,0.480847,4.697452,51,4.06051,,,,,,
6976513156630,ASC - Magic Portraits,2026-01-19,2026-01-19,701.9,40727,31308,1.30085,17.234267,1276,0.550078,3.133057,996,2.445552,27.0,1286.62,,1.833053,25.996296296296297,0.02710843373493976
6976510154030,ASC - Magic Portraits - CC ($35),2026-01-20,2026-01-20,29.84,1751,1434,1.22106,17.04169,68,0.438824,3.883495,51,2.912621,,,,,,
6976513156630,ASC - Magic Portraits,2026-01-20,2026-01-20,681.42,41024,32052,1.27992,16.610277,987,0.690395,2.405909,767,1.869637,21.0,753.15,,1.105265,32.44857142857143,0.027379400260756193
6976510154030,ASC - Magic Portraits - CC ($35),2026-01-21,2026-01-21,55.0,2528,1935,1.30646,21.756329,124,0.443548,4.905063,99,3.916139,1.0,34.99,,0.636182,55.0,0.010101010101010102
6976513156630,ASC - Magic Portraits,2026-01-21,2026-01-21,688.09,37524,29504,1.271828,18.337331,1028,0.669348,2.73958,783,2.086665,17.0,444.41,,0.64586,40.47588235294118,0.021711366538952746
6976510154030,ASC - Magic Portraits - CC ($35),2026-01-22,2026-01-22,18.15,964,829,1.162847,18.827801,33,0.55,3.423237,28,2.904564,1.0,23.96,,1.32011,18.15,0.03571428571428571
6976513156630,ASC - Magic Portraits,2026-01-22,2026-01-22,776.22,43778,34703,1.261505,17.730824,1064,0.72953,2.430445,833,1.902782,28.0,1280.28,,1.649378,27.72214285714286,0.03361344537815126
6976510154030,ASC - Magic Portraits - CC ($35),2026-01-23,2026-01-23,6.09,394,330,1.193939,15.456853,19,0.320526,4.822335,20,5.076142,,,,,,
6976513156630,ASC - Magic Portraits,2026-01-23,2026-01-23,1303.4,70982,55628,1.276012,18.362402,1624,0.802586,2.287904,1286,1.811727,18.0,732.97,,0.562352,72.41111111111111,0.013996889580093312
6976510154030,ASC - Magic Portraits - CC ($35),2026-01-24,2026-01-24,38.83,1996,1637,1.219304,19.453908,83,0.467831,4.158317,73,3.657315,,,,,,
6976513156630,ASC - Magic Portraits,2026-01-24,2026-01-24,1062.51,55014,43786,1.256429,19.313447,1454,0.73075,2.642964,1159,2.106736,28.0,1062.54,,1.000028,37.94678571428572,0.024158757549611734
6976510154030,ASC - Magic Portraits - CC ($35),2026-01-25,2026-01-25,24.73,1354,1136,1.191901,18.264402,46,0.537609,3.397341,38,2.806499,1.0,23.96,,0.968864,24.73,0.02631578947368421
6976513156630,ASC - Magic Portraits,2026-01-25,2026-01-25,1900.89,147928,119942,1.233329,12.850103,3279,0.579716,2.216619,2537,1.715024,51.0,1675.73,2.0,0.88155,37.27235294117647,0.02010248324793063
6976510154030,ASC - Magic Portraits - CC ($35),2026-01-26,2026-01-26,6.57,422,350,1.205714,15.56872,20,0.3285,4.739336,17,4.028436,,,,,,
6976513156630,ASC - Magic Portraits,2026-01-26,2026-01-26,1363.55,95087,76540,1.242318,14.340025,2048,0.665796,2.153817,1594,1.67636,39.0,1368.62,6.0,1.003718,34.962820512820514,0.024466750313676285
6976510154030,ASC - Magic Portraits - CC ($35),2026-01-27,2026-01-27,2.55,193,176,1.096591,13.212435,7,0.364286,3.626943,5,2.590674,1.0,17.97,,7.047059,2.55,0.2
6976513156630,ASC - Magic Portraits,2026-01-27,2026-01-27,2283.49,160921,129704,1.240679,14.190131,2765,0.825855,1.718234,2102,1.306231,36.0,923.57,3.0,0.404455,63.430277777777775,0.017126546146527116
6985706012030,1 - Testing,2026-01-27,2026-01-27,39.32,1385,1138,1.217047,28.389892,36,1.092222,2.599278,22,1.588448,,,,,,
6976510154030,ASC - Magic Portraits - CC ($35),2026-01-28,2026-01-28,15.77,799,683,1.169839,19.737171,21,0.750952,2.628285,21,2.628285,1.0,55.92,,3.545973,15.77,0.047619047619047616
6976513156630,ASC - Magic Portraits,2026-01-28,2026-01-28,2104.93,118478,97322,1.217381,17.766421,2272,0.926466,1.917656,1711,1.44415,35.0,987.03,1.0,0.468913,60.140857142857136,0.020455873758036237
6985706012030,1 - Testing,2026-01-28,2026-01-28,49.21,1845,1414,1.304809,26.672087,52,0.946346,2.818428,45,2.439024,2.0,63.95,,1.299533,24.605,0.044444444444444446
6976510154030,ASC - Magic Portraits - CC ($35),2026-01-29,2026-01-29,14.94,734,642,1.143302,20.354223,21,0.711429,2.861035,17,2.316076,1.0,23.96,,1.603748,14.94,0.058823529411764705
6976513156630,ASC - Magic Portraits,2026-01-29,2026-01-29,1989.98,95986,79925,1.200951,20.731982,1948,1.02155,2.029463,1472,1.533557,44.0,1327.17,,0.666926,45.22681818181818,0.029891304347826088
6985706012030,1 - Testing,2026-01-29,2026-01-29,93.76,3540,2840,1.246479,26.485876,88,1.065455,2.485876,71,2.00565,,,,,,
6976510154030,ASC - Magic Portraits - CC ($35),2026-01-30,2026-01-30,52.31,2312,1909,1.211105,22.625433,65,0.804769,2.811419,57,2.465398,1.0,83.87,,1.603326,52.31,0.017543859649122806
6976513156630,ASC - Magic Portraits,2026-01-30,2026-01-30,1574.65,77816,62867,1.237788,20.235556,1713,0.919235,2.201347,1275,1.638481,37.0,1719.83,,1.092198,42.55810810810811,0.029019607843137254
6985706012030,1 - Testing,2026-01-30,2026-01-30,99.57,3830,3130,1.223642,25.997389,105,0.948286,2.741514,71,1.853786,,,,,,
6976510154030,ASC - Magic Portraits - CC ($35),2026-01-31,2026-01-31,75.6,3218,2790,1.153405,23.492853,107,0.706542,3.325047,84,2.610317,1.0,23.96,,0.316931,75.6,0.011904761904761904
6976513156630,ASC - Magic Portraits,2026-01-31,2026-01-31,1466.13,71097,59064,1.203728,20.621545,1769,0.82879,2.48815,1396,1.963515,21.0,978.52,,0.667417,69.8157142857143,0.01504297994269341
6985706012030,1 - Testing,2026-01-31,2026-01-31,83.52,3459,2803,1.234035,24.145707,88,0.949091,2.544088,65,1.879156,1.0,55.95,,0.669899,83.52,0.015384615384615385
6976510154030,ASC - Magic Portraits - CC ($35),2026-02-01,2026-02-01,38.62,1796,1541,1.165477,21.503341,52,0.742692,2.895323,46,2.561247,1.0,139.93,,3.623252,38.62,0.021739130434782608
6976513156630,ASC - Magic Portraits,2026-02-01,2026-02-01,1805.85,104650,86825,1.205298,17.256092,2144,0.842281,2.048734,1631,1.558528,55.0,1788.92,,0.990625,32.83363636363636,0.03372164316370325
6985706012030,1 - Testing,2026-02-01,2026-02-01,108.92,4363,3323,1.31297,24.964474,123,0.885528,2.819161,102,2.337841,1.0,17.97,,0.164983,108.92,0.00980392156862745
6976510154030,ASC - Magic Portraits - CC ($35),2026-02-02,2026-02-02,11.32,633,543,1.165746,17.883096,16,0.7075,2.527646,14,2.21169,,,,,,
6976513156630,ASC - Magic Portraits,2026-02-02,2026-02-02,1513.13,88795,72407,1.226332,17.040712,1729,0.875147,1.947182,1264,1.423504,22.0,849.72,,0.561564,68.77863636363637,0.01740506329113924
6985706012030,1 - Testing,2026-02-02,2026-02-02,56.62,2695,2129,1.265853,21.009276,80,0.70775,2.96846,44,1.632653,,,,,,
6976510154030,ASC - Magic Portraits - CC ($35),2026-02-03,2026-02-03,9.54,656,584,1.123288,14.542683,23,0.414783,3.506098,18,2.743902,,,,,,
6976513156630,ASC - Magic Portraits,2026-02-03,2026-02-03,1399.04,76900,62322,1.233914,18.192978,1563,0.895099,2.03251,1230,1.59948,28.0,1304.06,59.0,0.932111,49.965714285714284,0.022764227642276424
6985706012030,1 - Testing,2026-02-03,2026-02-03,94.93,4035,3229,1.249613,23.526642,128,0.741641,3.172243,105,2.60223,1.0,36.97,2.0,0.389445,94.93,0.009523809523809525
6976510154030,ASC - Magic Portraits - CC ($35),2026-02-04,2026-02-04,2.49,232,215,1.07907,10.732759,3,0.83,1.293103,3,1.293103,,,,,,
6976513156630,ASC - Magic Portraits,2026-02-04,2026-02-04,1608.17,92873,74533,1.246066,17.315797,1770,0.908571,1.905828,1414,1.522509,48.0,2784.08,90.0,1.73121,33.50354166666667,0.033946251768033946
6985706012030,1 - Testing,2026-02-04,2026-02-04,73.75,3271,2413,1.355574,22.546622,87,0.847701,2.659737,78,2.384592,,,1.0,,,
6976510154030,ASC - Magic Portraits - CC ($35),2026-02-05,2026-02-05,1.21,77,75,1.026667,15.714286,3,0.403333,3.896104,3,3.896104,,,,,,
6976513156630,ASC - Magic Portraits,2026-02-05,2026-02-05,1512.95,80978,65377,1.238631,18.68347,1616,0.936231,1.995604,1262,1.558448,37.0,2050.43,81.0,1.355253,40.89054054054054,0.029318541996830427
6985706012030,1 - Testing,2026-02-05,2026-02-05,76.22,3557,2517,1.41319,21.42817,99,0.769899,2.783244,91,2.558336,2.0,145.85,2.0,1.91354,38.11,0.02197802197802198
6976510154030,ASC - Magic Portraits - CC ($35),2026-02-06,2026-02-06,6.62,274,247,1.109312,24.160584,8,0.8275,2.919708,8,2.919708,2.0,41.93,,6.333837,3.31,0.25
6976513156630,ASC - Magic Portraits,2026-02-06,2026-02-06,1582.02,87889,70449,1.247555,18.000205,1655,0.955903,1.883057,1297,1.475725,27.0,786.8,3.0,0.497339,58.593333333333334,0.02081727062451812
6985706012030,1 - Testing,2026-02-06,2026-02-06,55.47,2413,1860,1.297312,22.987982,54,1.027222,2.237878,41,1.69913,1.0,11.98,,0.215973,55.47,0.024390243902439025
6976510154030,ASC - Magic Portraits - CC ($35),2026-02-07,2026-02-07,60.92,2402,2036,1.179764,25.362198,57,1.068772,2.373022,44,1.831807,,,,,,
6976513156630,ASC - Magic Portraits,2026-02-07,2026-02-07,1601.66,72912,56816,1.2833,21.967029,1700,0.942153,2.331578,1354,1.857033,25.0,734.88,7.0,0.458824,64.0664,0.01846381093057607
6985706012030,1 - Testing,2026-02-07,2026-02-07,46.03,1981,1632,1.213848,23.23574,44,1.046136,2.2211,38,1.918223,,,,,,
6976510154030,ASC - Magic Portraits - CC ($35),2026-02-08,2026-02-08,62.95,2680,2347,1.141883,23.488806,66,0.953788,2.462687,55,2.052239,1.0,22.98,1.0,0.365052,62.95,0.01818181818181818
6976513156630,ASC - Magic Portraits,2026-02-08,2026-02-08,1867.19,83733,63558,1.317427,22.299332,1810,1.031597,2.161633,1436,1.714975,30.0,1453.28,78.0,0.778325,62.23966666666667,0.020891364902506964
6985706012030,1 - Testing,2026-02-08,2026-02-08,53.41,2150,1698,1.266196,24.84186,67,0.797164,3.116279,61,2.837209,2.0,163.78,1.0,3.066467,26.705,0.03278688524590164
6976510154030,ASC - Magic Portraits - CC ($35),2026-02-09,2026-02-09,4.05,198,178,1.11236,20.454545,5,0.81,2.525253,4,2.020202,,,,,,
6976513156630,ASC - Magic Portraits,2026-02-09,2026-02-09,1273.31,61551,48559,1.267551,20.687073,1304,0.976465,2.118568,996,1.61817,21.0,1293.39,61.0,1.01577,60.63380952380952,0.02108433734939759
6985706012030,1 - Testing,2026-02-09,2026-02-09,51.25,2160,1758,1.228669,23.726852,86,0.59593,3.981481,90,4.166667,,,1.0,,,
6976510154030,ASC - Magic Portraits - CC ($35),2026-02-10,2026-02-10,1.4,76,72,1.055556,18.421053,3,0.466667,3.947368,3,3.947368,,,,,,
6976513156630,ASC - Magic Portraits,2026-02-10,2026-02-10,1355.64,67809,55082,1.231056,19.992036,1364,0.993871,2.011532,1066,1.572063,42.0,2192.24,79.0,1.617125,32.27714285714286,0.039399624765478425
6985706012030,1 - Testing,2026-02-10,2026-02-10,49.0,1923,1617,1.189239,25.481019,52,0.942308,2.704108,50,2.600104,2.0,125.91,2.0,2.569592,24.5,0.04
6976510154030,ASC - Magic Portraits - CC ($35),2026-02-11,2026-02-11,0.24,21,20,1.05,11.428571,0,,0.0,0,,,,,,,
6976513156630,ASC - Magic Portraits,2026-02-11,2026-02-11,1352.85,64202,48627,1.320295,21.071773,1431,0.945388,2.228903,1108,1.725803,32.0,1705.27,57.0,1.260502,42.2765625,0.02888086642599278
6985706012030,1 - Testing,2026-02-11,2026-02-11,53.79,1826,1556,1.173522,29.457831,54,0.996111,2.957284,43,2.354874,2.0,78.94,4.0,1.467559,26.895,0.046511627906976744
6976510154030,ASC - Magic Portraits - CC ($35),2026-02-12,2026-02-12,5.25,167,156,1.070513,31.437126,7,0.75,4.191617,5,2.994012,,,,,,
6976513156630,ASC - Magic Portraits,2026-02-12,2026-02-12,1271.5,57285,44376,1.2909,22.196037,1337,0.95101,2.333944,1034,1.80501,37.0,1892.66,54.0,1.488525,34.36486486486486,0.035783365570599614
6985706012030,1 - Testing,2026-02-12,2026-02-12,49.08,1647,1382,1.191751,29.799636,58,0.846207,3.521554,45,2.73224,,,2.0,,,
6976510154030,ASC - Magic Portraits - CC ($35),2026-02-13,2026-02-13,2.21,105,99,1.060606,21.047619,0,,0.0,0,,,,,,,
6976513156630,ASC - Magic Portraits,2026-02-13,2026-02-13,1633.05,80621,60222,1.33873,20.255889,1811,0.901739,2.246313,1471,1.824587,44.0,2444.27,74.0,1.496751,37.11477272727273,0.02991162474507138
6985706012030,1 - Testing,2026-02-13,2026-02-13,86.43,3096,2664,1.162162,27.916667,90,0.960333,2.906977,90,2.906977,4.0,323.62,4.0,3.744302,21.6075,0.044444444444444446
6976510154030,ASC - Magic Portraits - CC ($35),2026-02-14,2026-02-14,62.34,2947,2348,1.255111,21.153716,73,0.853973,2.477095,64,2.1717,1.0,36.97,,0.593038,62.34,0.015625
6976513156630,ASC - Magic Portraits,2026-02-14,2026-02-14,1101.69,50700,36923,1.373128,21.729586,1305,0.844207,2.573965,1071,2.112426,49.0,2272.1,79.0,2.062377,22.483469387755104,0.0457516339869281
6985706012030,1 - Testing,2026-02-14,2026-02-14,59.49,2266,2071,1.094157,26.25331,84,0.708214,3.706973,79,3.48632,3.0,124.9,10.0,2.099513,19.830000000000002,0.0379746835443038
6976510154030,ASC - Magic Portraits - CC ($35),2026-02-15,2026-02-15,74.46,3631,3006,1.207918,20.506747,60,1.241,1.652437,52,1.432112,1.0,50.96,2.0,0.684394,74.46,0.019230769230769232
6976513156630,ASC - Magic Portraits,2026-02-15,2026-02-15,1647.89,83695,59659,1.40289,19.689229,1829,0.900979,2.185316,1451,1.733676,48.0,3089.07,108.0,1.874561,34.33104166666667,0.03308063404548587
6985706012030,1 - Testing,2026-02-15,2026-02-15,96.83,3472,3000,1.157333,27.888825,125,0.77464,3.60023,107,3.081797,,,3.0,,,
6976510154030,ASC - Magic Portraits - CC ($35),2026-02-16,2026-02-16,60.44,3303,2776,1.189842,18.298517,60,1.007333,1.81653,52,1.574326,,,1.0,,,
6976513156630,ASC - Magic Portraits,2026-02-16,2026-02-16,1505.66,71847,54706,1.313329,20.956477,1776,0.847782,2.47192,1418,1.973638,43.0,1890.23,77.0,1.255416,35.0153488372093,0.030324400564174896
6985706012030,1 - Testing,2026-02-16,2026-02-16,82.19,3165,2858,1.107418,25.968404,91,0.903187,2.875197,76,2.401264,,,,,,
6976510154030,ASC - Magic Portraits - CC ($35),2026-02-17,2026-02-17,64.84,3853,3151,1.222786,16.828445,80,0.8105,2.076304,70,1.816766,2.0,71.96,2.0,1.109809,32.42,0.02857142857142857
6976513156630,ASC - Magic Portraits,2026-02-17,2026-02-17,1469.8,81129,62537,1.297296,18.116826,1723,0.853047,2.123778,1341,1.652923,33.0,2001.78,73.0,1.36194,44.53939393939394,0.024608501118568233
6985706012030,1 - Testing,2026-02-17,2026-02-17,73.04,3242,2828,1.146393,22.529303,74,0.987027,2.282542,66,2.03578,1.0,36.97,1.0,0.506161,73.04,0.015151515151515152
6976510154030,ASC - Magic Portraits - CC ($35),2026-02-18,2026-02-18,59.22,2740,2307,1.18769,21.613139,46,1.287391,1.678832,43,1.569343,1.0,33.83,1.0,0.57126,59.22,0.023255813953488372
6976513156630,ASC - Magic Portraits,2026-02-18,2026-02-18,1432.15,72244,55987,1.290371,19.823792,1558,0.919223,2.15658,1216,1.683185,39.0,2340.09,62.0,1.63397,36.72179487179488,0.032072368421052634
6985706012030,1 - Testing,2026-02-18,2026-02-18,6.46,289,285,1.014035,22.352941,5,1.292,1.730104,4,1.384083,,,,,,
6976510154030,ASC - Magic Portraits - CC ($35),2026-02-19,2026-02-19,60.48,2868,2450,1.170612,21.087866,56,1.08,1.95258,47,1.638773,1.0,55.96,4.0,0.925265,60.48,0.02127659574468085
6976513156630,ASC - Magic Portraits,2026-02-19,2026-02-19,1471.7,69399,55168,1.257958,21.206357,1650,0.891939,2.377556,1332,1.919336,49.0,2761.76,87.0,1.876578,30.03469387755102,0.03678678678678678
6976510154030,ASC - Magic Portraits - CC ($35),2026-02-20,2026-02-20,58.67,3484,2934,1.187457,16.839839,57,1.029298,1.636051,46,1.320321,3.0,148.89,5.0,2.537754,19.55666666666667,0.06521739130434782
6976513156630,ASC - Magic Portraits,2026-02-20,2026-02-20,1846.3,101857,79672,1.278454,18.126393,2203,0.838084,2.162836,1770,1.73773,47.0,2639.9,98.0,1.429833,39.282978723404256,0.02655367231638418
6976510154030,ASC - Magic Portraits - CC ($35),2026-02-21,2026-02-21,41.6,2791,2585,1.079691,14.905052,56,0.742857,2.006449,47,1.683984,,,1.0,,,
6976513156630,ASC - Magic Portraits,2026-02-21,2026-02-21,1727.11,95865,74489,1.286969,18.016064,2244,0.769657,2.340792,1762,1.838001,46.0,2323.23,104.0,1.345155,37.54586956521739,0.026106696935300794
6976510154030,ASC - Magic Portraits - CC ($35),2026-02-22,2026-02-22,72.8,4239,3636,1.165842,17.173862,55,1.323636,1.297476,45,1.061571,1.0,59.92,3.0,0.823077,72.8,0.022222222222222223
6976513156630,ASC - Magic Portraits,2026-02-22,2026-02-22,1878.92,102988,80216,1.283884,18.244067,2218,0.847124,2.153649,1772,1.720589,34.0,2176.63,98.0,1.158447,55.262352941176474,0.019187358916478554
6976510154030,ASC - Magic Portraits - CC ($35),2026-02-23,2026-02-23,45.25,2283,2005,1.138653,19.820412,54,0.837963,2.365309,49,2.146299,4.0,267.74,4.0,5.916906,11.3125,0.08163265306122448
6976513156630,ASC - Magic Portraits,2026-02-23,2026-02-23,1323.32,72673,54321,1.337844,18.209239,1573,0.841271,2.16449,1251,1.72141,20.0,1090.59,52.0,0.824132,66.166,0.01598721023181455
6976510154030,ASC - Magic Portraits - CC ($35),2026-02-24,2026-02-24,39.86,1988,1725,1.152464,20.050302,46,0.866522,2.313883,35,1.760563,1.0,39.95,3.0,1.002258,39.86,0.02857142857142857
6976513156630,ASC - Magic Portraits,2026-02-24,2026-02-24,1363.95,77077,59511,1.295172,17.69594,1514,0.900892,1.96427,1179,1.529639,31.0,1692.79,52.0,1.241094,43.998387096774195,0.026293469041560644
6976510154030,ASC - Magic Portraits - CC ($35),2026-02-25,2026-02-25,32.44,1821,1543,1.180169,17.814388,47,0.690213,2.580999,42,2.306425,1.0,54.93,2.0,1.69328,32.44,0.023809523809523808
6976513156630,ASC - Magic Portraits,2026-02-25,2026-02-25,1299.71,69581,54915,1.267067,18.679093,1357,0.957782,1.950245,1060,1.523404,23.0,1663.64,41.0,1.280009,56.50913043478261,0.02169811320754717
6976510154030,ASC - Magic Portraits - CC ($35),2026-02-26,2026-02-26,38.39,2037,1739,1.171363,18.846343,49,0.783469,2.405498,46,2.258223,1.0,24.97,2.0,0.65043,38.39,0.021739130434782608
6976513156630,ASC - Magic Portraits,2026-02-26,2026-02-26,1349.11,69615,52914,1.315625,19.379588,1466,0.920266,2.105868,1165,1.67349,31.0,1474.25,54.0,1.092757,43.519677419354835,0.026609442060085836
6976510154030,ASC - Magic Portraits - CC ($35),2026-02-27,2026-02-27,0.0,0,0,0.0,,0,,,0,,,,,,,
6976513156630,ASC - Magic Portraits,2026-02-27,2026-02-27,0.0,0,0,0.0,,0,,,0,,4.0,257.83,3.0,,0.0,
6976510154030,ASC - Magic Portraits - CC ($35),2026-02-28,2026-02-28,0.0,0,0,0.0,,0,,,0,,,,,,,
6976513156630,ASC - Magic Portraits,2026-02-28,2026-02-28,0.0,0,0,0.0,,0,,,0,,6.0,165.75,1.0,,0.0,
6976513156630,ASC - Magic Portraits,2026-03-01,2026-03-01,0.0,0,0,0.0,,0,,,0,,,,1.0,,,
6976513156630,ASC - Magic Portraits,2026-03-02,2026-03-02,0.0,0,0,0.0,,0,,,0,,1.0,89.98,1.0,,0.0,
6976513156630,ASC - Magic Portraits,2026-03-03,2026-03-03,0.0,0,0,0.0,,0,,,0,,,,,,,
6976513156630,ASC - Magic Portraits,2026-03-04,2026-03-04,0.0,0,0,0.0,,0,,,0,,,,,,,
6976513156630,ASC - Magic Portraits,2026-03-13,2026-03-13,1996.66,88294,66230,1.333142,22.613768,1515,1.317927,1.715858,1241,1.405532,14.0,903.01,37.0,0.45226,142.61857142857144,0.011281224818694601
6976513156630,ASC - Magic Portraits,2026-03-14,2026-03-14,2019.04,96893,69518,1.393783,20.837831,2080,0.970692,2.146698,1672,1.725615,15.0,773.99,53.0,0.383346,134.60266666666666,0.008971291866028708
6976513156630,ASC - Magic Portraits,2026-03-15,2026-03-15,1091.37,48573,30448,1.595277,22.468655,1001,1.09028,2.060816,997,2.052581,11.0,704.28,43.0,0.645317,99.21545454545453,0.011033099297893681
6976513156630,ASC - Magic Portraits,2026-03-16,2026-03-16,1319.98,76891,54828,1.402404,17.166899,961,1.373548,1.249821,904,1.17569,11.0,728.13,29.0,0.551622,119.99818181818182,0.012168141592920354
6976513156630,ASC - Magic Portraits,2026-03-17,2026-03-17,1253.6,64886,39746,1.632516,19.320038,940,1.333617,1.448695,867,1.33619,13.0,719.03,33.0,0.573572,96.43076923076923,0.014994232987312572
6976513156630,ASC - Magic Portraits,2026-03-18,2026-03-18,1242.98,62720,40528,1.547572,19.817921,887,1.40133,1.414222,786,1.253189,18.0,927.93,43.0,0.746537,69.05444444444444,0.022900763358778626
6976513156630,ASC - Magic Portraits,2026-03-19,2026-03-19,1183.17,51997,34160,1.52216,22.754582,696,1.699957,1.338539,609,1.171221,10.0,531.28,19.0,0.449031,118.31700000000001,0.016420361247947456
6976513156630,ASC - Magic Portraits,2026-03-20,2026-03-20,1198.72,43132,28769,1.499253,27.791895,728,1.646593,1.687842,668,1.548734,15.0,688.08,34.0,0.574012,79.91466666666666,0.02245508982035928
6976513156630,ASC - Magic Portraits,2026-03-21,2026-03-21,1076.57,41830,27777,1.505922,25.736792,705,1.52705,1.685393,648,1.549127,14.0,1092.93,35.0,1.015196,76.89785714285713,0.021604938271604937
6976513156630,ASC - Magic Portraits,2026-03-22,2026-03-22,1297.21,49442,33847,1.46075,26.237005,768,1.689076,1.553335,683,1.381417,19.0,1112.77,52.0,0.857818,68.2742105263158,0.027818448023426062
6976513156630,ASC - Magic Portraits,2026-03-23,2026-03-23,1460.36,70131,53743,1.304933,20.823316,1357,1.076168,1.93495,1059,1.510031,27.0,1512.16,73.0,1.035471,54.087407407407404,0.025495750708215296
6976513156630,ASC - Magic Portraits,2026-03-24,2026-03-24,1073.22,51937,41147,1.262231,20.663881,1085,0.989143,2.089069,866,1.667405,13.0,976.64,68.0,0.910009,82.55538461538461,0.015011547344110854
6976513156630,ASC - Magic Portraits,2026-03-25,2026-03-25,1081.27,52744,41478,1.271614,20.500341,914,1.183009,1.732899,752,1.425755,22.0,1254.44,50.0,1.160154,49.14863636363636,0.02925531914893617
6976513156630,ASC - Magic Portraits,2026-03-26,2026-03-26,1402.11,75556,63516,1.189559,18.557229,1141,1.228843,1.510138,899,1.189846,15.0,1166.43,55.0,0.83191,93.47399999999999,0.01668520578420467
6976513156630,ASC - Magic Portraits,2026-03-27,2026-03-27,1940.79,107781,87130,1.237014,18.006792,1745,1.112201,1.619024,1364,1.265529,26.0,1752.7,58.0,0.903086,74.64576923076923,0.01906158357771261
6976513156630,ASC - Magic Portraits,2026-03-28,2026-03-28,1582.19,92947,73317,1.267741,17.022497,1528,1.035465,1.643948,1211,1.302893,32.0,2069.59,88.0,1.308054,49.4434375,0.026424442609413706
6976513156630,ASC - Magic Portraits,2026-03-29,2026-03-29,1833.13,107969,84226,1.281896,16.978299,1717,1.067635,1.590271,1430,1.324454,41.0,2377.98,105.0,1.297224,44.71048780487805,0.028671328671328673
6976513156630,ASC - Magic Portraits,2026-03-30,2026-03-30,1763.9,113479,94112,1.205787,15.543845,1485,1.187811,1.308612,1175,1.035434,29.0,1495.01,65.0,0.847559,60.824137931034485,0.02468085106382979
6976513156630,ASC - Magic Portraits,2026-03-31,2026-03-31,2024.42,113118,94146,1.201517,17.896533,1673,1.210054,1.478987,1273,1.125374,32.0,2098.3,122.0,1.036494,63.263125,0.02513747054202671
6976513156630,ASC - Magic Portraits,2026-04-01,2026-04-01,2232.72,124438,104333,1.1927,17.942429,1927,1.158651,1.548562,1399,1.124255,32.0,2191.55,128.0,0.981561,69.7725,0.0228734810578985
6976513156630,ASC - Magic Portraits,2026-04-02,2026-04-02,2018.38,100236,85453,1.172996,20.136278,1731,1.16602,1.726924,1290,1.286963,25.0,1622.09,70.0,0.803659,80.7352,0.01937984496124031
6976513156630,ASC - Magic Portraits,2026-04-03,2026-04-03,2177.31,116883,94845,1.232358,18.628115,1771,1.229424,1.51519,1352,1.156712,28.0,1537.03,84.0,0.705931,77.76107142857143,0.020710059171597635
6976513156630,ASC - Magic Portraits,2026-04-04,2026-04-04,2724.53,142694,113779,1.254133,19.093515,2154,1.26487,1.509524,1735,1.215889,31.0,1865.65,84.0,0.68476,87.88806451612903,0.017867435158501442
6976513156630,ASC - Magic Portraits,2026-04-05,2026-04-05,4214.25,244384,194095,1.259095,17.244378,2824,1.492298,1.155558,2179,0.89163,35.0,2328.3,103.0,0.552483,120.40714285714286,0.016062413951353834
52566701050034,ASC_Magic Portraits_FreeOffer_Value,2026-04-06,2026-04-06,4.67,97,90,1.077778,48.14433,3,1.556667,3.092784,3,3.092784,,,,,,
52566729326634,ASC_Magic Portraits_FreeOffer,2026-04-06,2026-04-06,65.99,1947,1621,1.20111,33.893169,40,1.64975,2.054443,33,1.694915,,,,,,
6976513156630,ASC - Magic Portraits,2026-04-06,2026-04-06,1850.89,91424,73605,1.24209,20.245122,1345,1.376126,1.471167,1094,1.196622,35.0,2225.26,91.0,1.202265,52.88257142857143,0.031992687385740404
52566729326634,ASC_Magic Portraits_FreeOffer,2026-04-07,2026-04-07,160.67,5152,4142,1.243844,31.185947,131,1.226489,2.542702,102,1.979814,,,1.0,,,
6976513156630,ASC - Magic Portraits,2026-04-07,2026-04-07,2857.24,135750,118524,1.145338,21.047808,1793,1.593553,1.32081,1302,0.959116,30.0,2146.18,114.0,0.751137,95.24133333333333,0.02304147465437788
6976513156630,ASC - Magic Portraits,2026-04-08,2026-04-08,2640.56,115261,94994,1.21335,22.909397,1844,1.431974,1.599847,1391,1.206826,53.0,3797.08,140.0,1.437983,49.82188679245283,0.038102084831056794
52566729326634,ASC_Magic Portraits_FreeOffer,2026-04-09,2026-04-09,0.0,0,0,0.0,,0,,,0,,,,,,,
6976513156630,ASC - Magic Portraits,2026-04-09,2026-04-09,1951.45,95567,78625,1.215479,20.419706,1482,1.316768,1.550745,1182,1.236829,48.0,2945.16,128.0,1.509216,40.655208333333334,0.04060913705583756
6976513156630,ASC - Magic Portraits,2026-04-10,2026-04-10,2146.6,109680,90021,1.218382,19.571481,1417,1.514891,1.29194,1112,1.013859,49.0,2937.07,101.0,1.368243,43.80816326530612,0.044064748201438846
6976513156630,ASC - Magic Portraits,2026-04-11,2026-04-11,2324.11,111546,91892,1.213882,20.83544,1693,1.372776,1.517759,1276,1.143923,47.0,2908.55,107.0,1.251468,49.44914893617022,0.03683385579937304
6976513156630,ASC - Magic Portraits,2026-04-12,2026-04-12,2704.78,132235,102398,1.291383,20.454343,2009,1.346332,1.519265,1545,1.168374,39.0,2501.86,107.0,0.924977,69.35333333333334,0.02524271844660194
6976513156630,ASC - Magic Portraits,2026-04-13,2026-04-13,2488.01,134588,111853,1.203258,18.486121,1897,1.31155,1.409487,1451,1.078105,37.0,2249.66,100.0,0.904201,67.24351351351352,0.025499655410062026
52574156599034,ASC_TESTCAMPAIGN_MAGICPORTRAITS,2026-04-14,2026-04-14,179.0,6359,5062,1.256223,28.14908,182,0.983516,2.862085,157,2.468942,2.0,139.88,4.0,0.781453,89.5,0.012738853503184714
6976513156630,ASC - Magic Portraits,2026-04-14,2026-04-14,2299.02,122679,93493,1.312173,18.740127,1642,1.400134,1.338452,1255,1.022995,43.0,3071.13,88.0,1.335843,53.465581395348835,0.034262948207171316
52574156599034,ASC_TESTCAMPAIGN_MAGICPORTRAITS,2026-04-15,2026-04-15,175.35,4619,3634,1.271051,37.962763,171,1.025439,3.7021,150,3.247456,2.0,144.81,7.0,0.825834,87.675,0.013333333333333334
52575088653834,MagicPortraits_FreeOffer,2026-04-15,2026-04-15,154.64,9730,7254,1.341329,15.893114,468,0.330427,4.809866,443,4.552929,,,1.0,,,
6976513156630,ASC - Magic Portraits,2026-04-15,2026-04-15,2724.87,139217,113089,1.231039,19.572825,1928,1.413314,1.384888,1484,1.065962,42.0,2232.17,111.0,0.819184,64.87785714285714,0.02830188679245283
52574156599034,ASC_TESTCAMPAIGN_MAGICPORTRAITS,2026-04-16,2026-04-16,159.94,3820,2701,1.414291,41.86911,148,1.080676,3.874346,151,3.95288,,,3.0,,,
52575088653834,MagicPortraits_FreeOffer,2026-04-16,2026-04-16,161.07,11546,8149,1.416861,13.950286,549,0.293388,4.754893,504,4.365148,,,,,,
6976513156630,ASC - Magic Portraits,2026-04-16,2026-04-16,2754.02,149275,124362,1.200326,18.449305,2165,1.272065,1.450343,1677,1.12343,83.0,6081.46,113.0,2.208212,33.18096385542169,0.04949314251639833
52574156599034,ASC_TESTCAMPAIGN_MAGICPORTRAITS,2026-04-17,2026-04-17,248.85,5988,4403,1.359982,41.558116,222,1.120946,3.707415,227,3.790915,6.0,339.56,4.0,1.364517,41.475,0.02643171806167401
52575088653834,MagicPortraits_FreeOffer,2026-04-17,2026-04-17,117.23,9082,7337,1.237836,12.90795,413,0.28385,4.547457,388,4.272187,,,,,,
6976513156630,ASC - Magic Portraits,2026-04-17,2026-04-17,2724.93,145345,119687,1.214376,18.748013,1929,1.412613,1.327187,1526,1.049916,50.0,3288.12,78.0,1.206681,54.498599999999996,0.0327653997378768
52574156599034,ASC_TESTCAMPAIGN_MAGICPORTRAITS,2026-04-18,2026-04-18,163.22,4471,3519,1.270531,36.506374,150,1.088133,3.354954,142,3.176023,2.0,119.84,3.0,0.734224,81.61,0.014084507042253521
52575088653834,MagicPortraits_FreeOffer,2026-04-18,2026-04-18,119.0,9003,7233,1.244712,13.217816,444,0.268018,4.931689,407,4.520715,2.0,79.9,1.0,0.671429,59.5,0.004914004914004914
6976513156630,ASC - Magic Portraits,2026-04-18,2026-04-18,2348.06,108470,88224,1.229484,21.647091,1662,1.412792,1.532221,1288,1.187425,82.0,5359.85,90.0,2.282672,28.634878048780486,0.06366459627329192
52574156599034,ASC_TESTCAMPAIGN_MAGICPORTRAITS,2026-04-19,2026-04-19,255.77,7163,5688,1.259318,35.707106,259,0.987529,3.615803,262,3.657685,6.0,294.62,7.0,1.151894,42.62833333333334,0.022900763358778626
52575088653834,MagicPortraits_FreeOffer,2026-04-19,2026-04-19,164.44,12957,10358,1.250917,12.691209,562,0.292598,4.337424,507,3.912943,,,1.0,,,
6976513156630,ASC - Magic Portraits,2026-04-19,2026-04-19,2884.57,141071,114252,1.234736,20.447647,2006,1.437971,1.421979,1513,1.07251,60.0,3807.49,115.0,1.319951,48.07616666666667,0.03965631196298744
52566729326634,ASC_Magic Portraits_FreeOffer,2026-04-20,2026-04-20,47.31,905,782,1.157289,52.276243,33,1.433636,3.646409,29,3.20442,,,,,,
52574156599034,ASC_TESTCAMPAIGN_MAGICPORTRAITS,2026-04-20,2026-04-20,163.46,3055,2069,1.476559,53.505728,205,0.797366,6.710311,256,8.379705,1.0,54.93,,0.336046,163.46,0.00390625
52575088653834,MagicPortraits_FreeOffer,2026-04-20,2026-04-20,2.06,76,72,1.055556,27.105263,9,0.228889,11.842105,8,10.526316,,,,,,
6976513156630,ASC - Magic Portraits,2026-04-20,2026-04-20,2605.82,134645,104358,1.290222,19.353262,1580,1.649253,1.173456,1148,0.852612,26.0,1550.06,71.0,0.594845,100.22384615384615,0.02264808362369338
52566729326634,ASC_Magic Portraits_FreeOffer,2026-04-21,2026-04-21,108.13,2335,1912,1.221234,46.308351,68,1.590147,2.912206,64,2.740899,1.0,24.97,3.0,0.230926,108.13,0.015625
52574156599034,ASC_TESTCAMPAIGN_MAGICPORTRAITS,2026-04-21,2026-04-21,196.17,3549,2319,1.530401,55.274725,245,0.800694,6.903353,284,8.002254,4.0,217.78,5.0,1.11016,49.0425,0.014084507042253521
52575088653834,MagicPortraits_FreeOffer,2026-04-21,2026-04-21,0.0,0,0,0.0,,0,,,0,,,,,,,
6976513156630,ASC - Magic Portraits,2026-04-21,2026-04-21,2483.13,130052,111063,1.170975,19.093363,1713,1.44958,1.317165,1282,0.98576,41.0,2911.79,94.0,1.172629,60.56414634146342,0.031981279251170044
52566729326634,ASC_Magic Portraits_FreeOffer,2026-04-22,2026-04-22,0.32,8,8,1.0,40.0,0,,0.0,0,,,,,,,
52574156599034,ASC_TESTCAMPAIGN_MAGICPORTRAITS,2026-04-22,2026-04-22,192.63,4169,2323,1.794662,46.205325,301,0.639967,7.219957,370,8.87503,,,3.0,,,
52575088653834,MagicPortraits_FreeOffer,2026-04-22,2026-04-22,0.0,0,0,0.0,,0,,,0,,,,,,,
6976513156630,ASC - Magic Portraits,2026-04-22,2026-04-22,2460.72,129636,106841,1.213354,18.981764,1597,1.540839,1.231911,1185,0.914098,28.0,1847.11,60.0,0.750638,87.88285714285713,0.02362869198312236
52574156599034,ASC_TESTCAMPAIGN_MAGICPORTRAITS,2026-04-23,2026-04-23,212.23,4358,2736,1.592836,48.698944,198,1.071869,4.543369,231,5.300597,3.0,139.82,5.0,0.658814,70.74333333333333,0.012987012987012988
6976513156630,ASC - Magic Portraits,2026-04-23,2026-04-23,2538.02,126520,105868,1.195073,20.060228,1623,1.563783,1.282801,1262,0.997471,33.0,2259.03,78.0,0.890076,76.90969696969697,0.026148969889064975
52574156599034,ASC_TESTCAMPAIGN_MAGICPORTRAITS,2026-04-24,2026-04-24,220.84,5493,3842,1.429724,40.203896,169,1.306746,3.076643,203,3.695613,2.0,129.83,12.0,0.587892,110.42,0.009852216748768473
6976513156630,ASC - Magic Portraits,2026-04-24,2026-04-24,2682.16,152670,122753,1.243717,17.56835,1896,1.414641,1.241894,1449,0.949106,34.0,2235.4,74.0,0.833433,78.8870588235294,0.023464458247066944
52574156599034,ASC_TESTCAMPAIGN_MAGICPORTRAITS,2026-04-25,2026-04-25,149.53,4751,3728,1.27441,31.473374,131,1.14145,2.757314,139,2.9257,2.0,109.9,8.0,0.73497,74.765,0.014388489208633094
6976513156630,ASC - Magic Portraits,2026-04-25,2026-04-25,2364.59,124665,101651,1.226402,18.967553,1724,1.371572,1.382906,1339,1.074079,24.0,1382.51,71.0,0.584672,98.52458333333334,0.017923823749066467
52574156599034,ASC_TESTCAMPAIGN_MAGICPORTRAITS,2026-04-26,2026-04-26,251.15,8530,6173,1.381824,29.443142,196,1.281378,2.297773,175,2.051583,7.0,425.42,19.0,1.693888,35.878571428571426,0.04
6976513156630,ASC - Magic Portraits,2026-04-26,2026-04-26,2521.02,134091,100495,1.334305,18.800814,1846,1.365666,1.376677,1454,1.084338,37.0,2363.47,109.0,0.937505,68.13567567567567,0.02544704264099037
52574156599034,ASC_TESTCAMPAIGN_MAGICPORTRAITS,2026-04-27,2026-04-27,167.76,4694,2804,1.674037,35.739242,192,0.87375,4.090328,215,4.580315,2.0,85.88,5.0,0.511922,83.88,0.009302325581395349
6976513156630,ASC - Magic Portraits,2026-04-27,2026-04-27,2277.51,141930,111247,1.27581,16.046713,1726,1.319531,1.216092,1305,0.919467,38.0,2571.0,92.0,1.128864,59.93447368421053,0.029118773946360154
52574156599034,ASC_TESTCAMPAIGN_MAGICPORTRAITS,2026-04-28,2026-04-28,366.49,10631,6053,1.756319,34.473709,398,0.920829,3.743768,443,4.167059,2.0,119.84,3.0,0.326994,183.245,0.004514672686230248
6976513156630,ASC - Magic Portraits,2026-04-28,2026-04-28,2063.34,114508,92111,1.243152,18.019178,1539,1.340702,1.344011,1249,1.090753,35.0,2351.35,79.0,1.139584,58.95257142857143,0.02802241793434748
52574156599034,ASC_TESTCAMPAIGN_MAGICPORTRAITS,2026-04-29,2026-04-29,357.28,10532,6015,1.750956,33.923281,418,0.854737,3.968857,441,4.187239,7.0,277.63,17.0,0.777066,51.04,0.015873015873015872
6976513156630,ASC - Magic Portraits,2026-04-29,2026-04-29,2222.0,107793,85850,1.255597,20.613583,1717,1.294118,1.592868,1430,1.326617,27.0,1729.18,60.0,0.778209,82.29629629629629,0.01888111888111888
52574156599034,ASC_TESTCAMPAIGN_MAGICPORTRAITS,2026-04-30,2026-04-30,401.62,10972,6124,1.791639,36.604083,457,0.878818,4.165148,500,4.557054,5.0,422.43,33.0,1.051815,80.324,0.01
6976513156630,ASC - Magic Portraits,2026-04-30,2026-04-30,2432.1,118875,96294,1.234501,20.459306,1753,1.387393,1.474658,1396,1.174343,22.0,1398.28,68.0,0.574927,110.55,0.015759312320916905
52574156599034,ASC_TESTCAMPAIGN_MAGICPORTRAITS,2026-05-01,2026-05-01,444.32,11728,7645,1.534075,37.885402,374,1.188021,3.18895,374,3.18895,11.0,419.47,13.0,0.944072,40.39272727272727,0.029411764705882353
6976513156630,ASC - Magic Portraits,2026-05-01,2026-05-01,1468.39,65698,49659,1.322983,22.350604,1089,1.348384,1.657585,915,1.392736,25.0,1332.3,95.0,0.90732,58.735600000000005,0.0273224043715847
52574156599034,ASC_TESTCAMPAIGN_MAGICPORTRAITS,2026-05-02,2026-05-02,343.19,10484,5591,1.875157,32.734643,699,0.490973,6.667303,818,7.802366,2.0,174.77,8.0,0.509251,171.595,0.0024449877750611247
6976513156630,ASC - Magic Portraits,2026-05-02,2026-05-02,1707.84,83794,61827,1.355298,20.381412,1582,1.079545,1.887963,1343,1.60274,47.0,2873.5,105.0,1.682535,36.33702127659574,0.034996276991809384
52574156599034,ASC_TESTCAMPAIGN_MAGICPORTRAITS,2026-05-03,2026-05-03,471.85,13209,7179,1.83995,35.721856,686,0.687828,5.193429,742,5.617382,13.0,824.27,27.0,1.74689,36.29615384615385,0.01752021563342318
6976513156630,ASC - Magic Portraits,2026-05-03,2026-05-03,2292.45,126105,93562,1.347823,18.178899,1887,1.214865,1.496372,1548,1.227548,48.0,3049.43,105.0,1.330206,47.759375,0.031007751937984496
52574156599034,ASC_TESTCAMPAIGN_MAGICPORTRAITS,2026-05-04,2026-05-04,398.72,12149,7130,1.703927,32.819162,546,0.730256,4.494197,588,4.839905,5.0,219.72,14.0,0.551063,79.744,0.008503401360544218
6976513156630,ASC - Magic Portraits,2026-05-04,2026-05-04,2033.18,110708,82833,1.33652,18.365249,1679,1.210947,1.516602,1362,1.230263,36.0,2003.52,97.0,0.985412,56.477222222222224,0.02643171806167401
52574156599034,ASC_TESTCAMPAIGN_MAGICPORTRAITS,2026-05-05,2026-05-05,375.79,10085,6509,1.549393,37.262271,323,1.163437,3.202776,333,3.301934,3.0,174.77,15.0,0.465074,125.26333333333334,0.009009009009009009
6976513156630,ASC - Magic Portraits,2026-05-05,2026-05-05,1911.17,99404,76328,1.302327,19.226289,1770,1.079757,1.780612,1477,1.485856,37.0,2486.06,75.0,1.300805,51.653243243243246,0.025050778605280974
52574156599034,ASC_TESTCAMPAIGN_MAGICPORTRAITS,2026-05-06,2026-05-06,419.89,11996,7384,1.624594,35.002501,375,1.119707,3.126042,413,3.442814,3.0,147.8,11.0,0.351997,139.96333333333334,0.007263922518159807
6976513156630,ASC - Magic Portraits,2026-05-06,2026-05-06,2153.63,109606,83223,1.317016,19.648833,2029,1.061424,1.851176,1736,1.583855,36.0,2494.12,92.0,1.158101,59.823055555555555,0.020737327188940093
52574156599034,ASC_TESTCAMPAIGN_MAGICPORTRAITS,2026-05-07,2026-05-07,538.5,19883,12960,1.534182,27.083438,444,1.212838,2.233063,421,2.117387,3.0,264.6,28.0,0.491365,179.5,0.007125890736342043
6976513156630,ASC - Magic Portraits,2026-05-07,2026-05-07,1870.06,102598,80965,1.26719,18.227061,1783,1.048828,1.737851,1515,1.476637,18.0,916.8,76.0,0.490252,103.89222222222222,0.011881188118811881
52574156599034,ASC_TESTCAMPAIGN_MAGICPORTRAITS,2026-05-08,2026-05-08,514.06,17139,10081,1.700129,29.993582,520,0.988577,3.034016,546,3.185717,8.0,549.24,14.0,1.068436,64.2575,0.014652014652014652
6976513156630,ASC - Magic Portraits,2026-05-08,2026-05-08,1948.29,107375,84605,1.269133,18.144726,1627,1.197474,1.51525,1375,1.280559,28.0,1530.95,58.0,0.785792,69.58178571428572,0.020363636363636365
52574156599034,ASC_TESTCAMPAIGN_MAGICPORTRAITS,2026-05-09,2026-05-09,561.09,19192,11013,1.742668,29.235619,723,0.776058,3.767195,769,4.006878,4.0,261.77,6.0,0.466538,140.2725,0.005201560468140442
6976513156630,ASC - Magic Portraits,2026-05-09,2026-05-09,1778.4,98598,77367,1.274419,18.036877,1455,1.222268,1.475689,1160,1.176494,31.0,1967.66,62.0,1.106422,57.36774193548387,0.026724137931034484
52574156599034,ASC_TESTCAMPAIGN_MAGICPORTRAITS,2026-05-10,2026-05-10,685.89,23404,12900,1.814264,29.306529,767,0.89425,3.277218,808,3.452401,6.0,493.4,17.0,0.719357,114.315,0.007425742574257425
6976513156630,ASC - Magic Portraits,2026-05-10,2026-05-10,2155.36,111666,85504,1.305974,19.301847,1733,1.243716,1.55195,1391,1.245679,34.0,2075.4,82.0,0.962902,63.39294117647059,0.024442846872753415
52574156599034,ASC_TESTCAMPAIGN_MAGICPORTRAITS,2026-05-11,2026-05-11,363.09,12343,7387,1.670908,29.416673,573,0.633665,4.642307,621,5.031192,3.0,209.82,8.0,0.577873,121.02999999999999,0.004830917874396135
6976513156630,ASC - Magic Portraits,2026-05-11,2026-05-11,1984.55,96101,72037,1.334051,20.65067,1640,1.210091,1.706538,1433,1.49114,24.0,1506.01,64.0,0.758867,82.68958333333333,0.01674808094905792
52574156599034,ASC_TESTCAMPAIGN_MAGICPORTRAITS,2026-05-12,2026-05-12,577.67,17520,10418,1.681705,32.972032,589,0.980764,3.361872,636,3.630137,6.0,385.46,10.0,0.667267,96.27833333333332,0.009433962264150943
6976513156630,ASC - Magic Portraits,2026-05-12,2026-05-12,1988.19,95040,76908,1.235762,20.919508,1399,1.421151,1.472012,1174,1.235269,23.0,1433.34,55.0,0.720927,86.44304347826088,0.019591141396933562
52574156599034,ASC_TESTCAMPAIGN_MAGICPORTRAITS,2026-05-13,2026-05-13,568.83,19771,10417,1.897955,28.770927,626,0.908674,3.166254,647,3.27247,4.0,264.64,9.0,0.465236,142.2075,0.0061823802163833074
6976513156630,ASC - Magic Portraits,2026-05-13,2026-05-13,1961.14,96829,82324,1.176194,20.253643,1405,1.395829,1.451012,1158,1.195923,23.0,1351.23,46.0,0.689002,85.26695652173913,0.019861830742659757
52574156599034,ASC_TESTCAMPAIGN_MAGICPORTRAITS,2026-05-14,2026-05-14,363.73,10505,6138,1.71147,34.624465,251,1.449124,2.389338,258,2.455973,6.0,550.43,9.0,1.513293,60.62166666666667,0.023255813953488372
6976513156630,ASC - Magic Portraits,2026-05-14,2026-05-14,1558.44,68932,52984,1.300997,22.608368,957,1.628464,1.388325,810,1.175071,25.0,1492.28,50.0,0.957547,62.3376,0.030864197530864196
52574156599034,ASC_TESTCAMPAIGN_MAGICPORTRAITS,2026-05-15,2026-05-15,115.21,3741,2610,1.433333,30.796578,70,1.645857,1.871157,62,1.657311,1.0,11.98,1.0,0.103984,115.21,0.016129032258064516
6976513156630,ASC - Magic Portraits,2026-05-15,2026-05-15,1234.17,66757,57386,1.163298,18.487499,780,1.582269,1.168417,628,0.940725,21.0,1492.42,37.0,1.20925,58.77,0.03343949044585987
52574156599034,ASC_TESTCAMPAIGN_MAGICPORTRAITS,2026-05-16,2026-05-16,76.0,2542,1567,1.622208,29.897718,56,1.357143,2.20299,50,1.966955,6.0,652.02,9.0,8.579211,12.666666666666666,0.12
6976513156630,ASC - Magic Portraits,2026-05-16,2026-05-16,1543.39,83084,75232,1.10437,18.57626,740,2.085662,0.890665,527,0.634298,9.0,692.07,29.0,0.448409,171.48777777777778,0.017077798861480076
52574156599034,ASC_TESTCAMPAIGN_MAGICPORTRAITS,2026-05-17,2026-05-17,101.5,3977,2211,1.798734,25.52175,74,1.371622,1.860699,78,1.961277,1.0,54.93,5.0,0.541182,101.5,0.01282051282051282
6976513156630,ASC - Magic Portraits,2026-05-17,2026-05-17,2355.77,147098,130148,1.130236,16.01497,1654,1.424287,1.12442,1280,0.870168,34.0,1875.63,79.0,0.796186,69.28735294117647,0.0265625
52574156599034,ASC_TESTCAMPAIGN_MAGICPORTRAITS,2026-05-18,2026-05-18,126.18,5611,2770,2.025632,22.48797,62,2.035161,1.104972,67,1.194083,4.0,345.73,12.0,2.739975,31.545,0.05970149253731343
6976513156630,ASC - Magic Portraits,2026-05-18,2026-05-18,1221.2,61585,48394,1.272575,19.829504,958,1.274739,1.555574,788,1.279532,16.0,1034.69,33.0,0.847273,76.325,0.02030456852791878
52574156599034,ASC_TESTCAMPAIGN_MAGICPORTRAITS,2026-05-19,2026-05-19,197.51,7776,4165,1.866987,25.399949,114,1.732544,1.466049,111,1.427469,2.0,67.9,5.0,0.34378,98.755,0.018018018018018018
6976513156630,ASC - Magic Portraits,2026-05-19,2026-05-19,1035.95,39213,29937,1.309851,26.418535,738,1.403726,1.882029,615,1.568357,6.0,442.56,13.0,0.427202,172.65833333333333,0.00975609756097561
52574156599034,ASC_TESTCAMPAIGN_MAGICPORTRAITS,2026-05-20,2026-05-20,206.24,7674,3991,1.922826,26.875163,121,1.704463,1.576753,107,1.394318,3.0,225.69,6.0,1.094308,68.74666666666667,0.028037383177570093
6976513156630,ASC - Magic Portraits,2026-05-20,2026-05-20,1028.6,48428,40431,1.197794,21.239779,706,1.456941,1.457834,599,1.236888,10.0,578.23,23.0,0.562152,102.85999999999999,0.01669449081803005
52574156599034,ASC_TESTCAMPAIGN_MAGICPORTRAITS,2026-05-21,2026-05-21,258.21,6711,4524,1.483422,38.475637,173,1.492543,2.577857,184,2.741767,3.0,115.84,4.0,0.448627,86.07,0.016304347826086956
6976513156630,ASC - Magic Portraits,2026-05-21,2026-05-21,952.69,39909,30646,1.302258,23.871558,628,1.517022,1.57358,511,1.280413,11.0,737.99,27.0,0.774638,86.60818181818182,0.021526418786692758
52574156599034,ASC_TESTCAMPAIGN_MAGICPORTRAITS,2026-05-22,2026-05-22,250.83,7254,4447,1.631212,34.578164,193,1.299637,2.660601,209,2.881169,2.0,63.91,7.0,0.254794,125.415,0.009569377990430622
6976513156630,ASC - Magic Portraits,2026-05-22,2026-05-22,1014.04,40463,31052,1.303072,25.06092,666,1.522583,1.645948,578,1.428466,17.0,1064.54,39.0,1.049801,59.64941176470588,0.029411764705882353
52574156599034,ASC_TESTCAMPAIGN_MAGICPORTRAITS,2026-05-23,2026-05-23,238.37,6840,5234,1.30684,34.849415,133,1.792256,1.944444,127,1.856725,1.0,39.95,5.0,0.167597,238.37,0.007874015748031496
6976513156630,ASC - Magic Portraits,2026-05-23,2026-05-23,921.9,34369,25631,1.340915,26.823591,564,1.634574,1.641014,456,1.326777,17.0,1840.6,42.0,1.996529,54.22941176470588,0.03728070175438596
52574156599034,ASC_TESTCAMPAIGN_MAGICPORTRAITS,2026-05-24,2026-05-24,296.4,7281,5302,1.373255,40.708694,130,2.28,1.785469,133,1.826672,3.0,412.42,29.0,1.391431,98.8,0.022556390977443608
6976513156630,ASC - Magic Portraits,2026-05-24,2026-05-24,1073.41,46119,33719,1.367745,23.274789,732,1.466407,1.587198,584,1.266289,14.0,958.94,258.0,0.893359,76.67214285714286,0.023972602739726026
52574156599034,ASC_TESTCAMPAIGN_MAGICPORTRAITS,2026-05-25,2026-05-25,252.51,8660,5203,1.664424,29.158199,162,1.558704,1.87067,166,1.916859,3.0,138.81,41.0,0.549721,84.17,0.018072289156626505
6976513156630,ASC - Magic Portraits,2026-05-25,2026-05-25,1047.79,45895,36947,1.242185,22.830156,830,1.262398,1.808476,692,1.50779,22.0,1426.78,295.0,1.361704,47.62681818181818,0.031791907514450865
52574156599034,ASC_TESTCAMPAIGN_MAGICPORTRAITS,2026-05-26,2026-05-26,222.38,7164,5545,1.291975,31.041318,106,2.097925,1.47962,95,1.326075,5.0,194.75,27.0,0.875753,44.476,0.05263157894736842
6976513156630,ASC - Magic Portraits,2026-05-26,2026-05-26,850.76,45949,35677,1.287917,18.51531,655,1.29887,1.425493,533,1.159982,10.0,579.25,176.0,0.680862,85.076,0.01876172607879925
52574156599034,ASC_TESTCAMPAIGN_MAGICPORTRAITS,2026-05-27,2026-05-27,219.97,6123,3933,1.556827,35.9252,145,1.517034,2.36812,162,2.645762,5.0,209.85,17.0,0.953994,43.994,0.030864197530864196
6976513156630,ASC - Magic Portraits,2026-05-27,2026-05-27,1034.61,52088,42318,1.230871,19.862732,818,1.264804,1.570419,688,1.320842,18.0,1020.65,246.0,0.986507,57.478333333333325,0.02616279069767442
52574156599034,ASC_TESTCAMPAIGN_MAGICPORTRAITS,2026-05-28,2026-05-28,342.42,10026,6337,1.582137,34.153202,294,1.164694,2.932376,291,2.902454,7.0,354.53,45.0,1.035366,48.917142857142856,0.024054982817869417
6976513156630,ASC - Magic Portraits,2026-05-28,2026-05-28,1016.44,51205,40721,1.257459,19.850405,669,1.519342,1.306513,541,1.056537,10.0,584.28,176.0,0.57483,101.644,0.018484288354898338
52574156599034,ASC_TESTCAMPAIGN_MAGICPORTRAITS,2026-05-29,2026-05-29,398.03,11526,7088,1.626129,34.533229,383,1.039243,3.322922,372,3.227486,6.0,358.55,50.0,0.900812,66.33833333333332,0.016129032258064516
6976513156630,ASC - Magic Portraits,2026-05-29,2026-05-29,1050.43,57881,49953,1.158709,18.148097,689,1.524572,1.190373,510,0.881118,15.0,875.81,173.0,0.833763,70.02866666666667,0.029411764705882353
52574156599034,ASC_TESTCAMPAIGN_MAGICPORTRAITS,2026-05-30,2026-05-30,285.34,9675,6849,1.412615,29.492506,265,1.076755,2.739018,255,2.635659,,,36.0,,,
6976513156630,ASC - Magic Portraits,2026-05-30,2026-05-30,884.92,40270,34195,1.177658,21.974671,623,1.420417,1.547057,496,1.231686,20.0,1245.55,222.0,1.407528,44.245999999999995,0.04032258064516129
52574156599034,ASC_TESTCAMPAIGN_MAGICPORTRAITS,2026-05-31,2026-05-31,399.69,11487,7459,1.540019,34.794986,378,1.057381,3.290676,412,3.586663,3.0,169.82,51.0,0.424879,133.23,0.007281553398058253
6976513156630,ASC - Magic Portraits,2026-05-31,2026-05-31,1059.91,44342,35638,1.244234,23.903072,730,1.451932,1.646295,577,1.301249,21.0,1481.08,241.0,1.397364,50.47190476190477,0.036395147313691506
52574156599034,ASC_TESTCAMPAIGN_MAGICPORTRAITS,2026-06-01,2026-06-01,363.03,12613,8014,1.573871,28.782209,358,1.01405,2.838341,352,2.790771,7.0,244.69,51.0,0.674021,51.86142857142857,0.019886363636363636
6976513156630,ASC - Magic Portraits,2026-06-01,2026-06-01,1060.95,48387,40765,1.186974,21.926344,687,1.544323,1.419803,533,1.101536,25.0,1571.9,216.0,1.481597,42.438,0.04690431519699812
52574156599034,ASC_TESTCAMPAIGN_MAGICPORTRAITS,2026-06-02,2026-06-02,606.16,19553,14187,1.378234,31.000869,377,1.607851,1.928093,320,1.636578,10.0,473.38,93.0,0.780949,60.616,0.03125
6976513156630,ASC - Magic Portraits,2026-06-02,2026-06-02,976.41,52797,44335,1.190865,18.493664,635,1.537654,1.20272,478,0.905354,17.0,907.93,186.0,0.929866,57.43588235294118,0.03556485355648536
52574156599034,ASC_TESTCAMPAIGN_MAGICPORTRAITS,2026-06-03,2026-06-03,588.69,20550,12129,1.694286,28.646715,449,1.311114,2.184915,394,1.917275,7.0,381.48,100.0,0.648015,84.09857142857143,0.017766497461928935
6976513156630,ASC - Magic Portraits,2026-06-03,2026-06-03,989.86,55708,49131,1.133867,17.768723,678,1.459971,1.21706,508,0.911898,14.0,913.77,201.0,0.923131,70.70428571428572,0.027559055118110236
52574156599034,ASC_TESTCAMPAIGN_MAGICPORTRAITS,2026-06-04,2026-06-04,547.21,18027,10664,1.690454,30.355023,416,1.315409,2.30765,422,2.340933,6.0,309.62,96.0,0.565816,91.20166666666667,0.014218009478672985
6976513156630,ASC - Magic Portraits,2026-06-04,2026-06-04,968.22,42472,35279,1.203889,22.796666,666,1.453784,1.568092,525,1.236109,26.0,1693.76,232.0,1.749354,37.23923076923077,0.049523809523809526
52574156599034,ASC_TESTCAMPAIGN_MAGICPORTRAITS,2026-06-05,2026-06-05,612.32,21921,12406,1.766968,27.933032,573,1.068621,2.613932,604,2.755349,6.0,349.54,92.0,0.570845,102.05333333333334,0.009933774834437087
6976513156630,ASC - Magic Portraits,2026-06-05,2026-06-05,974.16,41539,32569,1.275415,23.451696,599,1.626311,1.442018,483,1.162763,20.0,1240.36,215.0,1.273261,48.708,0.041407867494824016
52574156599034,ASC_TESTCAMPAIGN_MAGICPORTRAITS,2026-06-06,2026-06-06,493.52,20654,14005,1.474759,23.894645,401,1.230723,1.941513,360,1.743004,6.0,464.57,89.0,0.94134,82.25333333333333,0.016666666666666666
6976513156630,ASC - Magic Portraits,2026-06-06,2026-06-06,970.49,75646,65972,1.146638,12.829363,836,1.160873,1.105148,606,0.8011,9.0,532.29,185.0,0.548476,107.83222222222223,0.01485148514851485
52574156599034,ASC_TESTCAMPAIGN_MAGICPORTRAITS,2026-06-07,2026-06-07,674.88,23827,13409,1.776941,28.32417,642,1.051215,2.694422,662,2.778361,12.0,697.13,112.0,1.032969,56.24,0.01812688821752266
6976513156630,ASC - Magic Portraits,2026-06-07,2026-06-07,1085.96,46111,36923,1.248842,23.550997,786,1.381629,1.704582,607,1.316389,30.0,1785.25,291.0,1.643937,36.19866666666667,0.04942339373970346
52574156599034,ASC_TESTCAMPAIGN_MAGICPORTRAITS,2026-06-08,2026-06-08,543.5,24446,14504,1.685466,22.232676,546,0.995421,2.233494,560,2.290763,16.0,1240.33,89.0,2.282116,33.96875,0.02857142857142857
6976513156630,ASC - Magic Portraits,2026-06-08,2026-06-08,1012.4,54327,45922,1.183028,18.635301,740,1.368108,1.362122,567,1.04368,26.0,1837.04,251.0,1.81454,38.93846153846154,0.04585537918871252
52574156599034,ASC_TESTCAMPAIGN_MAGICPORTRAITS,2026-06-09,2026-06-09,813.62,38561,26125,1.476019,21.099557,608,1.338191,1.576723,578,1.498924,13.0,892.92,147.0,1.097466,62.58615384615385,0.02249134948096886
6976513156630,ASC - Magic Portraits,2026-06-09,2026-06-09,1018.27,41318,34332,1.203484,24.644707,627,1.624035,1.517498,487,1.178663,19.0,1217.44,228.0,1.195596,53.59315789473684,0.039014373716632446
52574156599034,ASC_TESTCAMPAIGN_MAGICPORTRAITS,2026-06-10,2026-06-10,689.03,31590,23558,1.340946,21.811649,511,1.348395,1.617601,429,1.358025,13.0,621.21,149.0,0.901572,53.00230769230769,0.030303030303030304
6976513156630,ASC - Magic Portraits,2026-06-10,2026-06-10,1116.58,44803,35538,1.260707,24.921992,705,1.583801,1.573555,553,1.234292,13.0,819.01,218.0,0.733499,85.89076923076922,0.023508137432188065
52574156599034,ASC_TESTCAMPAIGN_MAGICPORTRAITS,2026-06-11,2026-06-11,604.74,28741,19707,1.458416,21.041022,512,1.181133,1.781427,425,1.478724,4.0,427.7,123.0,0.707246,151.185,0.009411764705882352
6976513156630,ASC - Magic Portraits,2026-06-11,2026-06-11,876.21,44300,36458,1.215097,19.779007,628,1.395239,1.417607,453,1.022573,20.0,1397.22,191.0,1.594618,43.810500000000005,0.04415011037527594
52574156599034,ASC_TESTCAMPAIGN_MAGICPORTRAITS,2026-06-12,2026-06-12,510.13,21732,14576,1.490944,23.473679,380,1.342447,1.748574,331,1.5231,11.0,575.27,135.0,1.127693,46.375454545454545,0.03323262839879154
6976513156630,ASC - Magic Portraits,2026-06-12,2026-06-12,876.61,42345,36840,1.14943,20.701618,555,1.579477,1.310662,410,0.968237,16.0,892.88,182.0,1.01856,54.788125,0.03902439024390244
52574156599034,ASC_TESTCAMPAIGN_MAGICPORTRAITS,2026-06-13,2026-06-13,542.41,23620,15164,1.557637,22.964014,368,1.47394,1.558002,309,1.308213,8.0,520.29,128.0,0.959219,67.80125,0.025889967637540454
6976513156630,ASC - Magic Portraits,2026-06-13,2026-06-13,992.15,40811,32590,1.252255,24.310848,706,1.405312,1.729926,558,1.367278,20.0,1173.45,247.0,1.182734,49.6075,0.035842293906810034
52574156599034,ASC_TESTCAMPAIGN_MAGICPORTRAITS,2026-06-14,2026-06-14,719.02,27259,18915,1.441131,26.377343,496,1.449637,1.819583,400,1.467405,14.0,981.85,157.0,1.365539,51.35857142857143,0.035
6976513156630,ASC - Magic Portraits,2026-06-14,2026-06-14,1002.41,57833,50896,1.136298,17.332838,716,1.400014,1.238047,536,0.926806,20.0,1453.02,227.0,1.449527,50.1205,0.03731343283582089
52574156599034,ASC_TESTCAMPAIGN_MAGICPORTRAITS,2026-06-15,2026-06-15,656.42,24868,16973,1.465151,26.396172,455,1.442681,1.829661,393,1.580344,8.0,479.42,104.0,0.730356,82.0525,0.020356234096692113
6976513156630,ASC - Magic Portraits,2026-06-15,2026-06-15,1009.09,49719,40980,1.21325,20.295863,734,1.374782,1.476297,552,1.11024,20.0,1248.4,247.0,1.237154,50.4545,0.036231884057971016
52574156599034,ASC_TESTCAMPAIGN_MAGICPORTRAITS,2026-06-16,2026-06-16,734.4,32773,22066,1.485226,22.40869,590,1.244746,1.800262,487,1.485979,12.0,808.95,174.0,1.101511,61.199999999999996,0.024640657084188913
6976513156630,ASC - Magic Portraits,2026-06-16,2026-06-16,1036.48,48735,41559,1.17267,21.267672,769,1.347828,1.577921,578,1.186006,19.0,999.68,242.0,0.964495,54.55157894736842,0.0328719723183391
52574156599034,ASC_TESTCAMPAIGN_MAGICPORTRAITS,2026-06-17,2026-06-17,614.54,29408,20613,1.426672,20.897035,480,1.280292,1.632209,423,1.438384,6.0,240.33,146.0,0.391073,102.42333333333333,0.014184397163120567
6976513156630,ASC - Magic Portraits,2026-06-17,2026-06-17,896.97,44041,36746,1.198525,20.366704,623,1.439759,1.414591,501,1.137576,25.0,1508.06,257.0,1.681283,35.8788,0.0499001996007984
52574156599034,ASC_TESTCAMPAIGN_MAGICPORTRAITS,2026-06-18,2026-06-18,664.01,29612,21275,1.391868,22.42368,487,1.36347,1.644604,399,1.347427,8.0,556.97,137.0,0.838798,83.00125,0.020050125313283207
6976513156630,ASC - Magic Portraits,2026-06-18,2026-06-18,1032.87,55923,48033,1.164262,18.469503,718,1.438538,1.283908,554,0.990648,18.0,959.74,230.0,0.929197,57.38166666666666,0.032490974729241874
52574156599034,ASC_TESTCAMPAIGN_MAGICPORTRAITS,2026-06-19,2026-06-19,729.49,29973,19331,1.550515,24.338238,588,1.240629,1.961766,510,1.701531,11.0,668.08,167.0,0.915818,66.31727272727272,0.021568627450980392
6976513156630,ASC - Magic Portraits,2026-06-19,2026-06-19,1152.61,55890,48462,1.153275,20.622831,767,1.502751,1.372339,568,1.016282,14.0,883.89,260.0,0.76686,82.3292857142857,0.02464788732394366
52574156599034,ASC_TESTCAMPAIGN_MAGICPORTRAITS,2026-06-20,2026-06-20,710.63,30876,21686,1.423776,23.015611,509,1.39613,1.64853,457,1.480114,12.0,669.12,171.0,0.941587,59.219166666666666,0.0262582056892779
6976513156630,ASC - Magic Portraits,2026-06-20,2026-06-20,1041.98,46481,37240,1.248147,22.417332,753,1.383772,1.620017,600,1.29085,21.0,1372.23,274.0,1.316945,49.618095238095236,0.035
52574156599034,ASC_TESTCAMPAIGN_MAGICPORTRAITS,2026-06-21,2026-06-21,998.96,55569,39317,1.413358,17.97693,773,1.292316,1.391063,688,1.2381,17.0,1331.8,207.0,1.333187,58.762352941176474,0.024709302325581394
6976513156630,ASC - Magic Portraits,2026-06-21,2026-06-21,1191.96,63062,51745,1.218707,18.901399,890,1.339281,1.41131,707,1.121119,16.0,1145.62,329.0,0.961123,74.4975,0.02263083451202263
52574156599034,ASC_TESTCAMPAIGN_MAGICPORTRAITS,2026-06-22,2026-06-22,905.19,57492,42555,1.351005,15.744625,734,1.233229,1.276699,637,1.10798,13.0,718.03,169.0,0.793237,69.63000000000001,0.02040816326530612
6976513156630,ASC - Magic Portraits,2026-06-22,2026-06-22,1182.29,66992,54589,1.227207,17.648227,901,1.312198,1.344937,690,1.029974,26.0,1414.13,317.0,1.196094,45.472692307692306,0.03768115942028986
52574156599034,ASC_TESTCAMPAIGN_MAGICPORTRAITS,2026-06-23,2026-06-23,903.63,58236,41035,1.419179,15.516691,724,1.248108,1.243217,710,1.219177,15.0,905.86,177.0,1.002468,60.242,0.02112676056338028
6976513156630,ASC - Magic Portraits,2026-06-23,2026-06-23,1203.66,57185,51053,1.12011,21.048527,770,1.563195,1.346507,595,1.040483,19.0,1179.43,252.0,0.97987,63.35052631578948,0.031932773109243695
52574156599034,ASC_TESTCAMPAIGN_MAGICPORTRAITS,2026-06-24,2026-06-24,870.34,28614,22258,1.28556,30.416579,566,1.537703,1.978053,490,1.712448,14.0,794.64,149.0,0.913023,62.167142857142856,0.02857142857142857
6976513156630,ASC - Magic Portraits,2026-06-24,2026-06-24,1130.92,46536,38486,1.209167,24.302046,600,1.884867,1.289324,472,1.014269,16.0,1290.86,233.0,1.141425,70.6825,0.03389830508474576
52574156599034,ASC_TESTCAMPAIGN_MAGICPORTRAITS,2026-06-25,2026-06-25,799.54,29823,23483,1.269983,26.809509,534,1.497266,1.790564,460,1.542434,9.0,506.85,118.0,0.633927,88.83777777777777,0.01956521739130435
6976513156630,ASC - Magic Portraits,2026-06-25,2026-06-25,1185.12,49199,39861,1.234264,24.088294,681,1.740264,1.384174,541,1.099616,27.0,1637.47,229.0,1.381691,43.89333333333333,0.04990757855822551
52574156599034,ASC_TESTCAMPAIGN_MAGICPORTRAITS,2026-06-26,2026-06-26,852.81,28163,20679,1.361913,30.28122,518,1.646351,1.839293,445,1.580087,5.0,329.39,123.0,0.386241,170.56199999999998,0.011235955056179775
6976513156630,ASC - Magic Portraits,2026-06-26,2026-06-26,1160.89,60390,50934,1.185652,19.223216,680,1.707191,1.126014,490,0.811393,15.0,1061.18,202.0,0.914109,77.39266666666667,0.030612244897959183
52574156599034,ASC_TESTCAMPAIGN_MAGICPORTRAITS,2026-06-27,2026-06-27,981.48,34682,28211,1.229379,28.299406,591,1.660711,1.704054,507,1.461853,5.0,555.26,148.0,0.565737,196.296,0.009861932938856016
6976513156630,ASC - Magic Portraits,2026-06-27,2026-06-27,1344.4,67271,57685,1.166178,19.984837,863,1.557822,1.282871,672,0.998945,19.0,1029.38,293.0,0.76568,70.7578947368421,0.028273809523809524
52574156599034,ASC_TESTCAMPAIGN_MAGICPORTRAITS,2026-06-28,2026-06-28,1061.18,42116,33103,1.272271,25.1966,679,1.562857,1.612214,610,1.448381,6.0,265.56,191.0,0.25025,176.86333333333334,0.009836065573770493
6976513156630,ASC - Magic Portraits,2026-06-28,2026-06-28,1244.12,59997,52073,1.152171,20.73637,815,1.526528,1.358401,638,1.063387,16.0,817.63,268.0,0.657195,77.7575,0.025078369905956112
52574156599034,ASC_TESTCAMPAIGN_MAGICPORTRAITS,2026-06-29,2026-06-29,909.28,33989,27559,1.233318,26.752185,520,1.748615,1.529907,459,1.350437,12.0,836.48,121.0,0.919937,75.77333333333333,0.026143790849673203
6976513156630,ASC - Magic Portraits,2026-06-29,2026-06-29,1208.98,59154,48719,1.214187,20.43784,764,1.582435,1.291544,574,0.970349,24.0,1355.27,220.0,1.121003,50.37416666666667,0.041811846689895474
52574156599034,ASC_TESTCAMPAIGN_MAGICPORTRAITS,2026-06-30,2026-06-30,944.07,39706,32211,1.232684,23.776507,577,1.63617,1.453181,497,1.2517,9.0,744.22,146.0,0.78831,104.89666666666668,0.018108651911468814
6976513156630,ASC - Magic Portraits,2026-06-30,2026-06-30,1217.73,55927,46602,1.200099,21.773562,763,1.595976,1.364278,585,1.046006,23.0,1211.36,224.0,0.994769,52.944782608695654,0.039316239316239315
52574156599034,ASC_TESTCAMPAIGN_MAGICPORTRAITS,2026-07-01,2026-07-01,772.44,34070,26285,1.296177,22.672146,550,1.404436,1.614323,487,1.42941,9.0,508.39,120.0,0.658161,85.82666666666667,0.018480492813141684
6976513156630,ASC - Magic Portraits,2026-07-01,2026-07-01,1203.87,59479,48023,1.238552,20.240253,799,1.506721,1.343331,605,1.017166,23.0,1133.53,229.0,0.941572,52.342173913043474,0.03801652892561983
52574156599034,ASC_TESTCAMPAIGN_MAGICPORTRAITS,2026-07-02,2026-07-02,1049.65,43333,33882,1.278939,24.222879,632,1.660839,1.458473,517,1.193086,9.0,462.03,130.0,0.440175,116.6277777777778,0.017408123791102514
6976513156630,ASC - Magic Portraits,2026-07-02,2026-07-02,1150.72,54642,45990,1.188128,21.059258,751,1.53225,1.374401,582,1.065115,11.0,570.25,219.0,0.495559,104.61090909090909,0.018900343642611683
52574156599034,ASC_TESTCAMPAIGN_MAGICPORTRAITS,2026-07-03,2026-07-03,1023.37,45314,33737,1.343154,22.58397,567,1.804885,1.251269,522,1.151962,8.0,461.37,123.0,0.450834,127.92125,0.01532567049808429
6976513156630,ASC - Magic Portraits,2026-07-03,2026-07-03,1169.33,49514,40828,1.212746,23.616149,692,1.689783,1.397585,536,1.082522,20.0,1138.91,237.0,0.973985,58.466499999999996,0.03731343283582089
52574156599034,ASC_TESTCAMPAIGN_MAGICPORTRAITS,2026-07-04,2026-07-04,1001.64,43187,31576,1.367716,23.193091,614,1.631336,1.421724,534,1.236483,16.0,968.73,147.0,0.967144,62.6025,0.0299625468164794
6976513156630,ASC - Magic Portraits,2026-07-04,2026-07-04,1163.01,49164,40656,1.209268,23.655724,673,1.728098,1.368888,548,1.114637,21.0,1147.5,232.0,0.986664,55.38142857142857,0.03832116788321168
52574156599034,ASC_TESTCAMPAIGN_MAGICPORTRAITS,2026-07-05,2026-07-05,1010.13,47478,33847,1.402724,21.275749,623,1.621396,1.312187,584,1.230043,10.0,570.86,136.0,0.565135,101.013,0.017123287671232876
6976513156630,ASC - Magic Portraits,2026-07-05,2026-07-05,1145.69,46300,36971,1.252333,24.744924,666,1.720255,1.438445,537,1.159827,17.0,1100.68,248.0,0.960714,67.3935294117647,0.03165735567970205
52574156599034,ASC_TESTCAMPAIGN_MAGICPORTRAITS,2026-07-06,2026-07-06,873.83,45217,30027,1.505878,19.325254,590,1.481068,1.304819,535,1.183183,18.0,917.79,197.0,1.050307,48.54611111111112,0.03364485981308411
6976513156630,ASC - Magic Portraits,2026-07-06,2026-07-06,1113.62,48417,40416,1.197966,23.000599,673,1.65471,1.390008,512,1.05748,21.0,1463.2,261.0,1.313913,53.0295238095238,0.041015625
52574156599034,ASC_TESTCAMPAIGN_MAGICPORTRAITS,2026-07-07,2026-07-07,1017.56,43820,34083,1.285685,23.22136,651,1.563072,1.485623,592,1.350981,11.0,993.61,166.0,0.976463,92.50545454545454,0.018581081081081082
6976513156630,ASC - Magic Portraits,2026-07-07,2026-07-07,1306.56,52807,40880,1.291756,24.742174,705,1.853277,1.33505,554,1.049103,23.0,1218.39,248.0,0.932517,56.80695652173913,0.04151624548736462
52574156599034,ASC_TESTCAMPAIGN_MAGICPORTRAITS,2026-07-08,2026-07-08,956.38,35851,26689,1.343288,26.676522,629,1.520477,1.754484,566,1.578757,21.0,1329.18,175.0,1.389803,45.54190476190476,0.037102473498233215
6976513156630,ASC - Magic Portraits,2026-07-08,2026-07-08,1293.36,53395,42602,1.253345,24.222493,751,1.722184,1.406499,593,1.110591,8.0,426.43,210.0,0.329707,161.67,0.013490725126475547
52574156599034,ASC_TESTCAMPAIGN_MAGICPORTRAITS,2026-07-09,2026-07-09,896.26,35697,26036,1.371063,25.107432,599,1.49626,1.678012,531,1.48752,16.0,952.43,132.0,1.062672,56.01625,0.030131826741996232
6976513156630,ASC - Magic Portraits,2026-07-09,2026-07-09,1192.77,49326,40077,1.230781,24.181365,671,1.777601,1.360337,521,1.056238,23.0,1090.56,228.0,0.914309,51.85956521739131,0.044145873320537425
52574156599034,ASC_TESTCAMPAIGN_MAGICPORTRAITS,2026-07-10,2026-07-10,815.72,33894,26996,1.255519,24.066796,468,1.742991,1.380775,412,1.215554,13.0,938.84,129.0,1.150934,62.74769230769231,0.03155339805825243
6976513156630,ASC - Magic Portraits,2026-07-10,2026-07-10,1032.91,39448,32417,1.216892,26.18409,601,1.718652,1.523525,503,1.275096,25.0,1302.93,229.0,1.261417,41.3164,0.04970178926441352
52574156599034,ASC_TESTCAMPAIGN_MAGICPORTRAITS,2026-07-11,2026-07-11,896.08,37273,30122,1.237401,24.040995,603,1.486036,1.617793,516,1.38438,14.0,1278.72,160.0,1.427015,64.00571428571429,0.027131782945736434
6976513156630,ASC - Magic Portraits,2026-07-11,2026-07-11,1312.42,56737,47511,1.194187,23.131642,733,1.790477,1.291926,590,1.039886,13.0,701.14,210.0,0.534234,100.95538461538462,0.022033898305084745
52574156599034,ASC_TESTCAMPAIGN_MAGICPORTRAITS,2026-07-12,2026-07-12,1110.92,37230,27559,1.35092,29.839377,735,1.511456,1.974214,636,1.7083,14.0,887.79,204.0,0.799148,79.35142857142857,0.0220125786163522
6976513156630,ASC - Magic Portraits,2026-07-12,2026-07-12,1284.3,44665,34751,1.285287,28.754058,740,1.735541,1.656778,604,1.352289,28.0,1473.66,301.0,1.147442,45.86785714285714,0.046357615894039736
52574156599034,ASC_TESTCAMPAIGN_MAGICPORTRAITS,2026-07-13,2026-07-13,1147.15,40254,30230,1.331591,28.497789,732,1.567145,1.818453,626,1.555125,16.0,867.83,196.0,0.75651,71.696875,0.025559105431309903
6976513156630,ASC - Magic Portraits,2026-07-13,2026-07-13,1222.28,51324,42737,1.200927,23.814979,832,1.469087,1.621074,672,1.309329,32.0,2029.95,301.0,1.66079,38.19625,0.047619047619047616
52574156599034,ASC_TESTCAMPAIGN_MAGICPORTRAITS,2026-07-14,2026-07-14,1074.6,52046,39652,1.312569,20.64712,1028,1.045331,1.975176,810,1.556316,31.0,1870.52,289.0,1.740666,34.66451612903226,0.03827160493827161
6976513156630,ASC - Magic Portraits,2026-07-14,2026-07-14,1242.3,47878,36869,1.298598,25.947199,767,1.619687,1.601988,604,1.26154,24.0,1393.96,274.0,1.12208,51.762499999999996,0.039735099337748346
52574156599034,ASC_TESTCAMPAIGN_MAGICPORTRAITS,2026-07-15,2026-07-15,1280.06,67656,52750,1.282578,18.920125,1191,1.074778,1.760376,924,1.365733,18.0,1003.61,315.0,0.784034,71.11444444444444,0.01948051948051948
6976513156630,ASC - Magic Portraits,2026-07-15,2026-07-15,1086.54,44782,35552,1.25962,24.262873,656,1.656311,1.464874,526,1.174579,26.0,1410.22,238.0,1.2979,41.79,0.049429657794676805
52574156599034,ASC_TESTCAMPAIGN_MAGICPORTRAITS,2026-07-16,2026-07-16,1328.57,81704,63057,1.295717,16.260771,1446,0.91879,1.769803,1105,1.352443,19.0,1248.34,431.0,0.939612,69.92473684210526,0.017194570135746608
6976513156630,ASC - Magic Portraits,2026-07-16,2026-07-16,1193.54,50037,40708,1.229169,23.853149,782,1.526266,1.562844,622,1.24308,17.0,873.84,250.0,0.732141,70.20823529411764,0.027331189710610933
52574156599034,ASC_TESTCAMPAIGN_MAGICPORTRAITS,2026-07-17,2026-07-17,1360.65,90596,73578,1.231292,15.018875,1540,0.883539,1.699854,1165,1.285929,18.0,1138.51,384.0,0.83674,75.59166666666667,0.015450643776824034
6976513156630,ASC - Magic Portraits,2026-07-17,2026-07-17,1232.36,48184,37441,1.286931,25.576125,820,1.502878,1.70181,661,1.371825,23.0,1509.57,301.0,1.224942,53.580869565217384,0.03479576399394856
52574156599034,ASC_TESTCAMPAIGN_MAGICPORTRAITS,2026-07-18,2026-07-18,1288.65,91288,73361,1.244367,14.116313,1510,0.853411,1.654106,1143,1.252081,19.0,1444.68,350.0,1.12108,67.82368421052632,0.016622922134733157
6976513156630,ASC - Magic Portraits,2026-07-18,2026-07-18,1124.52,45432,36943,1.229786,24.751717,769,1.462315,1.69264,640,1.408699,20.0,1167.45,287.0,1.038176,56.226,0.03125
52574156599034,ASC_TESTCAMPAIGN_MAGICPORTRAITS,2026-07-19,2026-07-19,1216.78,73951,54801,1.349446,16.453868,1286,0.946174,1.738989,1022,1.381996,15.0,1070.19,324.0,0.879526,81.11866666666667,0.014677103718199608
6976513156630,ASC - Magic Portraits,2026-07-19,2026-07-19,1207.87,48514,37637,1.288998,24.897349,772,1.564598,1.591293,620,1.277982,27.0,1638.04,316.0,1.356139,44.73592592592592,0.043548387096774194
52574156599034,ASC_TESTCAMPAIGN_MAGICPORTRAITS,2026-07-20,2026-07-20,1180.27,79081,61972,1.276076,14.924824,1310,0.900969,1.656529,1017,1.286023,27.0,1480.94,310.0,1.254747,43.7137037037037,0.02654867256637168
6976513156630,ASC - Magic Portraits,2026-07-20,2026-07-20,1126.52,46389,36410,1.274073,24.284205,740,1.522324,1.595206,613,1.321434,12.0,814.13,286.0,0.722695,93.87666666666667,0.01957585644371941
